Date,Open,High,Low,Close,Volume,Day of Week,Day of Month,Month,NIFTY50,Range
2016-01-01,1154.0,1165.0,1145.550048828125,1162.5,100178.0,4,1,1,7791.2998046875,19.449951171875
2016-01-04,1161.0,1173.699951171875,1137.800048828125,1149.699951171875,233101.0,0,4,1,7784.64990234375,35.89990234375
2016-01-05,1147.0,1157.5,1138.5,1147.5,302272.0,1,5,1,7741.0,19.0
2016-01-06,1149.0,1154.300048828125,1135.0,1137.199951171875,392164.0,2,6,1,7568.2998046875,19.300048828125
2016-01-07,1115.0,1136.550048828125,1115.0,1126.949951171875,316523.0,3,7,1,7601.35009765625,21.550048828125
2016-01-08,1139.75,1139.75,1122.0,1129.699951171875,366442.0,4,8,1,7563.85009765625,17.75
2016-01-11,1128.0,1128.0,1094.300048828125,1099.5,168277.0,0,11,1,7510.2998046875,33.699951171875
2016-01-12,1100.0,1108.800048828125,1088.699951171875,1100.300048828125,275705.0,1,12,1,7562.39990234375,20.10009765625
2016-01-13,1105.0,1116.5999755859375,1059.0,1084.449951171875,239949.0,2,13,1,7536.7998046875,57.5999755859375
2016-01-14,1075.5,1100.0,1065.0,1087.449951171875,366830.0,3,14,1,7437.7998046875,35.0
2016-01-15,1088.949951171875,1092.6500244140625,1062.5999755859375,1077.0999755859375,152999.0,4,15,1,7351.0,30.050048828125
2016-01-18,1077.9000244140625,1080.0,1036.0,1067.4000244140625,229101.0,0,18,1,7435.10009765625,44.0
2016-01-19,1064.8499755859375,1080.800048828125,1040.0,1070.699951171875,667040.0,1,19,1,7309.2998046875,40.800048828125
2016-01-20,1067.0,1079.050048828125,1041.6500244140625,1060.199951171875,359534.0,2,20,1,7276.7998046875,37.4000244140625
2016-01-21,1069.75,1076.0999755859375,1051.050048828125,1057.949951171875,337935.0,3,21,1,7422.4501953125,25.0499267578125
2016-01-22,1062.0,1091.0,1061.0,1081.8499755859375,162161.0,4,22,1,7436.14990234375,30.0
2016-01-25,1099.800048828125,1104.800048828125,1082.300048828125,1087.0999755859375,210420.0,0,25,1,7437.75,22.5
2016-01-27,1085.0,1148.800048828125,1085.0,1144.199951171875,383545.0,2,27,1,7424.64990234375,63.800048828125
2016-01-28,1139.0,1154.0,1107.8499755859375,1129.1500244140625,334538.0,3,28,1,7563.5498046875,46.1500244140625
2016-01-29,1148.0,1156.0,1115.1500244140625,1140.949951171875,349675.0,4,29,1,7555.9501953125,40.8499755859375
2016-02-01,1152.0,1158.0,1130.550048828125,1141.949951171875,283070.0,0,1,2,7455.5498046875,27.449951171875
2016-02-02,1140.0,1161.25,1113.4000244140625,1124.5,303619.0,1,2,2,7361.7998046875,47.8499755859375
2016-02-03,1120.0,1135.5,1101.0,1106.550048828125,249442.0,2,3,2,7404.0,34.5
2016-02-04,1111.800048828125,1111.800048828125,1056.0999755859375,1087.300048828125,512652.0,3,4,2,7489.10009765625,55.7000732421875
2016-02-05,1083.0,1120.0,1074.4000244140625,1110.449951171875,474625.0,4,5,2,7387.25,45.5999755859375
2016-02-08,1080.0,1091.5999755859375,1058.25,1068.6500244140625,520662.0,0,8,2,7298.2001953125,33.3499755859375
2016-02-09,1055.0,1075.0,1022.9500122070312,1033.6500244140625,301134.0,1,9,2,7215.7001953125,52.04998779296875
2016-02-10,1024.800048828125,1032.9000244140625,997.3499755859375,1017.6500244140625,366989.0,2,10,2,6976.35009765625,35.550048828125
2016-02-11,1002.0,1024.199951171875,990.0,1019.5499877929688,462682.0,3,11,2,6980.9501953125,34.199951171875
2016-02-12,1021.2000122070312,1026.0999755859375,960.25,987.1500244140625,736094.0,4,12,2,7162.9501953125,65.8499755859375
2016-02-15,1003.0,1009.5,986.2000122070312,992.75,455879.0,0,15,2,7048.25,23.29998779296875
2016-02-16,986.25,992.0,950.2000122070312,969.75,395940.0,1,16,2,7108.4501953125,41.79998779296875
2016-02-17,973.2000122070312,999.0,930.0,988.5,526313.0,2,17,2,7191.75,69.0
2016-02-18,998.9000244140625,1009.0499877929688,961.0999755859375,975.3499755859375,342584.0,3,18,2,7210.75,47.95001220703125
2016-02-19,975.5,1001.0,960.75,995.6500244140625,212929.0,4,19,2,7234.5498046875,40.25
2016-02-22,1015.0,1025.0,986.5999755859375,991.4000244140625,359241.0,0,22,2,7109.5498046875,38.4000244140625
2016-02-23,989.9500122070312,991.7999877929688,972.0,980.0,314131.0,1,23,2,7018.7001953125,19.79998779296875
2016-02-24,979.0,979.0,926.5999755859375,941.9000244140625,823896.0,2,24,2,6970.60009765625,52.4000244140625
2016-02-25,935.0,945.25,930.0999755859375,940.8499755859375,679713.0,3,25,2,7029.75,15.1500244140625
2016-02-26,952.7000122070312,962.7999877929688,923.25,934.0499877929688,583423.0,4,26,2,6987.0498046875,39.54998779296875
2016-02-29,935.0,957.2000122070312,917.7999877929688,950.5499877929688,792995.0,0,29,2,7222.2998046875,39.4000244140625
2016-03-01,955.0,960.8499755859375,942.4500122070312,957.4500122070312,486669.0,1,1,3,7368.85009765625,18.39996337890625
2016-03-02,963.0,996.4000244140625,957.9500122070312,970.4500122070312,616872.0,2,2,3,7475.60009765625,38.45001220703125
2016-03-03,976.0,986.0,966.3499755859375,977.5999755859375,479030.0,3,3,3,7485.35009765625,19.6500244140625
2016-03-04,977.5999755859375,1023.7000122070312,977.2000122070312,1010.6500244140625,531786.0,4,4,3,7485.2998046875,46.5
2016-03-08,1010.7000122070312,1025.550048828125,998.0,1022.75,387188.0,1,8,3,7531.7998046875,27.550048828125
2016-03-09,1022.75,1022.75,998.0999755859375,1009.5999755859375,203045.0,2,9,3,7486.14990234375,24.6500244140625
2016-03-10,1010.0,1027.699951171875,1002.0,1016.4000244140625,262703.0,3,10,3,7510.2001953125,25.699951171875
2016-03-11,1023.0,1023.0,999.5,1004.2999877929688,248070.0,4,11,3,7538.75,23.5
2016-03-14,1014.5,1018.5999755859375,997.5499877929688,1012.5499877929688,503296.0,0,14,3,7460.60009765625,21.04998779296875
2016-03-15,1020.0,1020.0,941.0999755859375,963.7000122070312,1371394.0,1,15,3,7498.75,78.9000244140625
2016-03-16,959.0,987.0,953.0499877929688,975.8499755859375,464515.0,2,16,3,7512.5498046875,33.95001220703125
2016-03-17,980.0,983.75,966.5,975.2000122070312,623673.0,3,17,3,7604.35009765625,17.25
2016-03-18,978.5,988.1500244140625,956.5,983.8499755859375,314050.0,4,18,3,7704.25,31.6500244140625
2016-03-21,980.0,999.0,969.0999755859375,991.9500122070312,276676.0,0,21,3,7714.89990234375,29.9000244140625
2016-03-22,997.2000122070312,997.2000122070312,960.2000122070312,979.0499877929688,630746.0,1,22,3,7716.5,37.0
2016-03-23,979.4500122070312,980.0,958.0,969.4000244140625,519608.0,2,23,3,7615.10009765625,22.0
2016-03-28,978.0,979.0,960.0499877929688,972.2000122070312,382087.0,0,28,3,7597.0,18.95001220703125
2016-03-29,970.0,981.25,935.0999755859375,977.0,528121.0,1,29,3,7735.2001953125,46.1500244140625
2016-03-30,976.7999877929688,990.5999755859375,972.1500244140625,982.25,573823.0,2,30,3,7738.39990234375,18.449951171875
2016-03-31,986.0,989.9000244140625,968.75,987.25,461518.0,3,31,3,7713.0498046875,21.1500244140625
2016-04-01,984.9500122070312,1011.4500122070312,977.9500122070312,1008.5499877929688,228313.0,4,1,4,7758.7998046875,33.5
2016-04-04,1010.0499877929688,1013.9000244140625,990.75,1010.5999755859375,112395.0,0,4,4,7603.2001953125,23.1500244140625
2016-04-05,1007.5999755859375,1028.0,1000.7000122070312,1013.3499755859375,275291.0,1,5,4,7614.35009765625,27.29998779296875
2016-04-06,1012.7999877929688,1018.4000244140625,971.8499755859375,995.1500244140625,729242.0,2,6,4,7546.4501953125,46.550048828125
2016-04-07,1004.7999877929688,1024.5999755859375,985.5,1013.9000244140625,226225.0,3,7,4,7555.2001953125,39.0999755859375
2016-04-08,1010.2000122070312,1020.0,999.5999755859375,1013.4500122070312,133452.0,4,8,4,7671.39990234375,20.4000244140625
2016-04-11,1014.9000244140625,1037.0,1005.0999755859375,1020.0999755859375,276931.0,0,11,4,7708.9501953125,31.9000244140625
2016-04-12,1027.0,1034.9000244140625,1012.0,1021.9000244140625,187964.0,1,12,4,7850.4501953125,22.9000244140625
2016-04-13,1035.0,1035.0,1008.5999755859375,1023.0499877929688,444316.0,2,13,4,7914.7001953125,26.4000244140625
2016-04-18,1009.0,1049.0,1009.0,1039.050048828125,300959.0,0,18,4,7914.75,40.0
2016-04-20,1048.949951171875,1053.449951171875,1032.9000244140625,1048.550048828125,362803.0,2,20,4,7912.0498046875,20.5499267578125
2016-04-21,1060.0,1095.199951171875,1048.0,1091.050048828125,566475.0,3,21,4,7899.2998046875,47.199951171875
2016-04-22,1099.449951171875,1106.4000244140625,1064.0,1069.449951171875,648920.0,4,22,4,7855.0498046875,42.4000244140625
2016-04-25,1067.949951171875,1076.6500244140625,1056.8499755859375,1059.949951171875,234919.0,0,25,4,7962.64990234375,19.800048828125
2016-04-26,1063.8499755859375,1068.699951171875,1051.0999755859375,1058.449951171875,448874.0,1,26,4,7979.89990234375,17.5999755859375
2016-04-27,1071.0,1071.0,1038.199951171875,1042.25,320238.0,2,27,4,7847.25,32.800048828125
2016-04-28,1042.6500244140625,1058.75,1036.199951171875,1050.1500244140625,323697.0,3,28,4,7849.7998046875,22.550048828125
2016-04-29,1059.0,1060.949951171875,1041.0,1051.0999755859375,183734.0,4,29,4,7805.89990234375,19.949951171875
2016-05-02,1048.0,1059.75,1043.4000244140625,1055.800048828125,105563.0,0,2,5,7747.0,16.3499755859375
2016-05-03,1060.0999755859375,1067.550048828125,1036.949951171875,1040.1500244140625,245808.0,1,3,5,7706.5498046875,30.60009765625
2016-05-04,1042.5,1055.0,1025.0,1051.0,248101.0,2,4,5,7735.5,30.0
2016-05-05,1060.0,1064.5,1038.4000244140625,1044.0,240051.0,3,5,5,7733.4501953125,26.0999755859375
2016-05-06,1044.0999755859375,1044.0999755859375,1019.2000122070312,1022.2000122070312,320213.0,4,6,5,7866.0498046875,24.89996337890625
2016-05-09,1026.0,1065.0,1019.4000244140625,1050.050048828125,285857.0,0,9,5,7887.7998046875,45.5999755859375
2016-05-10,1060.0,1074.9000244140625,1045.4000244140625,1071.199951171875,294333.0,1,10,5,7848.85009765625,29.5
2016-05-11,1068.0,1083.9000244140625,1048.0,1064.949951171875,265876.0,2,11,5,7900.39990234375,35.9000244140625
2016-05-12,1073.9000244140625,1079.0,1062.0999755859375,1064.050048828125,283261.0,3,12,5,7814.89990234375,16.9000244140625
2016-05-13,1058.0,1081.0,1056.1500244140625,1078.5999755859375,162565.0,4,13,5,7860.75,24.8499755859375
2016-05-16,1078.5999755859375,1078.5999755859375,1045.0,1057.25,219481.0,0,16,5,7890.75,33.5999755859375
2016-05-17,1060.0,1094.0,1058.0,1090.1500244140625,784700.0,1,17,5,7870.14990234375,36.0
2016-05-18,1084.0,1089.949951171875,1068.0,1070.6500244140625,224889.0,2,18,5,7783.39990234375,21.949951171875
2016-05-19,1071.949951171875,1077.0,1052.0999755859375,1056.25,440328.0,3,19,5,7749.7001953125,24.9000244140625
2016-05-20,1057.449951171875,1067.5999755859375,1039.0,1043.25,164093.0,4,20,5,7731.0498046875,28.5999755859375
2016-05-23,1046.0,1053.9000244140625,1028.300048828125,1034.699951171875,175588.0,0,23,5,7748.85009765625,25.5999755859375
2016-05-24,1017.0,1043.4000244140625,1013.4500122070312,1030.25,201240.0,1,24,5,7934.89990234375,29.95001220703125
2016-05-25,1035.050048828125,1046.199951171875,1031.4000244140625,1040.050048828125,125503.0,2,25,5,8069.64990234375,14.7999267578125
2016-05-26,1041.4000244140625,1049.9000244140625,1026.800048828125,1041.5,202483.0,3,26,5,8156.64990234375,23.0999755859375
2016-05-27,1043.0,1089.0,1043.0,1084.6500244140625,224931.0,4,27,5,8178.5,46.0
2016-05-30,1120.6500244140625,1120.800048828125,1081.0,1110.1500244140625,694026.0,0,30,5,8160.10009765625,39.800048828125
2016-05-31,1114.9000244140625,1123.300048828125,1092.0,1099.449951171875,538448.0,1,31,5,8179.9501953125,31.300048828125
2016-06-01,1092.0,1135.9000244140625,1092.0,1125.75,506466.0,2,1,6,8218.9501953125,43.9000244140625
2016-06-02,1118.0,1146.4000244140625,1108.0,1141.75,483965.0,3,2,6,8220.7998046875,38.4000244140625
2016-06-03,1142.9000244140625,1152.4000244140625,1128.4000244140625,1140.75,471371.0,4,3,6,8201.0498046875,24.0
2016-06-06,1141.0,1168.5,1138.0999755859375,1142.050048828125,456329.0,0,6,6,8266.4501953125,30.4000244140625
2016-06-07,1149.0,1152.0,1130.25,1148.25,278491.0,1,7,6,8273.0498046875,21.75
2016-06-08,1148.25,1150.5,1133.0,1137.5,160125.0,2,8,6,8203.599609375,17.5
2016-06-09,1143.699951171875,1147.550048828125,1106.550048828125,1113.5,194652.0,3,9,6,8170.0498046875,41.0
2016-06-10,1114.75,1127.0,1097.0,1123.300048828125,337843.0,4,10,6,8110.60009765625,30.0
2016-06-13,1115.0,1126.949951171875,1102.75,1122.0,250050.0,0,13,6,8108.85009765625,24.199951171875
2016-06-14,1123.25,1139.800048828125,1106.0,1115.050048828125,343112.0,1,14,6,8206.599609375,33.800048828125
2016-06-15,1116.300048828125,1126.9000244140625,1109.199951171875,1123.25,445509.0,2,15,6,8140.75,17.7000732421875
2016-06-16,1122.550048828125,1127.0,1102.25,1107.550048828125,197059.0,3,16,6,8170.2001953125,24.75
2016-06-17,1111.0,1118.4000244140625,1095.25,1113.1500244140625,295478.0,4,17,6,8238.5,23.1500244140625
2016-06-20,1111.9000244140625,1124.949951171875,1098.800048828125,1123.050048828125,191427.0,0,20,6,8219.900390625,26.14990234375
2016-06-21,1124.300048828125,1128.949951171875,1108.1500244140625,1117.199951171875,360516.0,1,21,6,8203.7001953125,20.7999267578125
2016-06-22,1128.0,1128.0,1102.050048828125,1108.3499755859375,179789.0,2,22,6,8270.4501953125,25.949951171875
2016-06-23,1109.8499755859375,1112.6500244140625,1100.050048828125,1102.75,299256.0,3,23,6,8088.60009765625,12.5999755859375
2016-06-24,1081.699951171875,1109.5999755859375,1057.0,1100.0,385379.0,4,24,6,8094.7001953125,52.5999755859375
2016-06-27,1081.0,1109.25,1081.0,1098.050048828125,298080.0,0,27,6,8127.85009765625,28.25
2016-06-28,1099.0,1114.5,1095.25,1107.199951171875,580907.0,1,28,6,8204.0,19.25
2016-06-29,1112.0,1119.75,1104.9000244140625,1110.6500244140625,285257.0,2,29,6,8287.75,14.8499755859375
2016-06-30,1121.0,1121.0,1099.0,1109.6500244140625,781154.0,3,30,6,8328.349609375,22.0
2016-07-01,1120.0,1137.8499755859375,1116.25,1133.5999755859375,441798.0,4,1,7,8370.7001953125,21.5999755859375
2016-07-04,1137.5,1149.199951171875,1134.4000244140625,1144.4000244140625,284864.0,0,4,7,8335.9501953125,14.7999267578125
2016-07-05,1136.25,1143.9000244140625,1131.25,1139.0999755859375,138753.0,1,5,7,8337.900390625,12.6500244140625
2016-07-07,1142.0,1144.949951171875,1118.800048828125,1123.0,256965.0,3,7,7,8323.2001953125,26.14990234375
2016-07-08,1129.800048828125,1129.800048828125,1110.0,1121.800048828125,351498.0,4,8,7,8467.900390625,19.800048828125
2016-07-11,1126.199951171875,1155.0,1125.0,1150.300048828125,253886.0,0,11,7,8521.0498046875,30.0
2016-07-12,1155.0,1173.4000244140625,1155.0,1163.9000244140625,340867.0,1,12,7,8519.5,18.4000244140625
2016-07-13,1170.0,1174.949951171875,1156.25,1165.9000244140625,691963.0,2,13,7,8565.0,18.699951171875
2016-07-14,1172.449951171875,1172.449951171875,1150.0999755859375,1153.5,289284.0,3,14,7,8541.400390625,22.3499755859375
2016-07-15,1155.5,1165.949951171875,1148.550048828125,1152.449951171875,270276.0,4,15,7,8508.7001953125,17.39990234375
2016-07-18,1152.449951171875,1169.4000244140625,1140.25,1151.300048828125,402223.0,0,18,7,8528.5498046875,29.1500244140625
2016-07-19,1152.5999755859375,1164.949951171875,1146.9000244140625,1159.0999755859375,288709.0,1,19,7,8565.849609375,18.0499267578125
2016-07-20,1159.0999755859375,1190.449951171875,1157.75,1186.5,385006.0,2,20,7,8510.099609375,32.699951171875
2016-07-21,1190.5,1197.0,1179.5,1187.8499755859375,473335.0,3,21,7,8541.2001953125,17.5
2016-07-22,1191.0,1214.0,1186.0,1204.6500244140625,461601.0,4,22,7,8635.650390625,28.0
2016-07-25,1206.0,1229.0,1198.050048828125,1204.1500244140625,481192.0,0,25,7,8590.650390625,30.949951171875
2016-07-26,1206.0,1211.0,1183.0,1186.449951171875,211255.0,1,26,7,8615.7998046875,28.0
2016-07-27,1187.0,1196.949951171875,1174.25,1189.800048828125,241400.0,2,27,7,8666.2998046875,22.699951171875
2016-07-28,1190.0,1203.0,1166.550048828125,1195.5,415548.0,3,28,7,8638.5,36.449951171875
2016-07-29,1197.0,1210.0,1192.9000244140625,1198.5,390486.0,4,29,7,8636.5498046875,17.0999755859375
2016-08-01,1199.0,1209.949951171875,1169.0999755859375,1175.3499755859375,263163.0,0,1,8,8622.900390625,40.8499755859375
2016-08-02,1177.0,1191.4000244140625,1173.0999755859375,1181.4000244140625,109773.0,1,2,8,8544.849609375,18.300048828125
2016-08-03,1182.0,1191.0,1170.0,1172.699951171875,150079.0,2,3,8,8551.099609375,21.0
2016-08-04,1175.699951171875,1185.0,1141.0,1150.75,228739.0,3,4,8,8683.150390625,44.0
2016-08-05,1155.0,1189.949951171875,1153.25,1184.1500244140625,165700.0,4,5,8,8711.349609375,36.699951171875
2016-08-08,1188.0,1199.699951171875,1175.5,1192.9000244140625,124723.0,0,8,8,8678.25,24.199951171875
2016-08-09,1195.0,1195.8499755859375,1175.3499755859375,1184.6500244140625,185024.0,1,9,8,8575.2998046875,20.5
2016-08-10,1185.9000244140625,1185.9000244140625,1152.5,1159.9000244140625,182258.0,2,10,8,8592.150390625,33.4000244140625
2016-08-12,1180.050048828125,1199.75,1173.0,1194.050048828125,444729.0,4,12,8,8642.5498046875,26.75
2016-08-16,1210.1500244140625,1281.5999755859375,1210.1500244140625,1261.9000244140625,1254941.0,1,16,8,8624.0498046875,71.449951171875
2016-08-17,1261.0,1285.0,1253.4000244140625,1274.1500244140625,630246.0,2,17,8,8673.25,31.5999755859375
2016-08-18,1279.449951171875,1285.0,1248.75,1275.5999755859375,573970.0,3,18,8,8666.900390625,36.25
2016-08-19,1275.5999755859375,1305.5,1275.5999755859375,1300.0,600203.0,4,19,8,8629.150390625,29.9000244140625
2016-08-22,1300.5,1324.300048828125,1295.25,1303.5999755859375,342572.0,0,22,8,8632.599609375,29.050048828125
2016-08-23,1306.550048828125,1319.699951171875,1290.25,1314.300048828125,266945.0,1,23,8,8650.2998046875,29.449951171875
2016-08-24,1318.8499755859375,1357.25,1315.9000244140625,1347.8499755859375,665901.0,2,24,8,8592.2001953125,41.3499755859375
2016-08-25,1350.0,1381.5999755859375,1331.75,1337.800048828125,624369.0,3,25,8,8572.5498046875,49.8499755859375
2016-08-26,1329.949951171875,1350.0,1321.6500244140625,1331.75,358191.0,4,26,8,8607.4501953125,28.3499755859375
2016-08-29,1335.0999755859375,1344.699951171875,1294.199951171875,1303.300048828125,396327.0,0,29,8,8744.349609375,50.5
2016-08-30,1310.050048828125,1339.5,1303.550048828125,1314.050048828125,483127.0,1,30,8,8786.2001953125,35.949951171875
2016-08-31,1315.0,1335.0999755859375,1311.5999755859375,1322.5,635036.0,2,31,8,8774.650390625,23.5
2016-09-01,1320.0,1332.0,1300.0999755859375,1317.8499755859375,389591.0,3,1,9,8809.650390625,31.9000244140625
2016-09-02,1317.9000244140625,1326.800048828125,1305.25,1314.75,309086.0,4,2,9,8943.0,21.550048828125
2016-09-06,1319.0,1332.0,1307.949951171875,1329.800048828125,251201.0,1,6,9,8917.9501953125,24.050048828125
2016-09-07,1325.0,1345.0,1310.6500244140625,1317.550048828125,247033.0,2,7,9,8952.5,34.3499755859375
2016-09-08,1324.800048828125,1334.949951171875,1315.25,1331.550048828125,333250.0,3,8,9,8866.7001953125,19.699951171875
2016-09-09,1339.0,1355.550048828125,1312.199951171875,1324.1500244140625,293125.0,4,9,9,8715.599609375,43.35009765625
2016-09-12,1311.1500244140625,1318.25,1294.0,1304.0,251865.0,0,12,9,8726.599609375,24.25
2016-09-14,1305.050048828125,1315.9000244140625,1298.0999755859375,1310.199951171875,212868.0,2,14,9,8742.5498046875,17.800048828125
2016-09-15,1310.0,1341.949951171875,1305.3499755859375,1337.800048828125,403832.0,3,15,9,8779.849609375,36.5999755859375
2016-09-16,1351.449951171875,1360.199951171875,1331.25,1342.5999755859375,573650.0,4,16,9,8808.400390625,28.949951171875
2016-09-19,1339.0,1354.9000244140625,1242.5,1344.5,452375.0,0,19,9,8775.900390625,112.4000244140625
2016-09-20,1353.949951171875,1357.1500244140625,1333.25,1336.4000244140625,329038.0,1,20,9,8777.150390625,23.9000244140625
2016-09-21,1336.0,1347.699951171875,1325.0,1329.25,189804.0,2,21,9,8867.4501953125,22.699951171875
2016-09-22,1339.5,1343.4000244140625,1322.0,1329.0,226991.0,3,22,9,8831.5498046875,21.4000244140625
2016-09-23,1330.5,1344.300048828125,1315.0,1334.949951171875,346847.0,4,23,9,8723.0498046875,29.300048828125
2016-09-26,1339.0,1351.3499755859375,1323.5,1332.3499755859375,292044.0,0,26,9,8706.400390625,27.8499755859375
2016-09-27,1338.0,1340.949951171875,1310.75,1319.800048828125,168646.0,1,27,9,8745.150390625,30.199951171875
2016-09-28,1320.0,1323.0,1310.75,1318.300048828125,264258.0,2,28,9,8591.25,12.25
2016-09-29,1320.0,1326.449951171875,1220.0,1295.050048828125,1097313.0,3,29,9,8611.150390625,106.449951171875
2016-09-30,1275.5,1300.0,1270.0,1290.800048828125,233870.0,4,30,9,8738.099609375,30.0
2016-10-03,1291.0,1318.0,1291.0,1299.800048828125,333442.0,0,3,10,8769.150390625,27.0
2016-10-04,1305.0,1311.5,1293.4000244140625,1298.6500244140625,197552.0,1,4,10,8743.9501953125,18.0999755859375
2016-10-05,1306.0,1311.449951171875,1269.0,1283.949951171875,434420.0,2,5,10,8709.5498046875,42.449951171875
2016-10-06,1280.0,1292.0,1264.5,1269.4000244140625,641255.0,3,6,10,8697.599609375,27.5
2016-10-07,1269.449951171875,1280.949951171875,1264.0,1271.6500244140625,311475.0,4,7,10,8708.7998046875,16.949951171875
2016-10-10,1280.0,1280.0,1261.0999755859375,1264.6500244140625,163028.0,0,10,10,8573.349609375,18.9000244140625
2016-10-13,1264.6500244140625,1269.949951171875,1230.8499755859375,1246.5,300081.0,3,13,10,8583.400390625,39.0999755859375
2016-10-14,1250.0,1255.9000244140625,1230.25,1234.5999755859375,251771.0,4,14,10,8520.400390625,25.6500244140625
2016-10-17,1236.0999755859375,1244.6500244140625,1211.0,1224.550048828125,341435.0,0,17,10,8677.900390625,33.6500244140625
2016-10-18,1215.0,1284.800048828125,1215.0,1279.550048828125,498335.0,1,18,10,8659.099609375,69.800048828125
2016-10-19,1279.0,1280.0,1261.25,1267.949951171875,169237.0,2,19,10,8699.400390625,18.75
2016-10-20,1269.3499755859375,1279.9000244140625,1250.0,1256.25,139088.0,3,20,10,8693.0498046875,29.9000244140625
2016-10-21,1256.0,1279.75,1241.0999755859375,1274.5,273426.0,4,21,10,8708.9501953125,38.6500244140625
2016-10-24,1282.0,1289.3499755859375,1256.300048828125,1266.300048828125,174109.0,0,24,10,8691.2998046875,33.0499267578125
2016-10-25,1262.1500244140625,1296.9000244140625,1262.1500244140625,1277.5999755859375,396724.0,1,25,10,8615.25,34.75
2016-10-26,1281.0,1287.5,1264.0,1275.4000244140625,183546.0,2,26,10,8615.25,23.5
2016-10-27,1276.800048828125,1303.800048828125,1265.0,1276.199951171875,1586411.0,3,27,10,8638.0,38.800048828125
2016-10-28,1277.5999755859375,1292.449951171875,1275.050048828125,1279.9000244140625,302744.0,4,28,10,8626.25,17.39990234375
2016-11-01,1290.0,1297.0,1281.550048828125,1287.5999755859375,243446.0,1,1,11,8514.0,15.449951171875
2016-11-02,1275.0,1285.0,1255.449951171875,1267.3499755859375,369096.0,2,2,11,8484.9501953125,29.550048828125
2016-11-03,1267.3499755859375,1273.0,1251.0999755859375,1259.6500244140625,267019.0,3,3,11,8433.75,21.9000244140625
2016-11-04,1260.0,1264.949951171875,1213.4000244140625,1253.949951171875,280678.0,4,4,11,8497.0498046875,51.5499267578125
2016-11-07,1270.0,1279.300048828125,1256.3499755859375,1266.800048828125,362185.0,0,7,11,8543.5498046875,22.9500732421875
2016-11-08,1266.9000244140625,1266.9000244140625,1236.300048828125,1245.050048828125,173337.0,1,8,11,8432.0,30.5999755859375
2016-11-09,1175.0,1260.0,1130.0,1251.5999755859375,496344.0,2,9,11,8525.75,130.0
2016-11-10,1267.5,1277.0,1244.5,1255.5999755859375,135935.0,3,10,11,8296.2998046875,32.5
2016-11-11,1245.0,1256.0,1209.949951171875,1221.050048828125,287849.0,4,11,11,8108.4501953125,46.050048828125
2016-11-15,1205.0,1205.0,1142.6500244140625,1161.5,756365.0,1,15,11,8111.60009765625,62.3499755859375
2016-11-16,1180.0,1180.0,1111.0,1153.050048828125,542704.0,2,16,11,8079.9501953125,69.0
2016-11-17,1153.8499755859375,1175.0,1121.050048828125,1167.0,279284.0,3,17,11,8074.10009765625,53.949951171875
2016-11-18,1154.0,1190.0,1150.0,1184.199951171875,190525.0,4,18,11,7929.10009765625,40.0
2016-11-21,1191.75,1197.449951171875,1156.300048828125,1169.9000244140625,424566.0,0,21,11,8002.2998046875,41.14990234375
2016-11-22,1180.0,1187.800048828125,1148.050048828125,1179.3499755859375,356426.0,1,22,11,8033.2998046875,39.75
2016-11-23,1182.0,1191.0999755859375,1167.0,1177.699951171875,235062.0,2,23,11,7965.5,24.0999755859375
2016-11-24,1162.5999755859375,1175.3499755859375,1142.5,1147.6500244140625,565194.0,3,24,11,8114.2998046875,32.8499755859375
2016-11-25,1148.0999755859375,1168.949951171875,1130.0,1155.050048828125,501144.0,4,25,11,8126.89990234375,38.949951171875
2016-11-28,1155.0,1174.449951171875,1149.6500244140625,1166.199951171875,322168.0,0,28,11,8142.14990234375,24.7999267578125
2016-11-29,1166.199951171875,1193.5999755859375,1158.0,1174.449951171875,179598.0,1,29,11,8224.5,35.5999755859375
2016-11-30,1174.449951171875,1189.800048828125,1163.0,1174.0,519489.0,2,30,11,8192.900390625,26.800048828125
2016-12-01,1184.0,1184.0,1141.199951171875,1150.3499755859375,409981.0,3,1,12,8086.7998046875,42.800048828125
2016-12-02,1140.0,1145.199951171875,1122.4000244140625,1135.8499755859375,315145.0,4,2,12,8128.75,22.7999267578125
2016-12-05,1135.8499755859375,1149.75,1129.0999755859375,1132.3499755859375,281718.0,0,5,12,8143.14990234375,20.6500244140625
2016-12-06,1136.0,1163.449951171875,1136.0,1154.25,252914.0,1,6,12,8102.0498046875,27.449951171875
2016-12-07,1162.0,1166.0,1140.800048828125,1160.75,384693.0,2,7,12,8246.849609375,25.199951171875
2016-12-08,1119.0,1174.0,1088.550048828125,1161.0,1392033.0,3,8,12,8261.75,85.449951171875
2016-12-09,1164.0,1169.4000244140625,1145.5,1161.5,143298.0,4,9,12,8170.7998046875,23.9000244140625
2016-12-12,1162.0,1162.300048828125,1142.699951171875,1149.6500244140625,98459.0,0,12,12,8221.7998046875,19.60009765625
2016-12-13,1150.0,1171.6500244140625,1141.800048828125,1160.3499755859375,387406.0,1,13,12,8182.4501953125,29.8499755859375
2016-12-14,1161.6500244140625,1184.0,1160.0999755859375,1171.800048828125,296015.0,2,14,12,8153.60009765625,23.9000244140625
2016-12-15,1171.0,1180.0,1148.300048828125,1152.0,313230.0,3,15,12,8139.4501953125,31.699951171875
2016-12-16,1155.4000244140625,1162.0,1140.0,1151.5999755859375,226907.0,4,16,12,8104.35009765625,22.0
2016-12-19,1152.9000244140625,1168.0,1145.800048828125,1162.25,258789.0,0,19,12,8082.39990234375,22.199951171875
2016-12-20,1162.0,1162.0,1138.550048828125,1141.050048828125,140238.0,1,20,12,8061.2998046875,23.449951171875
2016-12-21,1142.0,1163.449951171875,1140.050048828125,1148.5999755859375,387260.0,2,21,12,7979.10009765625,23.39990234375
2016-12-22,1148.0,1150.0,1105.0,1108.25,402626.0,3,22,12,7985.75,45.0
2016-12-23,1100.5,1108.199951171875,801.0999755859375,861.5,13374164.0,4,23,12,7908.25,307.0999755859375
2016-12-26,850.0,850.0,743.6500244140625,762.2999877929688,18358412.0,0,26,12,8032.85009765625,106.3499755859375
2016-12-27,760.0,797.0,760.0,788.4500122070312,5970762.0,1,27,12,8034.85009765625,37.0
2016-12-28,795.5,842.0,787.0,824.5999755859375,6649536.0,2,28,12,8103.60009765625,55.0
2016-12-29,827.9000244140625,836.7000122070312,781.3499755859375,789.25,5931262.0,3,29,12,8185.7998046875,55.35003662109375
2016-12-30,791.0,799.9000244140625,772.0,783.7000122070312,3817278.0,4,30,12,8179.5,27.9000244140625
2017-01-02,794.7999877929688,803.8499755859375,783.7999877929688,797.8499755859375,2246725.0,0,2,1,8192.25,20.04998779296875
2017-01-03,801.0,811.4500122070312,773.6500244140625,777.8499755859375,2244443.0,1,3,1,8190.5,37.79998779296875
2017-01-04,781.4000244140625,784.7999877929688,748.5999755859375,752.2999877929688,3592668.0,2,4,1,8273.7998046875,36.20001220703125
2017-01-05,760.0,772.0,752.2000122070312,764.0,2766188.0,3,5,1,8243.7998046875,19.79998779296875
2017-01-06,764.0,770.0,735.2000122070312,737.4000244140625,3469778.0,4,6,1,8236.0498046875,34.79998779296875
2017-01-09,733.75,767.0499877929688,728.1500244140625,734.1500244140625,5617248.0,0,9,1,8288.599609375,38.89996337890625
2017-01-10,739.7000122070312,747.0,730.5,739.3499755859375,2965489.0,1,10,1,8380.650390625,16.5
2017-01-11,744.0,749.9500122070312,738.0999755859375,740.0999755859375,1664183.0,2,11,1,8407.2001953125,11.85003662109375
2017-01-12,735.5,742.4500122070312,730.2000122070312,738.2999877929688,1669512.0,3,12,1,8400.349609375,12.25
2017-01-13,739.0999755859375,756.5,739.0,746.2000122070312,2252584.0,4,13,1,8412.7998046875,17.5
2017-01-16,744.0,756.0,737.0,738.0,1772100.0,0,16,1,8398.0,19.0
2017-01-17,745.0,745.0,732.0,738.4000244140625,1754258.0,1,17,1,8417.0,13.0
2017-01-18,737.5,747.4000244140625,735.5499877929688,739.25,1610696.0,2,18,1,8435.099609375,11.85003662109375
2017-01-19,742.0,743.0,729.0,732.2000122070312,1272642.0,3,19,1,8349.349609375,14.0
2017-01-20,730.0,731.9500122070312,711.0,714.4000244140625,2245530.0,4,20,1,8391.5,20.95001220703125
2017-01-23,711.0,711.0,684.7000122070312,687.0499877929688,2931044.0,0,23,1,8475.7998046875,26.29998779296875
2017-01-24,689.0,692.5,676.5,683.0499877929688,2842017.0,1,24,1,8602.75,16.0
2017-01-25,685.0,686.75,671.5,673.2999877929688,3149495.0,2,25,1,8641.25,15.25
2017-01-27,675.0,716.0,675.0,708.5,3560127.0,4,27,1,8632.75,41.0
2017-01-30,709.7999877929688,717.0,700.0,701.0999755859375,2056687.0,0,30,1,8561.2998046875,17.0
2017-01-31,702.7000122070312,708.0,693.0999755859375,700.0999755859375,1262953.0,1,31,1,8716.400390625,14.9000244140625
2017-02-01,700.0,705.0,691.0,693.7000122070312,962459.0,2,1,2,8734.25,14.0
2017-02-02,693.7000122070312,742.75,685.0499877929688,737.6500244140625,3714463.0,3,2,2,8740.9501953125,57.70001220703125
2017-02-03,744.0,771.3499755859375,735.0999755859375,760.3499755859375,4003286.0,4,3,2,8801.0498046875,36.25
2017-02-06,773.0,776.0,731.7999877929688,755.2999877929688,4132473.0,0,6,2,8768.2998046875,44.20001220703125
2017-02-07,756.0999755859375,763.9500122070312,731.5,737.9000244140625,1253993.0,1,7,2,8769.0498046875,32.45001220703125
2017-02-08,739.0,747.5999755859375,734.0,739.2999877929688,741700.0,2,8,2,8778.400390625,13.5999755859375
2017-02-09,740.9000244140625,759.7999877929688,736.0,757.0499877929688,1524937.0,3,9,2,8793.5498046875,23.79998779296875
2017-02-10,758.7999877929688,764.9000244140625,746.5,750.0999755859375,815744.0,4,10,2,8805.0498046875,18.4000244140625
2017-02-13,753.0999755859375,755.0,737.0,740.4000244140625,634245.0,0,13,2,8792.2998046875,18.0
2017-02-14,743.0,743.0,720.7999877929688,724.5,1023673.0,1,14,2,8724.7001953125,22.20001220703125
2017-02-15,728.0,728.0,705.0999755859375,709.5,839676.0,2,15,2,8778.0,22.9000244140625
2017-02-16,710.7999877929688,734.9000244140625,701.0,733.2000122070312,981043.0,3,16,2,8821.7001953125,33.9000244140625
2017-02-17,740.0,752.7999877929688,730.0,748.5,1169616.0,4,17,2,8879.2001953125,22.79998779296875
2017-02-20,751.0,765.0,745.0,756.75,990960.0,0,20,2,8907.849609375,20.0
2017-02-21,759.0,767.5,751.5,762.4000244140625,839400.0,1,21,2,8926.900390625,16.0
2017-02-22,762.7999877929688,764.0999755859375,744.5999755859375,751.0,687454.0,2,22,2,8939.5,19.5
2017-02-23,752.0,757.5,746.2000122070312,749.5499877929688,1331033.0,3,23,2,8896.7001953125,11.29998779296875
2017-02-27,754.0,779.0,751.9500122070312,767.0999755859375,1867238.0,0,27,2,8879.599609375,27.04998779296875
2017-02-28,770.0,773.9000244140625,757.7999877929688,758.8499755859375,800786.0,1,28,2,8945.7998046875,16.10003662109375
2017-03-01,762.4000244140625,782.8499755859375,761.4000244140625,764.8499755859375,1615887.0,2,1,3,8899.75,21.449951171875
2017-03-02,768.0,774.5499877929688,749.0,751.5499877929688,996652.0,3,2,3,8897.5498046875,25.54998779296875
2017-03-03,750.9000244140625,760.0,748.0999755859375,758.5,467700.0,4,3,3,8963.4501953125,11.9000244140625
2017-03-06,761.5999755859375,763.9000244140625,754.4000244140625,757.7000122070312,389466.0,0,6,3,8946.900390625,9.5
2017-03-07,759.0,760.0499877929688,750.0,755.0,756161.0,1,7,3,8924.2998046875,10.04998779296875
2017-03-08,755.9500122070312,786.7000122070312,755.9500122070312,774.4500122070312,3371633.0,2,8,3,8927.0,30.75
2017-03-09,770.2000122070312,787.0,754.0,759.9000244140625,1454586.0,3,9,3,8934.5498046875,33.0
2017-03-10,767.5,767.5,756.2999877929688,761.2999877929688,540659.0,4,10,3,9087.0,11.20001220703125
2017-03-14,774.9000244140625,779.0,763.0,771.8499755859375,667664.0,1,14,3,9084.7998046875,16.0
2017-03-15,772.0,777.2999877929688,765.0,767.4000244140625,318722.0,2,15,3,9153.7001953125,12.29998779296875
2017-03-16,769.0999755859375,779.5,769.0999755859375,771.2000122070312,580238.0,3,16,3,9160.0498046875,10.4000244140625
2017-03-17,774.0,777.0,762.0,763.7999877929688,545476.0,4,17,3,9126.849609375,15.0
2017-03-20,770.0,795.0,764.3499755859375,790.6500244140625,1390193.0,0,20,3,9121.5,30.6500244140625
2017-03-21,711.5999755859375,711.5999755859375,628.5999755859375,634.4500122070312,20647975.0,1,21,3,9030.4501953125,83.0
2017-03-22,620.0,639.5999755859375,611.4500122070312,627.0,9453821.0,2,22,3,9086.2998046875,28.14996337890625
2017-03-23,628.8499755859375,645.0,620.2000122070312,622.5499877929688,5171016.0,3,23,3,9108.0,24.79998779296875
2017-03-24,628.0,630.9000244140625,622.0,623.4500122070312,1913210.0,4,24,3,9045.2001953125,8.9000244140625
2017-03-27,633.0,645.0,628.0499877929688,634.5499877929688,4793870.0,0,27,3,9100.7998046875,16.95001220703125
2017-03-28,637.8499755859375,641.8499755859375,629.0,633.0999755859375,1638403.0,1,28,3,9143.7998046875,12.8499755859375
2017-03-29,636.7999877929688,638.6500244140625,625.0999755859375,626.75,1342990.0,2,29,3,9173.75,13.550048828125
2017-03-30,628.7999877929688,633.5999755859375,622.0,622.9500122070312,1482125.0,3,30,3,9173.75,11.5999755859375
2017-03-31,625.5,629.5,622.5499877929688,623.8499755859375,943936.0,4,31,3,9237.849609375,6.95001220703125
2017-04-03,628.0,629.9000244140625,625.2999877929688,627.2999877929688,1394464.0,0,3,4,9265.150390625,4.60003662109375
2017-04-05,629.8499755859375,638.6500244140625,627.9500122070312,631.75,1845745.0,2,5,4,9261.9501953125,10.70001220703125
2017-04-06,632.8499755859375,635.9000244140625,626.0,628.1500244140625,944868.0,3,6,4,9198.2998046875,9.9000244140625
2017-04-07,628.0999755859375,632.9500122070312,619.0499877929688,622.0499877929688,1103003.0,4,7,4,9181.4501953125,13.9000244140625
2017-04-10,656.0,661.0,642.2000122070312,658.0999755859375,5746326.0,0,10,4,9237.0,18.79998779296875
2017-04-11,661.7999877929688,664.1500244140625,655.0499877929688,659.0,1917078.0,1,11,4,9203.4501953125,9.10003662109375
2017-04-12,658.9000244140625,659.75,642.0,650.7000122070312,1243019.0,2,12,4,9150.7998046875,17.75
2017-04-13,651.0499877929688,656.0,646.2999877929688,648.9000244140625,839170.0,3,13,4,9139.2998046875,9.70001220703125
2017-04-17,650.0,654.5,638.0999755859375,639.9000244140625,1080488.0,0,17,4,9105.150390625,16.4000244140625
2017-04-18,641.9000244140625,647.0,631.0,632.1500244140625,847780.0,1,18,4,9103.5,16.0
2017-04-19,634.2000122070312,637.2000122070312,632.0,633.3499755859375,543978.0,2,19,4,9136.400390625,5.20001220703125
2017-04-20,636.4000244140625,638.0,629.5,630.9000244140625,497703.0,3,20,4,9119.400390625,8.5
2017-04-21,633.5999755859375,637.0,630.0,630.8499755859375,484788.0,4,21,4,9217.9501953125,7.0
2017-04-24,610.1500244140625,639.0499877929688,606.0,634.8499755859375,2643935.0,0,24,4,9306.599609375,33.04998779296875
2017-04-25,638.0,649.25,634.3499755859375,647.25,1302405.0,1,25,4,9351.849609375,14.9000244140625
2017-04-26,627.7999877929688,645.4500122070312,627.7999877929688,643.5,1064558.0,2,26,4,9342.150390625,17.6500244140625
2017-04-27,640.0,643.5,627.0999755859375,629.6500244140625,899486.0,3,27,4,9304.0498046875,16.4000244140625
2017-04-28,630.1500244140625,633.9000244140625,625.0,628.4000244140625,664760.0,4,28,4,9313.7998046875,8.9000244140625
2017-05-02,629.9000244140625,636.5499877929688,623.0,626.75,678683.0,1,2,5,9311.9501953125,13.54998779296875
2017-05-03,629.7000122070312,632.0999755859375,622.6500244140625,624.75,605083.0,2,3,5,9359.900390625,9.449951171875
2017-05-04,625.25,632.5499877929688,625.0,626.9000244140625,370345.0,3,4,5,9285.2998046875,7.54998779296875
2017-05-05,626.5,634.0,623.0499877929688,625.9500122070312,750235.0,4,5,5,9314.0498046875,10.95001220703125
2017-05-08,625.5499877929688,629.4500122070312,623.2000122070312,626.9500122070312,456711.0,0,8,5,9316.849609375,6.25
2017-05-09,629.5,638.9000244140625,629.0999755859375,632.0499877929688,742101.0,1,9,5,9407.2998046875,9.800048828125
2017-05-10,634.0,642.1500244140625,632.9500122070312,637.3499755859375,517605.0,2,10,5,9422.400390625,9.20001220703125
2017-05-11,638.0,644.7000122070312,634.3499755859375,635.2000122070312,748146.0,3,11,5,9400.900390625,10.35003662109375
2017-05-12,633.7000122070312,635.0499877929688,624.5499877929688,625.8499755859375,501407.0,4,12,5,9445.400390625,10.5
2017-05-15,628.5,630.9500122070312,621.0,624.25,393660.0,0,15,5,9512.25,9.95001220703125
2017-05-16,625.6500244140625,628.0,621.0,622.4500122070312,895976.0,1,16,5,9525.75,7.0
2017-05-17,622.4500122070312,625.7000122070312,618.0,619.8499755859375,529890.0,2,17,5,9429.4501953125,7.70001220703125
2017-05-18,616.0,625.2000122070312,610.0,612.3499755859375,599481.0,3,18,5,9427.900390625,15.20001220703125
2017-05-19,616.0,616.0,603.2000122070312,611.0,792474.0,4,19,5,9438.25,12.79998779296875
2017-05-22,613.0,614.0,590.0999755859375,595.25,677559.0,0,22,5,9386.150390625,23.9000244140625
2017-05-23,595.2999877929688,596.7999877929688,572.6500244140625,576.0,1471397.0,1,23,5,9360.5498046875,24.14996337890625
2017-05-24,575.2000122070312,576.0999755859375,553.0,557.2000122070312,1381402.0,2,24,5,9509.75,23.0999755859375
2017-05-25,555.0,559.4000244140625,540.2000122070312,549.75,2057066.0,3,25,5,9595.099609375,19.20001220703125
2017-05-26,548.0,561.0,542.5,545.2999877929688,1229349.0,4,26,5,9604.900390625,18.5
2017-05-29,544.0,588.0,532.6500244140625,569.5,3661131.0,0,29,5,9624.5498046875,55.3499755859375
2017-05-30,567.0,591.1500244140625,563.0,588.0,2338661.0,1,30,5,9621.25,28.1500244140625
2017-05-31,588.9000244140625,591.8499755859375,575.0499877929688,582.1500244140625,9021300.0,2,31,5,9616.099609375,16.79998779296875
2017-06-01,584.5999755859375,616.0,582.7999877929688,602.0,2970631.0,3,1,6,9653.5,33.20001220703125
2017-06-02,606.0,625.5,603.0999755859375,618.4500122070312,1949558.0,4,2,6,9675.099609375,22.4000244140625
2017-06-05,620.4000244140625,636.4500122070312,620.4000244140625,630.8499755859375,1920453.0,0,5,6,9637.150390625,16.04998779296875
2017-06-06,633.7000122070312,635.0,622.0,630.25,1275238.0,1,6,6,9663.900390625,13.0
2017-06-07,630.0999755859375,651.0,628.9500122070312,645.7999877929688,2639884.0,2,7,6,9647.25,22.04998779296875
2017-06-08,646.0,661.2000122070312,642.5999755859375,650.7999877929688,2609516.0,3,8,6,9668.25,18.60003662109375
2017-06-09,654.1500244140625,659.9000244140625,646.0499877929688,650.9000244140625,2066229.0,4,9,6,9616.400390625,13.85003662109375
2017-06-12,650.0,656.0,640.5999755859375,644.9000244140625,1130204.0,0,12,6,9606.900390625,15.4000244140625
2017-06-13,648.0,652.0999755859375,639.4000244140625,645.5499877929688,738157.0,1,13,6,9618.150390625,12.699951171875
2017-06-14,645.0999755859375,650.0,642.4000244140625,643.6500244140625,653215.0,2,14,6,9578.0498046875,7.5999755859375
2017-06-15,643.0,663.9000244140625,642.7999877929688,657.3499755859375,1299049.0,3,15,6,9588.0498046875,21.10003662109375
2017-06-16,659.7999877929688,663.8499755859375,638.4000244140625,641.4000244140625,1356699.0,4,16,6,9657.5498046875,25.449951171875
2017-06-19,646.7999877929688,650.9000244140625,636.0999755859375,645.2999877929688,708952.0,0,19,6,9653.5,14.800048828125
2017-06-20,648.0,649.9500122070312,640.5,644.4500122070312,661839.0,1,20,6,9633.599609375,9.45001220703125
2017-06-21,645.7999877929688,646.0,640.4000244140625,644.5999755859375,290273.0,2,21,6,9630.0,5.5999755859375
2017-06-22,644.0,648.0,636.5,640.4500122070312,324395.0,3,22,6,9574.9501953125,11.5
2017-06-23,641.7999877929688,646.75,634.5,638.5999755859375,503545.0,4,23,6,9511.400390625,12.25
2017-06-27,640.0,647.9000244140625,637.3499755859375,641.7999877929688,624815.0,1,27,6,9491.25,10.550048828125
2017-06-28,641.5,645.0,637.25,641.0,409519.0,2,28,6,9504.099609375,7.75
2017-06-29,640.9500122070312,652.9500122070312,633.3499755859375,637.4000244140625,1257720.0,3,29,6,9520.900390625,19.60003662109375
2017-06-30,637.9000244140625,649.5999755859375,637.9000244140625,647.25,501156.0,4,30,6,9615.0,11.699951171875
2017-07-03,648.5999755859375,674.0,648.5999755859375,670.2999877929688,1298948.0,0,3,7,9613.2998046875,25.4000244140625
2017-07-04,672.0,674.2999877929688,653.0,655.0499877929688,518839.0,1,4,7,9637.599609375,21.29998779296875
2017-07-05,655.0,662.7999877929688,647.5499877929688,652.5,601009.0,2,5,7,9674.5498046875,15.25
2017-07-06,655.5,664.4500122070312,655.5,657.1500244140625,543530.0,3,6,7,9665.7998046875,8.95001220703125
2017-07-07,655.9000244140625,685.75,654.2000122070312,680.0,1764390.0,4,7,7,9771.0498046875,31.54998779296875
2017-07-10,726.0,748.0,725.0,735.4000244140625,1281487.0,0,10,7,9786.0498046875,23.0
2017-07-11,742.25,755.75,730.5,735.2000122070312,2039831.0,1,11,7,9816.099609375,25.25
2017-07-12,736.4000244140625,738.7999877929688,721.1500244140625,732.0,791255.0,2,12,7,9891.7001953125,17.64996337890625
2017-07-13,732.5,746.5499877929688,726.7000122070312,729.75,778554.0,3,13,7,9886.349609375,19.8499755859375
2017-07-14,729.0,742.0,729.0,735.9000244140625,892835.0,4,14,7,9915.9501953125,13.0
2017-07-17,738.75,738.75,725.0999755859375,730.9000244140625,651371.0,0,17,7,9827.150390625,13.6500244140625
2017-07-18,727.0,742.6500244140625,726.0499877929688,735.0,685734.0,1,18,7,9899.599609375,16.60003662109375
2017-07-19,740.0999755859375,759.0,737.5999755859375,755.5999755859375,1547904.0,2,19,7,9873.2998046875,21.4000244140625
2017-07-20,760.7999877929688,760.7999877929688,742.0,744.7000122070312,627321.0,3,20,7,9915.25,18.79998779296875
2017-07-21,750.0,750.0499877929688,707.1500244140625,721.25,977652.0,4,21,7,9966.400390625,42.89996337890625
2017-07-24,688.5,696.7999877929688,680.0,687.9000244140625,2439455.0,0,24,7,9964.5498046875,16.79998779296875
2017-07-25,685.0,689.5,674.0,675.5,950863.0,1,25,7,10020.650390625,15.5
2017-07-26,676.5,684.5,675.2999877929688,678.7999877929688,948487.0,2,26,7,10020.5498046875,9.20001220703125
2017-07-27,681.7000122070312,684.7000122070312,657.0,660.2000122070312,2063178.0,3,27,7,10014.5,27.70001220703125
2017-07-28,657.0,677.5,650.0499877929688,674.2999877929688,879841.0,4,28,7,10077.099609375,27.45001220703125
2017-07-31,677.0,680.7999877929688,669.0999755859375,672.9000244140625,733178.0,0,31,7,10114.650390625,11.70001220703125
2017-08-01,671.0,674.9500122070312,662.9500122070312,667.75,971964.0,1,1,8,10081.5,12.0
2017-08-02,670.0,671.9000244140625,665.0,669.0499877929688,346352.0,2,2,8,10013.650390625,6.9000244140625
2017-08-03,675.0,684.7000122070312,667.5,670.0499877929688,604522.0,3,3,8,10066.400390625,17.20001220703125
2017-08-04,669.0499877929688,699.9500122070312,660.0,682.1500244140625,1211462.0,4,4,8,10057.400390625,39.95001220703125
2017-08-07,686.0,692.7000122070312,680.8499755859375,684.0499877929688,427725.0,0,7,8,9978.5498046875,11.85003662109375
2017-08-08,684.0,685.0,670.5,673.7000122070312,360022.0,1,8,8,9908.0498046875,14.5
2017-08-09,676.5999755859375,676.5999755859375,625.0,639.0499877929688,1428857.0,2,9,8,9820.25,51.5999755859375
2017-08-10,629.0,646.5499877929688,612.8499755859375,626.0999755859375,1219649.0,3,10,8,9710.7998046875,33.70001220703125
2017-08-11,616.0,640.25,611.0,627.2000122070312,1248311.0,4,11,8,9794.150390625,29.25
2017-08-14,634.0,643.3499755859375,612.0,639.0499877929688,933408.0,0,14,8,9897.2998046875,31.3499755859375
2017-08-16,642.5999755859375,660.0,635.5,657.25,781871.0,2,16,8,9904.150390625,24.5
2017-08-17,659.0,659.4000244140625,644.0,645.7000122070312,398334.0,3,17,8,9837.400390625,15.4000244140625
2017-08-18,640.0,644.75,630.5,635.2000122070312,325046.0,4,18,8,9754.349609375,14.25
2017-08-21,637.0999755859375,639.25,618.2000122070312,622.1500244140625,310755.0,0,21,8,9765.5498046875,21.04998779296875
2017-08-22,626.9500122070312,645.3499755859375,621.0,629.2000122070312,752436.0,1,22,8,9852.5,24.3499755859375
2017-08-23,635.0,643.9000244140625,626.0,638.4000244140625,743570.0,2,23,8,9857.0498046875,17.9000244140625
2017-08-24,638.0,676.0,637.0,673.4000244140625,1927158.0,3,24,8,9912.7998046875,39.0
2017-08-28,678.75,705.9000244140625,678.4000244140625,694.9000244140625,2008764.0,0,28,8,9796.0498046875,27.5
2017-08-29,692.75,703.6500244140625,681.2000122070312,687.4500122070312,958208.0,1,29,8,9884.400390625,22.45001220703125
2017-08-30,692.1500244140625,709.0,692.1500244140625,702.5999755859375,1072727.0,2,30,8,9917.900390625,16.8499755859375
2017-08-31,705.0,709.9000244140625,692.4500122070312,696.4000244140625,956295.0,3,31,8,9974.400390625,17.45001220703125
2017-09-01,700.0,718.0,699.0999755859375,711.9500122070312,769185.0,4,1,9,9912.849609375,18.9000244140625
2017-09-04,710.5,722.4000244140625,695.3499755859375,709.0999755859375,838545.0,0,4,9,9952.2001953125,27.050048828125
2017-09-05,712.8499755859375,728.9000244140625,705.5999755859375,724.0,613300.0,1,5,9,9916.2001953125,23.300048828125
2017-09-06,713.2000122070312,718.25,696.4000244140625,698.7999877929688,1116325.0,2,6,9,9929.900390625,21.8499755859375
2017-09-07,702.8499755859375,711.0,692.5499877929688,696.3499755859375,844736.0,3,7,9,9934.7998046875,18.45001220703125
2017-09-08,707.4500122070312,717.0,703.0,707.2999877929688,1098200.0,4,8,9,10006.0498046875,14.0
2017-09-11,711.0,727.5,710.2000122070312,719.5999755859375,1275485.0,0,11,9,10093.0498046875,17.29998779296875
2017-09-12,724.0,811.5999755859375,720.5,805.0999755859375,9950074.0,1,12,9,10079.2998046875,91.0999755859375
2017-09-13,810.0,865.5,792.0999755859375,828.25,14259641.0,2,13,9,10086.599609375,73.4000244140625
2017-09-14,834.4500122070312,874.0,832.0,870.0499877929688,8987791.0,3,14,9,10085.400390625,42.0
2017-09-15,864.7999877929688,893.0499877929688,850.0499877929688,868.4000244140625,8306635.0,4,15,9,10153.099609375,43.0
2017-09-18,876.0,883.7999877929688,792.5,833.9000244140625,7798290.0,0,18,9,10147.5498046875,91.29998779296875
2017-09-19,841.0,871.7999877929688,800.2000122070312,863.25,9669769.0,1,19,9,10141.150390625,71.5999755859375
2017-09-20,874.0,948.9000244140625,865.5999755859375,942.7999877929688,18987654.0,2,20,9,10121.900390625,83.300048828125
2017-09-21,954.8499755859375,999.7000122070312,950.0999755859375,990.9000244140625,16933145.0,3,21,9,9964.400390625,49.60003662109375
2017-09-22,997.0999755859375,1004.3499755859375,961.0,970.25,7292332.0,4,22,9,9872.599609375,43.3499755859375
2017-09-25,969.7999877929688,972.0,930.4500122070312,952.7000122070312,4565575.0,0,25,9,9871.5,41.54998779296875
2017-09-26,942.0,978.0,942.0,960.1500244140625,3559032.0,1,26,9,9735.75,36.0
2017-09-27,900.0,923.9000244140625,837.7999877929688,850.75,13299756.0,2,27,9,9768.9501953125,86.10003662109375
2017-09-28,862.0,890.0,832.0,853.0499877929688,13462318.0,3,28,9,9788.599609375,58.0
2017-09-29,864.0,871.25,846.5499877929688,855.75,4835013.0,4,29,9,9859.5,24.70001220703125
2017-10-03,870.0,872.0,852.2999877929688,855.5999755859375,1777997.0,1,3,10,9914.900390625,19.70001220703125
2017-10-04,856.9500122070312,885.6500244140625,855.4000244140625,871.7999877929688,3130671.0,2,4,10,9888.7001953125,30.25
2017-10-05,877.0,889.7999877929688,860.0,863.3499755859375,2266261.0,3,5,10,9979.7001953125,29.79998779296875
2017-10-06,869.8499755859375,875.5499877929688,861.0999755859375,864.5999755859375,1353429.0,4,6,10,9988.75,14.45001220703125
2017-10-09,866.0,884.5,865.0,879.5499877929688,1648284.0,0,9,10,10016.9501953125,19.5
2017-10-10,885.0,894.5,878.0,886.1500244140625,1301458.0,1,10,10,9984.7998046875,16.5
2017-10-11,889.0,891.9500122070312,853.9500122070312,859.4500122070312,1675671.0,2,11,10,10096.400390625,38.0
2017-10-12,868.0,887.2999877929688,861.75,883.7999877929688,1283989.0,3,12,10,10167.4501953125,25.54998779296875
2017-10-13,885.9000244140625,885.9000244140625,869.25,872.7000122070312,871875.0,4,13,10,10230.849609375,16.6500244140625
2017-10-16,879.0,881.0,866.2000122070312,873.7000122070312,805305.0,0,16,10,10234.4501953125,14.79998779296875
2017-10-17,876.9500122070312,884.6500244140625,870.0999755859375,882.4500122070312,685961.0,1,17,10,10210.849609375,14.550048828125
2017-10-18,882.5,882.5,869.2999877929688,877.2999877929688,964826.0,2,18,10,10146.5498046875,13.20001220703125
2017-10-19,881.8499755859375,885.0,870.4500122070312,879.8499755859375,203741.0,3,19,10,10184.849609375,14.54998779296875
2017-10-23,882.5,882.5,867.9000244140625,873.4500122070312,654295.0,0,23,10,10207.7001953125,14.5999755859375
2017-10-24,874.0,877.7999877929688,865.25,869.75,521040.0,1,24,10,10295.349609375,12.54998779296875
2017-10-25,876.0,877.0,863.5499877929688,870.5499877929688,304274.0,2,25,10,10343.7998046875,13.45001220703125
2017-10-26,870.5499877929688,872.5,855.0,858.5999755859375,760876.0,3,26,10,10323.0498046875,17.5
2017-10-27,860.0,887.7999877929688,850.25,871.0999755859375,1008712.0,4,27,10,10363.650390625,37.54998779296875
2017-10-30,874.9500122070312,884.0,860.2999877929688,872.9000244140625,800374.0,0,30,10,10335.2998046875,23.70001220703125
2017-10-31,873.9500122070312,892.4000244140625,870.0999755859375,882.5,1410837.0,1,31,10,10440.5,22.300048828125
2017-11-01,885.0,933.4500122070312,882.0,923.6500244140625,3578561.0,2,1,11,10423.7998046875,51.45001220703125
2017-11-02,1016.0,1117.5999755859375,1016.0,1072.9000244140625,10648166.0,3,2,11,10452.5,101.5999755859375
2017-11-03,1082.9000244140625,1082.9000244140625,1027.5999755859375,1049.75,3177065.0,4,3,11,10451.7998046875,55.300048828125
2017-11-06,1036.050048828125,1064.699951171875,1036.050048828125,1049.050048828125,1034461.0,0,6,11,10350.150390625,28.64990234375
2017-11-07,1049.5,1055.0,1004.5499877929688,1017.0,1494151.0,1,7,11,10303.150390625,50.45001220703125
2017-11-08,1028.0,1044.0,1010.7000122070312,1016.5999755859375,946549.0,2,8,11,10308.9501953125,33.29998779296875
2017-11-09,1016.6500244140625,1029.9000244140625,993.2000122070312,1009.4500122070312,670869.0,3,9,11,10321.75,36.70001220703125
2017-11-10,1052.0,1089.0,1011.8499755859375,1016.4000244140625,2507352.0,4,10,11,10224.9501953125,77.1500244140625
2017-11-13,1016.0,1019.9500122070312,984.0499877929688,1000.4000244140625,739717.0,0,13,11,10186.599609375,35.9000244140625
2017-11-14,998.0,1033.050048828125,991.5,1024.050048828125,1164915.0,1,14,11,10118.0498046875,41.550048828125
2017-11-15,1059.0,1059.0,1011.0,1015.7000122070312,1262085.0,2,15,11,10214.75,48.0
2017-11-16,1016.0,1030.800048828125,1002.25,1005.9500122070312,665741.0,3,16,11,10283.599609375,28.550048828125
2017-11-17,1014.0,1031.0,1010.0999755859375,1020.6500244140625,1679469.0,4,17,11,10298.75,20.9000244140625
2017-11-20,1017.5,1055.0,1015.0,1047.550048828125,1538322.0,0,20,11,10326.900390625,40.0
2017-11-21,1055.0,1070.0,1036.0,1042.1500244140625,1256707.0,1,21,11,10342.2998046875,34.0
2017-11-22,1048.0,1049.75,1018.4000244140625,1025.0999755859375,939683.0,2,22,11,10348.75,31.3499755859375
2017-11-23,1026.0,1043.449951171875,1012.0,1038.0999755859375,795495.0,3,23,11,10389.7001953125,31.449951171875
2017-11-24,1042.0,1054.800048828125,1026.5,1046.449951171875,690988.0,4,24,11,10399.5498046875,28.300048828125
2017-11-27,1044.0,1047.5,1034.3499755859375,1041.199951171875,274364.0,0,27,11,10370.25,13.1500244140625
2017-11-28,1040.0,1052.050048828125,1029.300048828125,1033.199951171875,340814.0,1,28,11,10361.2998046875,22.75
2017-11-29,1034.949951171875,1059.0,1033.5,1047.3499755859375,700142.0,2,29,11,10226.5498046875,25.5
2017-11-30,1044.0,1058.0,1033.0,1041.0,889359.0,3,30,11,10121.7998046875,25.0
2017-12-01,1044.9000244140625,1056.550048828125,1031.0999755859375,1035.0,444515.0,4,1,12,10127.75,25.4500732421875
2017-12-04,1041.0,1044.9000244140625,1025.0,1034.449951171875,256844.0,0,4,12,10118.25,19.9000244140625
2017-12-05,1034.699951171875,1034.75,999.0499877929688,1023.6500244140625,389829.0,1,5,12,10044.099609375,35.70001220703125
2017-12-06,1023.0,1033.4000244140625,1014.0,1020.0,376314.0,2,6,12,10166.7001953125,19.4000244140625
2017-12-07,1018.0,1028.9000244140625,1014.0499877929688,1020.4000244140625,429699.0,3,7,12,10265.650390625,14.85003662109375
2017-12-08,1023.0,1060.0,1019.0,1050.4000244140625,792945.0,4,8,12,10322.25,41.0
2017-12-11,1059.800048828125,1061.699951171875,1034.75,1044.699951171875,423683.0,0,11,12,10240.150390625,26.949951171875
2017-12-12,1047.0,1081.8499755859375,1047.0,1063.3499755859375,1434393.0,1,12,12,10192.9501953125,34.8499755859375
2017-12-13,1070.0,1070.0,1037.449951171875,1042.199951171875,452631.0,2,13,12,10252.099609375,32.550048828125
2017-12-14,1051.9000244140625,1065.0,1042.4000244140625,1060.8499755859375,564894.0,3,14,12,10333.25,22.5999755859375
2017-12-15,1075.0,1075.0,1044.9000244140625,1049.949951171875,606073.0,4,15,12,10388.75,30.0999755859375
2017-12-18,1056.0,1066.4000244140625,1017.6500244140625,1052.550048828125,402545.0,0,18,12,10463.2001953125,48.75
2017-12-19,1065.0,1065.0,1049.0,1057.550048828125,224548.0,1,19,12,10444.2001953125,16.0
2017-12-20,1062.0,1070.0,1052.0999755859375,1059.800048828125,217170.0,2,20,12,10440.2998046875,17.9000244140625
2017-12-21,1061.0,1096.800048828125,1055.0,1086.1500244140625,790565.0,3,21,12,10493.0,41.800048828125
2017-12-22,1094.800048828125,1098.449951171875,1085.449951171875,1089.949951171875,623289.0,4,22,12,10531.5,13.0
2017-12-26,1096.0,1096.0,1077.0,1087.5999755859375,351265.0,1,26,12,10490.75,19.0
2017-12-27,1087.8499755859375,1142.0,1080.0,1123.449951171875,1626564.0,2,27,12,10477.900390625,62.0
2017-12-28,1122.800048828125,1137.0999755859375,1110.3499755859375,1114.25,1026977.0,3,28,12,10530.7001953125,26.75
2018-01-01,1095.0,1119.949951171875,1090.0999755859375,1099.050048828125,429620.0,0,1,1,10442.2001953125,29.8499755859375
2018-01-02,1100.0,1109.449951171875,1073.449951171875,1080.9000244140625,413942.0,1,2,1,10443.2001953125,36.0
2018-01-03,1080.5,1115.949951171875,1080.0999755859375,1099.4000244140625,768114.0,2,3,1,10504.7998046875,35.8499755859375
2018-01-04,1106.9000244140625,1112.25,1092.0,1106.550048828125,450896.0,3,4,1,10558.849609375,20.25
2018-01-05,1105.800048828125,1123.5,1102.050048828125,1107.6500244140625,568810.0,4,5,1,10623.599609375,21.449951171875
2018-01-08,1107.6500244140625,1135.4000244140625,1107.6500244140625,1116.199951171875,468360.0,0,8,1,10637.0,27.75
2018-01-09,1116.199951171875,1127.9000244140625,1083.5999755859375,1089.300048828125,639168.0,1,9,1,10632.2001953125,44.300048828125
2018-01-10,1085.0,1115.0,1074.6500244140625,1079.300048828125,807750.0,2,10,1,10651.2001953125,40.3499755859375
2018-01-11,1085.0,1107.0,1075.050048828125,1101.550048828125,459962.0,3,11,1,10681.25,31.949951171875
2018-01-12,1106.9000244140625,1110.0,1083.5,1093.800048828125,276559.0,4,12,1,10741.5498046875,26.5
2018-01-15,1093.800048828125,1093.800048828125,1020.0,1078.3499755859375,279071.0,0,15,1,10700.4501953125,73.800048828125
2018-01-16,1079.0,1102.800048828125,1075.0,1092.75,804279.0,1,16,1,10788.5498046875,27.800048828125
2018-01-17,1091.0,1111.9000244140625,1078.199951171875,1107.550048828125,840913.0,2,17,1,10817.0,33.7000732421875
2018-01-18,1107.550048828125,1119.75,1081.0999755859375,1090.4000244140625,582399.0,3,18,1,10894.7001953125,38.6500244140625
2018-01-19,1090.0,1103.5999755859375,1082.5999755859375,1098.300048828125,322347.0,4,19,1,10966.2001953125,21.0
2018-01-22,1095.949951171875,1103.699951171875,1067.25,1077.8499755859375,690857.0,0,22,1,11083.7001953125,36.449951171875
2018-01-23,1079.0,1107.6500244140625,1079.0,1101.3499755859375,1019038.0,1,23,1,11086.0,28.6500244140625
2018-01-24,1104.949951171875,1126.0999755859375,1086.5,1102.9000244140625,821655.0,2,24,1,11069.650390625,39.5999755859375
2018-01-25,1100.0,1126.0,1095.0999755859375,1120.300048828125,2015896.0,3,25,1,11130.400390625,30.9000244140625
2018-01-29,1115.0,1115.0,1082.0,1100.4000244140625,909205.0,0,29,1,11049.650390625,33.0
2018-01-30,1100.0,1108.25,1068.25,1079.9000244140625,662548.0,1,30,1,11027.7001953125,40.0
2018-01-31,1079.9000244140625,1079.9000244140625,1009.0,1039.4000244140625,960918.0,2,31,1,11016.900390625,70.9000244140625
2018-02-01,1050.0,1058.5999755859375,1022.5,1043.800048828125,763908.0,3,1,2,10760.599609375,36.0999755859375
2018-02-02,1025.0,1051.25,1006.7999877929688,1028.25,1850108.0,4,2,2,10666.5498046875,44.45001220703125
2018-02-05,1005.0,1048.5999755859375,1000.0,1034.6500244140625,545693.0,0,5,2,10498.25,48.5999755859375
2018-02-06,982.4000244140625,1016.0,978.3499755859375,1003.2000122070312,659453.0,1,6,2,10476.7001953125,37.6500244140625
2018-02-07,1010.0,1023.75,1005.7000122070312,1013.25,382513.0,2,7,2,10576.849609375,18.04998779296875
2018-02-08,1016.0,1049.9000244140625,1016.0,1029.9000244140625,424810.0,3,8,2,10454.9501953125,33.9000244140625
2018-02-09,1005.0,1028.0,1005.0,1016.5499877929688,472189.0,4,9,2,10539.75,23.0
2018-02-12,1022.0,1043.0,1017.5,1036.5,488773.0,0,12,2,10500.900390625,25.5
2018-02-14,1040.0,1065.800048828125,1031.300048828125,1050.699951171875,365498.0,2,14,2,10545.5,34.5
2018-02-15,1055.0,1059.9000244140625,1037.050048828125,1048.0999755859375,260354.0,3,15,2,10452.2998046875,22.8499755859375
2018-02-16,1052.550048828125,1068.25,1035.550048828125,1045.6500244140625,632838.0,4,16,2,10378.400390625,32.699951171875
2018-02-19,1042.0,1045.0,1007.25,1016.7999877929688,502939.0,0,19,2,10360.400390625,37.75
2018-02-20,1016.7999877929688,1029.75,1002.4000244140625,1013.9000244140625,396055.0,1,20,2,10397.4501953125,27.3499755859375
2018-02-21,1018.0,1024.699951171875,997.2999877929688,1006.75,628446.0,2,21,2,10382.7001953125,27.39996337890625
2018-02-22,997.0499877929688,1025.6500244140625,997.0499877929688,1019.25,775993.0,3,22,2,10491.0498046875,28.60003662109375
2018-02-23,1017.0,1052.449951171875,1016.9000244140625,1050.0999755859375,806228.0,4,23,2,10582.599609375,35.5499267578125
2018-02-26,1060.0,1063.0,1032.25,1035.3499755859375,240854.0,0,26,2,10554.2998046875,30.75
2018-02-27,1035.800048828125,1045.0,1025.699951171875,1035.550048828125,338955.0,1,27,2,10492.849609375,19.300048828125
2018-02-28,1030.0,1034.449951171875,1016.5,1025.9000244140625,362857.0,2,28,2,10458.349609375,17.949951171875
2018-03-01,1026.9000244140625,1032.449951171875,1017.25,1018.4500122070312,272425.0,3,1,3,10358.849609375,15.199951171875
2018-03-05,1018.0,1019.9000244140625,1008.0,1012.0999755859375,472011.0,0,5,3,10249.25,11.9000244140625
2018-03-06,1012.0,1023.7000122070312,1009.5,1013.7000122070312,409750.0,1,6,3,10154.2001953125,14.20001220703125
2018-03-07,1011.7000122070312,1016.2000122070312,985.0,990.7999877929688,571021.0,2,7,3,10242.650390625,31.20001220703125
2018-03-08,992.1500244140625,1007.0,980.5,1002.7000122070312,405968.0,3,8,3,10226.849609375,26.5
2018-03-09,1000.2000122070312,1014.1500244140625,996.7999877929688,998.7000122070312,371889.0,4,9,3,10421.400390625,17.35003662109375
2018-03-12,1005.0,1018.2000122070312,997.0499877929688,1013.7999877929688,244331.0,0,12,3,10426.849609375,21.1500244140625
2018-03-13,1014.0,1050.0,1008.0,1035.449951171875,839762.0,1,13,3,10410.900390625,42.0
2018-03-14,1029.0,1061.949951171875,1028.800048828125,1054.8499755859375,411421.0,2,14,3,10360.150390625,33.14990234375
2018-03-15,1058.0,1106.050048828125,1056.0,1084.550048828125,1000506.0,3,15,3,10195.150390625,50.050048828125
2018-03-16,1084.550048828125,1099.0,1064.0,1087.1500244140625,629875.0,4,16,3,10094.25,35.0
2018-03-19,1090.0,1111.9000244140625,1071.550048828125,1088.0,614731.0,0,19,3,10124.349609375,40.3499755859375
2018-03-20,1080.0999755859375,1105.0,1070.0,1094.4000244140625,545426.0,1,20,3,10155.25,35.0
2018-03-21,1105.0,1109.949951171875,1081.1500244140625,1085.949951171875,498066.0,2,21,3,10114.75,28.7999267578125
2018-03-22,1083.0,1096.9000244140625,1066.0999755859375,1068.800048828125,422829.0,3,22,3,9998.0498046875,30.800048828125
2018-03-23,1059.9000244140625,1061.949951171875,1024.6500244140625,1037.699951171875,710829.0,4,23,3,10130.650390625,37.2999267578125
2018-03-26,1026.050048828125,1061.4000244140625,1026.050048828125,1055.199951171875,341662.0,0,26,3,10184.150390625,35.3499755859375
2018-03-27,1065.0,1099.5999755859375,1048.0,1087.6500244140625,855115.0,1,27,3,10113.7001953125,51.5999755859375
2018-03-28,1082.5,1124.800048828125,1082.0,1090.199951171875,1588702.0,2,28,3,10211.7998046875,42.800048828125
2018-04-02,1092.0999755859375,1102.3499755859375,1079.25,1090.3499755859375,279687.0,0,2,4,10245.0,23.0999755859375
2018-04-03,1085.0999755859375,1116.25,1085.0999755859375,1109.199951171875,405008.0,1,3,4,10128.400390625,31.1500244140625
2018-04-04,1125.0,1141.800048828125,1087.949951171875,1096.75,619642.0,2,4,4,10325.150390625,53.85009765625
2018-04-05,1110.449951171875,1126.699951171875,1101.199951171875,1118.699951171875,783319.0,3,5,4,10331.599609375,25.5
2018-04-06,1119.050048828125,1123.800048828125,1102.5,1114.25,225924.0,4,6,4,10379.349609375,21.300048828125
2018-04-09,1115.0999755859375,1141.4000244140625,1115.0999755859375,1129.8499755859375,465413.0,0,9,4,10402.25,26.300048828125
2018-04-10,1131.8499755859375,1168.0,1131.5,1143.6500244140625,1402585.0,1,10,4,10417.150390625,36.5
2018-04-11,1150.0,1150.0,1110.0,1122.6500244140625,385766.0,2,11,4,10458.650390625,40.0
2018-04-12,1115.050048828125,1136.6500244140625,1111.5,1120.800048828125,320269.0,3,12,4,10480.599609375,25.1500244140625
2018-04-13,1122.0,1153.9000244140625,1120.0,1145.5,665920.0,4,13,4,10528.349609375,33.9000244140625
2018-04-16,1147.5,1177.0,1133.3499755859375,1173.25,798396.0,0,16,4,10548.7001953125,43.6500244140625
2018-04-17,1177.0,1190.0,1173.949951171875,1180.550048828125,523489.0,1,17,4,10526.2001953125,16.050048828125
2018-04-18,1182.0,1203.4000244140625,1171.0,1174.9000244140625,879419.0,2,18,4,10565.2998046875,32.4000244140625
2018-04-19,1172.0,1189.9000244140625,1163.25,1179.75,561972.0,3,19,4,10564.0498046875,26.6500244140625
2018-04-20,1175.699951171875,1199.0,1167.5999755859375,1194.25,258462.0,4,20,4,10584.7001953125,31.4000244140625
2018-04-23,1199.949951171875,1199.949951171875,1175.050048828125,1178.449951171875,335330.0,0,23,4,10614.349609375,24.89990234375
2018-04-24,1189.699951171875,1208.75,1171.9000244140625,1178.25,729547.0,1,24,4,10570.5498046875,36.8499755859375
2018-04-25,1178.25,1186.699951171875,1156.949951171875,1160.8499755859375,435624.0,2,25,4,10617.7998046875,29.75
2018-04-26,1158.050048828125,1176.0,1147.3499755859375,1171.25,502965.0,3,26,4,10692.2998046875,28.6500244140625
2018-04-27,1179.9000244140625,1195.0,1165.0,1188.699951171875,480121.0,4,27,4,10739.349609375,30.0
2018-04-30,1195.0,1201.4000244140625,1184.050048828125,1197.5,174054.0,0,30,4,10718.0498046875,17.3499755859375
2018-05-02,1204.75,1204.75,1181.449951171875,1188.800048828125,509127.0,2,2,5,10679.650390625,23.300048828125
2018-05-03,1189.0,1203.0,1177.4000244140625,1198.3499755859375,408993.0,3,3,5,10618.25,25.5999755859375
2018-05-04,1204.449951171875,1204.449951171875,1179.0999755859375,1191.949951171875,284847.0,4,4,5,10715.5,25.3499755859375
2018-05-07,1190.0,1213.800048828125,1180.3499755859375,1208.5,373131.0,0,7,5,10717.7998046875,33.4500732421875
2018-05-08,1215.0,1220.8499755859375,1202.75,1211.25,570345.0,1,8,5,10741.7001953125,18.0999755859375
2018-05-09,1209.9000244140625,1209.9000244140625,1191.6500244140625,1195.300048828125,167176.0,2,9,5,10716.5498046875,18.25
2018-05-10,1194.0,1204.699951171875,1184.0,1190.300048828125,260948.0,3,10,5,10806.5,20.699951171875
2018-05-11,1194.0,1223.0,1183.1500244140625,1200.699951171875,608254.0,4,11,5,10806.599609375,39.8499755859375
2018-05-14,1196.0,1202.0,1160.0,1172.6500244140625,541698.0,0,14,5,10801.849609375,42.0
2018-05-15,1155.0,1180.0,1128.550048828125,1149.8499755859375,358690.0,1,15,5,10741.099609375,51.449951171875
2018-05-16,1148.0,1171.0,1139.050048828125,1165.1500244140625,531175.0,2,16,5,10682.7001953125,31.949951171875
2018-05-17,1186.9000244140625,1213.0,1161.0,1165.9000244140625,994750.0,3,17,5,10596.400390625,52.0
2018-05-18,1168.0,1173.949951171875,1151.25,1156.550048828125,165721.0,4,18,5,10516.7001953125,22.699951171875
2018-05-21,1160.0,1163.3499755859375,1125.9000244140625,1138.550048828125,208137.0,0,21,5,10536.7001953125,37.449951171875
2018-05-22,1133.300048828125,1138.4000244140625,1116.800048828125,1121.5999755859375,577110.0,1,22,5,10430.349609375,21.5999755859375
2018-05-23,1125.0,1125.0,1081.5,1093.3499755859375,513617.0,2,23,5,10513.849609375,43.5
2018-05-24,1093.0999755859375,1133.75,1089.199951171875,1128.699951171875,449315.0,3,24,5,10605.150390625,44.550048828125
2018-05-25,1129.8499755859375,1154.800048828125,1113.800048828125,1148.8499755859375,240092.0,4,25,5,10688.650390625,41.0
2018-05-28,1160.0,1167.6500244140625,1080.0,1092.1500244140625,918222.0,0,28,5,10633.2998046875,87.6500244140625
2018-05-29,1090.0999755859375,1092.0,1056.3499755859375,1066.75,753542.0,1,29,5,10614.349609375,35.6500244140625
2018-05-30,1060.050048828125,1065.0,1042.199951171875,1051.550048828125,605331.0,2,30,5,10736.150390625,22.800048828125
2018-05-31,1053.0,1069.25,1044.300048828125,1047.449951171875,2300110.0,3,31,5,10696.2001953125,24.949951171875
2018-06-01,1049.3499755859375,1061.0,1026.4000244140625,1053.25,543631.0,4,1,6,10628.5,34.5999755859375
2018-06-04,1057.9000244140625,1064.6500244140625,1035.5,1047.1500244140625,400870.0,0,4,6,10593.150390625,29.1500244140625
2018-06-05,1052.0,1054.5,1015.25,1035.4000244140625,536791.0,1,5,6,10684.650390625,39.25
2018-06-06,1039.5999755859375,1060.0,1029.5,1054.449951171875,273602.0,2,6,6,10768.349609375,30.5
2018-06-07,1055.800048828125,1072.25,1053.050048828125,1059.3499755859375,268495.0,3,7,6,10767.650390625,19.199951171875
2018-06-08,1055.0,1079.9000244140625,1045.0,1052.0999755859375,547755.0,4,8,6,10786.9501953125,34.9000244140625
2018-06-11,1052.0,1057.3499755859375,1018.3499755859375,1024.5999755859375,458526.0,0,11,6,10842.849609375,39.0
2018-06-12,1023.2999877929688,1076.0,1020.0,1064.1500244140625,1371537.0,1,12,6,10856.7001953125,56.0
2018-06-13,1064.949951171875,1072.0999755859375,1038.0999755859375,1040.300048828125,499228.0,2,13,6,10808.0498046875,34.0
2018-06-14,1044.5,1094.949951171875,1039.050048828125,1084.75,1978196.0,3,14,6,10817.7001953125,55.89990234375
2018-06-15,1087.0,1111.25,1063.9000244140625,1100.949951171875,1940627.0,4,15,6,10799.849609375,47.3499755859375
2018-06-18,1100.6500244140625,1116.9000244140625,1082.1500244140625,1100.4000244140625,1278580.0,0,18,6,10710.4501953125,34.75
2018-06-19,1090.0,1107.0999755859375,1080.199951171875,1091.8499755859375,957879.0,1,19,6,10772.0498046875,26.9000244140625
2018-06-20,1090.0,1107.5,1070.4000244140625,1083.050048828125,516618.0,2,20,6,10741.099609375,37.0999755859375
2018-06-21,1086.25,1090.0,1051.0,1056.25,463272.0,3,21,6,10821.849609375,39.0
2018-06-22,1050.449951171875,1055.25,1033.0,1044.25,493344.0,4,22,6,10762.4501953125,22.25
2018-06-25,1048.0,1060.949951171875,1029.050048828125,1032.8499755859375,319767.0,0,25,6,10769.150390625,31.89990234375
2018-06-26,1034.800048828125,1053.4000244140625,1029.75,1043.0,518815.0,1,26,6,10671.400390625,23.6500244140625
2018-06-27,1042.0,1052.199951171875,1012.9500122070312,1019.7000122070312,722523.0,2,27,6,10589.099609375,39.24993896484375
2018-06-28,1022.0,1027.0,994.9500122070312,1000.1500244140625,1136478.0,3,28,6,10714.2998046875,32.04998779296875
2018-06-29,1003.5,1042.5,1003.0,1038.5999755859375,374782.0,4,29,6,10657.2998046875,39.5
2018-07-02,1041.9000244140625,1057.0,1025.25,1050.4000244140625,559319.0,0,2,7,10699.900390625,31.75
2018-07-03,1051.0,1096.949951171875,1036.5,1085.800048828125,1241172.0,1,3,7,10769.900390625,60.449951171875
2018-07-04,1086.0,1105.949951171875,1072.0,1102.300048828125,1347815.0,2,4,7,10749.75,33.949951171875
2018-07-05,1095.0,1107.3499755859375,1073.949951171875,1077.5,1060147.0,3,5,7,10772.650390625,33.4000244140625
2018-07-06,1080.0,1087.699951171875,1070.0999755859375,1074.0,374934.0,4,6,7,10852.900390625,17.5999755859375
2018-07-09,1077.699951171875,1104.800048828125,1074.449951171875,1095.5999755859375,1196862.0,0,9,7,10947.25,30.35009765625
2018-07-10,1100.0,1104.949951171875,1078.199951171875,1090.8499755859375,415562.0,1,10,7,10948.2998046875,26.75
2018-07-11,1091.0,1127.0,1080.0,1122.199951171875,1147280.0,2,11,7,11023.2001953125,47.0
2018-07-12,1122.199951171875,1139.699951171875,1102.4000244140625,1106.3499755859375,1044297.0,3,12,7,11018.900390625,37.2999267578125
2018-07-13,1114.5999755859375,1129.9000244140625,1091.0999755859375,1108.300048828125,660138.0,4,13,7,10936.849609375,38.800048828125
2018-07-16,1108.050048828125,1108.050048828125,1064.050048828125,1070.050048828125,513097.0,0,16,7,11008.0498046875,44.0
2018-07-17,1069.699951171875,1080.0,1040.0,1074.6500244140625,951853.0,1,17,7,10980.4501953125,40.0
2018-07-18,1076.0,1093.5,1065.0,1085.199951171875,572307.0,2,18,7,10957.099609375,28.5
2018-07-19,1080.0,1092.0,1072.0,1078.199951171875,197820.0,3,19,7,11010.2001953125,20.0
2018-07-20,1081.0,1098.300048828125,1073.050048828125,1090.5999755859375,344871.0,4,20,7,11084.75,25.25
2018-07-23,1090.5999755859375,1097.75,1074.949951171875,1080.699951171875,399079.0,0,23,7,11134.2998046875,22.800048828125
2018-07-24,1081.0,1092.3499755859375,1075.0,1083.5,614412.0,1,24,7,11132.0,17.3499755859375
2018-07-25,1084.8499755859375,1105.0,1076.6500244140625,1096.949951171875,696780.0,2,25,7,11167.2998046875,28.3499755859375
2018-07-26,1105.0,1110.0,1067.3499755859375,1075.699951171875,524569.0,3,26,7,11278.349609375,42.6500244140625
2018-07-27,1079.949951171875,1106.75,1077.0999755859375,1103.0,343379.0,4,27,7,11319.5498046875,29.6500244140625
2018-07-30,1102.0,1163.449951171875,1091.25,1156.5999755859375,2177271.0,0,30,7,11356.5,72.199951171875
2018-07-31,1145.0,1164.550048828125,1131.050048828125,1149.449951171875,565352.0,1,31,7,11346.2001953125,33.5
2018-08-01,1149.449951171875,1173.949951171875,1145.0999755859375,1163.75,482301.0,2,1,8,11244.7001953125,28.8499755859375
2018-08-02,1165.550048828125,1207.5,1159.050048828125,1200.300048828125,1309397.0,3,2,8,11360.7998046875,48.449951171875
2018-08-03,1200.800048828125,1217.0,1186.4000244140625,1208.0999755859375,1039224.0,4,3,8,11387.099609375,30.5999755859375
2018-08-06,1205.0,1221.9000244140625,1160.0,1192.699951171875,2336944.0,0,6,8,11389.4501953125,61.9000244140625
2018-08-07,1196.0,1199.9000244140625,1151.5999755859375,1162.5,859755.0,1,7,8,11450.0,48.300048828125
2018-08-08,1169.5,1169.949951171875,1124.050048828125,1131.949951171875,1567894.0,2,8,8,11470.7001953125,45.89990234375
2018-08-09,1130.0,1141.300048828125,1111.050048828125,1114.949951171875,839082.0,3,9,8,11429.5,30.25
2018-08-10,1115.0,1135.0,1100.0,1124.300048828125,962927.0,4,10,8,11355.75,35.0
2018-08-13,1117.5,1134.0,1110.8499755859375,1120.199951171875,325959.0,0,13,8,11435.099609375,23.1500244140625
2018-08-14,1119.9000244140625,1157.5999755859375,1080.0,1154.550048828125,466382.0,1,14,8,11385.0498046875,77.5999755859375
2018-08-16,1154.4000244140625,1166.800048828125,1141.0999755859375,1164.4000244140625,451485.0,3,16,8,11470.75,25.7000732421875
2018-08-17,1166.0,1185.949951171875,1148.6500244140625,1174.75,959814.0,4,17,8,11551.75,37.2999267578125
2018-08-20,1178.0,1256.8499755859375,1178.0,1246.699951171875,2795952.0,0,20,8,11570.900390625,78.8499755859375
2018-08-21,1258.0,1259.050048828125,1229.050048828125,1247.699951171875,1794448.0,1,21,8,11582.75,30.0
2018-08-23,1255.0,1314.9000244140625,1245.0999755859375,1294.1500244140625,2201914.0,3,23,8,11557.099609375,69.800048828125
2018-08-24,1298.0,1308.800048828125,1275.800048828125,1301.0,849165.0,4,24,8,11691.9501953125,33.0
2018-08-27,1310.0,1319.0,1291.4000244140625,1298.0,631476.0,0,27,8,11738.5,27.5999755859375
2018-08-28,1294.0,1300.0,1266.5999755859375,1280.9000244140625,635318.0,1,28,8,11691.900390625,33.4000244140625
2018-08-29,1272.0,1313.449951171875,1268.25,1276.75,1565025.0,2,29,8,11676.7998046875,45.199951171875
2018-08-30,1280.0999755859375,1307.0,1266.75,1300.8499755859375,1028865.0,3,30,8,11680.5,40.25
2018-08-31,1298.0,1328.0,1295.0,1305.9000244140625,1235827.0,4,31,8,11582.349609375,33.0
2018-09-03,1314.9000244140625,1327.0,1278.0,1287.0999755859375,873820.0,0,3,9,11520.2998046875,49.0
2018-09-04,1290.0,1297.4000244140625,1254.050048828125,1263.6500244140625,716718.0,1,4,9,11476.9501953125,43.3499755859375
2018-09-05,1269.9000244140625,1293.25,1259.050048828125,1278.050048828125,811104.0,2,5,9,11536.900390625,34.199951171875
2018-09-06,1290.0,1324.0,1281.199951171875,1317.0,1723420.0,3,6,9,11589.099609375,42.800048828125
2018-09-07,1319.0,1331.4000244140625,1300.8499755859375,1313.5,1139483.0,4,7,9,11438.099609375,30.550048828125
2018-09-10,1312.9000244140625,1329.0,1268.050048828125,1278.800048828125,826691.0,0,10,9,11287.5,60.949951171875
2018-09-11,1278.800048828125,1290.25,1232.800048828125,1244.6500244140625,837631.0,1,11,9,11369.900390625,57.449951171875
2018-09-12,1243.0,1290.75,1233.0999755859375,1271.550048828125,1186268.0,2,12,9,11515.2001953125,57.6500244140625
2018-09-14,1280.050048828125,1334.0,1275.449951171875,1329.550048828125,1525334.0,4,14,9,11377.75,58.550048828125
2018-09-17,1328.0,1403.050048828125,1317.050048828125,1364.699951171875,4137410.0,0,17,9,11278.900390625,86.0
2018-09-18,1366.0,1393.0,1353.0999755859375,1379.800048828125,1408422.0,1,18,9,11234.349609375,39.9000244140625
2018-09-19,1379.75,1408.0,1370.0,1391.1500244140625,1346458.0,2,19,9,11143.099609375,38.0
2018-09-21,1407.9000244140625,1407.9000244140625,1304.050048828125,1387.949951171875,1484382.0,4,21,9,10967.400390625,103.8499755859375
2018-09-24,1387.9000244140625,1401.5999755859375,1348.6500244140625,1361.75,890761.0,0,24,9,11067.4501953125,52.949951171875
2018-09-25,1365.0,1396.0,1355.0999755859375,1388.4000244140625,1029316.0,1,25,9,11053.7998046875,40.9000244140625
2018-09-26,1400.0,1425.0,1371.050048828125,1385.3499755859375,1804070.0,2,26,9,10977.5498046875,53.949951171875
2018-09-27,1386.0999755859375,1395.75,1361.0999755859375,1365.9000244140625,645479.0,3,27,9,10930.4501953125,34.6500244140625
2018-09-28,1366.050048828125,1383.699951171875,1295.8499755859375,1310.9000244140625,1189157.0,4,28,9,11008.2998046875,87.8499755859375
2018-10-01,1314.0999755859375,1329.449951171875,1281.0,1319.5999755859375,842259.0,0,1,10,10858.25,48.449951171875
2018-10-03,1305.0999755859375,1325.9000244140625,1283.5,1309.1500244140625,937244.0,2,3,10,10599.25,42.4000244140625
2018-10-04,1304.0,1305.699951171875,1260.25,1283.9000244140625,1197193.0,3,4,10,10316.4501953125,45.449951171875
2018-10-05,1275.0,1315.0,1268.4000244140625,1281.6500244140625,876772.0,4,5,10,10348.0498046875,46.5999755859375
2018-10-08,1273.9000244140625,1294.699951171875,1250.050048828125,1277.449951171875,707482.0,0,8,10,10301.0498046875,44.64990234375
2018-10-09,1278.0,1297.199951171875,1235.449951171875,1248.050048828125,1206742.0,1,9,10,10460.099609375,61.75
2018-10-10,1247.0,1305.0,1246.949951171875,1297.75,868523.0,2,10,10,10234.650390625,58.050048828125
2018-10-11,1260.0,1292.0,1235.300048828125,1250.949951171875,675008.0,3,11,10,10472.5,56.699951171875
2018-10-12,1259.9000244140625,1296.75,1259.9000244140625,1282.300048828125,825580.0,4,12,10,10512.5,36.8499755859375
2018-10-15,1285.949951171875,1312.6500244140625,1277.0,1299.75,791699.0,0,15,10,10584.75,35.6500244140625
2018-10-16,1306.75,1324.699951171875,1281.0,1307.5999755859375,815814.0,1,16,10,10453.0498046875,43.699951171875
2018-10-17,1315.0,1319.449951171875,1291.699951171875,1301.199951171875,693098.0,2,17,10,10303.5498046875,27.75
2018-10-19,1310.0,1340.6500244140625,1278.4000244140625,1285.25,1205785.0,4,19,10,10245.25,62.25
2018-10-22,1287.0,1305.0,1277.0,1292.050048828125,503682.0,0,22,10,10146.7998046875,28.0
2018-10-23,1285.0,1311.9000244140625,1241.5,1249.699951171875,962440.0,1,23,10,10224.75,70.4000244140625
2018-10-24,1255.300048828125,1270.0,1212.5,1241.0,1237155.0,2,24,10,10124.900390625,57.5
2018-10-25,1238.0,1265.0,1225.199951171875,1253.0,1084503.0,3,25,10,10030.0,39.800048828125
2018-10-26,1261.0,1278.4000244140625,1236.75,1255.800048828125,858836.0,4,26,10,10250.849609375,41.6500244140625
2018-10-29,1330.0,1452.6500244140625,1324.8499755859375,1440.1500244140625,5731814.0,0,29,10,10198.400390625,127.800048828125
2018-10-30,1444.25,1500.5,1436.5,1485.75,3338430.0,1,30,10,10386.599609375,64.0
2018-10-31,1485.0,1512.0,1463.5999755859375,1484.5,1801064.0,2,31,10,10380.4501953125,48.4000244140625
2018-11-01,1478.0,1516.949951171875,1469.800048828125,1505.550048828125,953639.0,3,1,11,10553.0,47.14990234375
2018-11-02,1512.0,1523.949951171875,1486.1500244140625,1499.25,924743.0,4,2,11,10524.0,37.7999267578125
2018-11-05,1499.5,1501.550048828125,1454.5,1466.449951171875,835508.0,0,5,11,10530.0,47.050048828125
2018-11-06,1466.0,1484.0,1443.75,1477.800048828125,873983.0,1,6,11,10598.400390625,40.25
2018-11-07,1490.0,1505.0,1480.9000244140625,1497.5,138777.0,2,7,11,10585.2001953125,24.0999755859375
2018-11-09,1504.9000244140625,1562.8499755859375,1504.0,1548.949951171875,1937340.0,4,9,11,10482.2001953125,58.8499755859375
2018-11-12,1547.0,1562.949951171875,1497.1500244140625,1511.75,1464492.0,0,12,11,10582.5,65.7999267578125
2018-11-13,1510.0,1537.0,1485.6500244140625,1530.5999755859375,953328.0,1,13,11,10576.2998046875,51.3499755859375
2018-11-14,1543.3499755859375,1554.699951171875,1484.3499755859375,1503.8499755859375,2290976.0,2,14,11,10616.7001953125,70.3499755859375
2018-11-15,1509.0,1548.0,1486.199951171875,1530.800048828125,1004108.0,3,15,11,10682.2001953125,61.800048828125
2018-11-16,1530.800048828125,1575.0,1527.5999755859375,1558.699951171875,1664868.0,4,16,11,10763.400390625,47.4000244140625
2018-11-19,1565.0,1578.0,1545.0,1562.25,755395.0,0,19,11,10656.2001953125,33.0
2018-11-20,1555.0,1569.0,1530.0999755859375,1534.300048828125,508270.0,1,20,11,10600.0498046875,38.9000244140625
2018-11-21,1546.9000244140625,1552.5,1524.75,1538.5999755859375,841267.0,2,21,11,10526.75,27.75
2018-11-22,1544.0,1573.0,1510.0999755859375,1529.300048828125,1282102.0,3,22,11,10628.599609375,62.9000244140625
2018-11-26,1534.0,1555.0,1499.1500244140625,1506.050048828125,1535951.0,0,26,11,10685.599609375,55.8499755859375
2018-11-27,1513.949951171875,1530.0,1496.0999755859375,1523.1500244140625,1263798.0,1,27,11,10728.849609375,33.9000244140625
2018-11-28,1520.0,1525.6500244140625,1467.0,1480.0999755859375,772057.0,2,28,11,10858.7001953125,58.6500244140625
2018-11-29,1485.0,1490.5999755859375,1445.4000244140625,1456.550048828125,1613812.0,3,29,11,10876.75,45.199951171875
2018-11-30,1461.0,1481.0999755859375,1420.0,1439.3499755859375,12273274.0,4,30,11,10883.75,61.0999755859375
2018-12-03,1424.699951171875,1469.9000244140625,1420.050048828125,1456.75,952050.0,0,3,12,10869.5,49.8499755859375
2018-12-04,1462.300048828125,1499.9000244140625,1451.3499755859375,1493.0999755859375,1136996.0,1,4,12,10782.900390625,48.550048828125
2018-12-05,1490.0999755859375,1502.800048828125,1463.050048828125,1480.3499755859375,838036.0,2,5,12,10601.150390625,39.75
2018-12-06,1480.0,1490.0,1446.199951171875,1459.4000244140625,679445.0,3,6,12,10693.7001953125,43.800048828125
2018-12-07,1472.0,1497.9000244140625,1455.199951171875,1491.800048828125,839928.0,4,7,12,10488.4501953125,42.7000732421875
2018-12-10,1465.0999755859375,1485.0,1452.949951171875,1472.6500244140625,569332.0,0,10,12,10549.150390625,32.050048828125
2018-12-11,1456.0,1506.449951171875,1455.0,1478.050048828125,648455.0,1,11,12,10737.599609375,51.449951171875
2018-12-12,1485.0,1535.0,1483.449951171875,1528.9000244140625,845326.0,2,12,12,10791.5498046875,51.550048828125
2018-12-13,1536.0,1553.1500244140625,1515.75,1522.0,773320.0,3,13,12,10805.4501953125,37.4000244140625
2018-12-14,1518.0999755859375,1529.3499755859375,1477.25,1491.4000244140625,793454.0,4,14,12,10888.349609375,52.0999755859375
2018-12-17,1498.9000244140625,1516.9000244140625,1475.5,1483.0999755859375,594795.0,0,17,12,10908.7001953125,41.4000244140625
2018-12-18,1483.9000244140625,1501.449951171875,1475.9000244140625,1496.4000244140625,545698.0,1,18,12,10967.2998046875,25.5499267578125
2018-12-19,1505.0,1525.9000244140625,1485.0,1516.1500244140625,650629.0,2,19,12,10951.7001953125,40.9000244140625
2018-12-20,1500.5999755859375,1523.9000244140625,1500.5999755859375,1512.5999755859375,451924.0,3,20,12,10754.0,23.300048828125
2018-12-21,1514.949951171875,1519.0,1470.199951171875,1474.800048828125,552808.0,4,21,12,10663.5,48.800048828125
2018-12-24,1489.5,1490.0,1433.550048828125,1447.1500244140625,849081.0,0,24,12,10729.849609375,56.449951171875
2018-12-26,1438.4000244140625,1459.0,1428.050048828125,1455.800048828125,345177.0,2,26,12,10779.7998046875,30.949951171875
2018-12-27,1465.0,1480.0,1448.1500244140625,1471.1500244140625,434791.0,3,27,12,10859.900390625,31.8499755859375
2018-12-28,1475.0999755859375,1482.0,1462.050048828125,1467.199951171875,305371.0,4,28,12,10862.5498046875,19.949951171875
2019-01-01,1485.0,1491.050048828125,1469.050048828125,1475.449951171875,254899.0,1,1,1,10792.5,22.0
2019-01-02,1476.9000244140625,1483.5999755859375,1461.4000244140625,1470.9000244140625,247208.0,2,2,1,10672.25,22.199951171875
2019-01-03,1479.5999755859375,1482.800048828125,1432.0999755859375,1437.9000244140625,536515.0,3,3,1,10727.349609375,50.7000732421875
2019-01-04,1437.9000244140625,1471.199951171875,1428.25,1460.5,391849.0,4,4,1,10771.7998046875,42.949951171875
2019-01-07,1470.0,1495.0,1461.3499755859375,1486.0,456830.0,0,7,1,10802.150390625,33.6500244140625
2019-01-08,1488.800048828125,1490.0,1455.0999755859375,1458.8499755859375,345960.0,1,8,1,10855.150390625,34.9000244140625
2019-01-09,1460.8499755859375,1477.0,1460.0,1473.25,248643.0,2,9,1,10821.599609375,17.0
2019-01-10,1470.699951171875,1525.550048828125,1467.25,1520.449951171875,1072651.0,3,10,1,10794.9501953125,58.300048828125
2019-01-11,1519.949951171875,1533.699951171875,1497.8499755859375,1505.1500244140625,1149372.0,4,11,1,10737.599609375,35.8499755859375
2019-01-14,1504.9000244140625,1538.8499755859375,1504.25,1530.449951171875,965710.0,0,14,1,10886.7998046875,34.5999755859375
2019-01-15,1531.0,1535.0,1515.5,1522.199951171875,383535.0,1,15,1,10890.2998046875,19.5
2019-01-16,1526.050048828125,1526.050048828125,1512.6500244140625,1519.800048828125,362391.0,2,16,1,10905.2001953125,13.4000244140625
2019-01-17,1526.0,1548.0,1499.199951171875,1505.3499755859375,927211.0,3,17,1,10906.9501953125,48.800048828125
2019-01-18,1512.75,1520.0,1483.449951171875,1509.1500244140625,454592.0,4,18,1,10961.849609375,36.550048828125
2019-01-21,1515.0,1518.1500244140625,1493.6500244140625,1497.199951171875,351617.0,0,21,1,10922.75,24.5
2019-01-22,1492.0,1521.800048828125,1485.0,1503.6500244140625,710962.0,1,22,1,10831.5,36.800048828125
2019-01-23,1508.0,1512.550048828125,1496.050048828125,1503.300048828125,302963.0,2,23,1,10849.7998046875,16.5
2019-01-24,1508.300048828125,1518.0,1489.5999755859375,1493.25,365424.0,3,24,1,10780.5498046875,28.4000244140625
2019-01-25,1500.5,1508.0,1487.0,1495.3499755859375,195017.0,4,25,1,10661.5498046875,21.0
2019-01-28,1499.4000244140625,1499.4000244140625,1460.0999755859375,1473.449951171875,211598.0,0,28,1,10652.2001953125,39.300048828125
2019-01-29,1475.0,1514.9000244140625,1466.0,1504.800048828125,424613.0,1,29,1,10651.7998046875,48.9000244140625
2019-01-30,1505.949951171875,1512.949951171875,1492.050048828125,1503.1500244140625,218871.0,2,30,1,10830.9501953125,20.89990234375
2019-01-31,1508.9000244140625,1519.9000244140625,1494.5,1506.199951171875,512854.0,3,31,1,10893.650390625,25.4000244140625
2019-02-01,1511.199951171875,1548.050048828125,1488.6500244140625,1532.3499755859375,609053.0,4,1,2,10912.25,59.4000244140625
2019-02-04,1563.949951171875,1619.949951171875,1546.25,1609.449951171875,2399611.0,0,4,2,10934.349609375,73.699951171875
2019-02-05,1615.800048828125,1637.0,1610.199951171875,1616.1500244140625,1031235.0,1,5,2,11062.4501953125,26.800048828125
2019-02-06,1616.1500244140625,1659.949951171875,1610.0,1653.25,916887.0,2,6,2,11069.400390625,49.949951171875
2019-02-07,1645.0,1675.0,1640.050048828125,1670.1500244140625,753538.0,3,7,2,10943.599609375,34.949951171875
2019-02-08,1667.0,1700.0,1656.0,1685.0999755859375,1045291.0,4,8,2,10888.7998046875,44.0
2019-02-11,1677.0999755859375,1680.0,1626.0,1635.0,880642.0,0,11,2,10831.400390625,54.0
2019-02-12,1638.0,1651.199951171875,1613.199951171875,1638.0999755859375,795159.0,1,12,2,10746.0498046875,38.0
2019-02-14,1640.0,1648.949951171875,1615.050048828125,1637.449951171875,469510.0,3,14,2,10724.400390625,33.89990234375
2019-02-15,1617.0,1629.4000244140625,1530.6500244140625,1621.3499755859375,2159194.0,4,15,2,10640.9501953125,98.75
2019-02-18,1617.9000244140625,1621.050048828125,1559.0,1574.75,890862.0,0,18,2,10604.349609375,62.050048828125
2019-02-19,1570.050048828125,1617.699951171875,1525.0,1587.8499755859375,1840314.0,1,19,2,10735.4501953125,92.699951171875
2019-02-20,1594.9000244140625,1594.9000244140625,1553.449951171875,1560.550048828125,775963.0,2,20,2,10789.849609375,41.4500732421875
2019-02-21,1553.0999755859375,1560.6500244140625,1540.0,1550.0,799999.0,3,21,2,10791.650390625,20.6500244140625
2019-02-22,1550.0999755859375,1573.449951171875,1546.699951171875,1565.0,611185.0,4,22,2,10880.099609375,26.75
2019-02-25,1573.0,1604.9000244140625,1561.0,1594.75,599083.0,0,25,2,10835.2998046875,43.9000244140625
2019-02-26,1570.0,1629.9000244140625,1570.0,1621.449951171875,857201.0,1,26,2,10806.650390625,59.9000244140625
2019-02-27,1628.0,1650.0,1618.0,1638.449951171875,556471.0,2,27,2,10792.5,32.0
2019-02-28,1650.0,1663.4000244140625,1635.0,1654.25,578587.0,3,28,2,10863.5,28.4000244140625
2019-03-01,1650.050048828125,1675.0,1650.050048828125,1669.800048828125,480280.0,4,1,3,10987.4501953125,24.949951171875
2019-03-05,1674.0,1682.949951171875,1659.25,1663.699951171875,529749.0,1,5,3,11053.0,23.699951171875
2019-03-06,1670.0,1725.0,1652.050048828125,1705.9000244140625,692075.0,2,6,3,11058.2001953125,72.949951171875
2019-03-07,1707.0,1714.449951171875,1642.0,1650.9000244140625,800855.0,3,7,3,11035.400390625,72.449951171875
2019-03-08,1658.0,1665.9000244140625,1636.0,1647.4000244140625,428683.0,4,8,3,11168.0498046875,29.9000244140625
2019-03-11,1650.0999755859375,1695.3499755859375,1650.0999755859375,1690.6500244140625,637436.0,0,11,3,11301.2001953125,45.25
2019-03-12,1700.0,1729.9000244140625,1692.6500244140625,1699.949951171875,885899.0,1,12,3,11341.7001953125,37.25
2019-03-13,1700.0,1712.25,1661.4000244140625,1667.0,639516.0,2,13,3,11343.25,50.8499755859375
2019-03-14,1676.6500244140625,1704.0,1671.3499755859375,1694.5,672355.0,3,14,3,11426.849609375,32.6500244140625
2019-03-15,1697.0,1726.5999755859375,1695.0,1708.0,830304.0,4,15,3,11462.2001953125,31.5999755859375
2019-03-18,1718.0,1722.550048828125,1684.0999755859375,1689.3499755859375,464384.0,0,18,3,11532.400390625,38.4500732421875
2019-03-19,1698.0,1713.3499755859375,1681.550048828125,1696.0,283112.0,1,19,3,11521.0498046875,31.7999267578125
2019-03-20,1694.0,1711.0,1671.25,1675.3499755859375,426057.0,2,20,3,11456.900390625,39.75
2019-03-22,1680.0999755859375,1691.5999755859375,1655.550048828125,1663.6500244140625,459571.0,4,22,3,11354.25,36.0499267578125
2019-03-25,1659.800048828125,1710.0,1651.0999755859375,1705.75,684585.0,0,25,3,11483.25,58.9000244140625
2019-03-26,1710.0,1774.949951171875,1686.6500244140625,1707.8499755859375,509657.0,1,26,3,11445.0498046875,88.2999267578125
2019-03-27,1706.0,1720.0,1661.050048828125,1665.9000244140625,460961.0,2,27,3,11570.0,58.949951171875
2019-03-28,1669.9000244140625,1699.0,1641.5,1654.550048828125,1681103.0,3,28,3,11669.150390625,57.5
2019-04-01,1709.0,1742.0,1709.0,1723.300048828125,888473.0,0,1,4,11713.2001953125,33.0
2019-04-02,1725.5,1734.4000244140625,1693.699951171875,1699.050048828125,508894.0,1,2,4,11643.9501953125,40.7000732421875
2019-04-03,1707.550048828125,1707.550048828125,1665.449951171875,1675.800048828125,393202.0,2,3,4,11598.0,42.10009765625
2019-04-04,1679.949951171875,1714.0,1675.800048828125,1701.050048828125,590246.0,3,4,4,11665.9501953125,38.199951171875
2019-04-05,1707.0,1722.5999755859375,1691.1500244140625,1719.0,464487.0,4,5,4,11604.5,31.449951171875
2019-04-08,1714.699951171875,1719.0,1677.199951171875,1684.449951171875,461738.0,0,8,4,11671.9501953125,41.800048828125
2019-04-09,1693.0,1719.75,1685.25,1715.8499755859375,392667.0,1,9,4,11584.2998046875,34.5
2019-04-10,1713.8499755859375,1732.5,1706.0,1722.550048828125,484391.0,2,10,4,11596.7001953125,26.5
2019-04-11,1715.5,1723.949951171875,1704.050048828125,1718.4000244140625,357943.0,3,11,4,11643.4501953125,19.89990234375
2019-04-12,1717.0,1736.75,1713.0,1732.0999755859375,370739.0,4,12,4,11690.349609375,23.75
2019-04-15,1730.0,1749.0,1720.300048828125,1744.8499755859375,422148.0,0,15,4,11787.150390625,28.699951171875
2019-04-16,1748.300048828125,1753.9000244140625,1711.300048828125,1714.5999755859375,530087.0,1,16,4,11752.7998046875,42.5999755859375
2019-04-18,1716.0,1731.75,1713.0,1724.3499755859375,334997.0,3,18,4,11594.4501953125,18.75
2019-04-22,1721.0,1737.800048828125,1695.0,1701.5,324129.0,0,22,4,11575.9501953125,42.800048828125
2019-04-23,1703.0,1713.0999755859375,1682.199951171875,1686.949951171875,340440.0,1,23,4,11726.150390625,30.9000244140625
2019-04-24,1687.0,1750.0,1687.0,1742.699951171875,573966.0,2,24,4,11641.7998046875,63.0
2019-04-25,1736.25,1742.5,1710.550048828125,1716.300048828125,334093.0,3,25,4,11754.650390625,31.949951171875
2019-04-26,1733.949951171875,1739.949951171875,1716.1500244140625,1722.3499755859375,333124.0,4,26,4,11748.150390625,23.7999267578125
2019-04-30,1722.3499755859375,1750.0,1707.050048828125,1746.8499755859375,557187.0,1,30,4,11724.75,42.949951171875
2019-05-02,1741.4000244140625,1771.449951171875,1707.0999755859375,1714.300048828125,686686.0,3,2,5,11712.25,64.3499755859375
2019-05-03,1718.0,1725.0,1696.25,1701.9000244140625,344975.0,4,3,5,11598.25,28.75
2019-05-06,1697.949951171875,1714.0999755859375,1690.050048828125,1694.6500244140625,246788.0,0,6,5,11497.900390625,24.0499267578125
2019-05-07,1670.0,1706.300048828125,1670.0,1689.1500244140625,559625.0,1,7,5,11359.4501953125,36.300048828125
2019-05-08,1686.5999755859375,1695.9000244140625,1654.0999755859375,1668.5,443167.0,2,8,5,11301.7998046875,41.800048828125
2019-05-09,1661.5,1664.75,1615.0,1625.550048828125,553836.0,3,9,5,11278.900390625,49.75
2019-05-10,1609.199951171875,1657.800048828125,1603.0,1650.3499755859375,637110.0,4,10,5,11148.2001953125,54.800048828125
2019-05-13,1652.800048828125,1652.800048828125,1613.9000244140625,1625.1500244140625,255768.0,0,13,5,11222.0498046875,38.9000244140625
2019-05-14,1634.8499755859375,1634.8499755859375,1594.0,1617.3499755859375,422106.0,1,14,5,11157.0,40.8499755859375
2019-05-15,1610.5,1654.0,1602.0,1608.8499755859375,639846.0,2,15,5,11257.099609375,52.0
2019-05-16,1612.199951171875,1648.3499755859375,1597.9000244140625,1640.300048828125,494855.0,3,16,5,11407.150390625,50.449951171875
2019-05-17,1636.0,1653.0,1622.0999755859375,1632.699951171875,363216.0,4,17,5,11828.25,30.9000244140625
2019-05-20,1680.0,1690.0,1640.0,1659.699951171875,482091.0,0,20,5,11709.099609375,50.0
2019-05-21,1658.0,1715.0,1658.0,1696.5,494321.0,1,21,5,11737.900390625,57.0
2019-05-22,1704.9000244140625,1706.199951171875,1670.0,1680.199951171875,342013.0,2,22,5,11657.0498046875,36.199951171875
2019-05-23,1710.0,1744.0,1692.0,1732.449951171875,543073.0,3,23,5,11844.099609375,52.0
2019-05-24,1742.0999755859375,1774.0,1737.0,1765.6500244140625,572794.0,4,24,5,11924.75,37.0
2019-05-27,1729.5,1730.050048828125,1578.050048828125,1593.449951171875,3084161.0,0,27,5,11928.75,152.0
2019-05-28,1600.0,1629.0,1585.5999755859375,1617.8499755859375,1231843.0,1,28,5,11861.099609375,43.4000244140625
2019-05-29,1618.0,1624.4000244140625,1585.199951171875,1589.0999755859375,474654.0,2,29,5,11945.900390625,39.2000732421875
2019-05-30,1599.0,1626.800048828125,1580.800048828125,1585.449951171875,925477.0,3,30,5,11922.7998046875,46.0
2019-05-31,1595.949951171875,1609.800048828125,1583.0,1592.300048828125,787381.0,4,31,5,12088.5498046875,26.800048828125
2019-06-03,1597.25,1621.0,1566.550048828125,1616.25,765932.0,0,3,6,12021.650390625,54.449951171875
2019-06-04,1610.0,1610.0,1580.4000244140625,1586.3499755859375,803652.0,1,4,6,11843.75,29.5999755859375
2019-06-06,1598.0,1598.0,1554.449951171875,1580.3499755859375,925968.0,3,6,6,11870.650390625,43.550048828125
2019-06-07,1575.0,1580.6500244140625,1553.050048828125,1566.25,632011.0,4,7,6,11922.7001953125,27.5999755859375
2019-06-10,1562.0,1579.0,1556.050048828125,1561.050048828125,363052.0,0,10,6,11965.599609375,22.949951171875
2019-06-11,1567.0,1571.8499755859375,1552.0,1555.800048828125,475514.0,1,11,6,11906.2001953125,19.8499755859375
2019-06-12,1555.800048828125,1560.0,1530.75,1534.550048828125,500761.0,2,12,6,11914.0498046875,29.25
2019-06-13,1539.949951171875,1554.4000244140625,1517.0,1546.550048828125,597842.0,3,13,6,11823.2998046875,37.4000244140625
2019-06-14,1542.0,1550.0,1495.050048828125,1522.300048828125,993176.0,4,14,6,11672.150390625,54.949951171875
2019-06-17,1539.300048828125,1582.9000244140625,1532.4000244140625,1540.5,1053764.0,0,17,6,11691.5,50.5
2019-06-18,1545.0,1552.0,1525.0,1543.0,548508.0,1,18,6,11691.4501953125,27.0
2019-06-19,1550.0,1554.8499755859375,1533.300048828125,1540.4000244140625,420314.0,2,19,6,11831.75,21.5499267578125
2019-06-20,1548.300048828125,1615.0,1539.0999755859375,1603.0,758268.0,3,20,6,11724.099609375,75.9000244140625
2019-06-21,1600.0,1600.0,1540.0,1545.75,1014804.0,4,21,6,11699.650390625,60.0
2019-06-24,1541.6500244140625,1584.3499755859375,1536.050048828125,1576.300048828125,512756.0,0,24,6,11796.4501953125,48.2999267578125
2019-06-25,1566.800048828125,1609.0,1565.0,1602.4000244140625,457699.0,1,25,6,11847.5498046875,44.0
2019-06-26,1587.0,1611.0,1580.199951171875,1597.949951171875,461263.0,2,26,6,11841.5498046875,30.800048828125
2019-06-27,1595.0,1608.0,1578.0,1601.800048828125,511835.0,3,27,6,11788.849609375,30.0
2019-06-28,1599.550048828125,1634.449951171875,1592.0999755859375,1596.949951171875,551806.0,4,28,6,11865.599609375,42.3499755859375
2019-07-01,1598.75,1622.0,1598.0,1610.199951171875,273406.0,0,1,7,11910.2998046875,24.0
2019-07-02,1610.199951171875,1623.699951171875,1590.5,1617.25,300935.0,1,2,7,11916.75,33.199951171875
2019-07-03,1620.0,1640.0,1600.0,1630.5999755859375,598945.0,2,3,7,11946.75,40.0
2019-07-04,1631.4000244140625,1638.949951171875,1611.949951171875,1619.800048828125,214179.0,3,4,7,11811.150390625,27.0
2019-07-05,1619.800048828125,1619.800048828125,1583.0,1610.800048828125,607948.0,4,5,7,11558.599609375,36.800048828125
2019-07-08,1600.0999755859375,1604.25,1564.5,1575.6500244140625,329224.0,0,8,7,11555.900390625,39.75
2019-07-09,1570.1500244140625,1615.8499755859375,1567.949951171875,1605.0999755859375,548646.0,1,9,7,11498.900390625,47.9000244140625
2019-07-10,1609.0,1633.75,1597.550048828125,1623.449951171875,685813.0,2,10,7,11582.900390625,36.199951171875
2019-07-11,1637.0,1642.9000244140625,1605.0,1608.6500244140625,672371.0,3,11,7,11552.5,37.9000244140625
2019-07-12,1614.949951171875,1621.0,1587.0999755859375,1613.1500244140625,548484.0,4,12,7,11588.349609375,33.9000244140625
2019-07-15,1615.0,1631.0,1600.0999755859375,1614.4000244140625,331641.0,0,15,7,11662.599609375,30.9000244140625
2019-07-16,1620.0999755859375,1654.0,1614.0,1648.5999755859375,399507.0,1,16,7,11687.5,40.0
2019-07-17,1652.5,1656.25,1635.5999755859375,1651.949951171875,325110.0,2,17,7,11596.900390625,20.6500244140625
2019-07-18,1652.5999755859375,1661.5,1635.550048828125,1641.9000244140625,769446.0,3,18,7,11419.25,25.949951171875
2019-07-19,1644.0999755859375,1659.9000244140625,1620.050048828125,1624.4000244140625,464691.0,4,19,7,11346.2001953125,39.8499755859375
2019-07-22,1618.0,1631.300048828125,1601.0,1625.3499755859375,248393.0,0,22,7,11331.0498046875,30.300048828125
2019-07-23,1630.0,1644.449951171875,1609.0999755859375,1619.0999755859375,298001.0,1,23,7,11271.2998046875,35.3499755859375
2019-07-24,1614.0,1629.1500244140625,1595.0,1604.0999755859375,321561.0,2,24,7,11252.150390625,34.1500244140625
2019-07-25,1604.0,1649.949951171875,1603.0,1641.75,382130.0,3,25,7,11284.2998046875,46.949951171875
2019-07-26,1645.0,1674.9000244140625,1624.9000244140625,1666.699951171875,586809.0,4,26,7,11189.2001953125,50.0
2019-07-29,1670.0,1678.699951171875,1642.949951171875,1653.25,461396.0,0,29,7,11085.400390625,35.75
2019-07-30,1653.300048828125,1673.0,1640.0,1658.449951171875,863878.0,1,30,7,11118.0,33.0
2019-07-31,1651.9000244140625,1651.9000244140625,1565.199951171875,1633.75,1115866.0,2,31,7,10980.0,86.7000732421875
2019-08-01,1620.300048828125,1647.5,1597.300048828125,1615.3499755859375,470130.0,3,1,8,10997.349609375,50.199951171875
2019-08-02,1610.0,1624.0,1579.050048828125,1598.800048828125,432681.0,4,2,8,10862.599609375,44.949951171875
2019-08-05,1588.5,1608.550048828125,1566.050048828125,1577.550048828125,571020.0,0,5,8,10948.25,42.5
2019-08-06,1568.949951171875,1622.050048828125,1566.800048828125,1616.0,634515.0,1,6,8,10855.5,55.25
2019-08-07,1601.050048828125,1657.0,1601.050048828125,1633.9000244140625,591808.0,2,7,8,11032.4501953125,55.949951171875
2019-08-08,1644.0,1655.949951171875,1626.050048828125,1651.0,678997.0,3,8,8,11109.650390625,29.89990234375
2019-08-09,1653.0,1683.449951171875,1642.3499755859375,1664.949951171875,374284.0,4,9,8,10925.849609375,41.0999755859375
2019-08-13,1615.0,1620.0,1512.199951171875,1524.4000244140625,2698990.0,1,13,8,11029.400390625,107.800048828125
2019-08-14,1521.0,1544.800048828125,1466.0,1531.9000244140625,1340125.0,2,14,8,11047.7998046875,78.800048828125
2019-08-16,1522.5,1522.5,1490.25,1507.300048828125,913721.0,4,16,8,11053.900390625,32.25
2019-08-19,1505.300048828125,1541.1500244140625,1500.0,1518.0999755859375,512242.0,0,19,8,11017.0,41.1500244140625
2019-08-20,1518.0999755859375,1541.949951171875,1516.199951171875,1522.1500244140625,382353.0,1,20,8,10918.7001953125,25.75
2019-08-21,1524.0,1541.0,1516.1500244140625,1533.0999755859375,461174.0,2,21,8,10741.349609375,24.8499755859375
2019-08-22,1537.5999755859375,1576.300048828125,1531.5,1568.5,604653.0,3,22,8,10829.349609375,44.800048828125
2019-08-23,1564.949951171875,1577.449951171875,1540.550048828125,1571.5999755859375,469022.0,4,23,8,11057.849609375,36.89990234375
2019-08-26,1575.0,1625.0,1568.050048828125,1620.050048828125,635005.0,0,26,8,11105.349609375,56.949951171875
2019-08-27,1625.1500244140625,1628.5,1587.75,1593.550048828125,645617.0,1,27,8,11046.099609375,40.75
2019-08-28,1593.550048828125,1616.0,1570.0,1576.6500244140625,419022.0,2,28,8,10948.2998046875,46.0
2019-08-29,1581.0999755859375,1634.0,1572.0,1615.0,479265.0,3,29,8,11023.25,62.0
2019-08-30,1611.5999755859375,1643.3499755859375,1601.449951171875,1625.4000244140625,357258.0,4,30,8,10797.900390625,41.9000244140625
2019-09-03,1625.5,1659.0,1625.5,1639.449951171875,697815.0,1,3,9,10844.650390625,33.5
2019-09-04,1648.0,1671.0,1592.050048828125,1663.449951171875,817587.0,2,4,9,10847.900390625,78.949951171875
2019-09-05,1660.300048828125,1666.199951171875,1633.5999755859375,1639.0,312286.0,3,5,9,10946.2001953125,32.5999755859375
2019-09-06,1645.0,1654.800048828125,1620.949951171875,1637.5999755859375,426978.0,4,6,9,11003.0498046875,33.85009765625
2019-09-09,1636.0,1653.6500244140625,1617.0,1627.1500244140625,405327.0,0,9,9,11035.7001953125,36.6500244140625
2019-09-11,1629.0,1638.949951171875,1606.4000244140625,1616.550048828125,464103.0,2,11,9,10982.7998046875,32.5499267578125
2019-09-12,1625.0,1656.0,1613.0,1645.1500244140625,426448.0,3,12,9,11075.900390625,43.0
2019-09-13,1655.0,1655.0,1610.050048828125,1628.3499755859375,455745.0,4,13,9,11003.5,44.949951171875
2019-09-16,1618.3499755859375,1659.5,1615.300048828125,1644.800048828125,363401.0,0,16,9,10817.599609375,44.199951171875
2019-09-17,1646.050048828125,1647.0,1598.0,1601.4000244140625,486724.0,1,17,9,10840.650390625,49.0
2019-09-18,1612.5,1626.0,1605.0,1616.1500244140625,457444.0,2,18,9,10704.7998046875,21.0
2019-09-19,1621.0,1630.0999755859375,1570.5,1582.4000244140625,400672.0,3,19,9,11274.2001953125,59.5999755859375
2019-09-20,1596.0,1660.5,1575.0999755859375,1637.949951171875,592869.0,4,20,9,11600.2001953125,85.4000244140625
2019-09-23,1641.0,1658.0,1603.050048828125,1611.699951171875,944775.0,0,23,9,11588.2001953125,54.949951171875
2019-09-24,1611.699951171875,1645.0,1587.699951171875,1629.6500244140625,692476.0,1,24,9,11440.2001953125,57.300048828125
2019-09-25,1620.1500244140625,1653.199951171875,1620.1500244140625,1633.449951171875,450237.0,2,25,9,11571.2001953125,33.0499267578125
2019-09-26,1635.0,1705.0,1631.0,1675.050048828125,999909.0,3,26,9,11512.400390625,74.0
2019-09-27,1671.0,1696.9000244140625,1655.25,1660.449951171875,659001.0,4,27,9,11474.4501953125,41.6500244140625
2019-09-30,1664.800048828125,1671.9000244140625,1650.949951171875,1665.5,269573.0,0,30,9,11359.900390625,20.9500732421875
2019-10-01,1671.9000244140625,1688.949951171875,1607.5,1622.550048828125,412172.0,1,1,10,11314.0,81.449951171875
2019-10-03,1610.0,1647.9000244140625,1595.050048828125,1628.3499755859375,348048.0,3,3,10,11174.75,52.8499755859375
2019-10-04,1636.0,1650.0,1619.050048828125,1622.25,282510.0,4,4,10,11126.400390625,30.949951171875
2019-10-07,1631.0,1655.949951171875,1616.550048828125,1646.6500244140625,476604.0,0,7,10,11313.2998046875,39.39990234375
2019-10-09,1650.550048828125,1655.0,1621.199951171875,1650.5999755859375,248324.0,2,9,10,11234.5498046875,33.800048828125
2019-10-10,1645.0,1680.0,1641.0,1667.1500244140625,566891.0,3,10,10,11305.0498046875,39.0
2019-10-11,1677.550048828125,1695.0,1651.699951171875,1689.949951171875,598374.0,4,11,10,11341.150390625,43.300048828125
2019-10-14,1696.0,1719.699951171875,1670.050048828125,1683.699951171875,571690.0,0,14,10,11428.2998046875,49.64990234375
2019-10-15,1685.0,1701.800048828125,1679.050048828125,1693.0999755859375,545212.0,1,15,10,11464.0,22.75
2019-10-16,1696.0,1724.800048828125,1690.8499755859375,1720.199951171875,306125.0,2,16,10,11586.349609375,33.9500732421875
2019-10-17,1723.0,1734.300048828125,1705.0999755859375,1722.949951171875,348490.0,3,17,10,11661.849609375,29.2000732421875
2019-10-18,1720.0,1742.5999755859375,1717.050048828125,1738.0,271062.0,4,18,10,11588.349609375,25.5499267578125
2019-10-22,1732.4000244140625,1773.550048828125,1726.25,1741.1500244140625,814403.0,1,22,10,11604.099609375,47.300048828125
2019-10-23,1739.0,1752.4000244140625,1725.75,1735.3499755859375,228759.0,2,23,10,11582.599609375,26.6500244140625
2019-10-24,1736.0,1779.050048828125,1735.3499755859375,1764.050048828125,283296.0,3,24,10,11583.900390625,43.7000732421875
2019-10-29,1757.0,1761.5,1736.550048828125,1754.3499755859375,343418.0,1,29,10,11844.099609375,24.949951171875
2019-10-30,1740.050048828125,1760.949951171875,1729.0,1736.5999755859375,335535.0,2,30,10,11877.4501953125,31.949951171875
2019-10-31,1744.0,1759.4000244140625,1738.5,1755.050048828125,334257.0,3,31,10,11890.599609375,20.9000244140625
2019-11-01,1753.0,1771.8499755859375,1738.800048828125,1743.1500244140625,339865.0,4,1,11,11941.2998046875,33.0499267578125
2019-11-04,1755.0,1755.0,1716.449951171875,1735.1500244140625,515116.0,0,4,11,11917.2001953125,38.550048828125
2019-11-05,1735.0,1738.25,1676.800048828125,1687.449951171875,587695.0,1,5,11,11966.0498046875,61.449951171875
2019-11-06,1651.0,1721.949951171875,1641.699951171875,1705.3499755859375,1000255.0,2,6,11,12012.0498046875,80.25
2019-11-07,1703.0,1723.550048828125,1681.0999755859375,1718.0,362279.0,3,7,11,11908.150390625,42.4500732421875
2019-11-08,1714.0,1727.800048828125,1695.0,1699.949951171875,469867.0,4,8,11,11913.4501953125,32.800048828125
2019-11-11,1700.0,1719.0,1691.949951171875,1710.550048828125,207500.0,0,11,11,11840.4501953125,27.050048828125
2019-11-13,1710.0,1719.0,1660.0,1672.5,878362.0,2,13,11,11872.099609375,59.0
2019-11-14,1668.5,1694.699951171875,1643.449951171875,1656.5,892696.0,3,14,11,11895.4501953125,51.25
2019-11-15,1645.0,1758.949951171875,1627.0,1747.699951171875,2475371.0,4,15,11,11884.5,131.949951171875
2019-11-18,1750.5,1763.449951171875,1720.449951171875,1735.949951171875,546681.0,0,18,11,11940.099609375,43.0
2019-11-19,1738.0,1746.5,1717.449951171875,1732.699951171875,385992.0,1,19,11,11999.099609375,29.050048828125
2019-11-20,1732.0,1797.800048828125,1726.6500244140625,1763.5999755859375,1047192.0,2,20,11,11968.400390625,71.1500244140625
2019-11-21,1763.550048828125,1779.949951171875,1740.0999755859375,1747.050048828125,429107.0,3,21,11,11914.400390625,39.8499755859375
2019-11-22,1745.0,1748.0,1717.3499755859375,1733.3499755859375,376747.0,4,22,11,12073.75,30.6500244140625
2019-11-25,1735.0,1768.9000244140625,1726.0,1764.050048828125,608852.0,0,25,11,12037.7001953125,42.9000244140625
2019-11-26,1765.0,1805.5,1761.550048828125,1784.25,1008355.0,1,26,11,12100.7001953125,43.949951171875
2019-11-27,1785.0,1818.0,1773.800048828125,1811.3499755859375,795959.0,2,27,11,12151.150390625,44.199951171875
2019-11-28,1824.0,1825.0,1787.699951171875,1793.0,633764.0,3,28,11,12056.0498046875,37.300048828125
2019-11-29,1795.300048828125,1802.8499755859375,1781.800048828125,1786.199951171875,258455.0,4,29,11,12048.2001953125,21.0499267578125
2019-12-02,1773.0999755859375,1795.0,1773.0999755859375,1785.050048828125,401926.0,0,2,12,11994.2001953125,21.9000244140625
2019-12-03,1795.0,1799.9000244140625,1779.949951171875,1795.1500244140625,263215.0,1,3,12,12043.2001953125,19.9500732421875
2019-12-04,1798.0,1823.0,1785.199951171875,1809.4000244140625,1107902.0,2,4,12,12018.400390625,37.800048828125
2019-12-05,1806.0,1806.0,1791.050048828125,1801.5,196491.0,3,5,12,11921.5,14.949951171875
2019-12-06,1802.0,1824.0,1772.550048828125,1783.8499755859375,541954.0,4,6,12,11937.5,51.449951171875
2019-12-09,1784.0,1822.0,1780.050048828125,1806.300048828125,574599.0,0,9,12,11856.7998046875,41.949951171875
2019-12-10,1810.0999755859375,1821.5999755859375,1795.4000244140625,1813.6500244140625,418388.0,1,10,12,11910.150390625,26.199951171875
2019-12-11,1811.0,1838.4000244140625,1805.0,1821.800048828125,580804.0,2,11,12,11971.7998046875,33.4000244140625
2019-12-12,1824.699951171875,1840.0,1813.0999755859375,1829.1500244140625,438783.0,3,12,12,12086.7001953125,26.9000244140625
2019-12-13,1833.699951171875,1847.949951171875,1818.0,1842.0,534166.0,4,13,12,12053.9501953125,29.949951171875
2019-12-16,1839.0,1869.949951171875,1830.0,1860.6500244140625,686055.0,0,16,12,12165.0,39.949951171875
2019-12-17,1862.0,1868.4000244140625,1833.699951171875,1845.4000244140625,466589.0,1,17,12,12221.650390625,34.7000732421875
2019-12-18,1841.0999755859375,1844.550048828125,1821.300048828125,1837.8499755859375,461114.0,2,18,12,12259.7001953125,23.25
2019-12-19,1833.050048828125,1855.0,1826.0,1829.0,380436.0,3,19,12,12271.7998046875,29.0
2019-12-20,1834.0,1834.0,1795.0,1818.0,725073.0,4,20,12,12262.75,39.0
2019-12-23,1820.5,1837.949951171875,1804.0,1808.0999755859375,328818.0,0,23,12,12214.5498046875,33.949951171875
2019-12-24,1811.0999755859375,1824.0,1806.0999755859375,1816.9000244140625,219970.0,1,24,12,12126.5498046875,17.9000244140625
2019-12-26,1815.0,1833.0,1808.75,1816.0,291471.0,3,26,12,12245.7998046875,24.25
2019-12-27,1824.949951171875,1837.3499755859375,1818.5,1830.1500244140625,266306.0,4,27,12,12255.849609375,18.8499755859375
2019-12-30,1835.949951171875,1858.0,1830.0,1849.199951171875,361262.0,0,30,12,12168.4501953125,28.0
2019-12-31,1852.0,1857.199951171875,1835.0999755859375,1845.800048828125,287988.0,1,31,12,12182.5,22.0999755859375
2020-01-01,1845.0,1849.5999755859375,1815.9000244140625,1818.8499755859375,157063.0,2,1,1,12282.2001953125,33.699951171875
2020-01-02,1820.5,1833.800048828125,1820.5,1825.9000244140625,102841.0,3,2,1,12226.650390625,13.300048828125
2020-01-03,1817.0,1847.8499755859375,1817.0,1834.800048828125,281177.0,4,3,1,11993.0498046875,30.8499755859375
2020-01-06,1828.300048828125,1845.0,1800.0,1838.3499755859375,500000.0,0,6,1,12052.9501953125,45.0
2020-01-07,1838.0,1851.75,1832.5999755859375,1843.9000244140625,302472.0,1,7,1,12025.349609375,19.1500244140625
2020-01-08,1822.0,1846.0,1822.0,1833.949951171875,147762.0,2,8,1,12215.900390625,24.0
2020-01-09,1845.0,1855.0,1826.6500244140625,1843.4000244140625,221553.0,3,9,1,12256.7998046875,28.3499755859375
2020-01-10,1843.949951171875,1884.5,1841.0,1866.300048828125,499335.0,4,10,1,12329.5498046875,43.5
2020-01-13,1870.199951171875,1881.800048828125,1860.0,1878.8499755859375,208532.0,0,13,1,12362.2998046875,21.800048828125
2020-01-14,1878.5,1887.0,1857.0,1873.6500244140625,328250.0,1,14,1,12343.2998046875,30.0
2020-01-15,1878.5999755859375,1878.5999755859375,1852.050048828125,1866.25,277859.0,2,15,1,12355.5,26.5499267578125
2020-01-16,1870.0,1902.0999755859375,1869.0999755859375,1899.0,381703.0,3,16,1,12352.349609375,33.0
2020-01-17,1899.449951171875,1913.8499755859375,1892.050048828125,1903.3499755859375,362279.0,4,17,1,12224.5498046875,21.7999267578125
2020-01-20,1905.0,1926.4000244140625,1887.0999755859375,1892.0,420979.0,0,20,1,12169.849609375,39.300048828125
2020-01-21,1892.0,1900.9000244140625,1868.0,1870.800048828125,393410.0,1,21,1,12106.900390625,32.9000244140625
2020-01-22,1872.0999755859375,1890.6500244140625,1843.949951171875,1855.1500244140625,460611.0,2,22,1,12180.349609375,46.7000732421875
2020-01-23,1855.0,1902.4000244140625,1853.0,1897.449951171875,294035.0,3,23,1,12248.25,49.4000244140625
2020-01-24,1896.5,1914.699951171875,1885.0999755859375,1910.5,200949.0,4,24,1,12119.0,29.5999755859375
2020-01-27,1910.0,1935.0,1893.699951171875,1918.3499755859375,434503.0,0,27,1,12055.7998046875,41.300048828125
2020-01-28,1918.3499755859375,1951.800048828125,1903.1500244140625,1946.75,527383.0,1,28,1,12129.5,48.6500244140625
2020-01-29,1956.0,1994.4000244140625,1936.050048828125,1961.300048828125,829522.0,2,29,1,12035.7998046875,58.3499755859375
2020-01-30,1961.5,1975.0,1935.75,1959.1500244140625,350522.0,3,30,1,11962.099609375,39.25
2020-01-31,1969.0,1984.0,1948.0,1952.300048828125,322232.0,4,31,1,11707.900390625,36.0
2020-02-03,1994.9000244140625,2022.0,1962.4000244140625,1972.75,910769.0,0,3,2,11979.650390625,59.5999755859375
2020-02-04,1979.0,1996.949951171875,1954.199951171875,1961.300048828125,565885.0,1,4,2,12089.150390625,42.75
2020-02-05,1962.050048828125,1990.0,1946.199951171875,1962.6500244140625,519051.0,2,5,2,12137.9501953125,43.800048828125
2020-02-06,1950.0,2079.39990234375,1930.0,2023.0,1730330.0,3,6,2,12098.349609375,149.39990234375
2020-02-07,2023.0,2095.0,2011.0,2085.949951171875,890175.0,4,7,2,12031.5,84.0
2020-02-10,2085.0,2112.449951171875,2076.14990234375,2088.949951171875,628865.0,0,10,2,12107.900390625,36.300048828125
2020-02-11,2085.0,2160.0,2085.0,2146.89990234375,1068378.0,1,11,2,12201.2001953125,75.0
2020-02-12,2159.0,2179.949951171875,2112.0,2121.800048828125,984894.0,2,12,2,12174.650390625,67.949951171875
2020-02-13,2135.050048828125,2173.800048828125,2121.800048828125,2155.800048828125,591980.0,3,13,2,12113.4501953125,52.0
2020-02-14,2169.25,2190.0,2135.699951171875,2146.449951171875,660382.0,4,14,2,12045.7998046875,54.300048828125
2020-02-17,2158.0,2170.0,2133.60009765625,2154.85009765625,243414.0,0,17,2,11992.5,36.39990234375
2020-02-18,2154.85009765625,2180.199951171875,2142.5,2175.25,532206.0,1,18,2,12125.900390625,37.699951171875
2020-02-19,2170.0,2195.0,2155.75,2185.85009765625,365113.0,2,19,2,12080.849609375,39.25
2020-02-20,2199.5,2236.39990234375,2156.85009765625,2169.35009765625,578488.0,3,20,2,11829.400390625,79.5498046875
2020-02-24,2171.89990234375,2184.800048828125,2147.300048828125,2160.449951171875,419664.0,0,24,2,11797.900390625,37.5
2020-02-25,2152.0,2165.0,2093.0,2116.0,572634.0,1,25,2,11678.5,72.0
2020-02-26,2116.0,2162.949951171875,2091.10009765625,2142.10009765625,578955.0,2,26,2,11633.2998046875,71.849853515625
2020-02-27,2148.0,2172.0,2117.050048828125,2156.550048828125,569625.0,3,27,2,11201.75,54.949951171875
2020-02-28,2140.0,2149.699951171875,2087.25,2106.949951171875,1076121.0,4,28,2,11132.75,62.449951171875
2020-03-02,2130.0,2164.89990234375,2086.0,2109.25,557614.0,0,2,3,11303.2998046875,78.89990234375
2020-03-03,2124.89990234375,2210.0,2063.550048828125,2183.10009765625,1399046.0,1,3,3,11251.0,146.449951171875
2020-03-04,2183.0,2210.89990234375,2157.75,2174.800048828125,634747.0,2,4,3,11269.0,53.14990234375
2020-03-05,2175.0,2239.0,2175.0,2223.75,1094422.0,3,5,3,10989.4501953125,64.0
2020-03-06,2180.0,2249.0,2171.449951171875,2240.050048828125,968953.0,4,6,3,10451.4501953125,77.550048828125
2020-03-09,2240.0,2258.949951171875,2137.050048828125,2181.75,879424.0,0,9,3,10458.400390625,121.89990234375
2020-03-11,2180.800048828125,2194.75,2125.050048828125,2149.199951171875,573237.0,2,11,3,9590.150390625,69.699951171875
2020-03-12,2129.0,2129.0,1826.8499755859375,1912.8499755859375,1552639.0,3,12,3,9955.2001953125,302.1500244140625
2020-03-13,1800.0,1993.4000244140625,1626.0,1962.699951171875,962602.0,4,13,3,9197.400390625,367.4000244140625
2020-03-16,1950.0,1986.0,1871.550048828125,1891.9000244140625,682663.0,0,16,3,8967.0498046875,114.449951171875
2020-03-17,1892.0,1963.0999755859375,1872.25,1895.300048828125,1300859.0,1,17,3,8468.7998046875,90.8499755859375
2020-03-18,1928.0,1933.949951171875,1787.6500244140625,1805.25,1076620.0,2,18,3,8263.4501953125,146.2999267578125
2020-03-19,1720.0,1946.449951171875,1631.050048828125,1870.949951171875,1743757.0,3,19,3,8745.4501953125,315.39990234375
2020-03-20,1875.550048828125,2017.1500244140625,1864.4000244140625,1994.9000244140625,1881347.0,4,20,3,7610.25,152.75
2020-03-23,1849.949951171875,1925.0,1725.550048828125,1851.75,1203381.0,0,23,3,7801.0498046875,199.449951171875
2020-03-24,1925.0,1975.0,1860.5,1919.949951171875,1285829.0,1,24,3,8317.849609375,114.5
2020-03-25,1900.0,1974.0,1881.0999755859375,1928.050048828125,676624.0,2,25,3,8641.4501953125,92.9000244140625
2020-03-26,1937.3499755859375,1980.0,1874.0,1883.300048828125,596430.0,3,26,3,8660.25,106.0
2020-03-27,1930.0,1930.0,1824.75,1862.550048828125,538787.0,4,27,3,8281.099609375,105.25
2020-03-30,1851.0,1929.9000244140625,1832.699951171875,1893.9000244140625,606185.0,0,30,3,8597.75,97.2000732421875
2020-03-31,1943.0,2035.0,1895.0,1989.050048828125,937675.0,1,31,3,8253.7998046875,140.0
2020-04-01,2000.0,2000.4000244140625,1844.25,1877.0,1165088.0,2,1,4,8083.7998046875,156.1500244140625
2020-04-03,1910.0,1940.0,1822.949951171875,1901.050048828125,1219731.0,4,3,4,8792.2001953125,117.050048828125
2020-04-07,1960.0,2150.0,1921.25,2067.85009765625,2241715.0,1,7,4,8748.75,228.75
2020-04-08,2065.0,2214.60009765625,2040.0999755859375,2168.949951171875,1228880.0,2,8,4,9111.900390625,174.5001220703125
2020-04-09,2225.0,2467.60009765625,2200.25,2310.89990234375,2527934.0,3,9,4,8993.849609375,267.35009765625
2020-04-13,2385.0,2421.0,2285.0,2341.199951171875,1782628.0,0,13,4,8925.2998046875,136.0
2020-04-15,2371.0,2418.0,2330.0,2395.449951171875,1136701.0,2,15,4,8992.7998046875,88.0
2020-04-16,2395.39990234375,2448.5,2353.800048828125,2393.199951171875,1350131.0,3,16,4,9266.75,94.699951171875
2020-04-17,2430.0,2449.550048828125,2320.14990234375,2332.199951171875,1326979.0,4,17,4,9261.849609375,129.400146484375
2020-04-20,2335.0,2375.0,2296.050048828125,2342.550048828125,817776.0,0,20,4,8981.4501953125,78.949951171875
2020-04-21,2295.0,2474.449951171875,2295.0,2406.60009765625,1365316.0,1,21,4,9187.2998046875,179.449951171875
2020-04-22,2406.949951171875,2412.949951171875,2363.64990234375,2384.5,596850.0,2,22,4,9313.900390625,49.300048828125
2020-04-23,2388.0,2454.300048828125,2376.0,2417.300048828125,993530.0,3,23,4,9154.400390625,78.300048828125
2020-04-24,2410.0,2460.0,2390.60009765625,2425.39990234375,894214.0,4,24,4,9282.2998046875,69.39990234375
2020-04-27,2450.0,2472.39990234375,2394.199951171875,2425.85009765625,924358.0,0,27,4,9380.900390625,78.199951171875
2020-04-28,2445.0,2445.0,2349.0,2363.35009765625,855492.0,1,28,4,9553.349609375,96.0
2020-04-29,2388.0,2409.0,2352.0,2369.85009765625,635110.0,2,29,4,9859.900390625,57.0
2020-04-30,2365.0,2372.699951171875,2300.699951171875,2332.89990234375,843162.0,3,30,4,9293.5,72.0
2020-05-04,2226.0,2343.949951171875,2226.0,2287.14990234375,936799.0,0,4,5,9205.599609375,117.949951171875
2020-05-05,2273.199951171875,2326.0,2273.199951171875,2284.25,609756.0,1,5,5,9270.900390625,52.800048828125
2020-05-06,2310.0,2313.85009765625,2241.699951171875,2291.35009765625,762810.0,2,6,5,9199.0498046875,72.150146484375
2020-05-07,2280.35009765625,2310.0,2227.0,2258.85009765625,498471.0,3,7,5,9251.5,83.0
2020-05-08,2271.0,2314.85009765625,2253.10009765625,2300.800048828125,641799.0,4,8,5,9239.2001953125,61.75
2020-05-11,2319.0,2356.0,2310.050048828125,2326.89990234375,654101.0,0,11,5,9196.5498046875,45.949951171875
2020-05-12,2330.0,2374.35009765625,2303.050048828125,2363.550048828125,676613.0,1,12,5,9383.5498046875,71.300048828125
2020-05-13,2388.0,2396.89990234375,2314.0,2339.5,538167.0,2,13,5,9142.75,82.89990234375
2020-05-14,2329.0,2377.89990234375,2302.0,2366.60009765625,413755.0,3,14,5,9136.849609375,75.89990234375
2020-05-15,2376.0,2413.0,2327.35009765625,2335.199951171875,600190.0,4,15,5,8823.25,85.64990234375
2020-05-18,2342.0,2379.0,2318.39990234375,2330.199951171875,600640.0,0,18,5,8879.099609375,60.60009765625
2020-05-19,2350.0,2358.0,2307.800048828125,2321.75,322942.0,1,19,5,9066.5498046875,50.199951171875
2020-05-20,2325.0,2376.699951171875,2311.10009765625,2372.699951171875,600994.0,2,20,5,9106.25,65.599853515625
2020-05-21,2375.0,2390.5,2333.300048828125,2357.35009765625,317110.0,3,21,5,9039.25,57.199951171875
2020-05-22,2351.0,2375.14990234375,2305.0,2320.0,479501.0,4,22,5,9029.0498046875,70.14990234375
2020-05-26,2339.949951171875,2344.89990234375,2287.39990234375,2295.699951171875,404978.0,1,26,5,9314.9501953125,57.5
2020-05-27,2305.0,2320.0,2260.0,2290.39990234375,720014.0,2,27,5,9490.099609375,60.0
2020-05-28,2295.5,2300.0,2255.35009765625,2285.10009765625,392876.0,3,28,5,9580.2998046875,44.64990234375
2020-05-29,2285.0,2408.10009765625,2262.300048828125,2390.10009765625,1000264.0,4,29,5,9826.150390625,145.800048828125
2020-06-01,2402.10009765625,2492.89990234375,2360.0,2480.050048828125,1128386.0,0,1,6,9979.099609375,132.89990234375
2020-06-02,2500.0,2537.949951171875,2400.0,2411.0,1305076.0,1,2,6,10061.5498046875,137.949951171875
2020-06-03,2420.0,2442.0,2367.199951171875,2382.199951171875,888450.0,2,3,6,10029.099609375,74.800048828125
2020-06-04,2392.0,2439.0,2385.0,2421.14990234375,704299.0,3,4,6,10142.150390625,54.0
2020-06-05,2429.449951171875,2476.0,2415.75,2460.050048828125,770517.0,4,5,6,10167.4501953125,60.25
2020-06-08,2472.0,2472.0,2337.0,2413.050048828125,1943064.0,0,8,6,10046.650390625,135.0
2020-06-09,2400.0,2456.89990234375,2400.0,2421.800048828125,1215283.0,1,9,6,10116.150390625,56.89990234375
2020-06-10,2412.0,2444.0,2376.0,2394.64990234375,702873.0,2,10,6,9902.0,68.0
2020-06-11,2394.64990234375,2417.35009765625,2347.0,2356.300048828125,470891.0,3,11,6,9972.900390625,70.35009765625
2020-06-12,2310.0,2400.300048828125,2302.89990234375,2395.10009765625,589371.0,4,12,6,9813.7001953125,97.400146484375
2020-06-15,2408.949951171875,2449.60009765625,2322.449951171875,2335.050048828125,1261564.0,0,15,6,9914.0,127.150146484375
2020-06-16,2352.0,2365.0,2285.0,2320.35009765625,660650.0,1,16,6,9881.150390625,80.0
2020-06-17,2329.050048828125,2337.85009765625,2292.300048828125,2300.10009765625,699526.0,2,17,6,10091.650390625,45.550048828125
2020-06-18,2305.89990234375,2332.0,2296.550048828125,2310.449951171875,304464.0,3,18,6,10244.400390625,35.449951171875
2020-06-19,2318.699951171875,2330.0,2286.0,2304.75,728257.0,4,19,6,10311.2001953125,44.0
2020-06-22,2335.0,2369.0,2317.0,2349.25,445228.0,0,22,6,10471.0,52.0
2020-06-23,2360.0,2401.050048828125,2322.0,2380.050048828125,838016.0,1,23,6,10305.2998046875,79.050048828125
2020-06-24,2395.0,2412.0,2331.5,2341.35009765625,501579.0,2,24,6,10288.900390625,80.5
2020-06-25,2340.550048828125,2378.0,2325.35009765625,2330.449951171875,316334.0,3,25,6,10383.0,52.64990234375
2020-06-26,2344.0,2381.89990234375,2332.550048828125,2350.75,497117.0,4,26,6,10312.400390625,49.349853515625
2020-06-29,2359.550048828125,2368.0,2308.10009765625,2316.60009765625,519075.0,0,29,6,10302.099609375,59.89990234375
2020-06-30,2334.949951171875,2334.949951171875,2267.0,2278.89990234375,684233.0,1,30,6,10430.0498046875,67.949951171875
2020-07-01,2284.0,2284.0,2233.0,2241.25,788450.0,2,1,7,10551.7001953125,51.0
2020-07-02,2100.0,2242.0,2090.050048828125,2196.64990234375,4392566.0,3,2,7,10607.349609375,151.949951171875
2020-07-03,2206.0,2248.5,2181.10009765625,2190.449951171875,1516409.0,4,3,7,10763.650390625,67.39990234375
2020-07-06,2219.89990234375,2219.89990234375,2157.0,2161.10009765625,932519.0,0,6,7,10799.650390625,62.89990234375
2020-07-07,2179.5,2207.0,2147.0,2184.5,1348625.0,1,7,7,10705.75,60.0
2020-07-08,2174.0,2213.0,2141.050048828125,2163.5,1586276.0,2,8,7,10813.4501953125,71.949951171875
2020-07-09,2171.0,2193.85009765625,2153.0,2176.35009765625,819353.0,3,9,7,10768.0498046875,40.85009765625
2020-07-10,2184.35009765625,2226.60009765625,2160.0,2203.10009765625,1011412.0,4,10,7,10802.7001953125,66.60009765625
2020-07-13,2220.0,2240.0,2197.199951171875,2235.14990234375,600585.0,0,13,7,10607.349609375,42.800048828125
2020-07-14,2243.5,2256.60009765625,2211.300048828125,2218.14990234375,811086.0,1,14,7,10618.2001953125,45.300048828125
2020-07-15,2219.0,2245.0,2214.14990234375,2225.300048828125,1234453.0,2,15,7,10739.9501953125,30.85009765625
2020-07-16,2239.0,2242.0,2193.25,2204.5,833354.0,3,16,7,10901.7001953125,48.75
2020-07-17,2200.0,2274.550048828125,2177.050048828125,2263.39990234375,1233698.0,4,17,7,11022.2001953125,97.5
2020-07-20,2280.0,2314.0,2241.550048828125,2298.75,1650713.0,0,20,7,11162.25,72.449951171875
2020-07-21,2305.0,2327.0,2277.0,2282.25,549204.0,1,21,7,11132.599609375,50.0
2020-07-22,2293.0,2307.0,2245.75,2261.75,314826.0,2,22,7,11215.4501953125,61.25
2020-07-23,2285.0,2408.85009765625,2274.64990234375,2397.449951171875,2533883.0,3,23,7,11194.150390625,134.2001953125
2020-07-24,2390.0,2433.199951171875,2328.0,2349.10009765625,1234340.0,4,24,7,11131.7998046875,105.199951171875
2020-07-27,2350.0,2395.0,2320.199951171875,2361.89990234375,915026.0,0,27,7,11300.5498046875,74.800048828125
2020-07-28,2363.0,2391.14990234375,2332.0,2341.550048828125,1049978.0,1,28,7,11202.849609375,59.14990234375
2020-07-29,2356.10009765625,2435.0,2342.300048828125,2423.64990234375,937679.0,2,29,7,11102.150390625,92.699951171875
2020-07-30,2434.949951171875,2577.14990234375,2430.5,2562.35009765625,3392829.0,3,30,7,11073.4501953125,146.64990234375
2020-07-31,2570.0,2645.60009765625,2557.0,2616.550048828125,2698997.0,4,31,7,10891.599609375,88.60009765625
2020-08-03,2621.60009765625,2731.0,2605.64990234375,2641.75,2802784.0,0,3,8,11095.25,125.35009765625
2020-08-04,2675.0,2706.699951171875,2602.050048828125,2690.550048828125,1260214.0,1,4,8,11101.650390625,104.64990234375
2020-08-05,2700.0,2716.60009765625,2641.0,2667.75,1237767.0,2,5,8,11200.150390625,75.60009765625
2020-08-06,2682.0,2753.0,2662.699951171875,2738.050048828125,1340401.0,3,6,8,11214.0498046875,90.300048828125
2020-08-07,2748.0,2820.0,2722.39990234375,2784.85009765625,1448742.0,4,7,8,11270.150390625,97.60009765625
2020-08-10,3063.300048828125,3293.0,3063.300048828125,3117.800048828125,6015324.0,0,10,8,11322.5,229.699951171875
2020-08-11,3139.949951171875,3168.75,3087.0,3131.449951171875,2731072.0,1,11,8,11308.400390625,81.75
2020-08-12,3122.0,3131.0,3012.10009765625,3117.0,2244001.0,2,12,8,11300.4501953125,118.89990234375
2020-08-13,3110.0,3180.0,3093.64990234375,3125.5,1916602.0,3,13,8,11178.400390625,86.35009765625
2020-08-14,3135.0,3185.0,3060.10009765625,3089.800048828125,1959949.0,4,14,8,11247.099609375,124.89990234375
2020-08-17,3120.0,3139.0,3071.35009765625,3129.550048828125,1194516.0,0,17,8,11385.349609375,67.64990234375
2020-08-18,3129.85009765625,3160.0,3095.0,3150.85009765625,1416520.0,1,18,8,11408.400390625,65.0
2020-08-19,3166.64990234375,3190.0,3140.449951171875,3159.60009765625,1002926.0,2,19,8,11312.2001953125,49.550048828125
2020-08-20,3130.10009765625,3207.0,3121.10009765625,3189.300048828125,1018936.0,3,20,8,11371.599609375,85.89990234375
2020-08-21,3256.0,3335.0,3222.64990234375,3247.35009765625,3851456.0,4,21,8,11466.4501953125,112.35009765625
2020-08-24,3269.5,3280.0,3211.85009765625,3240.199951171875,842857.0,0,24,8,11472.25,68.14990234375
2020-08-25,3254.75,3268.949951171875,3220.64990234375,3245.89990234375,887308.0,1,25,8,11549.599609375,48.300048828125
2020-08-26,3248.89990234375,3262.14990234375,3182.75,3196.800048828125,700169.0,2,26,8,11559.25,79.39990234375
2020-08-27,3200.0,3278.0,3185.0,3268.449951171875,1013525.0,3,27,8,11647.599609375,93.0
2020-08-28,3280.0,3297.89990234375,3259.0,3272.85009765625,636688.0,4,28,8,11387.5,38.89990234375
2020-08-31,3285.0,3293.949951171875,3094.85009765625,3122.800048828125,1472451.0,0,31,8,11470.25,199.099853515625
2020-09-01,3114.0,3260.39990234375,3101.300048828125,3231.10009765625,981942.0,1,1,9,11535.0,159.099853515625
2020-09-02,3247.300048828125,3340.0,3240.0,3330.699951171875,992629.0,2,2,9,11527.4501953125,100.0
2020-09-03,3330.0,3349.39990234375,3272.35009765625,3282.5,829828.0,3,3,9,11333.849609375,77.0498046875
2020-09-04,3241.0,3320.949951171875,3209.0,3223.14990234375,867200.0,4,4,9,11355.0498046875,111.949951171875
2020-09-07,3243.300048828125,3248.60009765625,3170.0,3199.10009765625,582355.0,0,7,9,11317.349609375,78.60009765625
2020-09-08,3209.0,3216.0,3095.0,3112.60009765625,687872.0,1,8,9,11278.0,121.0
2020-09-09,3090.0,3169.449951171875,3080.0,3157.10009765625,904326.0,2,9,9,11449.25,89.449951171875
2020-09-10,3160.0,3185.0,3125.050048828125,3156.550048828125,503343.0,3,10,9,11464.4501953125,59.949951171875
2020-09-11,3157.60009765625,3172.35009765625,3118.0,3146.64990234375,464651.0,4,11,9,11440.0498046875,54.35009765625
2020-09-14,3169.60009765625,3227.64990234375,3133.699951171875,3164.800048828125,773804.0,0,14,9,11521.7998046875,93.949951171875
2020-09-15,3175.0,3250.0,3166.25,3184.949951171875,1365374.0,1,15,9,11604.5498046875,83.75
2020-09-16,3181.10009765625,3274.0,3179.0,3244.35009765625,1064745.0,2,16,9,11516.099609375,95.0
2020-09-17,3244.050048828125,3264.199951171875,3200.0,3211.14990234375,688789.0,3,17,9,11504.9501953125,64.199951171875
2020-09-18,3230.0,3389.0,3228.0,3344.39990234375,3362844.0,4,18,9,11250.5498046875,161.0
2020-09-21,3350.949951171875,3374.25,3120.050048828125,3158.800048828125,1585478.0,0,21,9,11153.650390625,254.199951171875
2020-09-22,3160.0,3273.800048828125,3042.550048828125,3236.60009765625,1855832.0,1,22,9,11131.849609375,231.25
2020-09-23,3253.75,3290.39990234375,3129.0,3147.550048828125,1499849.0,2,23,9,10805.5498046875,161.39990234375
2020-09-24,3090.0,3151.800048828125,2985.0,3020.449951171875,6257683.0,3,24,9,11050.25,166.800048828125
2020-09-25,3060.0,3108.0,3004.64990234375,3060.75,1594964.0,4,25,9,11227.5498046875,103.35009765625
2020-09-28,3100.0,3130.0,3021.64990234375,3097.14990234375,1269287.0,0,28,9,11222.400390625,108.35009765625
2020-09-29,3100.0,3139.0,3048.64990234375,3061.89990234375,1187338.0,1,29,9,11247.5498046875,90.35009765625
2020-09-30,3089.0,3135.0,3040.0,3047.949951171875,1416088.0,2,30,9,11416.9501953125,95.0
2020-10-01,3060.0,3097.699951171875,3052.14990234375,3064.89990234375,740845.0,3,1,10,11503.349609375,45.550048828125
2020-10-05,3080.0,3145.0,3049.050048828125,3126.199951171875,1059411.0,0,5,10,11662.400390625,95.949951171875
2020-10-06,3160.0,3184.800048828125,3141.449951171875,3162.60009765625,1403318.0,1,6,10,11738.849609375,43.35009765625
2020-10-07,3190.0,3217.89990234375,3151.14990234375,3181.89990234375,1304014.0,2,7,10,11834.599609375,66.75
2020-10-08,3188.0,3255.0,3172.300048828125,3231.449951171875,1003283.0,3,8,10,11914.2001953125,82.699951171875
2020-10-09,3255.0,3269.89990234375,3180.10009765625,3190.0,952505.0,4,9,10,11930.9501953125,89.7998046875
2020-10-12,3192.300048828125,3215.0,3152.050048828125,3207.25,1176234.0,0,12,10,11934.5,62.949951171875
2020-10-13,3214.0,3248.0,3121.10009765625,3139.14990234375,1080242.0,1,13,10,11971.0498046875,126.89990234375
2020-10-14,3156.0,3162.0,3103.0,3130.449951171875,792943.0,2,14,10,11680.349609375,59.0
2020-10-15,3140.0,3150.0,3045.0,3111.39990234375,992780.0,3,15,10,11762.4501953125,105.0
2020-10-16,3114.89990234375,3232.89990234375,3114.89990234375,3222.699951171875,1664500.0,4,16,10,11873.0498046875,118.0
2020-10-19,3235.0,3246.89990234375,3085.0,3093.39990234375,1329702.0,0,19,10,11896.7998046875,161.89990234375
2020-10-20,3102.0,3128.75,3071.0,3085.75,1348612.0,1,20,10,11937.650390625,57.75
2020-10-21,3098.0,3125.0,3015.0,3078.949951171875,1234195.0,2,21,10,11896.4501953125,110.0
2020-10-22,3078.949951171875,3106.050048828125,3031.0,3093.5,899754.0,3,22,10,11930.349609375,75.050048828125
2020-10-23,3109.0,3144.0,3062.64990234375,3068.85009765625,1214597.0,4,23,10,11767.75,81.35009765625
2020-10-26,3080.89990234375,3081.39990234375,3020.10009765625,3042.14990234375,772978.0,0,26,10,11889.400390625,61.2998046875
2020-10-27,3060.0,3178.550048828125,3044.0,3156.85009765625,1602501.0,1,27,10,11729.599609375,134.550048828125
2020-10-28,3159.75,3210.89990234375,3110.0,3131.449951171875,1412166.0,2,28,10,11670.7998046875,100.89990234375
2020-10-29,3121.449951171875,3159.64990234375,3091.60009765625,3107.60009765625,729760.0,3,29,10,11642.400390625,68.0498046875
2020-10-30,3111.0,3160.0,3053.699951171875,3142.050048828125,1330322.0,4,30,10,11669.150390625,106.300048828125
2020-11-02,3121.14990234375,3134.89990234375,3040.300048828125,3048.64990234375,977309.0,0,2,11,11813.5,94.599853515625
2020-11-03,3060.0,3117.5,3058.5,3089.89990234375,724215.0,1,3,11,11908.5,59.0
2020-11-04,3120.75,3210.10009765625,3105.14990234375,3196.199951171875,1479510.0,2,4,11,12120.2998046875,104.9501953125
2020-11-05,3210.89990234375,3242.0,3168.10009765625,3209.0,1169897.0,3,5,11,12263.5498046875,73.89990234375
2020-11-06,3210.0,3264.800048828125,3186.5,3237.25,1234138.0,4,6,11,12461.0498046875,78.300048828125
2020-11-09,3415.050048828125,3463.39990234375,3345.64990234375,3423.75,7053871.0,0,9,11,12631.099609375,117.75
2020-11-10,3423.60009765625,3423.60009765625,3239.14990234375,3263.39990234375,2531351.0,1,10,11,12749.150390625,184.4501953125
2020-11-11,3300.0,3372.199951171875,3282.050048828125,3353.14990234375,2007813.0,2,11,11,12690.7998046875,90.14990234375
2020-11-12,3336.0,3408.75,3303.14990234375,3367.050048828125,1258544.0,3,12,11,12719.9501953125,105.60009765625
2020-11-17,3460.0,3490.0,3395.0,3427.0,1652851.0,1,17,11,12938.25,95.0
2020-11-18,3440.0,3462.0,3410.39990234375,3451.800048828125,817107.0,2,18,11,12771.7001953125,51.60009765625
2020-11-19,3436.0,3499.0,3406.300048828125,3435.050048828125,1130621.0,3,19,11,12859.0498046875,92.699951171875
2020-11-20,3442.0,3490.0,3425.0,3469.10009765625,1058905.0,4,20,11,12926.4501953125,65.0
2020-11-23,3486.39990234375,3637.800048828125,3470.5,3546.300048828125,2306539.0,0,23,11,13055.150390625,167.300048828125
2020-11-24,3609.949951171875,3609.949951171875,3493.0,3537.050048828125,1608159.0,1,24,11,12858.400390625,116.949951171875
2020-11-25,3567.949951171875,3568.89990234375,3450.0,3469.449951171875,736967.0,2,25,11,12987.0,118.89990234375
2020-11-26,3485.5,3565.0,3465.0,3544.300048828125,963570.0,3,26,11,12968.9501953125,100.0
2020-11-27,3547.0,3659.89990234375,3509.75,3605.10009765625,5745633.0,4,27,11,13109.0498046875,150.14990234375
2020-12-01,3770.0,3770.0,3596.60009765625,3620.75,2077864.0,1,1,12,13113.75,173.39990234375
2020-12-02,3622.0,3654.85009765625,3615.0,3639.550048828125,755137.0,2,2,12,13133.900390625,39.85009765625
2020-12-03,3655.0,3724.89990234375,3636.10009765625,3692.35009765625,940122.0,3,3,12,13258.5498046875,88.7998046875
2020-12-04,3710.85009765625,3739.0,3665.0,3711.949951171875,1043566.0,4,4,12,13355.75,74.0
2020-12-07,3704.0,3741.949951171875,3663.449951171875,3717.550048828125,1086712.0,0,7,12,13392.9501953125,78.5
2020-12-08,3717.550048828125,3749.0,3676.60009765625,3690.0,750038.0,1,8,12,13529.099609375,72.39990234375
2020-12-09,3710.0,3736.0,3695.60009765625,3725.39990234375,653837.0,2,9,12,13478.2998046875,40.39990234375
2020-12-10,3724.89990234375,3763.0,3706.75,3732.25,638946.0,3,10,12,13513.849609375,56.25
2020-12-11,3730.0,3740.0,3622.39990234375,3642.10009765625,1322763.0,4,11,12,13558.150390625,117.60009765625
2020-12-14,3650.0,3669.75,3584.60009765625,3599.800048828125,858167.0,0,14,12,13567.849609375,85.14990234375
2020-12-15,3620.0,3652.10009765625,3606.449951171875,3628.39990234375,678172.0,1,15,12,13682.7001953125,45.650146484375
2020-12-16,3652.199951171875,3727.0,3636.0,3717.89990234375,1097589.0,2,16,12,13740.7001953125,91.0
2020-12-17,3711.300048828125,3854.199951171875,3711.300048828125,3824.699951171875,2080618.0,3,17,12,13760.5498046875,142.89990234375
2020-12-18,3837.300048828125,3859.0,3782.0,3832.89990234375,1336810.0,4,18,12,13328.400390625,77.0
2020-12-21,3789.0,3803.949951171875,3543.800048828125,3634.14990234375,1845053.0,0,21,12,13466.2998046875,260.14990234375
2020-12-22,3658.949951171875,3739.10009765625,3601.89990234375,3720.949951171875,1501765.0,1,22,12,13601.099609375,137.2001953125
2020-12-23,3709.60009765625,3715.0,3660.0,3688.60009765625,915202.0,2,23,12,13749.25,55.0
2020-12-24,3705.0,3757.0,3692.050048828125,3749.60009765625,656706.0,3,24,12,13873.2001953125,64.949951171875
2020-12-28,3760.0,3783.35009765625,3738.0,3766.0,387691.0,0,28,12,13932.599609375,45.35009765625
2020-12-29,3783.0,3829.699951171875,3765.0,3784.199951171875,834002.0,1,29,12,13981.9501953125,64.699951171875
2020-12-30,3790.0,3820.0,3760.85009765625,3799.699951171875,407940.0,2,30,12,13981.75,59.14990234375
2021-01-01,3839.0,3867.89990234375,3817.85009765625,3849.050048828125,344329.0,4,1,1,14132.900390625,50.0498046875
2021-01-04,3853.0,3914.949951171875,3849.0,3862.25,578164.0,0,4,1,14199.5,65.949951171875
2021-01-05,3858.25,3880.5,3804.050048828125,3842.10009765625,621125.0,1,5,1,14146.25,76.449951171875
2021-01-06,3847.0,3889.300048828125,3815.550048828125,3879.85009765625,486212.0,2,6,1,14137.349609375,73.75
2021-01-07,3890.0,3904.0,3791.0,3803.050048828125,731225.0,3,7,1,14347.25,113.0
2021-01-08,3819.0,3868.699951171875,3810.10009765625,3859.14990234375,594069.0,4,8,1,14484.75,58.599853515625
2021-01-11,3884.89990234375,3888.949951171875,3805.5,3822.39990234375,581207.0,0,11,1,14563.4501953125,83.449951171875
2021-01-12,3822.949951171875,3831.85009765625,3741.0,3767.5,758091.0,1,12,1,14564.849609375,90.85009765625
2021-01-13,3788.5,3792.199951171875,3675.75,3719.39990234375,1142472.0,2,13,1,14595.599609375,116.449951171875
2021-01-14,3738.39990234375,3740.0,3684.0,3724.699951171875,826368.0,3,14,1,14433.7001953125,56.0
2021-01-15,3760.0,3762.800048828125,3633.0,3644.800048828125,1048279.0,4,15,1,14281.2998046875,129.800048828125
2021-01-18,3640.0,3659.0,3551.0,3565.300048828125,952462.0,0,18,1,14521.150390625,108.0
2021-01-19,3576.0,3631.0,3555.199951171875,3599.449951171875,834021.0,1,19,1,14644.7001953125,75.800048828125
2021-01-20,3630.0,3666.10009765625,3597.050048828125,3605.699951171875,730498.0,2,20,1,14590.349609375,69.050048828125
2021-01-21,3650.0,3650.0,3590.0,3604.60009765625,706058.0,3,21,1,14371.900390625,60.0
2021-01-22,3604.60009765625,3613.75,3530.0,3544.699951171875,720287.0,4,22,1,14238.900390625,83.75
2021-01-25,3562.0,3589.39990234375,3481.699951171875,3569.050048828125,926197.0,0,25,1,13967.5,107.699951171875
2021-01-27,3594.89990234375,3600.0,3469.89990234375,3483.050048828125,944951.0,2,27,1,13817.5498046875,130.10009765625
2021-01-28,3460.0,3496.699951171875,3410.0,3429.75,717703.0,3,28,1,13634.599609375,86.699951171875
2021-01-29,3450.0,3458.0,3360.10009765625,3369.85009765625,1015705.0,4,29,1,14281.2001953125,97.89990234375
2021-02-01,3418.0,3520.0,3311.39990234375,3463.60009765625,998291.0,0,1,2,14647.849609375,208.60009765625
2021-02-02,3540.0,3567.699951171875,3446.10009765625,3548.60009765625,1624774.0,1,2,2,14789.9501953125,121.599853515625
2021-02-03,3590.0,3716.89990234375,3561.25,3680.25,1693164.0,2,3,2,14895.650390625,155.64990234375
2021-02-04,3713.949951171875,3724.75,3651.0,3678.89990234375,908879.0,3,4,2,14924.25,73.75
2021-02-05,3699.0,3859.800048828125,3665.050048828125,3822.449951171875,2152555.0,4,5,2,15115.7998046875,194.75
2021-02-08,3799.0,3888.0,3650.0,3781.85009765625,2744564.0,0,8,2,15109.2998046875,238.0
2021-02-09,3783.050048828125,3841.25,3705.050048828125,3722.75,1319497.0,1,9,2,15106.5,136.199951171875
2021-02-10,3740.0,3760.0,3675.39990234375,3750.35009765625,953446.0,2,10,2,15173.2998046875,84.60009765625
2021-02-11,3719.60009765625,3764.699951171875,3712.0,3753.85009765625,422563.0,3,11,2,15163.2998046875,52.699951171875
2021-02-12,3753.85009765625,3753.85009765625,3695.14990234375,3719.39990234375,561226.0,4,12,2,15314.7001953125,58.7001953125
2021-02-15,3721.0,3749.75,3702.0,3711.050048828125,426787.0,0,15,2,15313.4501953125,47.75
2021-02-16,3711.050048828125,3719.449951171875,3666.0,3686.5,392393.0,1,16,2,15208.900390625,53.449951171875
2021-02-17,3672.0,3675.0,3590.0,3615.25,691346.0,2,17,2,15118.9501953125,85.0
2021-02-18,3596.0,3648.0,3573.0,3587.64990234375,884937.0,3,18,2,14981.75,75.0
2021-02-19,3588.0,3605.0,3490.0,3523.199951171875,745416.0,4,19,2,14675.7001953125,115.0
2021-02-22,3510.0,3563.0,3475.0,3496.64990234375,846786.0,0,22,2,14707.7998046875,88.0
2021-02-23,3485.0,3519.0,3440.85009765625,3448.25,511326.0,1,23,2,14982.0,78.14990234375
2021-02-24,3496.89990234375,3509.800048828125,3412.39990234375,3480.050048828125,409153.0,2,24,2,15097.349609375,97.400146484375
2021-02-25,3477.25,3513.5,3432.0,3440.050048828125,876984.0,3,25,2,14529.150390625,81.5
2021-02-26,3419.5,3485.89990234375,3326.39990234375,3363.10009765625,1701176.0,4,26,2,14761.5498046875,159.5
2021-03-01,3396.699951171875,3485.0,3381.35009765625,3461.550048828125,660836.0,0,1,3,14919.099609375,103.64990234375
2021-03-02,3470.0,3521.949951171875,3455.5,3516.89990234375,724413.0,1,2,3,15245.599609375,66.449951171875
2021-03-03,3560.0,3573.199951171875,3500.550048828125,3565.14990234375,725617.0,2,3,3,15080.75,72.64990234375
2021-03-04,3550.0,3571.0,3494.050048828125,3553.449951171875,640664.0,3,4,3,14938.099609375,76.949951171875
2021-03-05,3518.0,3550.0,3490.0,3496.89990234375,390702.0,4,5,3,14956.2001953125,60.0
2021-03-08,3522.35009765625,3548.949951171875,3501.0,3507.699951171875,372681.0,0,8,3,15098.400390625,47.949951171875
2021-03-09,3567.800048828125,3567.800048828125,3461.5,3503.199951171875,442271.0,1,9,3,15174.7998046875,106.300048828125
2021-03-10,3510.0,3543.85009765625,3482.25,3528.10009765625,421799.0,2,10,3,15030.9501953125,61.60009765625
2021-03-12,3532.5,3564.85009765625,3503.550048828125,3512.050048828125,600323.0,4,12,3,14929.5,61.300048828125
2021-03-15,3526.0,3526.0,3371.0,3411.0,834264.0,0,15,3,14910.4501953125,155.0
2021-03-16,3429.89990234375,3436.0,3361.050048828125,3378.25,793917.0,1,16,3,14721.2998046875,74.949951171875
2021-03-17,3390.0,3392.35009765625,3345.10009765625,3378.300048828125,547364.0,2,17,3,14557.849609375,47.25
2021-03-18,3398.949951171875,3398.949951171875,3255.10009765625,3272.89990234375,622941.0,3,18,3,14744.0,143.849853515625
2021-03-19,3272.0,3406.550048828125,3153.300048828125,3370.300048828125,1744235.0,4,19,3,14736.400390625,253.25
2021-03-22,3371.35009765625,3444.0,3350.550048828125,3405.949951171875,748535.0,0,22,3,14814.75,93.449951171875
2021-03-23,3418.0,3509.89990234375,3403.050048828125,3495.949951171875,787152.0,1,23,3,14549.400390625,106.849853515625
2021-03-24,3495.949951171875,3545.0,3457.050048828125,3481.14990234375,762599.0,2,24,3,14324.900390625,87.949951171875
2021-03-25,3494.0,3494.10009765625,3391.0,3450.199951171875,738392.0,3,25,3,14507.2998046875,103.10009765625
2021-03-26,3450.0,3509.949951171875,3411.800048828125,3464.949951171875,504226.0,4,26,3,14845.099609375,98.14990234375
2021-03-30,3500.0,3600.0,3480.050048828125,3584.25,732578.0,1,30,3,14690.7001953125,119.949951171875
2021-03-31,3600.0,3640.64990234375,3581.0,3622.800048828125,883699.0,2,31,3,14867.349609375,59.64990234375
2021-04-01,3618.0,3639.0,3603.0,3616.10009765625,247000.0,3,1,4,14637.7998046875,36.0
2021-04-05,3616.10009765625,3681.0,3561.64990234375,3611.050048828125,880667.0,0,5,4,14683.5,119.35009765625
2021-04-06,3605.0,3698.25,3584.0,3688.10009765625,490057.0,1,6,4,14819.0498046875,114.25
2021-04-07,3701.0,3734.0,3691.60009765625,3698.949951171875,415385.0,2,7,4,14873.7998046875,42.39990234375
2021-04-08,3698.550048828125,3799.89990234375,3681.5,3715.14990234375,752343.0,3,8,4,14834.849609375,118.39990234375
2021-04-09,3718.5,3782.550048828125,3680.0,3752.35009765625,1247594.0,4,9,4,14310.7998046875,102.550048828125
2021-04-12,3760.0,3898.0,3675.199951171875,3779.64990234375,1959252.0,0,12,4,14504.7998046875,222.800048828125
2021-04-13,3847.0,3850.0,3702.0,3718.449951171875,606699.0,1,13,4,14581.4501953125,148.0
2021-04-15,3745.5,3819.89990234375,3695.550048828125,3783.39990234375,850076.0,3,15,4,14617.849609375,124.349853515625
2021-04-16,3790.0,3845.0,3733.39990234375,3821.85009765625,681099.0,4,16,4,14359.4501953125,111.60009765625
2021-04-19,3812.0,3849.85009765625,3756.0,3807.10009765625,777986.0,0,19,4,14296.400390625,93.85009765625
2021-04-20,3815.0,3848.89990234375,3750.0,3779.699951171875,594570.0,1,20,4,14406.150390625,98.89990234375
2021-04-22,3770.0,3812.050048828125,3742.199951171875,3755.25,619485.0,3,22,4,14341.349609375,69.85009765625
2021-04-23,3751.0,3829.64990234375,3739.0,3779.75,733544.0,4,23,4,14485.0,90.64990234375
2021-04-26,3782.0,3842.5,3770.449951171875,3784.35009765625,568028.0,0,26,4,14653.0498046875,72.050048828125
2021-04-27,3818.35009765625,3925.0,3786.0,3908.949951171875,804123.0,1,27,4,14864.5498046875,139.0
2021-04-28,3944.14990234375,3966.550048828125,3870.0,3882.60009765625,911739.0,2,28,4,14894.900390625,96.550048828125
2021-04-29,3882.0,3947.25,3856.0,3910.85009765625,653122.0,3,29,4,14631.099609375,91.25
2021-04-30,3910.0,4135.0,3909.60009765625,4062.35009765625,2499026.0,4,30,4,14634.150390625,225.39990234375
2021-05-03,4061.800048828125,4147.2998046875,4025.050048828125,4074.0,1014865.0,0,3,5,14496.5,122.249755859375
2021-05-04,4098.9501953125,4102.5,3962.050048828125,3985.35009765625,492286.0,1,4,5,14617.849609375,140.449951171875
2021-05-05,3999.0,4064.550048828125,3975.0,4035.449951171875,671260.0,2,5,5,14724.7998046875,89.550048828125
2021-05-06,4050.0,4084.39990234375,4018.0,4063.050048828125,423190.0,3,6,5,14823.150390625,66.39990234375
2021-05-07,4068.60009765625,4087.64990234375,4019.300048828125,4029.10009765625,305011.0,4,7,5,14942.349609375,68.349853515625
2021-05-10,4052.0,4205.0,4042.10009765625,4139.2998046875,1238763.0,0,10,5,14850.75,162.89990234375
2021-05-11,4120.10009765625,4171.2001953125,4055.10009765625,4073.60009765625,483699.0,1,11,5,14696.5,116.10009765625
2021-05-12,4078.89990234375,4123.14990234375,4045.0,4061.449951171875,567640.0,2,12,5,14677.7998046875,78.14990234375
2021-05-14,4090.0,4108.0,4006.5,4020.550048828125,481350.0,4,14,5,14923.150390625,101.5
2021-05-17,4020.0,4067.0,4020.0,4043.25,305324.0,0,17,5,15108.099609375,47.0
2021-05-18,4060.0,4074.85009765625,4018.0,4023.949951171875,404311.0,1,18,5,15030.150390625,56.85009765625
2021-05-19,4035.0,4059.0,4002.0,4039.64990234375,545721.0,2,19,5,14906.0498046875,57.0
2021-05-20,4049.64990234375,4059.0,3964.35009765625,4040.800048828125,382877.0,3,20,5,15175.2998046875,94.64990234375
2021-05-21,4041.800048828125,4110.0,4041.800048828125,4079.89990234375,426797.0,4,21,5,15197.7001953125,68.199951171875
2021-05-24,4092.14990234375,4165.0,4072.35009765625,4097.2001953125,591556.0,0,24,5,15208.4501953125,92.64990234375
2021-05-25,4117.2001953125,4137.5,4085.050048828125,4097.85009765625,235870.0,1,25,5,15301.4501953125,52.449951171875
2021-05-26,4108.75,4120.0,4055.0,4098.60009765625,344734.0,2,26,5,15337.849609375,65.0
2021-05-27,4100.0,4126.0,4057.25,4079.199951171875,781730.0,3,27,5,15435.650390625,68.75
2021-05-28,4092.0,4147.64990234375,4078.550048828125,4120.25,483595.0,4,28,5,15582.7998046875,69.099853515625
2021-05-31,4190.0,4284.2001953125,4110.0,4194.0,3090619.0,0,31,5,15574.849609375,174.2001953125
2021-06-01,4205.0,4227.10009765625,4155.0498046875,4220.10009765625,652655.0,1,1,6,15576.2001953125,72.05029296875
2021-06-02,4215.89990234375,4255.5,4201.0,4214.25,603352.0,2,2,6,15690.349609375,54.5
2021-06-03,4231.0,4244.0,4208.0,4232.2001953125,382915.0,3,3,6,15670.25,36.0
2021-06-04,4233.60009765625,4277.89990234375,4217.5498046875,4261.60009765625,389667.0,4,4,6,15751.650390625,60.35009765625
2021-06-07,4264.14990234375,4299.0,4220.0,4229.9501953125,429298.0,0,7,6,15740.099609375,79.0
2021-06-08,4229.9501953125,4259.10009765625,4201.7998046875,4241.2001953125,366017.0,1,8,6,15635.349609375,57.30029296875
2021-06-09,4250.0,4315.0,4230.2001953125,4267.4501953125,480787.0,2,9,6,15737.75,84.7998046875
2021-06-10,4275.0,4425.0,4275.0,4372.5498046875,1275478.0,3,10,6,15799.349609375,150.0
2021-06-11,4372.0,4397.0,4325.0,4334.5,574413.0,4,11,6,15811.849609375,72.0
2021-06-14,4334.64990234375,4410.0,4311.0,4388.0498046875,540274.0,0,14,6,15869.25,99.0
2021-06-15,4398.0,4415.35009765625,4296.2001953125,4313.0498046875,798680.0,1,15,6,15767.5498046875,119.14990234375
2021-06-16,4319.60009765625,4330.25,4282.85009765625,4300.7001953125,358040.0,2,16,6,15691.400390625,47.39990234375
2021-06-17,4300.7001953125,4324.4501953125,4271.0,4302.35009765625,205565.0,3,17,6,15683.349609375,53.4501953125
2021-06-18,4302.5,4363.9501953125,4146.5,4197.2998046875,1586031.0,4,18,6,15746.5,217.4501953125
2021-06-21,4190.0,4238.85009765625,4162.0,4229.10009765625,294121.0,0,21,6,15772.75,76.85009765625
2021-06-22,4234.7998046875,4297.75,4218.9501953125,4288.75,377841.0,1,22,6,15686.9501953125,78.7998046875
2021-06-23,4300.0,4310.2001953125,4221.25,4224.60009765625,268303.0,2,23,6,15790.4501953125,88.9501953125
2021-06-24,4235.0,4259.7001953125,4195.0498046875,4250.35009765625,389303.0,3,24,6,15860.349609375,64.650390625
2021-06-25,4254.64990234375,4289.0,4240.25,4248.75,215936.0,4,25,6,15814.7001953125,48.75
2021-06-28,4251.0,4349.0,4251.0,4314.39990234375,475081.0,0,28,6,15748.4501953125,98.0
2021-06-29,4316.60009765625,4369.5,4300.0,4356.14990234375,374334.0,1,29,6,15721.5,69.5
2021-06-30,4369.0,4432.0,4355.0498046875,4408.25,636015.0,2,30,6,15680.0,76.9501953125
2021-07-01,4417.0,4453.89990234375,4412.85009765625,4435.7001953125,321217.0,3,1,7,15722.2001953125,41.0498046875
2021-07-02,4435.7001953125,4530.10009765625,4431.0,4519.64990234375,660211.0,4,2,7,15834.349609375,99.10009765625
2021-07-05,4534.0,4583.0498046875,4517.25,4559.9501953125,419343.0,0,5,7,15818.25,65.7998046875
2021-07-06,4565.0,4582.0,4512.10009765625,4524.2001953125,262654.0,1,6,7,15879.650390625,69.89990234375
2021-07-07,4500.0,4566.0498046875,4485.0,4552.5498046875,337061.0,2,7,7,15727.900390625,81.0498046875
2021-07-08,4533.0,4560.0,4500.0,4510.5,207589.0,3,8,7,15689.7998046875,60.0
2021-07-09,4515.0,4625.0,4510.7998046875,4599.7001953125,530967.0,4,9,7,15692.599609375,114.2001953125
2021-07-12,4610.0,4623.9501953125,4575.64990234375,4588.75,205249.0,0,12,7,15812.349609375,48.30029296875
2021-07-13,4600.0,4618.75,4566.89990234375,4606.0498046875,233256.0,1,13,7,15853.9501953125,51.85009765625
2021-07-14,4609.5,4661.64990234375,4585.14990234375,4623.2001953125,365170.0,2,14,7,15924.2001953125,76.5
2021-07-15,4626.0,4652.39990234375,4597.89990234375,4607.2998046875,289805.0,3,15,7,15923.400390625,54.5
2021-07-16,4625.0,4772.0,4620.0,4757.60009765625,1156272.0,4,16,7,15752.400390625,152.0
2021-07-19,4749.9501953125,4832.7001953125,4735.5498046875,4807.4501953125,493155.0,0,19,7,15632.099609375,97.150390625
2021-07-20,4807.0,4848.0,4763.0,4787.85009765625,361369.0,1,20,7,15824.0498046875,85.0
2021-07-22,4787.85009765625,4856.39990234375,4769.39990234375,4843.25,384993.0,3,22,7,15856.0498046875,87.0
2021-07-23,4843.4501953125,4850.0,4801.7001953125,4824.75,177874.0,4,23,7,15824.4501953125,48.2998046875
2021-07-26,4824.75,4940.64990234375,4824.75,4921.14990234375,619955.0,0,26,7,15746.4501953125,115.89990234375
2021-07-27,4930.0,4944.75,4669.39990234375,4791.39990234375,935854.0,1,27,7,15709.400390625,275.35009765625
2021-07-28,4802.60009765625,4913.9501953125,4768.25,4890.60009765625,956834.0,2,28,7,15778.4501953125,145.7001953125
2021-07-29,4908.89990234375,4934.39990234375,4824.2001953125,4843.7998046875,658995.0,3,29,7,15763.0498046875,110.19970703125
2021-07-30,4879.9501953125,4940.9501953125,4862.25,4906.10009765625,659061.0,4,30,7,15885.150390625,78.7001953125
2021-08-02,4893.5,4962.14990234375,4893.5,4928.9501953125,359231.0,0,2,8,16130.75,68.64990234375
2021-08-03,4930.60009765625,5019.89990234375,4900.0,5006.85009765625,530586.0,1,3,8,16258.7998046875,119.89990234375
2021-08-04,5017.0,5045.2001953125,4954.5498046875,4964.25,381205.0,2,4,8,16294.599609375,90.650390625
2021-08-05,5000.0,5020.0,4916.5,4923.5498046875,413085.0,3,5,8,16238.2001953125,103.5
2021-08-06,4950.0,4959.0,4884.0,4916.0,314260.0,4,6,8,16258.25,75.0
2021-08-09,4980.0,4989.7998046875,4831.0,4905.7001953125,955464.0,0,9,8,16280.099609375,158.7998046875
2021-08-10,4930.89990234375,4971.60009765625,4895.0,4955.0498046875,356348.0,1,10,8,16282.25,76.60009765625
2021-08-11,4954.5,4958.9501953125,4840.7998046875,4919.10009765625,354008.0,2,11,8,16364.400390625,118.150390625
2021-08-12,4929.9501953125,4929.9501953125,4872.0,4908.85009765625,200081.0,3,12,8,16529.099609375,57.9501953125
2021-08-13,4900.0498046875,4973.0,4860.5498046875,4948.7001953125,314044.0,4,13,8,16563.05078125,112.4501953125
2021-08-16,4945.5498046875,4954.35009765625,4870.0,4898.9501953125,225012.0,0,16,8,16614.599609375,84.35009765625
2021-08-17,4893.5,4940.0,4875.0,4908.35009765625,356466.0,1,17,8,16568.849609375,65.0
2021-08-18,4911.85009765625,4999.0498046875,4902.0,4910.4501953125,506142.0,2,18,8,16450.5,97.0498046875
2021-08-20,4861.2998046875,4915.39990234375,4757.0,4818.7001953125,549942.0,4,20,8,16496.44921875,158.39990234375
2021-08-23,4849.0,4888.7001953125,4788.0,4874.64990234375,410817.0,0,23,8,16624.599609375,100.7001953125
2021-08-24,4890.0,4912.14990234375,4792.85009765625,4863.2001953125,425873.0,1,24,8,16634.650390625,119.2998046875
2021-08-25,4863.4501953125,4875.0,4818.10009765625,4856.5,345800.0,2,25,8,16636.900390625,56.89990234375
2021-08-26,4855.0,4877.2001953125,4829.0,4846.7001953125,281990.0,3,26,8,16705.19921875,48.2001953125
2021-08-27,4846.64990234375,4934.0498046875,4824.35009765625,4910.7001953125,349435.0,4,27,8,16931.05078125,109.69970703125
