Date,Open,High,Low,Close,Volume,Day of Week,Day of Month,Month,NIFTY50,Range
2016-01-01,541.2000122070312,545.125,538.0750122070312,544.375,1597538.0,4,1,1,7791.2998046875,7.04998779296875
2016-01-04,542.0,542.0,534.0499877929688,535.25,2593768.0,0,4,1,7784.64990234375,7.95001220703125
2016-01-05,535.0999755859375,537.4000244140625,530.6749877929688,531.2000122070312,1580436.0,1,5,1,7741.0,6.72503662109375
2016-01-06,528.3250122070312,538.375,528.3250122070312,533.5499877929688,2082768.0,2,6,1,7568.2998046875,10.04998779296875
2016-01-07,530.0499877929688,532.4500122070312,524.8499755859375,528.0999755859375,3027714.0,3,7,1,7601.35009765625,7.60003662109375
2016-01-08,530.9749755859375,532.25,528.625,531.1749877929688,1744178.0,4,8,1,7563.85009765625,3.625
2016-01-11,526.0250244140625,530.5,522.6500244140625,529.2999877929688,1644456.0,0,11,1,7510.2998046875,7.8499755859375
2016-01-12,531.9500122070312,531.9500122070312,521.75,523.4749755859375,2129368.0,1,12,1,7562.39990234375,10.20001220703125
2016-01-13,526.0,531.375,518.5,530.0750122070312,2257574.0,2,13,1,7536.7998046875,12.875
2016-01-14,525.0750122070312,528.7000122070312,519.75,524.875,3139592.0,3,14,1,7437.7998046875,8.95001220703125
2016-01-15,524.0,527.7249755859375,519.0499877929688,521.0750122070312,2708630.0,4,15,1,7351.0,8.67498779296875
2016-01-18,517.8250122070312,520.7249755859375,510.5,512.9249877929688,3247694.0,0,18,1,7435.10009765625,10.2249755859375
2016-01-19,513.5999755859375,518.7750244140625,513.1500244140625,517.9000244140625,3202606.0,1,19,1,7309.2998046875,5.625
2016-01-20,512.5,554.0,503.95001220703125,509.1499938964844,4781794.0,2,20,1,7276.7998046875,50.04998779296875
2016-01-21,510.5,516.625,506.70001220703125,511.5,3150402.0,3,21,1,7422.4501953125,9.92498779296875
2016-01-22,512.8499755859375,522.125,511.0249938964844,515.1500244140625,2118142.0,4,22,1,7436.14990234375,11.100006103515625
2016-01-25,519.9749755859375,523.3499755859375,516.5250244140625,520.5750122070312,5071942.0,0,25,1,7437.75,6.824951171875
2016-01-27,524.2249755859375,524.3499755859375,516.5,517.8250122070312,2019734.0,2,27,1,7424.64990234375,7.8499755859375
2016-01-28,519.5,523.4500122070312,515.0,515.8499755859375,4975986.0,3,28,1,7563.5498046875,8.45001220703125
2016-01-29,517.5999755859375,527.4749755859375,517.5999755859375,524.9249877929688,2680092.0,4,29,1,7555.9501953125,9.875
2016-02-01,529.0,533.5,526.8499755859375,529.875,2304742.0,0,1,2,7455.5498046875,6.6500244140625
2016-02-02,532.5,532.625,525.0999755859375,526.9000244140625,3264314.0,1,2,2,7361.7998046875,7.5250244140625
2016-02-03,522.25,525.7000122070312,521.0,521.9249877929688,2425122.0,2,3,2,7404.0,4.70001220703125
2016-02-04,524.0,527.4500122070312,522.7750244140625,524.5999755859375,2837996.0,3,4,2,7489.10009765625,4.67498779296875
2016-02-05,526.4000244140625,531.9000244140625,522.7999877929688,527.625,3761952.0,4,5,2,7387.25,9.10003662109375
2016-02-08,527.5,529.0,515.1500244140625,517.9249877929688,1740962.0,0,8,2,7298.2001953125,13.8499755859375
2016-02-09,513.3499755859375,515.7750244140625,510.32501220703125,513.0250244140625,2767730.0,1,9,2,7215.7001953125,5.45001220703125
2016-02-10,511.95001220703125,515.0750122070312,505.04998779296875,506.4750061035156,3841140.0,2,10,2,6976.35009765625,10.0250244140625
2016-02-11,505.0,506.5,484.1000061035156,487.6499938964844,4401800.0,3,11,2,6980.9501953125,22.399993896484375
2016-02-12,489.5,493.2250061035156,483.0,485.70001220703125,6271072.0,4,12,2,7162.9501953125,10.225006103515625
2016-02-15,490.0,494.125,485.54998779296875,486.79998779296875,5456480.0,0,15,2,7048.25,8.57501220703125
2016-02-16,490.75,491.0,481.0,486.7250061035156,3568048.0,1,16,2,7108.4501953125,10.0
2016-02-17,488.45001220703125,489.95001220703125,479.5,487.45001220703125,3751962.0,2,17,2,7191.75,10.45001220703125
2016-02-18,493.0,495.625,488.5,494.7250061035156,3399928.0,3,18,2,7210.75,7.125
2016-02-19,494.375,496.29998779296875,486.75,494.6499938964844,1664330.0,4,19,2,7234.5498046875,9.54998779296875
2016-02-22,491.5,498.0,491.5,494.375,2001198.0,0,22,2,7109.5498046875,6.5
2016-02-23,492.45001220703125,492.75,483.0,485.0249938964844,3039160.0,1,23,2,7018.7001953125,9.75
2016-02-24,480.0,481.45001220703125,473.20001220703125,474.79998779296875,3231734.0,2,24,2,6970.60009765625,8.25
2016-02-25,477.0,478.625,469.1000061035156,471.32501220703125,4231598.0,3,25,2,7029.75,9.524993896484375
2016-02-26,475.0,485.5,472.5,480.5,3104694.0,4,26,2,6987.0498046875,13.0
2016-02-29,480.54998779296875,491.29998779296875,464.0,485.92498779296875,4406376.0,0,29,2,7222.2998046875,27.29998779296875
2016-03-01,487.4750061035156,493.375,485.92498779296875,492.07501220703125,2161280.0,1,1,3,7368.85009765625,7.45001220703125
2016-03-02,499.0,505.45001220703125,497.5,503.6000061035156,3179488.0,2,2,3,7475.60009765625,7.95001220703125
2016-03-03,505.375,510.0,505.0,507.92498779296875,2305200.0,3,3,3,7485.35009765625,5.0
2016-03-04,507.7250061035156,512.4500122070312,496.54998779296875,510.2749938964844,2852312.0,4,4,3,7485.2998046875,15.9000244140625
2016-03-08,512.0,512.0,504.75,507.07501220703125,956844.0,1,8,3,7531.7998046875,7.25
2016-03-09,506.5,514.9500122070312,503.375,512.4000244140625,3264086.0,2,9,3,7486.14990234375,11.57501220703125
2016-03-10,512.4000244140625,512.875,505.04998779296875,510.625,1335696.0,3,10,3,7510.2001953125,7.82501220703125
2016-03-11,509.95001220703125,515.4000244140625,506.5,514.3499755859375,2365428.0,4,11,3,7538.75,8.9000244140625
2016-03-14,514.0,518.9749755859375,512.625,513.7750244140625,1504328.0,0,14,3,7460.60009765625,6.3499755859375
2016-03-15,513.9500122070312,516.7000122070312,510.82501220703125,513.3499755859375,3845018.0,1,15,3,7498.75,5.875
2016-03-16,513.5,517.125,509.4750061035156,515.2249755859375,2401774.0,2,16,3,7512.5498046875,7.649993896484375
2016-03-17,517.4749755859375,519.5,505.57501220703125,509.20001220703125,2556742.0,3,17,3,7604.35009765625,13.92498779296875
2016-03-18,511.4750061035156,516.0,507.67498779296875,514.2000122070312,2067534.0,4,18,3,7704.25,8.32501220703125
2016-03-21,516.5,523.6749877929688,516.125,522.7999877929688,2659398.0,0,21,3,7714.89990234375,7.54998779296875
2016-03-22,523.25,528.2999877929688,520.3499755859375,526.9249877929688,2060132.0,1,22,3,7716.5,7.95001220703125
2016-03-23,526.5250244140625,526.5250244140625,520.2750244140625,524.6749877929688,4232150.0,2,23,3,7615.10009765625,6.25
2016-03-28,522.5,526.5,520.8250122070312,523.75,5635434.0,0,28,3,7597.0,5.67498779296875
2016-03-29,523.75,529.75,522.125,526.9000244140625,3366976.0,1,29,3,7735.2001953125,7.625
2016-03-30,529.0,534.9500122070312,526.9500122070312,532.4749755859375,3907190.0,2,30,3,7738.39990234375,8.0
2016-03-31,533.4249877929688,539.4500122070312,532.5250244140625,535.5750122070312,10040196.0,3,31,3,7713.0498046875,6.92498779296875
2016-04-01,534.4000244140625,538.2000122070312,528.4000244140625,532.2249755859375,2579324.0,4,1,4,7758.7998046875,9.79998779296875
2016-04-04,532.5999755859375,536.4000244140625,532.0,534.5250244140625,3089980.0,0,4,4,7603.2001953125,4.4000244140625
2016-04-05,534.5,538.4500122070312,527.8250122070312,528.7249755859375,3331514.0,1,5,4,7614.35009765625,10.625
2016-04-06,530.5,533.4749755859375,528.375,530.75,2147688.0,2,6,4,7546.4501953125,5.0999755859375
2016-04-07,532.0,532.375,523.5250244140625,527.75,1955846.0,3,7,4,7555.2001953125,8.8499755859375
2016-04-08,527.5,531.6749877929688,527.125,529.6749877929688,1481398.0,4,8,4,7671.39990234375,4.54998779296875
2016-04-11,530.1500244140625,537.0499877929688,521.4249877929688,535.4749755859375,2024810.0,0,11,4,7708.9501953125,15.625
2016-04-12,534.7999877929688,535.5,529.625,531.5,2470740.0,1,12,4,7850.4501953125,5.875
2016-04-13,536.0,542.4749755859375,534.75,540.875,2487302.0,2,13,4,7914.7001953125,7.7249755859375
2016-04-18,541.75,546.0,535.7999877929688,543.9000244140625,2058534.0,0,18,4,7914.75,10.20001220703125
2016-04-20,545.9500122070312,550.0,541.7750244140625,548.9249877929688,1910676.0,2,20,4,7912.0498046875,8.2249755859375
2016-04-21,547.5,552.5750122070312,544.5,545.5750122070312,4095864.0,3,21,4,7899.2998046875,8.07501220703125
2016-04-22,544.75,550.4249877929688,542.5999755859375,546.0750122070312,3904660.0,4,22,4,7855.0498046875,7.82501220703125
2016-04-25,550.0,550.0,542.25,546.625,2780980.0,0,25,4,7962.64990234375,7.75
2016-04-26,547.5,557.5,546.25,556.9249877929688,3526898.0,1,26,4,7979.89990234375,11.25
2016-04-27,554.9249877929688,562.5,554.5,562.0999755859375,2881818.0,2,27,4,7847.25,8.0
2016-04-28,562.0999755859375,568.3499755859375,555.1749877929688,556.9749755859375,4044792.0,3,28,4,7849.7998046875,13.17498779296875
2016-04-29,556.9000244140625,568.0,553.0999755859375,566.1749877929688,2805970.0,4,29,4,7805.89990234375,14.9000244140625
2016-05-02,563.875,565.0,558.0,558.8250122070312,1931358.0,0,2,5,7747.0,7.0
2016-05-03,560.9500122070312,567.5,556.5750122070312,559.0,2347648.0,1,3,5,7706.5498046875,10.92498779296875
2016-05-04,558.75,567.25,557.125,563.6749877929688,2646164.0,2,4,5,7735.5,10.125
2016-05-05,564.0,567.375,561.3499755859375,566.1500244140625,2607124.0,3,5,5,7733.4501953125,6.0250244140625
2016-05-06,566.0,566.125,558.625,559.8250122070312,1366576.0,4,6,5,7866.0498046875,7.5
2016-05-09,560.0,572.4749755859375,559.5,570.7000122070312,3476590.0,0,9,5,7887.7998046875,12.9749755859375
2016-05-10,571.75,573.75,568.0499877929688,572.4500122070312,2726500.0,1,10,5,7848.85009765625,5.70001220703125
2016-05-11,567.3499755859375,572.5,564.8499755859375,569.4000244140625,3073686.0,2,11,5,7900.39990234375,7.6500244140625
2016-05-12,572.0,576.0,566.25,574.5499877929688,2110844.0,3,12,5,7814.89990234375,9.75
2016-05-13,574.0,574.0,565.0,570.4500122070312,2522658.0,4,13,5,7860.75,9.0
2016-05-16,572.5,582.9500122070312,566.2750244140625,581.4000244140625,2259384.0,0,16,5,7890.75,16.67498779296875
2016-05-17,582.5250244140625,584.625,575.6500244140625,576.7249755859375,2147712.0,1,17,5,7870.14990234375,8.9749755859375
2016-05-18,575.5,575.5,565.75,570.3250122070312,2081322.0,2,18,5,7783.39990234375,9.75
2016-05-19,570.0499877929688,571.3499755859375,566.0,569.6500244140625,1927898.0,3,19,5,7749.7001953125,5.3499755859375
2016-05-20,569.9749755859375,574.25,566.7999877929688,570.4500122070312,1008316.0,4,20,5,7731.0498046875,7.45001220703125
2016-05-23,570.9749755859375,574.9749755859375,566.5999755859375,568.375,1731766.0,0,23,5,7748.85009765625,8.375
2016-05-24,569.2000122070312,571.8250122070312,567.7750244140625,569.9749755859375,1629734.0,1,24,5,7934.89990234375,4.04998779296875
2016-05-25,573.1500244140625,587.9749755859375,573.1500244140625,586.6500244140625,2883674.0,2,25,5,8069.64990234375,14.824951171875
2016-05-26,588.0499877929688,594.4500122070312,583.125,591.625,6852780.0,3,26,5,8156.64990234375,11.32501220703125
2016-05-27,591.625,595.0,588.3499755859375,593.4000244140625,2887592.0,4,27,5,8178.5,6.6500244140625
2016-05-30,593.5,597.5,589.0499877929688,589.875,1907266.0,0,30,5,8160.10009765625,8.45001220703125
2016-05-31,592.9500122070312,592.9500122070312,588.7000122070312,590.9500122070312,2757820.0,1,31,5,8179.9501953125,4.25
2016-06-01,591.4749755859375,591.4749755859375,585.5,587.5750122070312,2837816.0,2,1,6,8218.9501953125,5.9749755859375
2016-06-02,587.3499755859375,590.2999877929688,585.5,587.4749755859375,3955308.0,3,2,6,8220.7998046875,4.79998779296875
2016-06-03,590.0499877929688,592.5,584.5250244140625,585.875,2262210.0,4,3,6,8201.0498046875,7.9749755859375
2016-06-06,588.0,591.2000122070312,585.0250244140625,585.5499877929688,2773654.0,0,6,6,8266.4501953125,6.17498779296875
2016-06-07,588.4749755859375,590.0,583.8250122070312,586.8499755859375,2814252.0,1,7,6,8273.0498046875,6.17498779296875
2016-06-08,587.9000244140625,589.0,580.5,581.2999877929688,2371406.0,2,8,6,8203.599609375,8.5
2016-06-09,581.25,582.0999755859375,576.25,579.7000122070312,2324092.0,3,9,6,8170.0498046875,5.8499755859375
2016-06-10,579.2000122070312,586.3499755859375,578.0999755859375,580.6749877929688,3161156.0,4,10,6,8110.60009765625,8.25
2016-06-13,577.375,582.4749755859375,575.5250244140625,576.4500122070312,1661618.0,0,13,6,8108.85009765625,6.949951171875
2016-06-14,577.5,578.5,572.125,575.9249877929688,1914384.0,1,14,6,8206.599609375,6.375
2016-06-15,577.5,585.4500122070312,576.5999755859375,584.7750244140625,1522912.0,2,15,6,8140.75,8.85003662109375
2016-06-16,583.2750244140625,584.4249877929688,577.6749877929688,581.0750122070312,2363884.0,3,16,6,8170.2001953125,6.75
2016-06-17,583.5,589.0,582.7750244140625,585.0,1880826.0,4,17,6,8238.5,6.2249755859375
2016-06-20,579.5,589.625,579.4000244140625,586.0250244140625,1371382.0,0,20,6,8219.900390625,10.2249755859375
2016-06-21,587.5,587.7249755859375,580.5999755859375,583.3250122070312,1335484.0,1,21,6,8203.7001953125,7.125
2016-06-22,583.0,587.5,583.0,585.75,1901920.0,2,22,6,8270.4501953125,4.5
2016-06-23,584.9000244140625,595.9249877929688,583.75,595.0499877929688,1963366.0,3,23,6,8088.60009765625,12.17498779296875
2016-06-24,579.9249877929688,585.9500122070312,573.5,580.9500122070312,5586982.0,4,24,6,8094.7001953125,12.45001220703125
2016-06-27,581.0,584.5,576.5250244140625,579.9749755859375,2081894.0,0,27,6,8127.85009765625,7.9749755859375
2016-06-28,580.625,586.5499877929688,575.0,583.4749755859375,2017490.0,1,28,6,8204.0,11.54998779296875
2016-06-29,582.5,584.75,579.8499755859375,584.1500244140625,2710334.0,2,29,6,8287.75,4.9000244140625
2016-06-30,585.5,590.0,581.0750122070312,588.2249755859375,8139446.0,3,30,6,8328.349609375,8.92498779296875
2016-07-01,590.0,592.5,585.9000244140625,587.25,2152438.0,4,1,7,8370.7001953125,6.5999755859375
2016-07-04,589.0999755859375,589.75,585.7000122070312,586.4000244140625,3624926.0,0,4,7,8335.9501953125,4.04998779296875
2016-07-05,586.4000244140625,587.1500244140625,581.0,582.7999877929688,1068164.0,1,5,7,8337.900390625,6.1500244140625
2016-07-07,583.9500122070312,594.375,580.4500122070312,592.8250122070312,2416308.0,3,7,7,8323.2001953125,13.92498779296875
2016-07-08,592.5499877929688,592.7999877929688,585.625,587.4249877929688,1559434.0,4,8,7,8467.900390625,7.17498779296875
2016-07-11,593.0,600.9500122070312,590.5250244140625,599.875,2551266.0,0,11,7,8521.0498046875,10.42498779296875
2016-07-12,604.9500122070312,604.9500122070312,597.7750244140625,601.0750122070312,3523016.0,1,12,7,8519.5,7.17498779296875
2016-07-13,599.9000244140625,600.9749755859375,596.6500244140625,598.875,3343536.0,2,13,7,8565.0,4.324951171875
2016-07-14,600.5,601.0750122070312,596.0999755859375,600.1749877929688,1729834.0,3,14,7,8541.400390625,4.97503662109375
2016-07-15,601.9000244140625,613.0,597.5499877929688,611.8499755859375,2887108.0,4,15,7,8508.7001953125,15.45001220703125
2016-07-18,612.5,619.25,611.3250122070312,613.7249755859375,2219242.0,0,18,7,8528.5498046875,7.92498779296875
2016-07-19,614.5,615.375,606.9249877929688,609.1749877929688,1293002.0,1,19,7,8565.849609375,8.45001220703125
2016-07-20,611.5,619.25,610.875,616.0999755859375,2345166.0,2,20,7,8510.099609375,8.375
2016-07-21,615.3499755859375,619.9500122070312,611.25,614.2999877929688,4556452.0,3,21,7,8541.2001953125,8.70001220703125
2016-07-22,616.6749877929688,617.3250122070312,610.75,615.4000244140625,2810136.0,4,22,7,8635.650390625,6.57501220703125
2016-07-25,616.5,624.7249755859375,613.5,623.4749755859375,4936442.0,0,25,7,8590.650390625,11.2249755859375
2016-07-26,621.2000122070312,622.8250122070312,617.5750122070312,619.4000244140625,2832996.0,1,26,7,8615.7998046875,5.25
2016-07-27,620.5,623.7750244140625,615.0,618.4749755859375,5367368.0,2,27,7,8666.2998046875,8.7750244140625
2016-07-28,619.0,625.625,617.7750244140625,624.2249755859375,5323264.0,3,28,7,8638.5,7.8499755859375
2016-07-29,624.0,625.0,617.5,623.0999755859375,1697838.0,4,29,7,8636.5498046875,7.5
2016-08-01,624.5,629.4749755859375,613.8250122070312,621.1500244140625,2780432.0,0,1,8,8622.900390625,15.64996337890625
2016-08-02,623.5,628.2249755859375,620.2000122070312,621.6500244140625,2664698.0,1,2,8,8544.849609375,8.02496337890625
2016-08-03,620.5499877929688,624.9749755859375,615.5,620.2249755859375,2366938.0,2,3,8,8551.099609375,9.4749755859375
2016-08-04,623.2999877929688,623.3499755859375,616.7999877929688,620.5,2331440.0,3,4,8,8683.150390625,6.54998779296875
2016-08-05,623.7000122070312,627.8250122070312,620.875,624.625,2892456.0,4,5,8,8711.349609375,6.95001220703125
2016-08-08,626.4500122070312,627.5,622.2750244140625,624.7999877929688,2364388.0,0,8,8,8678.25,5.2249755859375
2016-08-09,626.4500122070312,626.4500122070312,618.8499755859375,623.5999755859375,2105428.0,1,9,8,8575.2998046875,7.60003662109375
2016-08-10,622.5,625.4749755859375,609.875,613.4500122070312,1809860.0,2,10,8,8592.150390625,15.5999755859375
2016-08-12,615.5250244140625,617.5,609.7000122070312,614.3499755859375,2320748.0,4,12,8,8642.5498046875,7.79998779296875
2016-08-16,616.5,619.2249755859375,606.9000244140625,613.6500244140625,1734284.0,1,16,8,8624.0498046875,12.324951171875
2016-08-17,616.7000122070312,618.75,613.0,617.4500122070312,2755518.0,2,17,8,8673.25,5.75
2016-08-18,619.0,627.4500122070312,617.2750244140625,626.25,3055828.0,3,18,8,8666.900390625,10.17498779296875
2016-08-19,625.0,625.0,620.7249755859375,623.5499877929688,2055318.0,4,19,8,8629.150390625,4.2750244140625
2016-08-22,622.5250244140625,627.2249755859375,620.5,625.1500244140625,2750646.0,0,22,8,8632.599609375,6.7249755859375
2016-08-23,625.5,627.0,623.0250244140625,625.7249755859375,2657262.0,1,23,8,8650.2998046875,3.9749755859375
2016-08-24,626.0250244140625,632.0999755859375,623.5250244140625,630.9000244140625,2785468.0,2,24,8,8592.2001953125,8.574951171875
2016-08-25,632.0,633.4000244140625,627.1500244140625,629.2750244140625,4364944.0,3,25,8,8572.5498046875,6.25
2016-08-26,630.0,630.9500122070312,626.9500122070312,628.5499877929688,1260568.0,4,26,8,8607.4501953125,4.0
2016-08-29,627.75,627.75,618.0999755859375,619.0499877929688,1472092.0,0,29,8,8744.349609375,9.6500244140625
2016-08-30,622.5499877929688,635.25,621.9749755859375,634.3250122070312,4933804.0,1,30,8,8786.2001953125,13.2750244140625
2016-08-31,634.5,647.5,632.75,645.5999755859375,5580682.0,2,31,8,8774.650390625,14.75
2016-09-01,644.0,645.0,637.7000122070312,641.8499755859375,2612338.0,3,1,9,8809.650390625,7.29998779296875
2016-09-02,642.75,644.5,640.5750122070312,642.5499877929688,1977594.0,4,2,9,8943.0,3.92498779296875
2016-09-06,645.0250244140625,651.9500122070312,645.0250244140625,650.2000122070312,2754442.0,1,6,9,8917.9501953125,6.92498779296875
2016-09-07,650.5,652.5,641.5499877929688,643.375,2008222.0,2,7,9,8952.5,10.95001220703125
2016-09-08,645.0,647.625,641.7999877929688,644.7000122070312,1452690.0,3,8,9,8866.7001953125,5.82501220703125
2016-09-09,645.0,647.25,639.1500244140625,645.2000122070312,2006884.0,4,9,9,8715.599609375,8.0999755859375
2016-09-12,637.3499755859375,642.2000122070312,635.75,639.9500122070312,1992864.0,0,12,9,8726.599609375,6.45001220703125
2016-09-14,637.5,638.5,632.7000122070312,634.7249755859375,1924754.0,2,14,9,8742.5498046875,5.79998779296875
2016-09-15,636.0,641.9500122070312,634.9249877929688,639.7999877929688,1750906.0,3,15,9,8779.849609375,7.0250244140625
2016-09-16,641.9000244140625,652.25,641.9000244140625,648.9249877929688,3262908.0,4,16,9,8808.400390625,10.3499755859375
2016-09-19,648.5,651.25,644.0,645.0750122070312,2947416.0,0,19,9,8775.900390625,7.25
2016-09-20,646.3250122070312,647.5,642.0250244140625,644.2249755859375,1889124.0,1,20,9,8777.150390625,5.4749755859375
2016-09-21,646.0,649.0,643.9500122070312,646.5,2128200.0,2,21,9,8867.4501953125,5.04998779296875
2016-09-22,652.5,658.4749755859375,650.2750244140625,653.4500122070312,3277900.0,3,22,9,8831.5498046875,8.199951171875
2016-09-23,653.0250244140625,659.2249755859375,650.75,656.3499755859375,2438404.0,4,23,9,8723.0498046875,8.4749755859375
2016-09-26,653.0499877929688,654.4500122070312,646.8499755859375,648.0750122070312,2788386.0,0,26,9,8706.400390625,7.60003662109375
2016-09-27,649.5,653.0750122070312,647.4249877929688,649.0250244140625,2028406.0,1,27,9,8745.150390625,5.6500244140625
2016-09-28,649.9500122070312,650.0,644.5,647.625,2494826.0,2,28,9,8591.25,5.5
2016-09-29,648.9749755859375,653.0,633.9749755859375,638.75,8225006.0,3,29,9,8611.150390625,19.0250244140625
2016-09-30,638.5499877929688,640.5,633.7000122070312,636.4249877929688,2069214.0,4,30,9,8738.099609375,6.79998779296875
2016-10-03,640.5,644.9500122070312,638.2000122070312,643.5999755859375,1950274.0,0,3,10,8769.150390625,6.75
2016-10-04,644.2999877929688,647.5,641.1500244140625,644.7750244140625,1387756.0,1,4,10,8743.9501953125,6.3499755859375
2016-10-05,649.0,650.0250244140625,638.2000122070312,643.0499877929688,1823510.0,2,5,10,8709.5498046875,11.82501220703125
2016-10-06,643.5499877929688,647.7999877929688,639.5250244140625,640.9749755859375,1447856.0,3,6,10,8697.599609375,8.27496337890625
2016-10-07,642.0,643.875,638.125,640.2999877929688,1668732.0,4,7,10,8708.7998046875,5.75
2016-10-10,642.5,643.9500122070312,639.375,642.1749877929688,2359656.0,0,10,10,8573.349609375,4.57501220703125
2016-10-13,639.5,639.5,628.2249755859375,631.375,2259678.0,3,13,10,8583.400390625,11.2750244140625
2016-10-14,632.875,634.0,627.0,630.9000244140625,2033558.0,4,14,10,8520.400390625,7.0
2016-10-17,632.75,633.2000122070312,616.375,618.8499755859375,2567680.0,0,17,10,8677.900390625,16.82501220703125
2016-10-18,621.5999755859375,630.0,619.5,628.9249877929688,1305484.0,1,18,10,8659.099609375,10.5
2016-10-19,630.5499877929688,631.5,624.0,629.1749877929688,1522452.0,2,19,10,8699.400390625,7.5
2016-10-20,630.125,633.7249755859375,625.5,627.75,1600178.0,3,20,10,8693.0498046875,8.2249755859375
2016-10-21,628.0,636.4749755859375,625.0,635.3499755859375,1978204.0,4,21,10,8708.9501953125,11.4749755859375
2016-10-24,635.875,638.4249877929688,630.5250244140625,631.7750244140625,1627832.0,0,24,10,8691.2998046875,7.89996337890625
2016-10-25,634.0,634.0,622.0250244140625,625.1500244140625,2750898.0,1,25,10,8615.25,11.9749755859375
2016-10-26,621.6749877929688,632.5,617.5250244140625,619.6500244140625,2683270.0,2,26,10,8615.25,14.9749755859375
2016-10-27,619.5,628.5,612.0750122070312,626.0499877929688,5811930.0,3,27,10,8638.0,16.42498779296875
2016-10-28,627.25,630.9500122070312,620.0499877929688,629.5250244140625,2660268.0,4,28,10,8626.25,10.9000244140625
2016-11-01,628.0,631.9249877929688,623.5250244140625,629.9000244140625,1701208.0,1,1,11,8514.0,8.39996337890625
2016-11-02,625.5499877929688,627.8499755859375,620.75,623.0750122070312,3237216.0,2,2,11,8484.9501953125,7.0999755859375
2016-11-03,622.5,630.0,615.875,627.4749755859375,3157906.0,3,3,11,8433.75,14.125
2016-11-04,626.4000244140625,626.4000244140625,620.875,621.8499755859375,2867460.0,4,4,11,8497.0498046875,5.5250244140625
2016-11-07,626.0,627.4249877929688,620.0,624.7249755859375,2835696.0,0,7,11,8543.5498046875,7.42498779296875
2016-11-08,625.5499877929688,629.0,620.0499877929688,627.1500244140625,2674082.0,1,8,11,8432.0,8.95001220703125
2016-11-09,600.0,628.7000122070312,597.6749877929688,625.625,6822734.0,2,9,11,8525.75,31.0250244140625
2016-11-10,631.875,641.5,627.0499877929688,639.2750244140625,5350368.0,3,10,11,8296.2998046875,14.45001220703125
2016-11-11,637.0,641.0,632.7999877929688,637.9000244140625,3569660.0,4,11,11,8108.4501953125,8.20001220703125
2016-11-15,638.75,644.5,625.3250122070312,627.375,6256262.0,1,15,11,8111.60009765625,19.17498779296875
2016-11-16,634.0,634.0,620.0250244140625,622.1749877929688,4323872.0,2,16,11,8079.9501953125,13.9749755859375
2016-11-17,619.1500244140625,624.4500122070312,612.5750122070312,615.0999755859375,2407812.0,3,17,11,8074.10009765625,11.875
2016-11-18,618.0,618.0,604.5999755859375,605.7000122070312,3439950.0,4,18,11,7929.10009765625,13.4000244140625
2016-11-21,609.75,609.75,594.1749877929688,599.3499755859375,2776260.0,0,21,11,8002.2998046875,15.57501220703125
2016-11-22,603.4000244140625,603.4000244140625,594.6749877929688,599.0250244140625,5008892.0,1,22,11,8033.2998046875,8.72503662109375
2016-11-23,601.5,601.5,590.5499877929688,592.375,1766346.0,2,23,11,7965.5,10.95001220703125
2016-11-24,592.0,593.1500244140625,580.4500122070312,582.75,7642998.0,3,24,11,8114.2998046875,12.70001220703125
2016-11-25,584.5,596.5999755859375,579.0,594.6500244140625,2984980.0,4,25,11,8126.89990234375,17.5999755859375
2016-11-28,590.125,599.4500122070312,589.0499877929688,592.2249755859375,2065090.0,0,28,11,8142.14990234375,10.4000244140625
2016-11-29,592.3499755859375,596.4749755859375,588.25,589.375,1966322.0,1,29,11,8224.5,8.2249755859375
2016-11-30,592.5,601.0,590.5499877929688,599.7999877929688,3221420.0,2,30,11,8192.900390625,10.45001220703125
2016-12-01,601.1500244140625,603.9500122070312,596.5,598.625,2238492.0,3,1,12,8086.7998046875,7.45001220703125
2016-12-02,594.5,600.9749755859375,588.3499755859375,594.5499877929688,2031336.0,4,2,12,8128.75,12.625
2016-12-05,593.7999877929688,599.4749755859375,588.25,598.1749877929688,2275968.0,0,5,12,8143.14990234375,11.2249755859375
2016-12-06,597.5,601.4249877929688,595.0999755859375,597.2249755859375,1351482.0,1,6,12,8102.0498046875,6.32501220703125
2016-12-07,600.9249877929688,602.9500122070312,583.5,590.7999877929688,2814096.0,2,7,12,8246.849609375,19.45001220703125
2016-12-08,593.5,602.7750244140625,593.5,599.75,2154848.0,3,8,12,8261.75,9.2750244140625
2016-12-09,599.5499877929688,601.1500244140625,594.0,599.1500244140625,2193976.0,4,9,12,8170.7998046875,7.1500244140625
2016-12-12,596.0,596.0750122070312,590.5499877929688,592.2249755859375,1712636.0,0,12,12,8221.7998046875,5.5250244140625
2016-12-13,590.125,595.1749877929688,589.2750244140625,593.125,1263434.0,1,13,12,8182.4501953125,5.89996337890625
2016-12-14,593.5,594.0,586.7000122070312,587.8499755859375,2157072.0,2,14,12,8153.60009765625,7.29998779296875
2016-12-15,582.0999755859375,597.25,581.7999877929688,588.2999877929688,2470744.0,3,15,12,8139.4501953125,15.45001220703125
2016-12-16,588.2999877929688,592.5,585.7750244140625,591.1500244140625,1627914.0,4,16,12,8104.35009765625,6.7249755859375
2016-12-19,588.4000244140625,589.75,585.25,588.375,1580218.0,0,19,12,8082.39990234375,4.5
2016-12-20,588.0,592.5,585.8499755859375,590.9500122070312,2094996.0,1,20,12,8061.2998046875,6.6500244140625
2016-12-21,592.0,592.5,587.5,590.0,1329438.0,2,21,12,7979.10009765625,5.0
2016-12-22,588.2000122070312,589.75,584.2000122070312,586.5499877929688,1402858.0,3,22,12,7985.75,5.54998779296875
2016-12-23,585.5,594.625,584.6500244140625,593.125,2376258.0,4,23,12,7908.25,9.9749755859375
2016-12-26,589.2750244140625,593.0499877929688,585.0499877929688,587.5,2091932.0,0,26,12,8032.85009765625,8.0
2016-12-27,589.6500244140625,593.4500122070312,586.9500122070312,592.5999755859375,2449648.0,1,27,12,8034.85009765625,6.5
2016-12-28,594.9500122070312,597.4749755859375,590.5,593.375,3253920.0,2,28,12,8103.60009765625,6.9749755859375
2016-12-29,592.5,603.9749755859375,590.7249755859375,602.5999755859375,4050408.0,3,29,12,8185.7998046875,13.25
2016-12-30,600.0,606.0,599.9749755859375,603.0999755859375,2033270.0,4,30,12,8179.5,6.0250244140625
2017-01-02,604.7249755859375,605.0499877929688,596.0250244140625,598.5499877929688,1854328.0,0,2,1,8192.25,9.02496337890625
2017-01-03,600.4000244140625,600.9749755859375,592.875,594.9500122070312,1923750.0,1,3,1,8190.5,8.0999755859375
2017-01-04,594.9249877929688,596.0,591.9000244140625,592.75,3483560.0,2,4,1,8273.7998046875,4.0999755859375
2017-01-05,594.5,597.25,591.5499877929688,593.0999755859375,3388192.0,3,5,1,8243.7998046875,5.70001220703125
2017-01-06,595.0499877929688,599.2000122070312,594.0999755859375,596.8250122070312,2762630.0,4,6,1,8236.0498046875,5.10003662109375
2017-01-09,599.4249877929688,602.0750122070312,596.0750122070312,597.5999755859375,2286898.0,0,9,1,8288.599609375,6.0
2017-01-10,598.0999755859375,608.4000244140625,597.6500244140625,607.1749877929688,2773058.0,1,10,1,8380.650390625,10.75
2017-01-11,608.75,619.0499877929688,607.75,617.0,4671702.0,2,11,1,8407.2001953125,11.29998779296875
2017-01-12,617.5,621.8499755859375,612.75,617.5,1458158.0,3,12,1,8400.349609375,9.0999755859375
2017-01-13,619.5,619.8499755859375,614.2999877929688,616.25,1925206.0,4,13,1,8412.7998046875,5.54998779296875
2017-01-16,616.75,624.7249755859375,616.4000244140625,623.8250122070312,1882932.0,0,16,1,8398.0,8.324951171875
2017-01-17,623.5,626.2000122070312,618.125,619.25,1779806.0,1,17,1,8417.0,8.07501220703125
2017-01-18,620.4500122070312,628.0,620.4249877929688,621.2999877929688,2306444.0,2,18,1,8435.099609375,7.57501220703125
2017-01-19,622.4500122070312,622.4500122070312,617.5,618.1500244140625,1756206.0,3,19,1,8349.349609375,4.95001220703125
2017-01-20,618.0,622.5,615.0,618.1749877929688,6971034.0,4,20,1,8391.5,7.5
2017-01-23,618.0,625.0,617.9000244140625,622.3250122070312,2396924.0,0,23,1,8475.7998046875,7.0999755859375
2017-01-24,625.0,635.75,624.625,633.7750244140625,5130932.0,1,24,1,8602.75,11.125
2017-01-25,636.2999877929688,647.7999877929688,635.0499877929688,645.2999877929688,7818492.0,2,25,1,8641.25,12.75
2017-01-27,649.5,650.0,644.0,645.9500122070312,3426118.0,4,27,1,8632.75,6.0
2017-01-30,646.4749755859375,646.4749755859375,640.2750244140625,642.4749755859375,2659814.0,0,30,1,8561.2998046875,6.199951171875
2017-01-31,641.2000122070312,646.3499755859375,638.5,643.3250122070312,3050520.0,1,31,1,8716.400390625,7.8499755859375
2017-02-01,643.0999755859375,655.0,640.25,652.8499755859375,5455332.0,2,1,2,8734.25,14.75
2017-02-02,652.8499755859375,652.8499755859375,646.2999877929688,649.3499755859375,2985818.0,3,2,2,8740.9501953125,6.54998779296875
2017-02-03,649.5,658.0,648.25,655.5250244140625,4002552.0,4,3,2,8801.0498046875,9.75
2017-02-06,656.1500244140625,660.0,655.7249755859375,657.0499877929688,2155110.0,0,6,2,8768.2998046875,4.2750244140625
2017-02-07,658.0,659.0,651.4749755859375,653.5750122070312,1705960.0,1,7,2,8769.0498046875,7.5250244140625
2017-02-08,653.7750244140625,659.3499755859375,649.0750122070312,652.8250122070312,2470480.0,2,8,2,8778.400390625,10.27496337890625
2017-02-09,654.7000122070312,659.9500122070312,646.2750244140625,648.8250122070312,2232688.0,3,9,2,8793.5498046875,13.67498779296875
2017-02-10,649.1749877929688,654.375,649.0,651.7999877929688,1648368.0,4,10,2,8805.0498046875,5.375
2017-02-13,653.7750244140625,657.5,649.5999755859375,655.0999755859375,1397896.0,0,13,2,8792.2998046875,7.9000244140625
2017-02-14,657.0,657.0,652.0,655.5499877929688,1223030.0,1,14,2,8724.7001953125,5.0
2017-02-15,656.0,662.0,653.7249755859375,661.0999755859375,3063470.0,2,15,2,8778.0,8.2750244140625
2017-02-16,661.5,666.5,660.125,663.9500122070312,2521850.0,3,16,2,8821.7001953125,6.375
2017-02-17,722.5,727.0,680.2249755859375,688.5250244140625,201129980.0,4,17,2,8879.2001953125,46.7750244140625
2017-02-20,680.5999755859375,707.7249755859375,679.5750122070312,704.5499877929688,5283358.0,0,20,2,8907.849609375,28.14996337890625
2017-02-21,703.0250244140625,710.9000244140625,698.7000122070312,707.7750244140625,3130014.0,1,21,2,8926.900390625,12.20001220703125
2017-02-22,707.5,709.4000244140625,697.4249877929688,699.5750122070312,2648388.0,2,22,2,8939.5,11.97503662109375
2017-02-23,701.9000244140625,710.6749877929688,693.5250244140625,697.1500244140625,17247490.0,3,23,2,8896.7001953125,17.14996337890625
2017-02-27,695.4500122070312,699.1749877929688,689.2999877929688,696.7999877929688,2340688.0,0,27,2,8879.599609375,9.875
2017-02-28,696.4500122070312,698.125,692.25,695.0499877929688,1464004.0,1,28,2,8945.7998046875,5.875
2017-03-01,698.2249755859375,698.25,693.2000122070312,695.8250122070312,1740868.0,2,1,3,8899.75,5.04998779296875
2017-03-02,697.2750244140625,698.0,688.125,690.0499877929688,2300994.0,3,2,3,8897.5498046875,9.875
2017-03-03,692.25,692.25,684.5,688.5,1246412.0,4,3,3,8963.4501953125,7.75
2017-03-06,688.4000244140625,694.9500122070312,686.5499877929688,690.375,1839562.0,0,6,3,8946.900390625,8.4000244140625
2017-03-07,691.125,693.75,688.0999755859375,693.0999755859375,1556438.0,1,7,3,8924.2998046875,5.6500244140625
2017-03-08,693.9500122070312,699.5999755859375,690.5250244140625,696.0999755859375,1891072.0,2,8,3,8927.0,9.074951171875
2017-03-09,690.8250122070312,699.3499755859375,690.8250122070312,697.0999755859375,1754658.0,3,9,3,8934.5498046875,8.52496337890625
2017-03-10,697.5,704.0,696.5750122070312,700.0499877929688,2930352.0,4,10,3,9087.0,7.42498779296875
2017-03-14,711.0499877929688,712.0750122070312,703.3250122070312,705.3499755859375,3577510.0,1,14,3,9084.7998046875,8.75
2017-03-15,705.4749755859375,710.0,705.2750244140625,708.2999877929688,2135930.0,2,15,3,9153.7001953125,4.7249755859375
2017-03-16,709.0499877929688,711.4249877929688,706.8250122070312,708.6749877929688,2490054.0,3,16,3,9160.0498046875,4.5999755859375
2017-03-17,709.2750244140625,713.75,706.4249877929688,712.9249877929688,1695232.0,4,17,3,9126.849609375,7.32501220703125
2017-03-20,713.3250122070312,719.9249877929688,712.9749755859375,718.0499877929688,4071172.0,0,20,3,9121.5,6.95001220703125
2017-03-21,717.0,722.5,717.0,720.4749755859375,2778640.0,1,21,3,9030.4501953125,5.5
2017-03-22,713.8499755859375,718.5,712.9000244140625,715.4500122070312,2818272.0,2,22,3,9086.2998046875,5.5999755859375
2017-03-23,717.2000122070312,717.5,711.4500122070312,715.4500122070312,2461236.0,3,23,3,9108.0,6.04998779296875
2017-03-24,716.5,717.2249755859375,711.0,712.1749877929688,1905182.0,4,24,3,9045.2001953125,6.2249755859375
2017-03-27,712.0,712.0,702.0250244140625,704.9249877929688,2932042.0,0,27,3,9100.7998046875,9.9749755859375
2017-03-28,709.1500244140625,712.3499755859375,706.5499877929688,710.0999755859375,4030700.0,1,28,3,9143.7998046875,5.79998779296875
2017-03-29,710.4000244140625,717.4000244140625,710.0,714.2999877929688,4287886.0,2,29,3,9173.75,7.4000244140625
2017-03-30,714.0,739.9749755859375,712.5250244140625,733.0999755859375,17160546.0,3,30,3,9173.75,27.449951171875
2017-03-31,726.9000244140625,727.0,718.2750244140625,721.2750244140625,4825696.0,4,31,3,9237.849609375,8.7249755859375
2017-04-03,723.0,725.0499877929688,713.0,716.5999755859375,2074526.0,0,3,4,9265.150390625,12.04998779296875
2017-04-05,717.625,723.25,713.7750244140625,716.1749877929688,2872040.0,2,5,4,9261.9501953125,9.4749755859375
2017-04-06,715.75,721.5,712.5250244140625,719.25,3062208.0,3,6,4,9198.2998046875,8.9749755859375
2017-04-07,715.5250244140625,722.5,714.2999877929688,719.4249877929688,2324180.0,4,7,4,9181.4501953125,8.20001220703125
2017-04-10,721.5,721.5,716.3250122070312,717.0750122070312,1696938.0,0,10,4,9237.0,5.17498779296875
2017-04-11,717.0,720.5999755859375,715.75,719.75,2178130.0,1,11,4,9203.4501953125,4.8499755859375
2017-04-12,719.5,724.9749755859375,717.75,721.8499755859375,1782546.0,2,12,4,9150.7998046875,7.2249755859375
2017-04-13,721.5,724.4500122070312,718.5250244140625,720.1500244140625,2402118.0,3,13,4,9139.2998046875,5.92498779296875
2017-04-17,720.1500244140625,721.9000244140625,714.125,718.4000244140625,3568528.0,0,17,4,9105.150390625,7.7750244140625
2017-04-18,720.0,727.5,719.0,723.6500244140625,1819430.0,1,18,4,9103.5,8.5
2017-04-19,723.5,728.375,719.0,724.5,2169072.0,2,19,4,9136.400390625,9.375
2017-04-20,726.5,733.0250244140625,726.4749755859375,731.0750122070312,2890686.0,3,20,4,9119.400390625,6.550048828125
2017-04-21,733.0,749.5,726.6500244140625,748.2999877929688,8629016.0,4,21,4,9217.9501953125,22.8499755859375
2017-04-24,749.0499877929688,769.5,748.5,766.5250244140625,10103476.0,0,24,4,9306.599609375,21.0
2017-04-25,767.5250244140625,772.75,764.7999877929688,768.5250244140625,4528890.0,1,25,4,9351.849609375,7.95001220703125
2017-04-26,771.4749755859375,776.5,734.2249755859375,775.3250122070312,3897926.0,2,26,4,9342.150390625,42.2750244140625
2017-04-27,773.0499877929688,786.9749755859375,773.0499877929688,784.2999877929688,8090210.0,3,27,4,9304.0498046875,13.92498779296875
2017-04-28,779.9500122070312,779.9500122070312,768.5499877929688,773.25,2718864.0,4,28,4,9313.7998046875,11.4000244140625
2017-05-02,773.5,775.4500122070312,765.1749877929688,770.2999877929688,2003520.0,1,2,5,9311.9501953125,10.2750244140625
2017-05-03,777.125,777.125,769.6749877929688,772.1500244140625,1253982.0,2,3,5,9359.900390625,7.45001220703125
2017-05-04,769.625,771.4500122070312,761.2999877929688,767.4000244140625,2565514.0,3,4,5,9285.2998046875,10.1500244140625
2017-05-05,771.0499877929688,771.4500122070312,763.1500244140625,766.0999755859375,1378948.0,4,5,5,9314.0498046875,8.29998779296875
2017-05-08,769.0,770.0,764.2750244140625,767.4000244140625,1873626.0,0,8,5,9316.849609375,5.7249755859375
2017-05-09,767.4000244140625,772.7999877929688,766.3250122070312,767.875,1672918.0,1,9,5,9407.2998046875,6.4749755859375
2017-05-10,770.0,777.5,768.5250244140625,775.9000244140625,1171122.0,2,10,5,9422.400390625,8.9749755859375
2017-05-11,775.5,780.0,770.5,773.2000122070312,1937872.0,3,11,5,9400.900390625,9.5
2017-05-12,772.9500122070312,778.4500122070312,768.0999755859375,775.8250122070312,3073802.0,4,12,5,9445.400390625,10.35003662109375
2017-05-15,775.0,778.5999755859375,771.125,776.7000122070312,1402390.0,0,15,5,9512.25,7.4749755859375
2017-05-16,777.5,781.0,774.125,779.8250122070312,1795188.0,1,16,5,9525.75,6.875
2017-05-17,779.4000244140625,782.7000122070312,775.75,778.5750122070312,1736236.0,2,17,5,9429.4501953125,6.95001220703125
2017-05-18,774.5,780.75,774.0499877929688,778.5499877929688,1553640.0,3,18,5,9427.900390625,6.70001220703125
2017-05-19,779.75,784.9500122070312,772.625,780.625,1427068.0,4,19,5,9438.25,12.32501220703125
2017-05-22,782.5499877929688,790.0,781.5499877929688,788.0,1430026.0,0,22,5,9386.150390625,8.45001220703125
2017-05-23,790.0,791.7750244140625,782.5,784.5499877929688,1540086.0,1,23,5,9360.5498046875,9.2750244140625
2017-05-24,784.5250244140625,787.7249755859375,781.0,783.375,1733694.0,2,24,5,9509.75,6.7249755859375
2017-05-25,783.5499877929688,814.7000122070312,783.5499877929688,808.5750122070312,10045402.0,3,25,5,9595.099609375,31.1500244140625
2017-05-26,803.3250122070312,816.0,800.5499877929688,813.0,2721578.0,4,26,5,9604.900390625,15.45001220703125
2017-05-29,809.9000244140625,824.0,808.8250122070312,815.9500122070312,2958170.0,0,29,5,9624.5498046875,15.17498779296875
2017-05-30,815.0,816.75,808.0750122070312,814.5250244140625,2217092.0,1,30,5,9621.25,8.67498779296875
2017-05-31,812.5,821.5,811.5750122070312,818.0999755859375,2659456.0,2,31,5,9616.099609375,9.92498779296875
2017-06-01,819.5,819.9249877929688,810.2750244140625,814.2999877929688,1679770.0,3,1,6,9653.5,9.64996337890625
2017-06-02,817.0,823.0499877929688,813.0999755859375,817.125,1606772.0,4,2,6,9675.099609375,9.95001220703125
2017-06-05,816.8499755859375,819.4749755859375,812.5,817.7750244140625,1449950.0,0,5,6,9637.150390625,6.9749755859375
2017-06-06,817.5,821.9000244140625,815.0,819.4749755859375,2501316.0,1,6,6,9663.900390625,6.9000244140625
2017-06-07,820.2000122070312,822.4500122070312,815.1749877929688,820.4000244140625,1277138.0,2,7,6,9647.25,7.2750244140625
2017-06-08,821.9500122070312,829.7000122070312,820.8250122070312,822.375,2124384.0,3,8,6,9668.25,8.875
2017-06-09,820.0499877929688,835.0,820.0499877929688,833.4000244140625,2652636.0,4,9,6,9616.400390625,14.95001220703125
2017-06-12,832.0,838.0,830.0,834.375,1985706.0,0,12,6,9606.900390625,8.0
2017-06-13,830.875,845.9500122070312,830.5,838.3499755859375,2525810.0,1,13,6,9618.150390625,15.45001220703125
2017-06-14,837.5,839.9749755859375,833.5,835.5999755859375,1929180.0,2,14,6,9578.0498046875,6.4749755859375
2017-06-15,834.0,837.7999877929688,826.7999877929688,832.1749877929688,1763346.0,3,15,6,9588.0498046875,11.0
2017-06-16,832.5,837.3499755859375,829.0499877929688,834.625,1877552.0,4,16,6,9657.5498046875,8.29998779296875
2017-06-19,835.5,848.0,834.2000122070312,846.4500122070312,1912766.0,0,19,6,9653.5,13.79998779296875
2017-06-20,845.0,847.0,839.9249877929688,843.2750244140625,1830132.0,1,20,6,9633.599609375,7.07501220703125
2017-06-21,841.2999877929688,850.625,839.7999877929688,849.3499755859375,1705466.0,2,21,6,9630.0,10.82501220703125
2017-06-22,847.4749755859375,858.0,845.5999755859375,849.0,3337730.0,3,22,6,9574.9501953125,12.4000244140625
2017-06-23,851.0,851.375,837.5999755859375,839.3250122070312,2608734.0,4,23,6,9511.400390625,13.7750244140625
2017-06-27,844.5,847.5,828.125,833.8250122070312,3000216.0,1,27,6,9491.25,19.375
2017-06-28,832.5,837.5,828.9000244140625,833.2249755859375,2224518.0,2,28,6,9504.099609375,8.5999755859375
2017-06-29,833.5,840.9500122070312,825.5499877929688,831.5250244140625,4593854.0,3,29,6,9520.900390625,15.4000244140625
2017-06-30,826.9000244140625,830.0,821.5,826.0250244140625,2165216.0,4,30,6,9615.0,8.5
2017-07-03,826.2999877929688,833.75,823.625,829.2999877929688,1752166.0,0,3,7,9613.2998046875,10.125
2017-07-04,830.125,833.3499755859375,826.0,826.6749877929688,1883040.0,1,4,7,9637.599609375,7.3499755859375
2017-07-05,826.5499877929688,829.75,822.5,824.375,2007100.0,2,5,7,9674.5498046875,7.25
2017-07-06,826.2750244140625,831.5,825.6749877929688,829.0750122070312,2285838.0,3,6,7,9665.7998046875,5.82501220703125
2017-07-07,830.4249877929688,834.7999877929688,829.0,833.5999755859375,2758698.0,4,7,7,9771.0498046875,5.79998779296875
2017-07-10,834.0,874.0,830.5250244140625,838.1749877929688,654626.0,0,10,7,9786.0498046875,43.4749755859375
2017-07-11,838.7750244140625,845.4000244140625,833.5499877929688,840.2000122070312,2205140.0,1,11,7,9816.099609375,11.85003662109375
2017-07-12,840.0,842.5,829.2750244140625,840.625,2869446.0,2,12,7,9891.7001953125,13.2249755859375
2017-07-13,844.0,846.6500244140625,839.8250122070312,841.7750244140625,2240502.0,3,13,7,9886.349609375,6.82501220703125
2017-07-14,841.9500122070312,843.0250244140625,836.0,839.9749755859375,1221626.0,4,14,7,9915.9501953125,7.0250244140625
2017-07-17,841.2750244140625,843.8250122070312,838.5,841.1749877929688,1199670.0,0,17,7,9827.150390625,5.32501220703125
2017-07-18,839.8499755859375,843.9249877929688,838.6749877929688,841.7750244140625,1161094.0,1,18,7,9899.599609375,5.25
2017-07-19,842.5,848.0999755859375,840.9249877929688,846.1500244140625,1993622.0,2,19,7,9873.2998046875,7.17498779296875
2017-07-20,846.9500122070312,857.5,844.0750122070312,855.4500122070312,1849238.0,3,20,7,9915.25,13.42498779296875
2017-07-21,857.0499877929688,857.625,850.0,851.5250244140625,1936754.0,4,21,7,9966.400390625,7.625
2017-07-24,855.0,870.0,847.5,867.5499877929688,9839088.0,0,24,7,9964.5498046875,22.5
2017-07-25,879.5,879.5,866.5250244140625,869.8250122070312,5580234.0,1,25,7,10020.650390625,12.9749755859375
2017-07-26,871.0,877.5,866.25,873.7750244140625,1947672.0,2,26,7,10020.5498046875,11.25
2017-07-27,878.0,899.4000244140625,875.7750244140625,894.8250122070312,8980856.0,3,27,7,10014.5,23.625
2017-07-28,886.0,893.25,880.5499877929688,889.25,4627698.0,4,28,7,10077.099609375,12.70001220703125
2017-07-31,888.7750244140625,895.5,883.2750244140625,892.2000122070312,3684570.0,0,31,7,10114.650390625,12.2249755859375
2017-08-01,890.9249877929688,904.5750122070312,886.0999755859375,898.5999755859375,4258430.0,1,1,8,10081.5,18.47503662109375
2017-08-02,903.5,903.5,891.0250244140625,895.8250122070312,3698958.0,2,2,8,10013.650390625,12.4749755859375
2017-08-03,894.0,896.0,887.2000122070312,889.9749755859375,2128392.0,3,3,8,10066.400390625,8.79998779296875
2017-08-04,888.5,898.375,883.0750122070312,895.125,1772534.0,4,4,8,10057.400390625,15.29998779296875
2017-08-07,893.0,898.2249755859375,892.5,894.2750244140625,959330.0,0,7,8,9978.5498046875,5.7249755859375
2017-08-08,896.0499877929688,898.625,883.0499877929688,888.9500122070312,2017686.0,1,8,8,9908.0498046875,15.57501220703125
2017-08-09,885.5,888.5250244140625,879.1749877929688,882.2249755859375,1635028.0,2,9,8,9820.25,9.35003662109375
2017-08-10,880.0,883.0,876.4249877929688,880.2249755859375,3894222.0,3,10,8,9710.7998046875,6.57501220703125
2017-08-11,872.5,879.0,865.5750122070312,874.5250244140625,3179918.0,4,11,8,9794.150390625,13.42498779296875
2017-08-14,876.5,887.4749755859375,874.0,878.5999755859375,1788542.0,0,14,8,9897.2998046875,13.4749755859375
2017-08-16,881.1749877929688,894.9000244140625,874.2750244140625,890.625,2213416.0,2,16,8,9904.150390625,20.625
2017-08-17,888.125,890.4749755859375,876.875,882.7000122070312,2727434.0,3,17,8,9837.400390625,13.5999755859375
2017-08-18,880.0,880.5,871.5,876.0750122070312,1853732.0,4,18,8,9754.349609375,9.0
2017-08-21,877.0,879.5,869.0999755859375,871.5999755859375,2004862.0,0,21,8,9765.5498046875,10.4000244140625
2017-08-22,875.6500244140625,877.0,868.4000244140625,873.5,3304778.0,1,22,8,9852.5,8.5999755859375
2017-08-23,875.0,888.9749755859375,875.0,886.2249755859375,1680262.0,2,23,8,9857.0498046875,13.9749755859375
2017-08-24,887.4500122070312,887.4749755859375,879.5750122070312,881.25,3939138.0,3,24,8,9912.7998046875,7.89996337890625
2017-08-28,881.2000122070312,885.5750122070312,879.1749877929688,881.125,753892.0,0,28,8,9796.0498046875,6.4000244140625
2017-08-29,879.5,879.5,869.0,873.0750122070312,2459298.0,1,29,8,9884.400390625,10.5
2017-08-30,875.9749755859375,885.0,875.0250244140625,884.2750244140625,1347160.0,2,30,8,9917.900390625,9.9749755859375
2017-08-31,886.0,889.9249877929688,878.2000122070312,888.2249755859375,3651718.0,3,31,8,9974.400390625,11.7249755859375
2017-09-01,890.5,890.7249755859375,880.5499877929688,883.7999877929688,1147586.0,4,1,9,9912.849609375,10.17498779296875
2017-09-04,882.5,882.5,873.0499877929688,875.4500122070312,1821262.0,0,4,9,9952.2001953125,9.45001220703125
2017-09-05,878.5,882.4500122070312,875.5,877.6749877929688,1841218.0,1,5,9,9916.2001953125,6.95001220703125
2017-09-06,871.875,881.4000244140625,869.0,879.9500122070312,2875816.0,2,6,9,9929.900390625,12.4000244140625
2017-09-07,880.0499877929688,888.375,880.0499877929688,883.2750244140625,3473210.0,3,7,9,9934.7998046875,8.32501220703125
2017-09-08,886.7000122070312,895.0,885.5,893.8250122070312,4155832.0,4,8,9,10006.0498046875,9.5
2017-09-11,896.5,914.5,895.0999755859375,911.6749877929688,5738838.0,0,11,9,10093.0498046875,19.4000244140625
2017-09-12,913.8499755859375,919.9500122070312,909.1500244140625,917.5999755859375,3343840.0,1,12,9,10079.2998046875,10.79998779296875
2017-09-13,917.5,924.5,912.0,920.9249877929688,2497688.0,2,13,9,10086.599609375,12.5
2017-09-14,920.0750122070312,926.25,915.75,919.7000122070312,4077008.0,3,14,9,10085.400390625,10.5
2017-09-15,918.0,925.9000244140625,916.7249755859375,924.4749755859375,1883666.0,4,15,9,10153.099609375,9.175048828125
2017-09-18,926.7750244140625,932.2249755859375,926.25,930.2249755859375,2042464.0,0,18,9,10147.5498046875,5.9749755859375
2017-09-19,932.4500122070312,934.0,923.7750244140625,924.8499755859375,2120734.0,1,19,9,10141.150390625,10.2249755859375
2017-09-20,924.0,930.7249755859375,922.625,924.4249877929688,1723064.0,2,20,9,10121.900390625,8.0999755859375
2017-09-21,924.0,924.25,915.3499755859375,919.5499877929688,3856248.0,3,21,9,9964.400390625,8.9000244140625
2017-09-22,917.4000244140625,919.4749755859375,910.0,912.0499877929688,4121762.0,4,22,9,9872.599609375,9.4749755859375
2017-09-25,911.2249755859375,911.2249755859375,896.2999877929688,899.875,5074614.0,0,25,9,9871.5,14.92498779296875
2017-09-26,894.5250244140625,898.2999877929688,892.5,896.1500244140625,5719366.0,1,26,9,9735.75,5.79998779296875
2017-09-27,898.0,902.7999877929688,885.0,888.25,3668610.0,2,27,9,9768.9501953125,17.79998779296875
2017-09-28,887.0,899.5,881.6500244140625,897.6500244140625,13823232.0,3,28,9,9788.599609375,17.8499755859375
2017-09-29,900.0499877929688,911.0,898.125,902.8499755859375,3106816.0,4,29,9,9859.5,12.875
2017-10-03,904.0,910.5,898.5499877929688,904.4249877929688,2197212.0,1,3,10,9914.900390625,11.95001220703125
2017-10-04,903.9500122070312,905.9500122070312,896.6749877929688,898.5,3312552.0,2,4,10,9888.7001953125,9.2750244140625
2017-10-05,897.5,902.5,896.5499877929688,899.2999877929688,1668098.0,3,5,10,9979.7001953125,5.95001220703125
2017-10-06,899.0,902.2249755859375,897.0,900.0499877929688,1515330.0,4,6,10,9988.75,5.2249755859375
2017-10-09,899.4000244140625,901.5,895.25,897.75,1531246.0,0,9,10,10016.9501953125,6.25
2017-10-10,899.5,907.4749755859375,896.3250122070312,901.3499755859375,1899090.0,1,10,10,9984.7998046875,11.14996337890625
2017-10-11,901.625,907.625,893.7999877929688,895.0750122070312,2633720.0,2,11,10,10096.400390625,13.82501220703125
2017-10-12,897.5499877929688,910.7249755859375,894.0,909.4000244140625,2690780.0,3,12,10,10167.4501953125,16.7249755859375
2017-10-13,913.3499755859375,928.2750244140625,911.0,925.4000244140625,3216732.0,4,13,10,10230.849609375,17.2750244140625
2017-10-16,930.0,936.625,921.0,928.5750122070312,1637272.0,0,16,10,10234.4501953125,15.625
2017-10-17,925.0,926.8499755859375,919.5499877929688,925.625,1306644.0,1,17,10,10210.849609375,7.29998779296875
2017-10-18,920.5,937.5,919.5,934.25,1963360.0,2,18,10,10146.5498046875,18.0
2017-10-19,930.9000244140625,932.5,920.3250122070312,924.2000122070312,285004.0,3,19,10,10184.849609375,12.17498779296875
2017-10-23,929.9500122070312,934.8499755859375,918.0250244140625,931.6500244140625,2081446.0,0,23,10,10207.7001953125,16.824951171875
2017-10-24,931.5,939.7999877929688,926.5,933.5499877929688,5664436.0,1,24,10,10295.349609375,13.29998779296875
2017-10-25,930.0,931.5,892.5,897.5499877929688,10683604.0,2,25,10,10343.7998046875,39.0
2017-10-26,884.0,905.0,878.9249877929688,897.6749877929688,14285732.0,3,26,10,10323.0498046875,26.07501220703125
2017-10-27,902.2000122070312,903.75,889.5,895.5250244140625,3736044.0,4,27,10,10363.650390625,14.25
2017-10-30,899.125,908.0,896.2000122070312,907.5,2711176.0,0,30,10,10335.2998046875,11.79998779296875
2017-10-31,905.75,905.75,899.625,904.25,2341230.0,1,31,10,10440.5,6.125
2017-11-01,907.5499877929688,912.5,906.0,910.5999755859375,2095306.0,2,1,11,10423.7998046875,6.5
2017-11-02,911.5,914.9000244140625,908.4749755859375,911.0499877929688,2368972.0,3,2,11,10452.5,6.425048828125
2017-11-03,912.8499755859375,920.0,910.7999877929688,915.3499755859375,1905244.0,4,3,11,10451.7998046875,9.20001220703125
2017-11-06,912.5,920.0,911.2999877929688,914.2999877929688,3074122.0,0,6,11,10350.150390625,8.70001220703125
2017-11-07,919.0,922.4749755859375,910.375,911.8499755859375,3723188.0,1,7,11,10303.150390625,12.0999755859375
2017-11-08,912.5999755859375,916.7999877929688,909.5,912.9749755859375,1641572.0,2,8,11,10308.9501953125,7.29998779296875
2017-11-09,913.5,917.5,910.5499877929688,913.9249877929688,1556654.0,3,9,11,10321.75,6.95001220703125
2017-11-10,910.8499755859375,917.4000244140625,906.1749877929688,911.0,3872180.0,4,10,11,10224.9501953125,11.22503662109375
2017-11-13,911.0,911.5750122070312,897.5,906.7750244140625,1667936.0,0,13,11,10186.599609375,14.07501220703125
2017-11-14,907.9500122070312,909.5,900.0,901.1749877929688,2356234.0,1,14,11,10118.0498046875,9.5
2017-11-15,899.0,901.8250122070312,894.0,900.125,3074184.0,2,15,11,10214.75,7.82501220703125
2017-11-16,902.0,908.0,897.5999755859375,903.8499755859375,2006486.0,3,16,11,10283.599609375,10.4000244140625
2017-11-17,914.3499755859375,919.1500244140625,906.5750122070312,912.7750244140625,3179386.0,4,17,11,10298.75,12.57501220703125
2017-11-20,914.5,919.8499755859375,914.5,919.0750122070312,1196212.0,0,20,11,10326.900390625,5.3499755859375
2017-11-21,918.7249755859375,925.0,918.0499877929688,923.125,1137766.0,1,21,11,10342.2998046875,6.95001220703125
2017-11-22,924.8499755859375,930.0,922.2750244140625,927.625,2830398.0,2,22,11,10348.75,7.7249755859375
2017-11-23,929.5,930.0,919.0,921.4249877929688,1616290.0,3,23,11,10389.7001953125,11.0
2017-11-24,921.5,928.9000244140625,920.5,925.7000122070312,2601842.0,4,24,11,10399.5498046875,8.4000244140625
2017-11-27,924.5,931.0,922.7999877929688,928.7750244140625,1935236.0,0,27,11,10370.25,8.20001220703125
2017-11-28,928.0,935.5,927.9249877929688,932.6749877929688,2545270.0,1,28,11,10361.2998046875,7.57501220703125
2017-11-29,932.5,937.75,927.9000244140625,936.6500244140625,1637292.0,2,29,11,10226.5498046875,9.8499755859375
2017-11-30,934.3499755859375,936.9749755859375,920.0,926.8499755859375,2898156.0,3,30,11,10121.7998046875,16.9749755859375
2017-12-01,927.4500122070312,930.0,922.0499877929688,924.0999755859375,1929074.0,4,1,12,10127.75,7.95001220703125
2017-12-04,927.4500122070312,927.4500122070312,915.0499877929688,917.0499877929688,1820966.0,0,4,12,10118.25,12.4000244140625
2017-12-05,913.0,914.2750244140625,903.5,910.2249755859375,1946680.0,1,5,12,10044.099609375,10.7750244140625
2017-12-06,909.9749755859375,910.6749877929688,899.5,901.6500244140625,3197560.0,2,6,12,10166.7001953125,11.17498779296875
2017-12-07,903.3250122070312,908.2999877929688,901.5499877929688,904.8250122070312,2115652.0,3,7,12,10265.650390625,6.75
2017-12-08,907.0,926.5,907.0,920.2000122070312,4478200.0,4,8,12,10322.25,19.5
2017-12-11,924.0,925.875,920.0,923.2000122070312,1599116.0,0,11,12,10240.150390625,5.875
2017-12-12,924.5499877929688,924.9500122070312,907.9749755859375,909.9500122070312,1205294.0,1,12,12,10192.9501953125,16.97503662109375
2017-12-13,910.0250244140625,922.5,907.5499877929688,910.6749877929688,1453730.0,2,13,12,10252.099609375,14.95001220703125
2017-12-14,912.0,920.0,906.0,919.0250244140625,1841546.0,3,14,12,10333.25,14.0
2017-12-15,928.0,944.0,927.75,936.7249755859375,6225062.0,4,15,12,10388.75,16.25
2017-12-18,927.5,949.5,904.6500244140625,939.4749755859375,6148994.0,0,18,12,10463.2001953125,44.8499755859375
2017-12-19,939.9000244140625,946.8250122070312,938.0750122070312,942.25,2476056.0,1,19,12,10444.2001953125,8.75
2017-12-20,949.4500122070312,951.5499877929688,931.8250122070312,934.0750122070312,4671752.0,2,20,12,10440.2998046875,19.7249755859375
2017-12-21,939.9500122070312,942.5,932.5999755859375,934.1500244140625,3427272.0,3,21,12,10493.0,9.9000244140625
2017-12-22,939.5,940.0,930.875,938.3250122070312,2235452.0,4,22,12,10531.5,9.125
2017-12-26,940.5,941.4000244140625,928.3499755859375,934.1749877929688,3392848.0,1,26,12,10490.75,13.050048828125
2017-12-27,935.0499877929688,935.1500244140625,925.5750122070312,928.375,1744692.0,2,27,12,10477.900390625,9.57501220703125
2017-12-28,929.4500122070312,940.4500122070312,929.0,939.0250244140625,4350260.0,3,28,12,10530.7001953125,11.45001220703125
2018-01-01,936.3499755859375,940.375,925.25,927.25,3290258.0,0,1,1,10442.2001953125,15.125
2018-01-02,929.2750244140625,937.5,929.2750244140625,936.1749877929688,2388158.0,1,2,1,10443.2001953125,8.2249755859375
2018-01-03,937.5,939.125,925.5999755859375,926.3250122070312,2265644.0,2,3,1,10504.7998046875,13.5250244140625
2018-01-04,926.5,932.75,926.5,929.9500122070312,1186888.0,3,4,1,10558.849609375,6.25
2018-01-05,931.5,934.0250244140625,927.7750244140625,931.7999877929688,1435434.0,4,5,1,10623.599609375,6.25
2018-01-08,932.5,935.3499755859375,928.875,930.2999877929688,2285154.0,0,8,1,10637.0,6.4749755859375
2018-01-09,931.0,934.9249877929688,927.5,931.8499755859375,2652764.0,1,9,1,10632.2001953125,7.42498779296875
2018-01-10,932.5999755859375,933.9500122070312,928.6500244140625,932.0999755859375,2307944.0,2,10,1,10651.2001953125,5.29998779296875
2018-01-11,932.0999755859375,938.0,928.125,936.2750244140625,2029548.0,3,11,1,10681.25,9.875
2018-01-12,936.5,939.0750122070312,930.0,932.6500244140625,2168354.0,4,12,1,10741.5498046875,9.07501220703125
2018-01-15,934.9749755859375,952.2000122070312,929.9249877929688,948.875,6288222.0,0,15,1,10700.4501953125,22.2750244140625
2018-01-16,951.7249755859375,955.0,942.625,950.0750122070312,3222692.0,1,16,1,10788.5498046875,12.375
2018-01-17,948.5,951.2750244140625,943.5,945.25,1452748.0,2,17,1,10817.0,7.7750244140625
2018-01-18,962.0,977.0,959.0250244140625,967.1500244140625,8324770.0,3,18,1,10894.7001953125,17.9749755859375
2018-01-19,967.5750122070312,979.9500122070312,959.625,976.0999755859375,5727994.0,4,19,1,10966.2001953125,20.32501220703125
2018-01-22,980.0,994.0,976.5750122070312,981.6749877929688,4424884.0,0,22,1,11083.7001953125,17.42498779296875
2018-01-23,982.5,983.3499755859375,971.6500244140625,975.6500244140625,2523898.0,1,23,1,11086.0,11.699951171875
2018-01-24,976.2750244140625,984.5,975.2999877929688,978.8250122070312,2395284.0,2,24,1,11069.650390625,9.20001220703125
2018-01-25,976.9500122070312,990.0,975.25,987.4749755859375,4361834.0,3,25,1,11130.400390625,14.75
2018-01-29,989.0,1003.4749755859375,989.0,999.8250122070312,4117946.0,0,29,1,11049.650390625,14.4749755859375
2018-01-30,998.9000244140625,1000.9500122070312,992.0750122070312,997.75,3198780.0,1,30,1,11027.7001953125,8.875
2018-01-31,994.7000122070312,1006.75,993.5,1002.8499755859375,3471674.0,2,31,1,11016.900390625,13.25
2018-02-01,1003.0,1007.5,992.6500244140625,995.5750122070312,3260710.0,3,1,2,10760.599609375,14.8499755859375
2018-02-02,993.0,994.9500122070312,970.75,974.0,3673062.0,4,2,2,10666.5498046875,24.20001220703125
2018-02-05,959.0,967.625,952.9249877929688,956.9249877929688,3963392.0,0,5,2,10498.25,14.70001220703125
2018-02-06,930.0,956.0,918.1500244140625,948.4000244140625,5374902.0,1,6,2,10476.7001953125,37.8499755859375
2018-02-07,953.5,953.5,931.2000122070312,936.4000244140625,4182486.0,2,7,2,10576.849609375,22.29998779296875
2018-02-08,942.0,949.2999877929688,933.25,940.4749755859375,2585722.0,3,8,2,10454.9501953125,16.04998779296875
2018-02-09,923.9500122070312,932.3499755859375,922.0499877929688,924.75,3204476.0,4,9,2,10539.75,10.29998779296875
2018-02-12,930.0,943.0,927.5750122070312,938.3250122070312,2190554.0,0,12,2,10500.900390625,15.42498779296875
2018-02-14,944.9000244140625,948.9500122070312,937.3250122070312,941.5750122070312,1788594.0,2,14,2,10545.5,11.625
2018-02-15,944.8499755859375,947.375,937.5,940.9500122070312,2457612.0,3,15,2,10452.2998046875,9.875
2018-02-16,941.9500122070312,947.4249877929688,937.8250122070312,939.2999877929688,1791760.0,4,16,2,10378.400390625,9.5999755859375
2018-02-19,941.2999877929688,943.7999877929688,929.5250244140625,939.0999755859375,1827276.0,0,19,2,10360.400390625,14.27496337890625
2018-02-20,942.375,942.9249877929688,929.4000244140625,931.5999755859375,2042034.0,1,20,2,10397.4501953125,13.52496337890625
2018-02-21,933.9749755859375,934.2750244140625,926.0999755859375,928.7000122070312,1376536.0,2,21,2,10382.7001953125,8.175048828125
2018-02-22,925.0,930.0,920.7750244140625,926.5999755859375,6626798.0,3,22,2,10491.0498046875,9.2249755859375
2018-02-23,928.4500122070312,942.4249877929688,925.2000122070312,940.2750244140625,2038374.0,4,23,2,10582.599609375,17.2249755859375
2018-02-26,944.0499877929688,957.4000244140625,941.7750244140625,955.7750244140625,2394442.0,0,26,2,10554.2998046875,15.625
2018-02-27,957.375,960.875,950.0,951.2750244140625,2393664.0,1,27,2,10492.849609375,10.875
2018-02-28,944.7750244140625,947.7249755859375,939.0,942.0999755859375,2033182.0,2,28,2,10458.349609375,8.7249755859375
2018-03-01,939.6500244140625,946.6500244140625,934.0,937.1749877929688,1954920.0,3,1,3,10358.849609375,12.6500244140625
2018-03-05,937.0750122070312,939.0,929.125,934.9749755859375,1890732.0,0,5,3,10249.25,9.875
2018-03-06,935.0,939.9500122070312,919.75,923.125,2288414.0,1,6,3,10154.2001953125,20.20001220703125
2018-03-07,920.0,926.7000122070312,914.25,916.2999877929688,2814082.0,2,7,3,10242.650390625,12.45001220703125
2018-03-08,919.9000244140625,929.25,916.0,926.4249877929688,2759362.0,3,8,3,10226.849609375,13.25
2018-03-09,927.4749755859375,932.625,922.0,925.5250244140625,2054054.0,4,9,3,10421.400390625,10.625
2018-03-12,930.0999755859375,934.7249755859375,926.7000122070312,933.625,3278558.0,0,12,3,10426.849609375,8.02496337890625
2018-03-13,933.7249755859375,942.375,927.5,930.125,2562100.0,1,13,3,10410.900390625,14.875
2018-03-14,928.0,933.9500122070312,924.0,932.25,1840196.0,2,14,3,10360.150390625,9.95001220703125
2018-03-15,932.5999755859375,943.75,932.5999755859375,940.4000244140625,2935462.0,3,15,3,10195.150390625,11.1500244140625
2018-03-16,940.0,940.5499877929688,923.2750244140625,926.5,3948168.0,4,16,3,10094.25,17.27496337890625
2018-03-19,926.5,930.0,921.5750122070312,923.625,3919370.0,0,19,3,10124.349609375,8.42498779296875
2018-03-20,922.5499877929688,927.9500122070312,917.625,919.75,1828686.0,1,20,3,10155.25,10.32501220703125
2018-03-21,924.0,931.5999755859375,921.6500244140625,929.4500122070312,2960570.0,2,21,3,10114.75,9.949951171875
2018-03-22,929.4500122070312,940.0,927.5499877929688,933.875,3336612.0,3,22,3,9998.0498046875,12.45001220703125
2018-03-23,923.3250122070312,926.5499877929688,918.625,920.7750244140625,3595076.0,4,23,3,10130.650390625,7.92498779296875
2018-03-26,919.9500122070312,950.0,916.75,946.7249755859375,5250884.0,0,26,3,10184.150390625,33.25
2018-03-27,946.9000244140625,949.5,938.0,946.2999877929688,3068418.0,1,27,3,10113.7001953125,11.5
2018-03-28,941.4749755859375,949.8499755859375,938.0250244140625,943.0499877929688,4418754.0,2,28,3,10211.7998046875,11.824951171875
2018-04-02,945.25,967.875,945.25,965.5999755859375,2298184.0,0,2,4,10245.0,22.625
2018-04-03,961.9749755859375,962.8499755859375,955.5,957.9500122070312,2039942.0,1,3,4,10128.400390625,7.3499755859375
2018-04-04,956.4749755859375,962.4749755859375,939.2249755859375,941.625,1857054.0,2,4,4,10325.150390625,23.25
2018-04-05,950.6500244140625,957.0,945.0999755859375,954.4500122070312,2429446.0,3,5,4,10331.599609375,11.9000244140625
2018-04-06,956.0999755859375,963.2249755859375,952.9000244140625,961.7000122070312,1860004.0,4,6,4,10379.349609375,10.324951171875
2018-04-09,959.4000244140625,971.0,958.2000122070312,969.5250244140625,2001768.0,0,9,4,10402.25,12.79998779296875
2018-04-10,971.5,971.5,956.75,960.4249877929688,3033618.0,1,10,4,10417.150390625,14.75
2018-04-11,957.9500122070312,960.0,952.7000122070312,959.4249877929688,1435406.0,2,11,4,10458.650390625,7.29998779296875
2018-04-12,958.0,966.4500122070312,952.9500122070312,964.4000244140625,2356258.0,3,12,4,10480.599609375,13.5
2018-04-13,964.0,970.0,959.5499877929688,962.5,1648586.0,4,13,4,10528.349609375,10.45001220703125
2018-04-16,960.0,975.0,959.9249877929688,971.0499877929688,1423872.0,0,16,4,10548.7001953125,15.07501220703125
2018-04-17,971.75,975.5,967.0499877929688,974.25,1333916.0,1,17,4,10526.2001953125,8.45001220703125
2018-04-18,975.5,976.75,965.0250244140625,966.2999877929688,1356360.0,2,18,4,10565.2998046875,11.7249755859375
2018-04-19,970.0,972.4000244140625,966.5,969.5,1584516.0,3,19,4,10564.0498046875,5.9000244140625
2018-04-20,970.5,980.5,966.0750122070312,977.9500122070312,4680690.0,4,20,4,10584.7001953125,14.42498779296875
2018-04-23,989.5,989.5,930.1500244140625,967.875,7652310.0,0,23,4,10614.349609375,59.3499755859375
2018-04-24,967.5,974.0250244140625,963.0,967.5,2518708.0,1,24,4,10570.5498046875,11.0250244140625
2018-04-25,963.9500122070312,969.0,956.0,960.375,2010296.0,2,25,4,10617.7998046875,13.0
2018-04-26,958.4000244140625,969.5999755859375,955.625,965.125,3923740.0,3,26,4,10692.2998046875,13.9749755859375
2018-04-27,966.5,967.75,956.25,961.7000122070312,2888504.0,4,27,4,10739.349609375,11.5
2018-04-30,965.0,977.4000244140625,964.4000244140625,972.1500244140625,2304776.0,0,30,4,10718.0498046875,13.0
2018-05-02,975.0,989.0,973.0,984.75,3550024.0,2,2,5,10679.650390625,16.0
2018-05-03,984.0250244140625,987.4500122070312,973.0,983.9500122070312,2076386.0,3,3,5,10618.25,14.45001220703125
2018-05-04,985.0,995.0,983.1500244140625,994.25,3440718.0,4,4,5,10715.5,11.8499755859375
2018-05-07,990.8250122070312,993.6500244140625,987.5,988.7000122070312,2632064.0,0,7,5,10717.7998046875,6.1500244140625
2018-05-08,989.625,989.9500122070312,977.2999877929688,983.5250244140625,3550282.0,1,8,5,10741.7001953125,12.6500244140625
2018-05-09,978.0750122070312,990.25,978.0750122070312,989.2000122070312,2163666.0,2,9,5,10716.5498046875,12.17498779296875
2018-05-10,994.2999877929688,999.5,991.0,996.3499755859375,3585836.0,3,10,5,10806.5,8.5
2018-05-11,996.3499755859375,1008.5,993.0,1005.875,3028534.0,4,11,5,10806.599609375,15.5
2018-05-14,1008.5999755859375,1013.7000122070312,1006.2000122070312,1010.875,2371458.0,0,14,5,10801.849609375,7.5
2018-05-15,1013.5250244140625,1032.5,1013.3499755859375,1018.9000244140625,4913342.0,1,15,5,10741.099609375,19.1500244140625
2018-05-16,1015.2750244140625,1024.5,1008.5750122070312,1011.6749877929688,3420802.0,2,16,5,10682.7001953125,15.92498779296875
2018-05-17,1011.9249877929688,1022.2249755859375,1006.25,1013.875,3307738.0,3,17,5,10596.400390625,15.9749755859375
2018-05-18,1012.3499755859375,1012.3499755859375,1001.75,1006.0750122070312,2608730.0,4,18,5,10516.7001953125,10.5999755859375
2018-05-21,1008.0499877929688,1010.5,993.0250244140625,996.5250244140625,2424054.0,0,21,5,10536.7001953125,17.4749755859375
2018-05-22,999.3499755859375,1006.9749755859375,992.75,994.9500122070312,1980186.0,1,22,5,10430.349609375,14.2249755859375
2018-05-23,993.9000244140625,997.0,981.7000122070312,983.75,2863146.0,2,23,5,10513.849609375,15.29998779296875
2018-05-24,983.5499877929688,995.125,978.1749877929688,993.0,2260372.0,3,24,5,10605.150390625,16.95001220703125
2018-05-25,995.0,1008.0,994.9500122070312,1004.3499755859375,2379794.0,4,25,5,10688.650390625,13.04998779296875
2018-05-28,1003.9000244140625,1026.0,1003.0,1021.0999755859375,2551970.0,0,28,5,10633.2998046875,23.0
2018-05-29,1019.0,1026.3499755859375,1014.4000244140625,1016.2999877929688,1675622.0,1,29,5,10614.349609375,11.949951171875
2018-05-30,1009.8499755859375,1026.5,1008.1500244140625,1024.175048828125,2433498.0,2,30,5,10736.150390625,18.3499755859375
2018-05-31,1050.0,1080.0,1040.0,1069.7249755859375,19819596.0,3,31,5,10696.2001953125,40.0
2018-06-01,1058.0,1069.0,1050.5,1055.300048828125,10575678.0,4,1,6,10628.5,18.5
2018-06-04,1075.0,1078.5,1018.9749755859375,1023.0999755859375,44398162.0,0,4,6,10593.150390625,59.5250244140625
2018-06-05,1025.0,1033.4749755859375,1011.5,1031.800048828125,8552730.0,1,5,6,10684.650390625,21.9749755859375
2018-06-06,1030.0999755859375,1032.4000244140625,1022.5,1028.675048828125,4891000.0,2,6,6,10768.349609375,9.9000244140625
2018-06-07,1036.5999755859375,1039.9000244140625,1026.5999755859375,1031.0999755859375,5281948.0,3,7,6,10767.650390625,13.300048828125
2018-06-08,1029.5,1030.625,1017.5,1024.675048828125,3090444.0,4,8,6,10786.9501953125,13.125
2018-06-11,1025.949951171875,1031.4749755859375,1019.4000244140625,1021.1500244140625,3545594.0,0,11,6,10842.849609375,12.074951171875
2018-06-12,1025.949951171875,1026.3499755859375,1019.2000122070312,1021.9249877929688,2617128.0,1,12,6,10856.7001953125,7.14996337890625
2018-06-13,1026.0,1027.4000244140625,1012.0499877929688,1015.7249755859375,3948980.0,2,13,6,10808.0498046875,15.35003662109375
2018-06-14,1015.0,1022.5,1012.5,1018.7000122070312,8463788.0,3,14,6,10817.7001953125,10.0
2018-06-15,1013.0,1019.4500122070312,1011.1500244140625,1014.7999877929688,5440408.0,4,15,6,10799.849609375,8.29998779296875
2018-06-18,1015.0499877929688,1019.4000244140625,1004.5499877929688,1009.5750122070312,3743702.0,0,18,6,10710.4501953125,14.85003662109375
2018-06-19,1012.4749755859375,1020.3499755859375,1009.6500244140625,1011.75,5490576.0,1,19,6,10772.0498046875,10.699951171875
2018-06-20,1013.0,1029.0,1012.5,1028.074951171875,4525856.0,2,20,6,10741.099609375,16.5
2018-06-21,1030.0,1035.4000244140625,1023.5250244140625,1028.800048828125,6755352.0,3,21,6,10821.849609375,11.875
2018-06-22,1028.4749755859375,1044.4000244140625,1024.925048828125,1041.675048828125,3924490.0,4,22,6,10762.4501953125,19.4749755859375
2018-06-25,1041.5250244140625,1048.9000244140625,1036.5250244140625,1047.4749755859375,3496168.0,0,25,6,10769.150390625,12.375
2018-06-26,1043.0250244140625,1051.5,1039.925048828125,1046.8499755859375,4580966.0,1,26,6,10671.400390625,11.574951171875
2018-06-27,1046.5,1059.75,1045.0,1056.300048828125,9563402.0,2,27,6,10589.099609375,14.75
2018-06-28,1057.5,1070.0,1055.5999755859375,1065.425048828125,18766770.0,3,28,6,10714.2998046875,14.4000244140625
2018-06-29,1060.8499755859375,1070.0,1052.550048828125,1054.2249755859375,9729060.0,4,29,6,10657.2998046875,17.449951171875
2018-07-02,1054.175048828125,1054.199951171875,1031.625,1036.625,4932438.0,0,2,7,10699.900390625,22.574951171875
2018-07-03,1036.625,1042.5,1032.800048828125,1035.0999755859375,3431550.0,1,3,7,10769.900390625,9.699951171875
2018-07-04,1038.125,1054.0250244140625,1034.5,1051.7750244140625,3048996.0,2,4,7,10749.75,19.5250244140625
2018-07-05,1052.5,1064.5,1046.2750244140625,1061.875,4867984.0,3,5,7,10772.650390625,18.2249755859375
2018-07-06,1056.6500244140625,1067.7750244140625,1055.675048828125,1057.574951171875,4060672.0,4,6,7,10852.900390625,12.0999755859375
2018-07-09,1060.925048828125,1065.0,1053.875,1062.824951171875,3091148.0,0,9,7,10947.25,11.125
2018-07-10,1064.949951171875,1074.800048828125,1062.5,1073.199951171875,5475368.0,1,10,7,10948.2998046875,12.300048828125
2018-07-11,1072.5250244140625,1077.8499755859375,1067.4000244140625,1074.125,2928960.0,2,11,7,11023.2001953125,10.449951171875
2018-07-12,1076.449951171875,1089.925048828125,1076.0,1082.9749755859375,4010334.0,3,12,7,11018.900390625,13.925048828125
2018-07-13,1084.199951171875,1095.4000244140625,1081.550048828125,1090.449951171875,3580594.0,4,13,7,10936.849609375,13.8499755859375
2018-07-16,1089.699951171875,1095.0250244140625,1081.875,1084.425048828125,4508668.0,0,16,7,11008.0498046875,13.1500244140625
2018-07-17,1081.625,1090.5,1081.625,1088.375,3180962.0,1,17,7,10980.4501953125,8.875
2018-07-18,1093.5,1110.0,1086.824951171875,1088.0999755859375,8730136.0,2,18,7,10957.099609375,23.175048828125
2018-07-19,1091.5,1096.75,1085.5,1093.050048828125,2652388.0,3,19,7,11010.2001953125,11.25
2018-07-20,1093.050048828125,1101.425048828125,1085.550048828125,1094.5250244140625,5003482.0,4,20,7,11084.75,15.875
2018-07-23,1075.0,1089.0,1069.0250244140625,1078.2249755859375,8440066.0,0,23,7,11134.2998046875,19.9749755859375
2018-07-24,1073.5,1084.5,1073.5,1079.875,2604396.0,1,24,7,11132.0,11.0
2018-07-25,1082.324951171875,1088.4000244140625,1080.0,1085.175048828125,3519308.0,2,25,7,11167.2998046875,8.4000244140625
2018-07-26,1082.5,1101.7249755859375,1082.5,1096.300048828125,10640546.0,3,26,7,11278.349609375,19.2249755859375
2018-07-27,1100.9749755859375,1105.9749755859375,1092.3499755859375,1101.074951171875,5277298.0,4,27,7,11319.5498046875,13.625
2018-07-30,1099.5,1099.5,1079.699951171875,1084.949951171875,3584560.0,0,30,7,11356.5,19.800048828125
2018-07-31,1080.0,1092.949951171875,1075.0250244140625,1089.75,4430472.0,1,31,7,11346.2001953125,17.9249267578125
2018-08-01,1081.4000244140625,1087.5,1075.8499755859375,1079.3499755859375,3035780.0,2,1,8,11244.7001953125,11.6500244140625
2018-08-02,1076.75,1076.8499755859375,1060.675048828125,1065.0999755859375,4452852.0,3,2,8,11360.7998046875,16.1749267578125
2018-08-03,1066.7750244140625,1073.5250244140625,1057.0,1060.824951171875,6802004.0,4,3,8,11387.099609375,16.5250244140625
2018-08-06,1060.5,1068.699951171875,1053.050048828125,1057.1500244140625,2872316.0,0,6,8,11389.4501953125,15.64990234375
2018-08-07,1062.5,1067.25,1054.0,1065.449951171875,3714228.0,1,7,8,11450.0,13.25
2018-08-08,1067.925048828125,1075.9000244140625,1066.5250244140625,1068.175048828125,4972690.0,2,8,8,11470.7001953125,9.375
2018-08-09,1071.0,1071.0,1047.324951171875,1059.25,4472204.0,3,9,8,11429.5,23.675048828125
2018-08-10,1061.75,1061.9000244140625,1049.0,1057.2249755859375,2721470.0,4,10,8,11355.75,12.9000244140625
2018-08-13,1042.0,1051.9749755859375,1040.0,1045.824951171875,5027126.0,0,13,8,11435.099609375,11.9749755859375
2018-08-14,1049.0,1052.5,1043.5999755859375,1044.550048828125,2467982.0,1,14,8,11385.0498046875,8.9000244140625
2018-08-16,1041.5,1043.3499755859375,1033.199951171875,1037.8499755859375,5312580.0,3,16,8,11470.75,10.1500244140625
2018-08-17,1041.449951171875,1046.5250244140625,1035.824951171875,1038.675048828125,3032664.0,4,17,8,11551.75,10.7000732421875
2018-08-20,1037.5,1053.800048828125,1037.5,1048.0999755859375,3905568.0,0,20,8,11570.900390625,16.300048828125
2018-08-21,1049.0,1056.0,1046.324951171875,1048.0250244140625,3888160.0,1,21,8,11582.75,9.675048828125
2018-08-23,1052.5,1053.5,1038.425048828125,1039.949951171875,6287276.0,3,23,8,11557.099609375,15.074951171875
2018-08-24,1035.5,1046.800048828125,1033.0250244140625,1034.925048828125,4857314.0,4,24,8,11691.9501953125,13.7750244140625
2018-08-27,1038.5,1044.25,1035.125,1040.2249755859375,6287394.0,0,27,8,11738.5,9.125
2018-08-28,1044.0,1049.125,1039.4000244140625,1047.425048828125,4986766.0,1,28,8,11691.900390625,9.7249755859375
2018-08-29,1046.074951171875,1047.0250244140625,1036.375,1039.25,4936846.0,2,29,8,11676.7998046875,10.6500244140625
2018-08-30,1041.800048828125,1043.949951171875,1030.925048828125,1033.050048828125,10913730.0,3,30,8,11680.5,13.02490234375
2018-08-31,1034.5999755859375,1039.375,1029.125,1030.5999755859375,7885750.0,4,31,8,11582.349609375,10.25
2018-09-03,1034.699951171875,1039.4749755859375,1031.75,1037.5250244140625,3830804.0,0,3,9,11520.2998046875,7.7249755859375
2018-09-04,1038.449951171875,1038.9749755859375,1024.5,1025.9000244140625,3565268.0,1,4,9,11476.9501953125,14.4749755859375
2018-09-05,1026.9000244140625,1030.0999755859375,1017.7750244140625,1022.9249877929688,2820754.0,2,5,9,11536.900390625,12.324951171875
2018-09-06,1024.5,1029.5,1016.2999877929688,1026.0999755859375,5201206.0,3,6,9,11589.099609375,13.20001220703125
2018-09-07,1025.5,1030.0,1020.375,1028.4749755859375,2959650.0,4,7,9,11438.099609375,9.625
2018-09-10,1027.5,1027.5,1012.5499877929688,1020.5750122070312,4299296.0,0,10,9,11287.5,14.95001220703125
2018-09-11,1023.1500244140625,1024.0,997.0750122070312,1000.2000122070312,9093268.0,1,11,9,11369.900390625,26.92498779296875
2018-09-12,1000.9500122070312,1010.6749877929688,994.7750244140625,1005.9249877929688,6123004.0,2,12,9,11515.2001953125,15.89996337890625
2018-09-14,1009.9249877929688,1018.7000122070312,1009.4749755859375,1014.7999877929688,5167336.0,4,14,9,11377.75,9.22503662109375
2018-09-17,1010.6500244140625,1011.4749755859375,994.0,996.0999755859375,4669110.0,0,17,9,11278.900390625,17.4749755859375
2018-09-18,997.4500122070312,1004.9249877929688,990.4749755859375,994.5999755859375,4662868.0,1,18,9,11234.349609375,14.45001220703125
2018-09-19,997.4249877929688,999.0,978.25,980.6749877929688,8356132.0,2,19,9,11143.099609375,20.75
2018-09-21,986.9500122070312,999.9249877929688,955.0999755859375,985.125,11305074.0,4,21,9,10967.400390625,44.82501220703125
2018-09-24,983.625,986.0999755859375,957.5,962.8499755859375,6695396.0,0,24,9,11067.4501953125,28.5999755859375
2018-09-25,962.8499755859375,981.0,957.5,976.2000122070312,8341276.0,1,25,9,11053.7998046875,23.5
2018-09-26,981.4749755859375,989.0,977.6500244140625,984.0999755859375,7363362.0,2,26,9,10977.5498046875,11.3499755859375
2018-09-27,984.7000122070312,993.0,977.5750122070312,988.0750122070312,9176104.0,3,27,9,10930.4501953125,15.42498779296875
2018-09-28,990.3250122070312,1007.7249755859375,988.5750122070312,1003.0250244140625,7230358.0,4,28,9,11008.2998046875,19.14996337890625
2018-10-01,1004.9000244140625,1021.0,998.9000244140625,1017.7249755859375,6224794.0,0,1,10,10858.25,22.0999755859375
2018-10-03,1015.2249755859375,1026.0999755859375,1003.5,1015.5750122070312,7666074.0,2,3,10,10599.25,22.5999755859375
2018-10-04,1004.0,1008.9000244140625,971.5,978.875,8985292.0,3,4,10,10316.4501953125,37.4000244140625
2018-10-05,976.9749755859375,995.0,970.0750122070312,982.6500244140625,7864590.0,4,5,10,10348.0498046875,24.92498779296875
2018-10-08,982.5,984.5,965.0,972.5,10064010.0,0,8,10,10301.0498046875,19.5
2018-10-09,972.2000122070312,982.5,965.0,970.2999877929688,6229682.0,1,9,10,10460.099609375,17.5
2018-10-10,972.5,991.125,967.75,983.5750122070312,7969966.0,2,10,10,10234.650390625,23.375
2018-10-11,962.5,974.1500244140625,958.7999877929688,968.7750244140625,7179952.0,3,11,10,10472.5,15.35003662109375
2018-10-12,972.5,998.5499877929688,971.0,990.9249877929688,4800160.0,4,12,10,10512.5,27.54998779296875
2018-10-15,995.0,1005.4000244140625,985.1500244140625,1004.0250244140625,6292984.0,0,15,10,10584.75,20.25
2018-10-16,1001.5,1009.0999755859375,993.75,996.375,4703002.0,1,16,10,10453.0498046875,15.3499755859375
2018-10-17,1003.0499877929688,1006.5,981.75,987.2999877929688,3970398.0,2,17,10,10303.5498046875,24.75
2018-10-19,979.4500122070312,990.4249877929688,979.0,983.875,4933674.0,4,19,10,10245.25,11.42498779296875
2018-10-22,1007.0,1010.0,994.2999877929688,999.4500122070312,10165580.0,0,22,10,10146.7998046875,15.70001220703125
2018-10-23,986.5,999.4500122070312,986.5,992.4249877929688,9714282.0,1,23,10,10224.75,12.95001220703125
2018-10-24,1002.0,1004.4000244140625,986.2999877929688,996.125,9036168.0,2,24,10,10124.900390625,18.10003662109375
2018-10-25,986.7999877929688,1001.7999877929688,981.2249755859375,984.4000244140625,14923528.0,3,25,10,10030.0,20.57501220703125
2018-10-26,984.4000244140625,988.5999755859375,974.5,980.5999755859375,7577856.0,4,26,10,10250.849609375,14.0999755859375
2018-10-29,982.0499877929688,982.4749755859375,947.5999755859375,963.1500244140625,8522140.0,0,29,10,10198.400390625,34.875
2018-10-30,962.5,966.0,949.6500244140625,956.375,6914352.0,1,30,10,10386.599609375,16.3499755859375
2018-10-31,951.0250244140625,958.9500122070312,942.5,955.875,11724702.0,2,31,10,10380.4501953125,16.45001220703125
2018-11-01,965.0,965.0,948.0,956.0999755859375,9814526.0,3,1,11,10553.0,17.0
2018-11-02,963.0,980.0,956.0,974.7249755859375,15046434.0,4,2,11,10524.0,24.0
2018-11-05,974.9500122070312,979.8250122070312,969.0,978.0,2852648.0,0,5,11,10530.0,10.82501220703125
2018-11-06,977.5,988.0,971.4749755859375,973.2750244140625,4242794.0,1,6,11,10598.400390625,16.5250244140625
2018-11-07,980.5,982.4749755859375,975.0,978.9749755859375,479380.0,2,7,11,10585.2001953125,7.4749755859375
2018-11-09,979.0999755859375,979.9500122070312,968.1500244140625,972.7000122070312,5050810.0,4,9,11,10482.2001953125,11.79998779296875
2018-11-12,975.75,981.0,958.5750122070312,960.5250244140625,3953882.0,0,12,11,10582.5,22.42498779296875
2018-11-13,959.5,968.8499755859375,954.0999755859375,963.875,6675210.0,1,13,11,10576.2998046875,14.75
2018-11-14,969.2750244140625,980.0,968.2999877929688,978.875,13055318.0,2,14,11,10616.7001953125,11.70001220703125
2018-11-15,980.9500122070312,988.6500244140625,965.5999755859375,987.5750122070312,5196262.0,3,15,11,10682.2001953125,23.050048828125
2018-11-16,990.5,1006.5,990.0,1002.1500244140625,7906608.0,4,16,11,10763.400390625,16.5
2018-11-19,1005.5,1010.5,1000.9500122070312,1006.9500122070312,6143214.0,0,19,11,10656.2001953125,9.54998779296875
2018-11-20,1006.5,1009.7999877929688,999.5250244140625,1006.2249755859375,2852584.0,1,20,11,10600.0498046875,10.27496337890625
2018-11-21,1006.375,1011.9749755859375,1002.0,1009.375,3272802.0,2,21,11,10526.75,9.9749755859375
2018-11-22,1006.625,1017.5,1000.0750122070312,1002.75,6487276.0,3,22,11,10628.599609375,17.42498779296875
2018-11-26,1006.9500122070312,1026.0,1006.0250244140625,1024.9000244140625,9092218.0,0,26,11,10685.599609375,19.9749755859375
2018-11-27,1020.5250244140625,1033.949951171875,1020.375,1032.0,6447720.0,1,27,11,10728.849609375,13.574951171875
2018-11-28,1032.5,1049.300048828125,1030.050048828125,1044.625,6510554.0,2,28,11,10858.7001953125,19.25
2018-11-29,1050.5,1068.699951171875,1047.0,1065.5250244140625,15954318.0,3,29,11,10876.75,21.699951171875
2018-11-30,1065.0,1068.7750244140625,1055.0,1064.2249755859375,6520462.0,4,30,11,10883.75,13.7750244140625
2018-12-03,1065.5,1071.0,1053.449951171875,1056.6500244140625,5399928.0,0,3,12,10869.5,17.550048828125
2018-12-04,1052.699951171875,1055.5,1039.300048828125,1042.7750244140625,4078710.0,1,4,12,10782.900390625,16.199951171875
2018-12-05,1039.0,1052.6500244140625,1037.9749755859375,1049.5999755859375,5899422.0,2,5,12,10601.150390625,14.675048828125
2018-12-06,1044.8499755859375,1050.824951171875,1042.5,1048.5250244140625,5865126.0,3,6,12,10693.7001953125,8.324951171875
2018-12-07,1053.3499755859375,1059.0,1040.1500244140625,1053.800048828125,4951960.0,4,7,12,10488.4501953125,18.8499755859375
2018-12-10,1032.949951171875,1052.4000244140625,1032.949951171875,1044.375,5457528.0,0,10,12,10549.150390625,19.4500732421875
2018-12-11,1028.0,1035.6500244140625,1016.0,1029.7750244140625,9452890.0,1,11,12,10737.599609375,19.6500244140625
2018-12-12,1033.4749755859375,1044.9000244140625,1030.050048828125,1042.6500244140625,5685244.0,2,12,12,10791.5498046875,14.8499755859375
2018-12-13,1047.5,1062.5,1045.6500244140625,1050.6500244140625,3532118.0,3,13,12,10805.4501953125,16.8499755859375
2018-12-14,1052.449951171875,1059.0,1044.0250244140625,1047.8499755859375,3079142.0,4,14,12,10888.349609375,14.9749755859375
2018-12-17,1052.0,1066.300048828125,1049.5,1065.0999755859375,4218662.0,0,17,12,10908.7001953125,16.800048828125
2018-12-18,1062.0,1069.5,1051.300048828125,1067.7249755859375,3706984.0,1,18,12,10967.2998046875,18.199951171875
2018-12-19,1066.550048828125,1079.699951171875,1056.7750244140625,1061.7249755859375,4504948.0,2,19,12,10951.7001953125,22.9249267578125
2018-12-20,1056.2750244140625,1070.2249755859375,1051.324951171875,1068.7249755859375,3990238.0,3,20,12,10754.0,18.9000244140625
2018-12-21,1067.0,1074.550048828125,1054.5250244140625,1055.574951171875,5110154.0,4,21,12,10663.5,20.0250244140625
2018-12-24,1052.0,1052.0,1038.675048828125,1040.324951171875,2800744.0,0,24,12,10729.849609375,13.324951171875
2018-12-26,1038.5,1063.5,1034.5,1061.175048828125,3800958.0,2,26,12,10779.7998046875,29.0
2018-12-27,1066.5,1069.0999755859375,1049.2249755859375,1052.5250244140625,5819934.0,3,27,12,10859.900390625,19.875
2018-12-28,1058.675048828125,1068.875,1057.75,1061.449951171875,4707806.0,4,28,12,10862.5498046875,11.125
2019-01-01,1063.824951171875,1075.5,1052.800048828125,1074.050048828125,3186720.0,1,1,1,10792.5,22.699951171875
2019-01-02,1071.4000244140625,1073.75,1059.8499755859375,1064.25,4067116.0,2,2,1,10672.25,13.9000244140625
2019-01-03,1062.0999755859375,1064.125,1051.5,1055.9000244140625,6385832.0,3,3,1,10727.349609375,12.625
2019-01-04,1057.625,1064.25,1055.175048828125,1058.7249755859375,3643560.0,4,4,1,10771.7998046875,9.074951171875
2019-01-07,1063.8499755859375,1067.675048828125,1059.0,1060.324951171875,2693506.0,0,7,1,10802.150390625,8.675048828125
2019-01-08,1061.0,1061.75,1048.324951171875,1051.5,4171730.0,1,8,1,10855.150390625,13.425048828125
2019-01-09,1059.0,1060.675048828125,1051.300048828125,1058.4000244140625,4284314.0,2,9,1,10821.599609375,9.375
2019-01-10,1058.5,1061.9000244140625,1046.324951171875,1054.25,3845770.0,3,10,1,10794.9501953125,15.5750732421875
2019-01-11,1056.9000244140625,1062.0,1054.0,1055.949951171875,3204020.0,4,11,1,10737.599609375,8.0
2019-01-14,1054.949951171875,1054.949951171875,1049.2249755859375,1050.824951171875,2427580.0,0,14,1,10886.7998046875,5.7249755859375
2019-01-15,1052.5250244140625,1063.25,1051.0,1060.949951171875,2543778.0,1,15,1,10890.2998046875,12.25
2019-01-16,1060.0250244140625,1062.5,1054.125,1060.0999755859375,2626226.0,2,16,1,10905.2001953125,8.375
2019-01-17,1062.625,1067.949951171875,1056.675048828125,1066.1500244140625,4120114.0,3,17,1,10906.9501953125,11.27490234375
2019-01-18,1067.5,1069.5,1057.2750244140625,1065.125,2603988.0,4,18,1,10961.849609375,12.2249755859375
2019-01-21,1069.9749755859375,1083.25,1063.25,1074.074951171875,8780756.0,0,21,1,10922.75,20.0
2019-01-22,1073.0,1073.4000244140625,1064.5250244140625,1067.925048828125,4398488.0,1,22,1,10831.5,8.875
2019-01-23,1067.0,1067.925048828125,1050.7249755859375,1052.699951171875,3812144.0,2,23,1,10849.7998046875,17.2000732421875
2019-01-24,1055.0,1060.824951171875,1048.949951171875,1051.125,5055786.0,3,24,1,10780.5498046875,11.875
2019-01-25,1046.5,1055.0,1045.0,1048.0,5631118.0,4,25,1,10661.5498046875,10.0
2019-01-28,1045.0,1051.0250244140625,1038.375,1042.074951171875,7680218.0,0,28,1,10652.2001953125,12.6500244140625
2019-01-29,1039.125,1041.5,1026.5,1028.800048828125,7381394.0,1,29,1,10651.7998046875,15.0
2019-01-30,1028.625,1028.625,1014.0,1017.3499755859375,9257080.0,2,30,1,10830.9501953125,14.625
2019-01-31,1015.5,1044.875,1011.0,1039.9749755859375,8289702.0,3,31,1,10893.650390625,33.875
2019-02-01,1039.9749755859375,1058.5,1038.300048828125,1045.2249755859375,7827094.0,4,1,2,10912.25,20.199951171875
2019-02-04,1047.5,1056.5,1041.324951171875,1052.449951171875,3969144.0,0,4,2,10934.349609375,15.175048828125
2019-02-05,1054.0,1059.5,1048.5,1057.0250244140625,4345144.0,1,5,2,11062.4501953125,11.0
2019-02-06,1058.125,1063.5,1056.800048828125,1061.324951171875,5437842.0,2,6,2,11069.400390625,6.699951171875
2019-02-07,1062.5250244140625,1065.0,1052.925048828125,1058.625,3608654.0,3,7,2,10943.599609375,12.074951171875
2019-02-08,1056.0,1072.4749755859375,1053.324951171875,1061.324951171875,6117822.0,4,8,2,10888.7998046875,19.1500244140625
2019-02-11,1056.6500244140625,1071.449951171875,1056.6500244140625,1069.824951171875,3518182.0,0,11,2,10831.400390625,14.7999267578125
2019-02-12,1069.0,1074.0,1062.4000244140625,1064.8499755859375,4886194.0,1,12,2,10746.0498046875,11.5999755859375
2019-02-14,1070.0,1070.0,1052.800048828125,1055.0999755859375,3720694.0,3,14,2,10724.400390625,17.199951171875
2019-02-15,1053.675048828125,1054.050048828125,1039.0999755859375,1050.324951171875,4208262.0,4,15,2,10640.9501953125,14.9500732421875
2019-02-18,1053.4000244140625,1059.0,1043.0,1044.949951171875,3569372.0,0,18,2,10604.349609375,16.0
2019-02-19,1044.8499755859375,1054.074951171875,1039.0999755859375,1042.0250244140625,2634318.0,1,19,2,10735.4501953125,14.9749755859375
2019-02-20,1044.25,1055.5,1040.949951171875,1054.175048828125,2446250.0,2,20,2,10789.849609375,14.550048828125
2019-02-21,1050.8499755859375,1059.9749755859375,1046.800048828125,1057.949951171875,2630772.0,3,21,2,10791.650390625,13.1749267578125
2019-02-22,1059.699951171875,1064.050048828125,1044.550048828125,1045.7249755859375,4445354.0,4,22,2,10880.099609375,19.5
2019-02-25,1047.574951171875,1064.9749755859375,1047.574951171875,1062.699951171875,4070298.0,0,25,2,10835.2998046875,17.4000244140625
2019-02-26,1055.625,1062.5,1050.550048828125,1055.324951171875,4803714.0,1,26,2,10806.650390625,11.949951171875
2019-02-27,1058.050048828125,1062.2249755859375,1044.074951171875,1046.125,3515046.0,2,27,2,10792.5,18.1500244140625
2019-02-28,1046.550048828125,1052.925048828125,1036.5999755859375,1038.7750244140625,5822688.0,3,28,2,10863.5,16.3250732421875
2019-03-01,1043.125,1050.449951171875,1038.5,1041.675048828125,4676464.0,4,1,3,10987.4501953125,11.949951171875
2019-03-05,1044.449951171875,1055.550048828125,1035.0,1053.550048828125,5918638.0,1,5,3,11053.0,20.550048828125
2019-03-06,1055.0,1055.1500244140625,1045.2750244140625,1052.125,4229022.0,2,6,3,11058.2001953125,9.875
2019-03-07,1054.800048828125,1065.0,1047.5,1063.25,5102426.0,3,7,3,11035.400390625,17.5
2019-03-08,1057.5250244140625,1065.0,1054.7249755859375,1064.0999755859375,3526730.0,4,8,3,11168.0498046875,10.2750244140625
2019-03-11,1066.0,1071.8499755859375,1061.0999755859375,1064.2249755859375,4612054.0,0,11,3,11301.2001953125,10.75
2019-03-12,1073.5,1087.5,1068.5,1085.5,7548646.0,1,12,3,11341.7001953125,19.0
2019-03-13,1087.5,1117.0,1086.050048828125,1113.2750244140625,28583174.0,2,13,3,11343.25,30.949951171875
2019-03-14,1122.425048828125,1123.75,1105.300048828125,1112.375,7689932.0,3,14,3,11426.849609375,18.449951171875
2019-03-15,1115.5,1129.949951171875,1114.0250244140625,1126.5,6381544.0,4,15,3,11462.2001953125,15.9249267578125
2019-03-18,1130.949951171875,1145.824951171875,1123.5,1130.7249755859375,7179360.0,0,18,3,11532.400390625,22.324951171875
2019-03-19,1134.75,1137.949951171875,1125.5,1133.875,5978996.0,1,19,3,11521.0498046875,12.449951171875
2019-03-20,1134.5,1150.0,1130.5250244140625,1149.5,5855996.0,2,20,3,11456.900390625,19.4749755859375
2019-03-22,1150.0,1153.5,1135.4000244140625,1138.074951171875,15201940.0,4,22,3,11354.25,18.0999755859375
2019-03-25,1130.0,1143.925048828125,1126.5,1140.6500244140625,4599630.0,0,25,3,11483.25,17.425048828125
2019-03-26,1137.949951171875,1157.5,1136.300048828125,1155.675048828125,5893424.0,1,26,3,11445.0498046875,21.199951171875
2019-03-27,1159.2750244140625,1164.0250244140625,1139.5250244140625,1149.7249755859375,6942650.0,2,27,3,11570.0,24.5
2019-03-28,1149.4000244140625,1162.5,1143.925048828125,1151.4000244140625,9777164.0,3,28,3,11669.150390625,18.574951171875
2019-04-01,1162.625,1166.0,1152.300048828125,1155.9000244140625,4823538.0,0,1,4,11713.2001953125,13.699951171875
2019-04-02,1160.0,1160.0,1142.7249755859375,1147.425048828125,5455248.0,1,2,4,11643.9501953125,17.2750244140625
2019-04-03,1146.050048828125,1158.0,1144.125,1146.375,3829726.0,2,3,4,11598.0,13.875
2019-04-04,1146.375,1156.5,1140.0,1141.9749755859375,4605776.0,3,4,4,11665.9501953125,16.5
2019-04-05,1143.9000244140625,1156.875,1141.0,1152.800048828125,4175590.0,4,5,4,11604.5,15.875
2019-04-08,1159.5,1161.4749755859375,1140.050048828125,1144.699951171875,3199066.0,0,8,4,11671.9501953125,21.4249267578125
2019-04-09,1148.300048828125,1151.5,1133.5,1143.625,5388800.0,1,9,4,11584.2998046875,18.0
2019-04-10,1125.0,1142.0,1115.5,1118.675048828125,54064350.0,2,10,4,11596.7001953125,26.5
2019-04-11,1122.449951171875,1131.5,1118.4749755859375,1128.75,4396650.0,3,11,4,11643.4501953125,13.0250244140625
2019-04-12,1126.050048828125,1136.0999755859375,1126.050048828125,1132.625,4585222.0,4,12,4,11690.349609375,10.0499267578125
2019-04-15,1135.0,1146.449951171875,1132.175048828125,1144.4000244140625,5109890.0,0,15,4,11787.150390625,14.27490234375
2019-04-16,1145.4749755859375,1154.949951171875,1140.1500244140625,1152.5250244140625,4136888.0,1,16,4,11752.7998046875,14.7999267578125
2019-04-18,1156.5,1157.5250244140625,1144.0,1146.824951171875,5307428.0,3,18,4,11594.4501953125,13.5250244140625
2019-04-22,1162.5,1162.5,1130.5,1134.3499755859375,10490210.0,0,22,4,11575.9501953125,32.0
2019-04-23,1138.7750244140625,1145.0,1120.800048828125,1122.6500244140625,7641200.0,1,23,4,11726.150390625,24.199951171875
2019-04-24,1125.0,1141.949951171875,1123.5250244140625,1139.875,6177064.0,2,24,4,11641.7998046875,18.4249267578125
2019-04-25,1143.449951171875,1149.4000244140625,1128.9749755859375,1131.7249755859375,9043318.0,3,25,4,11754.650390625,20.425048828125
2019-04-26,1132.949951171875,1142.5,1128.449951171875,1140.4749755859375,5853784.0,4,26,4,11748.150390625,14.050048828125
2019-04-30,1142.5,1160.0,1139.199951171875,1158.7249755859375,6268418.0,1,30,4,11724.75,20.800048828125
2019-05-02,1161.75,1179.824951171875,1158.75,1177.9000244140625,8584650.0,3,2,5,11712.25,21.074951171875
2019-05-03,1182.0999755859375,1189.0,1178.25,1183.9749755859375,6175760.0,4,3,5,11598.25,10.75
2019-05-06,1174.0,1175.949951171875,1158.5250244140625,1164.2249755859375,6874046.0,0,6,5,11497.900390625,17.4249267578125
2019-05-07,1175.949951171875,1179.0,1159.0,1161.175048828125,4962102.0,1,7,5,11359.4501953125,20.0
2019-05-08,1161.2750244140625,1161.9000244140625,1144.0,1153.625,6032104.0,2,8,5,11301.7998046875,17.9000244140625
2019-05-09,1150.0,1150.0,1135.800048828125,1145.449951171875,4513862.0,3,9,5,11278.900390625,14.199951171875
2019-05-10,1145.675048828125,1162.449951171875,1145.675048828125,1148.25,5297100.0,4,10,5,11148.2001953125,16.77490234375
2019-05-13,1148.0250244140625,1156.675048828125,1140.0,1143.5999755859375,5535816.0,0,13,5,11222.0498046875,16.675048828125
2019-05-14,1148.3499755859375,1155.5,1137.7750244140625,1143.949951171875,5247372.0,1,14,5,11157.0,17.7249755859375
2019-05-15,1148.0,1153.5999755859375,1141.0999755859375,1143.3499755859375,4478174.0,2,15,5,11257.099609375,12.5
2019-05-16,1140.2750244140625,1159.5,1140.0,1155.324951171875,4025068.0,3,16,5,11407.150390625,19.5
2019-05-17,1156.5,1184.6500244140625,1155.800048828125,1181.050048828125,7379390.0,4,17,5,11828.25,28.8499755859375
2019-05-20,1204.0,1219.3499755859375,1190.0,1216.175048828125,8849816.0,0,20,5,11709.099609375,29.3499755859375
2019-05-21,1219.0,1224.699951171875,1199.7249755859375,1201.8499755859375,5162588.0,1,21,5,11737.900390625,24.9749755859375
2019-05-22,1205.925048828125,1213.0,1197.125,1202.875,5693330.0,2,22,5,11657.0498046875,15.875
2019-05-23,1204.5,1219.949951171875,1159.550048828125,1166.050048828125,16540998.0,3,23,5,11844.099609375,60.39990234375
2019-05-24,1179.8499755859375,1193.074951171875,1170.074951171875,1186.675048828125,6846400.0,4,24,5,11924.75,23.0
2019-05-27,1189.449951171875,1210.949951171875,1186.125,1204.175048828125,6024512.0,0,27,5,11928.75,24.824951171875
2019-05-28,1208.25,1210.0,1193.5250244140625,1208.0999755859375,3682420.0,1,28,5,11861.099609375,16.4749755859375
2019-05-29,1205.0999755859375,1215.4000244140625,1205.0999755859375,1208.449951171875,3737608.0,2,29,5,11945.900390625,10.300048828125
2019-05-30,1208.0,1223.949951171875,1206.5250244140625,1219.7750244140625,4679600.0,3,30,5,11922.7998046875,17.4249267578125
2019-05-31,1228.4000244140625,1232.5,1178.4000244140625,1212.675048828125,9892540.0,4,31,5,12088.5498046875,54.0999755859375
2019-06-03,1213.5,1229.9000244140625,1212.4749755859375,1228.550048828125,4240430.0,0,3,6,12021.650390625,17.425048828125
2019-06-04,1227.5,1232.875,1220.5250244140625,1226.1500244140625,3221494.0,1,4,6,11843.75,12.3499755859375
2019-06-06,1226.5999755859375,1235.0,1206.675048828125,1211.675048828125,7817462.0,3,6,6,11870.650390625,28.324951171875
2019-06-07,1212.824951171875,1227.125,1204.5,1223.824951171875,3985466.0,4,7,6,11922.7001953125,22.625
2019-06-10,1234.9749755859375,1234.9749755859375,1216.050048828125,1220.0999755859375,3538570.0,0,10,6,11965.599609375,18.9249267578125
2019-06-11,1225.75,1229.949951171875,1220.175048828125,1224.199951171875,3551646.0,1,11,6,11906.2001953125,9.77490234375
2019-06-12,1222.5,1224.199951171875,1211.824951171875,1213.5250244140625,3654310.0,2,12,6,11914.0498046875,12.375
2019-06-13,1217.9749755859375,1226.0,1207.9749755859375,1222.3499755859375,5553974.0,3,13,6,11823.2998046875,18.0250244140625
2019-06-14,1221.4749755859375,1229.4749755859375,1212.5,1217.550048828125,5978460.0,4,14,6,11672.150390625,16.9749755859375
2019-06-17,1217.5,1219.949951171875,1208.6500244140625,1211.0,6405010.0,0,17,6,11691.5,11.2999267578125
2019-06-18,1209.0,1216.0,1202.0,1208.625,6209826.0,1,18,6,11691.4501953125,14.0
2019-06-19,1213.5,1222.449951171875,1208.3499755859375,1214.175048828125,5372138.0,2,19,6,11831.75,14.0999755859375
2019-06-20,1214.175048828125,1218.5,1207.300048828125,1213.175048828125,5585746.0,3,20,6,11724.099609375,11.199951171875
2019-06-21,1213.0,1214.8499755859375,1202.824951171875,1207.0999755859375,6625130.0,4,21,6,11699.650390625,12.0250244140625
2019-06-24,1205.9749755859375,1215.300048828125,1205.0,1208.9749755859375,3457500.0,0,24,6,11796.4501953125,10.300048828125
2019-06-25,1209.925048828125,1220.75,1201.5,1214.3499755859375,4449900.0,1,25,6,11847.5498046875,19.25
2019-06-26,1212.3499755859375,1235.0,1211.0,1233.949951171875,5266818.0,2,26,6,11841.5498046875,24.0
2019-06-27,1234.375,1247.25,1228.074951171875,1231.1500244140625,9939618.0,3,27,6,11788.849609375,19.175048828125
2019-06-28,1232.0,1237.5,1218.5250244140625,1221.875,6378422.0,4,28,6,11865.599609375,18.9749755859375
2019-07-01,1228.0,1244.5,1225.0250244140625,1242.7750244140625,4262080.0,0,1,7,11910.2998046875,19.4749755859375
2019-07-02,1244.0,1248.75,1233.5999755859375,1247.5,3623414.0,1,2,7,11916.75,15.1500244140625
2019-07-03,1249.5,1251.6500244140625,1241.5,1244.824951171875,3731628.0,2,3,7,11946.75,10.1500244140625
2019-07-04,1247.4000244140625,1248.949951171875,1236.0,1241.9000244140625,3996982.0,3,4,7,11811.150390625,12.949951171875
2019-07-05,1242.550048828125,1247.4749755859375,1230.0,1236.199951171875,3791530.0,4,5,7,11558.599609375,17.4749755859375
2019-07-08,1237.2750244140625,1237.300048828125,1198.5250244140625,1204.800048828125,7303570.0,0,8,7,11555.900390625,38.7750244140625
2019-07-09,1201.925048828125,1205.4000244140625,1186.5,1189.574951171875,8241344.0,1,9,7,11498.900390625,18.9000244140625
2019-07-10,1189.375,1199.0,1183.125,1194.375,5784574.0,2,10,7,11582.900390625,15.875
2019-07-11,1201.5,1207.0,1197.824951171875,1203.574951171875,4548798.0,3,11,7,11552.5,9.175048828125
2019-07-12,1209.0,1209.0,1192.5250244140625,1196.949951171875,4488136.0,4,12,7,11588.349609375,16.4749755859375
2019-07-15,1198.0,1201.5,1188.675048828125,1197.375,4116592.0,0,15,7,11662.599609375,12.824951171875
2019-07-16,1209.0,1209.0,1191.0,1195.5999755859375,6385284.0,1,16,7,11687.5,18.0
2019-07-17,1196.4749755859375,1205.800048828125,1195.6500244140625,1198.7249755859375,3879868.0,2,17,7,11596.900390625,10.1500244140625
2019-07-18,1201.5,1214.5,1200.949951171875,1205.949951171875,5401292.0,3,18,7,11419.25,13.550048828125
2019-07-19,1207.5,1210.3499755859375,1183.5,1187.824951171875,4469614.0,4,19,7,11346.2001953125,26.8499755859375
2019-07-22,1172.5,1174.925048828125,1140.625,1148.625,11085648.0,0,22,7,11331.0498046875,34.300048828125
2019-07-23,1147.25,1147.25,1121.0250244140625,1131.75,13901432.0,1,23,7,11271.2998046875,26.2249755859375
2019-07-24,1128.375,1146.5,1125.5,1140.449951171875,8681870.0,2,24,7,11252.150390625,21.0
2019-07-25,1142.5,1157.7249755859375,1140.125,1143.0250244140625,9731004.0,3,25,7,11284.2998046875,17.5999755859375
2019-07-26,1139.0999755859375,1146.824951171875,1136.425048828125,1138.6500244140625,6414914.0,4,26,7,11189.2001953125,10.39990234375
2019-07-29,1136.7750244140625,1136.7750244140625,1111.5250244140625,1122.1500244140625,4988246.0,0,29,7,11085.400390625,25.25
2019-07-30,1127.5,1135.5999755859375,1119.949951171875,1126.125,5197068.0,1,30,7,11118.0,15.6500244140625
2019-07-31,1120.0,1133.5,1117.125,1125.824951171875,6945920.0,2,31,7,10980.0,16.375
2019-08-01,1114.550048828125,1120.0,1098.5,1110.9000244140625,9120838.0,3,1,8,10997.349609375,21.5
2019-08-02,1105.5,1112.0,1091.0,1107.175048828125,13912768.0,4,2,8,10862.599609375,21.0
2019-08-05,1098.5250244140625,1100.0,1081.25,1089.625,9911220.0,0,5,8,10948.25,18.75
2019-08-06,1083.5,1105.125,1083.5,1094.550048828125,12445470.0,1,6,8,10855.5,21.625
2019-08-07,1095.0,1101.0,1082.5,1092.0,9375068.0,2,7,8,11032.4501953125,18.5
2019-08-08,1099.0,1121.5,1091.5,1116.574951171875,9855800.0,3,8,8,11109.650390625,30.0
2019-08-09,1123.5,1144.5,1119.9000244140625,1141.0,15218056.0,4,9,8,10925.849609375,24.5999755859375
2019-08-13,1136.6500244140625,1136.6500244140625,1101.300048828125,1110.175048828125,7720034.0,1,13,8,11029.400390625,35.3499755859375
2019-08-14,1117.699951171875,1117.699951171875,1101.5250244140625,1114.7249755859375,7127026.0,2,14,8,11047.7998046875,16.1749267578125
2019-08-16,1107.0,1116.5,1102.050048828125,1113.8499755859375,7623780.0,4,16,8,11053.900390625,14.449951171875
2019-08-19,1119.25,1121.0,1100.8499755859375,1103.425048828125,4249100.0,0,19,8,11017.0,20.1500244140625
2019-08-20,1104.625,1113.9000244140625,1103.425048828125,1110.300048828125,5135296.0,1,20,8,10918.7001953125,10.4749755859375
2019-08-21,1112.449951171875,1120.5999755859375,1107.0999755859375,1112.925048828125,5236356.0,2,21,8,10741.349609375,13.5
2019-08-22,1110.425048828125,1110.425048828125,1083.5250244140625,1087.050048828125,6996022.0,3,22,8,10829.349609375,26.9000244140625
2019-08-23,1080.5,1088.5,1069.800048828125,1081.3499755859375,10049808.0,4,23,8,11057.849609375,18.699951171875
2019-08-26,1097.449951171875,1133.074951171875,1083.5,1128.074951171875,12640122.0,0,26,8,11105.349609375,49.574951171875
2019-08-27,1128.0,1136.449951171875,1120.050048828125,1129.9749755859375,10330416.0,1,27,8,11046.099609375,16.39990234375
2019-08-28,1125.0,1128.675048828125,1113.175048828125,1123.75,6831294.0,2,28,8,10948.2998046875,15.5
2019-08-29,1123.0,1126.8499755859375,1110.1500244140625,1113.4749755859375,7391858.0,3,29,8,11023.25,16.699951171875
2019-08-30,1116.75,1130.0,1111.0,1113.9749755859375,9616660.0,4,30,8,10797.900390625,19.0
2019-09-03,1110.0,1110.5,1098.074951171875,1105.4749755859375,5714338.0,1,3,9,10844.650390625,12.425048828125
2019-09-04,1103.5,1137.0,1099.5,1123.875,7530352.0,2,4,9,10847.900390625,37.5
2019-09-05,1124.5,1136.199951171875,1112.5,1117.574951171875,8648126.0,3,5,9,10946.2001953125,23.699951171875
2019-09-06,1114.0,1128.300048828125,1110.6500244140625,1122.949951171875,6435002.0,4,6,9,11003.0498046875,17.6500244140625
2019-09-09,1123.0,1130.449951171875,1108.050048828125,1124.800048828125,5321702.0,0,9,9,11035.7001953125,22.39990234375
2019-09-11,1137.0,1137.0,1120.574951171875,1125.6500244140625,7604558.0,2,11,9,10982.7998046875,16.425048828125
2019-09-12,1125.3499755859375,1144.4000244140625,1124.074951171875,1135.425048828125,9066150.0,3,12,9,11075.900390625,20.3250732421875
2019-09-13,1125.5,1133.7249755859375,1119.0,1128.7249755859375,7685670.0,4,13,9,11003.5,14.7249755859375
2019-09-16,1125.949951171875,1131.324951171875,1120.5,1122.074951171875,5515092.0,0,16,9,10817.599609375,10.824951171875
2019-09-17,1123.949951171875,1124.25,1099.050048828125,1105.675048828125,5328278.0,1,17,9,10840.650390625,25.199951171875
2019-09-18,1108.6500244140625,1112.074951171875,1090.0,1093.875,6479942.0,2,18,9,10704.7998046875,22.074951171875
2019-09-19,1099.9000244140625,1107.050048828125,1084.0,1101.050048828125,5311655.0,3,19,9,11274.2001953125,23.050048828125
2019-09-20,1108.0,1209.9000244140625,1105.4000244140625,1199.5999755859375,23075017.0,4,20,9,11600.2001953125,104.5
2019-09-23,1259.550048828125,1282.699951171875,1229.0,1257.25,20960205.0,0,23,9,11588.2001953125,53.699951171875
2019-09-24,1250.0,1261.949951171875,1227.550048828125,1253.800048828125,11689524.0,1,24,9,11440.2001953125,34.39990234375
2019-09-25,1249.9000244140625,1249.9000244140625,1230.0999755859375,1239.699951171875,7804488.0,2,25,9,11571.2001953125,19.800048828125
2019-09-26,1239.800048828125,1275.0,1236.3499755859375,1242.5,15335780.0,3,26,9,11512.400390625,38.6500244140625
2019-09-27,1248.25,1253.5,1237.5999755859375,1244.199951171875,7436585.0,4,27,9,11474.4501953125,15.9000244140625
2019-09-30,1228.800048828125,1240.0,1216.5,1227.449951171875,9109229.0,0,30,9,11359.900390625,23.5
2019-10-01,1231.5,1255.0,1221.0999755859375,1248.800048828125,9384176.0,1,1,10,11314.0,33.9000244140625
2019-10-03,1239.949951171875,1243.800048828125,1216.3499755859375,1223.550048828125,8149438.0,3,3,10,11174.75,27.4500732421875
2019-10-04,1236.6500244140625,1239.5999755859375,1185.300048828125,1189.699951171875,9201816.0,4,4,10,11126.400390625,54.2999267578125
2019-10-07,1201.199951171875,1219.8499755859375,1181.1500244140625,1186.9000244140625,11256610.0,0,7,10,11313.2998046875,38.699951171875
2019-10-09,1197.0999755859375,1229.9000244140625,1190.0,1228.1500244140625,8713635.0,2,9,10,11234.5498046875,39.9000244140625
2019-10-10,1221.800048828125,1225.949951171875,1197.199951171875,1200.550048828125,5778429.0,3,10,10,11305.0498046875,28.75
2019-10-11,1213.4000244140625,1224.0,1188.949951171875,1198.800048828125,8593159.0,4,11,10,11341.150390625,35.050048828125
2019-10-14,1209.0,1219.9000244140625,1197.4000244140625,1204.4000244140625,6133901.0,0,14,10,11428.2998046875,22.5
2019-10-15,1207.0,1225.0,1206.8499755859375,1223.050048828125,4200187.0,1,15,10,11464.0,18.1500244140625
2019-10-16,1231.6500244140625,1235.0,1210.0999755859375,1221.0999755859375,5293408.0,2,16,10,11586.349609375,24.9000244140625
2019-10-17,1227.5,1229.8499755859375,1213.0999755859375,1220.0,6121807.0,3,17,10,11661.849609375,16.75
2019-10-18,1225.449951171875,1233.8499755859375,1220.3499755859375,1229.0,5616903.0,4,18,10,11588.349609375,13.5
2019-10-22,1257.0,1257.0,1232.5999755859375,1239.300048828125,10003114.0,1,22,10,11604.099609375,24.4000244140625
2019-10-23,1246.8499755859375,1249.75,1233.0,1241.5999755859375,5095107.0,2,23,10,11582.599609375,16.75
2019-10-24,1248.0,1254.1500244140625,1226.3499755859375,1236.0999755859375,6553747.0,3,24,10,11583.900390625,27.800048828125
2019-10-29,1238.0,1257.3499755859375,1237.699951171875,1242.5,7116284.0,1,29,10,11844.099609375,19.6500244140625
2019-10-30,1246.9000244140625,1262.699951171875,1243.0,1248.3499755859375,6005683.0,2,30,10,11877.4501953125,19.699951171875
2019-10-31,1257.699951171875,1263.9000244140625,1227.0999755859375,1230.3499755859375,6608853.0,3,31,10,11890.599609375,36.800048828125
2019-11-01,1239.0,1243.75,1227.5999755859375,1240.050048828125,5756130.0,4,1,11,11941.2998046875,16.1500244140625
2019-11-04,1246.449951171875,1250.0,1229.050048828125,1236.8499755859375,4967588.0,0,4,11,11917.2001953125,20.949951171875
2019-11-05,1241.0,1244.800048828125,1229.050048828125,1239.5,6183905.0,1,5,11,11966.0498046875,15.75
2019-11-06,1242.449951171875,1259.0,1228.050048828125,1256.6500244140625,6065168.0,2,6,11,12012.0498046875,30.949951171875
2019-11-07,1261.0,1269.699951171875,1250.0,1263.699951171875,8481517.0,3,7,11,11908.150390625,19.699951171875
2019-11-08,1259.0,1267.0,1251.449951171875,1255.5999755859375,6625748.0,4,8,11,11913.4501953125,15.550048828125
2019-11-11,1252.550048828125,1268.5,1250.5,1264.75,7143305.0,0,11,11,11840.4501953125,18.0
2019-11-13,1261.949951171875,1270.0,1253.5999755859375,1257.550048828125,4646748.0,2,13,11,11872.099609375,16.4000244140625
2019-11-14,1263.800048828125,1277.0,1257.199951171875,1273.9000244140625,5527609.0,3,14,11,11895.4501953125,19.800048828125
2019-11-15,1283.8499755859375,1285.0,1271.0999755859375,1277.9000244140625,4639506.0,4,15,11,11884.5,13.9000244140625
2019-11-18,1277.0,1279.449951171875,1258.699951171875,1262.050048828125,4565146.0,0,18,11,11940.099609375,20.75
2019-11-19,1265.300048828125,1275.0,1261.0999755859375,1271.9000244140625,5285289.0,1,19,11,11999.099609375,13.9000244140625
2019-11-20,1273.0,1282.949951171875,1267.0,1273.3499755859375,5527129.0,2,20,11,11968.400390625,15.949951171875
2019-11-21,1270.25,1287.0,1268.3499755859375,1283.3499755859375,6009763.0,3,21,11,11914.400390625,18.6500244140625
2019-11-22,1283.6500244140625,1283.6500244140625,1262.0,1264.75,3844005.0,4,22,11,12073.75,21.6500244140625
2019-11-25,1264.1500244140625,1279.5,1264.1500244140625,1271.0999755859375,3946778.0,0,25,11,12037.7001953125,15.3499755859375
2019-11-26,1278.449951171875,1279.75,1266.949951171875,1275.050048828125,4358001.0,1,26,11,12100.7001953125,12.800048828125
2019-11-27,1276.0,1285.75,1271.199951171875,1278.4000244140625,4790333.0,2,27,11,12151.150390625,14.550048828125
2019-11-28,1280.199951171875,1283.050048828125,1262.0,1265.300048828125,6183020.0,3,28,11,12056.0498046875,21.050048828125
2019-11-29,1267.699951171875,1279.9000244140625,1252.0,1274.949951171875,7783813.0,4,29,11,12048.2001953125,27.9000244140625
2019-12-02,1273.949951171875,1273.949951171875,1258.5999755859375,1265.75,4473102.0,0,2,12,11994.2001953125,15.3499755859375
2019-12-03,1268.199951171875,1269.0,1253.800048828125,1255.4000244140625,3495953.0,1,3,12,12043.2001953125,15.199951171875
2019-12-04,1252.5,1256.9000244140625,1234.199951171875,1251.6500244140625,5697807.0,2,4,12,12018.400390625,22.7000732421875
2019-12-05,1255.5999755859375,1258.75,1240.75,1245.5999755859375,6386247.0,3,5,12,11921.5,18.0
2019-12-06,1248.949951171875,1260.0,1238.199951171875,1246.050048828125,6887325.0,4,6,12,11937.5,21.800048828125
2019-12-09,1249.5,1249.8499755859375,1237.550048828125,1242.949951171875,4132675.0,0,9,12,11856.7998046875,12.2999267578125
2019-12-10,1251.0,1253.6500244140625,1245.0999755859375,1249.5,4894450.0,1,10,12,11910.150390625,8.550048828125
2019-12-11,1250.0999755859375,1254.0,1242.5,1248.75,5527321.0,2,11,12,11971.7998046875,11.5
2019-12-12,1253.0,1269.449951171875,1253.0,1263.5999755859375,6456574.0,3,12,12,12086.7001953125,16.449951171875
2019-12-13,1265.0,1272.3499755859375,1259.25,1263.8499755859375,5887593.0,4,13,12,12053.9501953125,13.0999755859375
2019-12-16,1269.25,1270.0,1248.199951171875,1257.3499755859375,5663788.0,0,16,12,12165.0,21.800048828125
2019-12-17,1260.0,1274.800048828125,1255.3499755859375,1271.0999755859375,6213677.0,1,17,12,12221.650390625,19.4500732421875
2019-12-18,1283.0,1299.0,1273.6500244140625,1292.3499755859375,8723586.0,2,18,12,12259.7001953125,25.3499755859375
2019-12-19,1305.0,1305.5,1286.0999755859375,1288.800048828125,6509188.0,3,19,12,12271.7998046875,19.4000244140625
2019-12-20,1288.75,1299.5999755859375,1280.050048828125,1296.699951171875,7513022.0,4,20,12,12262.75,19.5499267578125
2019-12-23,1299.0,1304.0,1288.800048828125,1302.4000244140625,5097891.0,0,23,12,12214.5498046875,15.199951171875
2019-12-24,1298.5999755859375,1301.0999755859375,1286.949951171875,1289.1500244140625,3589604.0,1,24,12,12126.5498046875,14.1500244140625
2019-12-26,1289.699951171875,1291.8499755859375,1264.6500244140625,1270.449951171875,7474879.0,3,26,12,12245.7998046875,27.199951171875
2019-12-27,1272.0,1279.0,1270.0,1275.0,3546496.0,4,27,12,12255.849609375,9.0
2019-12-30,1282.0,1288.75,1274.050048828125,1282.1500244140625,4667095.0,0,30,12,12168.4501953125,14.699951171875
2019-12-31,1281.949951171875,1281.949951171875,1268.6500244140625,1272.0999755859375,4178528.0,1,31,12,12182.5,13.2999267578125
2020-01-01,1276.0999755859375,1280.0,1270.5999755859375,1278.5999755859375,1836849.0,2,1,1,12282.2001953125,9.4000244140625
2020-01-02,1279.0,1288.0,1279.0,1286.75,3068583.0,3,2,1,12226.650390625,9.0
2020-01-03,1282.199951171875,1285.0,1263.5999755859375,1268.4000244140625,5427775.0,4,3,1,11993.0498046875,21.4000244140625
2020-01-06,1260.0,1261.800048828125,1236.0,1240.949951171875,5445093.0,0,6,1,12052.9501953125,25.800048828125
2020-01-07,1258.9000244140625,1271.449951171875,1252.25,1260.5999755859375,7362247.0,1,7,1,12025.349609375,19.199951171875
2020-01-08,1246.949951171875,1262.1500244140625,1240.050048828125,1257.300048828125,5666055.0,2,8,1,12215.900390625,22.0999755859375
2020-01-09,1265.0,1275.800048828125,1263.0999755859375,1271.4000244140625,4773158.0,3,9,1,12256.7998046875,12.7000732421875
2020-01-10,1284.0999755859375,1286.9000244140625,1275.0999755859375,1282.699951171875,4607290.0,4,10,1,12329.5498046875,11.800048828125
2020-01-13,1282.699951171875,1296.5,1276.0,1286.0,3725784.0,0,13,1,12362.2998046875,20.5
2020-01-14,1289.0,1292.550048828125,1277.5,1289.5,3943145.0,1,14,1,12343.2998046875,15.050048828125
2020-01-15,1286.4000244140625,1287.949951171875,1274.0999755859375,1284.25,5893724.0,2,15,1,12355.5,13.8499755859375
2020-01-16,1282.050048828125,1291.0,1279.3499755859375,1287.6500244140625,3575200.0,3,16,1,12352.349609375,11.6500244140625
2020-01-17,1281.75,1284.9000244140625,1271.9000244140625,1278.1500244140625,8459407.0,4,17,1,12224.5498046875,13.0
2020-01-20,1304.8499755859375,1304.8499755859375,1252.5,1254.9000244140625,11089225.0,0,20,1,12169.849609375,52.3499755859375
2020-01-21,1250.0,1250.0,1238.4000244140625,1244.3499755859375,7492402.0,1,21,1,12106.900390625,11.5999755859375
2020-01-22,1248.050048828125,1255.0,1234.4000244140625,1240.8499755859375,9184155.0,2,22,1,12180.349609375,20.5999755859375
2020-01-23,1240.0,1246.8499755859375,1231.0,1244.8499755859375,5754460.0,3,23,1,12248.25,15.8499755859375
2020-01-24,1246.0,1254.0,1239.0999755859375,1244.550048828125,5915878.0,4,24,1,12119.0,14.9000244140625
2020-01-27,1235.0,1235.0,1211.75,1213.199951171875,9444276.0,0,27,1,12055.7998046875,23.25
2020-01-28,1218.800048828125,1227.800048828125,1213.25,1223.199951171875,6706079.0,1,28,1,12129.5,14.550048828125
2020-01-29,1225.300048828125,1242.0,1222.25,1235.8499755859375,6894175.0,2,29,1,12035.7998046875,19.75
2020-01-30,1238.949951171875,1238.949951171875,1217.199951171875,1226.050048828125,6055992.0,3,30,1,11962.099609375,21.75
2020-01-31,1231.449951171875,1237.800048828125,1220.25,1226.300048828125,5589134.0,4,31,1,11707.900390625,17.550048828125
2020-02-03,1197.0,1197.949951171875,1177.699951171875,1192.800048828125,6538505.0,0,3,2,11979.650390625,20.25
2020-02-04,1198.0,1234.0,1198.0,1229.800048828125,10448852.0,1,4,2,12089.150390625,36.0
2020-02-05,1234.9000244140625,1248.0,1227.300048828125,1244.6500244140625,9010341.0,2,5,2,12137.9501953125,20.699951171875
2020-02-06,1244.6500244140625,1248.699951171875,1237.199951171875,1239.800048828125,5913775.0,3,6,2,12098.349609375,11.5
2020-02-07,1246.0,1247.0,1231.5999755859375,1242.199951171875,3407724.0,4,7,2,12031.5,15.4000244140625
2020-02-10,1242.949951171875,1242.949951171875,1226.050048828125,1240.300048828125,4609917.0,0,10,2,12107.900390625,16.89990234375
2020-02-11,1243.300048828125,1255.0,1238.050048828125,1240.5999755859375,5806760.0,1,11,2,12201.2001953125,16.949951171875
2020-02-12,1245.199951171875,1252.9000244140625,1244.050048828125,1249.0,3148965.0,2,12,2,12174.650390625,8.8499755859375
2020-02-13,1259.9000244140625,1259.9000244140625,1233.5999755859375,1241.4000244140625,4556070.0,3,13,2,12113.4501953125,26.300048828125
2020-02-14,1243.199951171875,1248.4000244140625,1215.0,1219.3499755859375,7344429.0,4,14,2,12045.7998046875,33.4000244140625
2020-02-17,1225.0,1233.0,1214.449951171875,1217.1500244140625,5076345.0,0,17,2,11992.5,18.550048828125
2020-02-18,1216.9000244140625,1218.5,1203.5,1213.25,5264558.0,1,18,2,12125.900390625,15.0
2020-02-19,1222.5,1230.0,1213.9000244140625,1227.199951171875,5006134.0,2,19,2,12080.849609375,16.0999755859375
2020-02-20,1230.0,1230.0,1214.0999755859375,1217.0999755859375,5561707.0,3,20,2,11829.400390625,15.9000244140625
2020-02-24,1208.949951171875,1214.75,1200.0,1209.949951171875,8284042.0,0,24,2,11797.900390625,14.75
2020-02-25,1204.0,1209.0,1198.0,1200.300048828125,6943340.0,1,25,2,11678.5,11.0
2020-02-26,1197.5,1204.699951171875,1185.6500244140625,1199.25,6907393.0,2,26,2,11633.2998046875,19.0499267578125
2020-02-27,1195.0,1202.5,1181.0,1199.449951171875,10327549.0,3,27,2,11201.75,21.5
2020-02-28,1175.5,1185.0,1170.0999755859375,1177.6500244140625,12156528.0,4,28,2,11132.75,14.9000244140625
2020-03-02,1200.199951171875,1201.1500244140625,1166.1500244140625,1179.5999755859375,7332449.0,0,2,3,11303.2998046875,35.0
2020-03-03,1175.0,1185.3499755859375,1168.0,1181.800048828125,11184775.0,1,3,3,11251.0,17.3499755859375
2020-03-04,1178.3499755859375,1180.0,1133.0999755859375,1148.8499755859375,17144435.0,2,4,3,11269.0,46.9000244140625
2020-03-05,1153.0,1165.0,1142.75,1151.3499755859375,9774854.0,3,5,3,10989.4501953125,22.25
2020-03-06,1125.0,1140.9000244140625,1101.0,1134.9000244140625,11526783.0,4,6,3,10451.4501953125,39.9000244140625
2020-03-09,1110.0,1118.4000244140625,1065.0,1107.300048828125,17210295.0,0,9,3,10458.400390625,53.4000244140625
2020-03-11,1105.0,1120.0,1092.0,1113.800048828125,17769120.0,2,11,3,9590.150390625,28.0
2020-03-12,1075.0,1080.0,1003.4500122070312,1021.2999877929688,29500385.0,3,12,3,9955.2001953125,76.54998779296875
2020-03-13,980.0499877929688,1081.449951171875,919.2000122070312,1069.800048828125,33171182.0,4,13,3,9197.400390625,162.24993896484375
2020-03-16,1035.0,1037.0,995.0,999.5,15993161.0,0,16,3,8967.0498046875,42.0
2020-03-17,1008.0,1010.0,954.7000122070312,975.0999755859375,21338419.0,1,17,3,8468.7998046875,55.29998779296875
2020-03-18,985.0,993.0,865.0,876.9000244140625,30590703.0,2,18,3,8263.4501953125,128.0
2020-03-19,847.0,919.9500122070312,795.0,895.5499877929688,33610024.0,3,19,3,8745.4501953125,124.95001220703125
2020-03-20,875.0,914.5999755859375,824.5499877929688,882.8499755859375,44318732.0,4,20,3,7610.25,90.04998779296875
2020-03-23,794.5999755859375,838.75,765.0,771.5499877929688,25138477.0,0,23,3,7801.0498046875,73.75
2020-03-24,795.25,810.0,738.75,767.7000122070312,30528636.0,1,24,3,8317.849609375,71.25
2020-03-25,770.4500122070312,867.4500122070312,755.25,856.75,23614021.0,2,25,3,8641.4501953125,112.20001220703125
2020-03-26,870.0999755859375,937.7000122070312,841.0,901.0999755859375,28521578.0,3,26,3,8660.25,96.70001220703125
2020-03-27,944.9500122070312,988.6500244140625,872.0999755859375,904.4500122070312,27617968.0,4,27,3,8281.099609375,116.550048828125
2020-03-30,880.0,887.0,828.0,831.6500244140625,19634222.0,0,30,3,8597.75,59.0
2020-03-31,853.7999877929688,873.5999755859375,838.0,861.9000244140625,17605546.0,1,31,3,8253.7998046875,35.5999755859375
2020-04-01,863.8499755859375,863.8499755859375,820.0,829.6500244140625,14551752.0,2,1,4,8083.7998046875,43.8499755859375
2020-04-03,843.0,844.0,810.0,813.8499755859375,17498140.0,4,3,4,8792.2001953125,34.0
2020-04-07,874.0,907.2999877929688,845.3499755859375,896.0999755859375,30206319.0,1,7,4,8748.75,61.95001220703125
2020-04-08,879.9500122070312,945.0,866.0999755859375,888.9000244140625,28109676.0,2,8,4,9111.900390625,78.9000244140625
2020-04-09,913.0,930.9000244140625,890.0,925.0499877929688,22228573.0,3,9,4,8993.849609375,40.9000244140625
2020-04-13,934.0,946.7000122070312,886.2000122070312,895.3499755859375,17079028.0,0,13,4,8925.2998046875,60.5
2020-04-15,930.5,930.5,843.0,863.2999877929688,28989376.0,2,15,4,8992.7998046875,87.5
2020-04-16,865.0,890.7000122070312,856.25,879.75,26927198.0,3,16,4,9266.75,34.45001220703125
2020-04-17,915.0,920.0,887.25,910.2999877929688,27941731.0,4,17,4,9261.849609375,32.75
2020-04-20,951.0,960.9500122070312,935.0,944.8499755859375,33116493.0,0,20,4,8981.4501953125,25.95001220703125
2020-04-21,925.0,934.0,908.0,921.6500244140625,16589003.0,1,21,4,9187.2998046875,26.0
2020-04-22,919.1500244140625,933.0,907.2999877929688,928.5999755859375,19144677.0,2,22,4,9313.900390625,25.70001220703125
2020-04-23,935.0,958.5,912.5499877929688,954.9500122070312,20450611.0,3,23,4,9154.400390625,45.95001220703125
2020-04-24,933.0,958.4000244140625,926.0,938.0499877929688,16642284.0,4,24,4,9282.2998046875,32.4000244140625
2020-04-27,945.1500244140625,957.4000244140625,926.2999877929688,929.7000122070312,13710536.0,0,27,4,9380.900390625,31.10003662109375
2020-04-28,943.7999877929688,943.7999877929688,922.0,931.4000244140625,14720718.0,1,28,4,9553.349609375,21.79998779296875
2020-04-29,935.0,992.7000122070312,934.0999755859375,977.0999755859375,27938889.0,2,29,4,9859.900390625,58.60003662109375
2020-04-30,1001.4000244140625,1019.0,992.0999755859375,1001.7999877929688,21896567.0,3,30,4,9293.5,26.9000244140625
2020-05-04,957.5,960.0,917.5,923.0,13361162.0,0,4,5,9205.599609375,42.5
2020-05-05,938.0,944.0,908.0499877929688,911.4500122070312,14836429.0,1,5,5,9270.900390625,35.95001220703125
2020-05-06,919.0,950.0,905.6500244140625,946.4000244140625,16892923.0,2,6,5,9199.0498046875,44.3499755859375
2020-05-07,940.5,943.2999877929688,921.3499755859375,925.0,10915865.0,3,7,5,9251.5,21.95001220703125
2020-05-08,942.0,943.9500122070312,925.2000122070312,929.0499877929688,10403742.0,4,8,5,9239.2001953125,18.75
2020-05-11,937.0,954.0,914.0,915.7999877929688,14275392.0,0,11,5,9196.5498046875,40.0
2020-05-12,901.0,909.4000244140625,871.0999755859375,901.5499877929688,24784209.0,1,12,5,9383.5498046875,38.300048828125
2020-05-13,951.0,960.0,922.0999755859375,927.6500244140625,22173483.0,2,13,5,9142.75,37.9000244140625
2020-05-14,898.0,911.0,890.0,893.7000122070312,19777445.0,3,14,5,9136.849609375,21.0
2020-05-15,890.5,892.4000244140625,875.0,888.1500244140625,12174814.0,4,15,5,8823.25,17.4000244140625
2020-05-18,888.0,888.0,831.2999877929688,836.6500244140625,23324982.0,0,18,5,8879.099609375,56.70001220703125
2020-05-19,860.8499755859375,867.2999877929688,826.0999755859375,830.6500244140625,23730346.0,1,19,5,9066.5498046875,41.20001220703125
2020-05-20,836.4500122070312,864.0,832.2000122070312,857.0999755859375,20007153.0,2,20,5,9106.25,31.79998779296875
2020-05-21,861.4500122070312,884.0,852.2999877929688,859.5499877929688,24239454.0,3,21,5,9039.25,31.70001220703125
2020-05-22,850.0,870.2999877929688,833.0499877929688,838.8499755859375,21023716.0,4,22,5,9029.0498046875,37.25
2020-05-26,857.0,871.75,848.75,852.4000244140625,19002576.0,1,26,5,9314.9501953125,23.0
2020-05-27,859.9000244140625,909.7999877929688,857.1500244140625,903.6500244140625,28012877.0,2,27,5,9490.099609375,52.64996337890625
2020-05-28,920.0,950.0,913.9500122070312,945.25,37744403.0,3,28,5,9580.2998046875,36.04998779296875
2020-05-29,944.0,955.0,923.4500122070312,951.6500244140625,26512583.0,4,29,5,9826.150390625,31.54998779296875
2020-06-01,975.0,995.0,966.0999755859375,987.6500244140625,19595115.0,0,1,6,9979.099609375,28.9000244140625
2020-06-02,986.7000122070312,1005.0,975.2000122070312,1001.0,20811797.0,1,2,6,10061.5498046875,29.79998779296875
2020-06-03,1020.0,1046.25,1015.4500122070312,1022.25,25273044.0,2,3,6,10029.099609375,30.79998779296875
2020-06-04,1028.050048828125,1038.949951171875,991.0999755859375,1001.7000122070312,27137941.0,3,4,6,10142.150390625,47.8499755859375
2020-06-05,1003.0999755859375,1042.4000244140625,1002.7999877929688,1033.3499755859375,17597992.0,4,5,6,10167.4501953125,39.60003662109375
2020-06-08,1060.0,1066.6500244140625,1006.4000244140625,1015.9000244140625,24906332.0,0,8,6,10046.650390625,60.25
2020-06-09,1020.0,1026.75,979.5499877929688,987.2999877929688,30922073.0,1,9,6,10116.150390625,47.20001220703125
2020-06-10,990.0,999.8499755859375,978.2000122070312,991.8499755859375,18248865.0,2,10,6,9902.0,21.64996337890625
2020-06-11,985.0,988.4000244140625,965.0,968.5999755859375,15448857.0,3,11,6,9972.900390625,23.4000244140625
2020-06-12,928.0,986.6500244140625,928.0,982.75,21322438.0,4,12,6,9813.7001953125,58.6500244140625
2020-06-15,968.0,974.0,943.0,949.8499755859375,16004968.0,0,15,6,9914.0,31.0
2020-06-16,975.0,993.9500122070312,952.0,990.4000244140625,22699985.0,1,16,6,9881.150390625,41.95001220703125
2020-06-17,989.0,998.9000244140625,973.25,979.25,18478919.0,2,17,6,10091.650390625,25.6500244140625
2020-06-18,980.0,1024.9000244140625,972.0,1019.9500122070312,20435063.0,3,18,6,10244.400390625,52.9000244140625
2020-06-19,1017.9500122070312,1043.0,1012.1500244140625,1033.3499755859375,23938876.0,4,19,6,10311.2001953125,30.8499755859375
2020-06-22,1039.449951171875,1045.949951171875,1023.7999877929688,1028.75,14847237.0,0,22,6,10471.0,22.14996337890625
2020-06-23,1039.0,1045.0,1016.5499877929688,1042.300048828125,14415256.0,1,23,6,10305.2998046875,28.45001220703125
2020-06-24,1048.5,1057.5,1030.050048828125,1032.5,19714623.0,2,24,6,10288.900390625,27.449951171875
2020-06-25,1021.9000244140625,1049.0,1007.0,1028.75,35323395.0,3,25,6,10383.0,42.0
2020-06-26,1041.0,1063.0,1028.0,1056.449951171875,19984569.0,4,26,6,10312.400390625,35.0
2020-06-29,1037.0,1082.5999755859375,1037.0,1076.050048828125,23002978.0,0,29,6,10302.099609375,45.5999755859375
2020-06-30,1074.0,1078.550048828125,1056.300048828125,1065.8499755859375,17873065.0,1,30,6,10430.0498046875,22.25
2020-07-01,1065.8499755859375,1096.0,1061.300048828125,1084.5999755859375,17423359.0,2,1,7,10551.7001953125,34.699951171875
2020-07-02,1090.300048828125,1111.25,1085.199951171875,1089.4000244140625,18477248.0,3,2,7,10607.349609375,26.050048828125
2020-07-03,1093.0,1095.800048828125,1070.0,1073.949951171875,13798627.0,4,3,7,10763.650390625,25.800048828125
2020-07-06,1107.949951171875,1119.9000244140625,1100.0,1103.0,17779108.0,0,6,7,10799.650390625,19.9000244140625
2020-07-07,1109.4000244140625,1111.699951171875,1093.050048828125,1105.1500244140625,12174925.0,1,7,7,10705.75,18.64990234375
2020-07-08,1107.0,1124.9000244140625,1105.0,1110.3499755859375,15028175.0,2,8,7,10813.4501953125,19.9000244140625
2020-07-09,1118.0,1129.699951171875,1107.25,1124.949951171875,10057242.0,3,9,7,10768.0498046875,22.449951171875
2020-07-10,1117.9000244140625,1120.0,1099.550048828125,1105.0999755859375,8781489.0,4,10,7,10802.7001953125,20.449951171875
2020-07-13,1109.9000244140625,1113.0,1071.300048828125,1080.25,14961057.0,0,13,7,10607.349609375,41.699951171875
2020-07-14,1062.5999755859375,1068.9000244140625,1050.0,1058.8499755859375,13306337.0,1,14,7,10618.2001953125,18.9000244140625
2020-07-15,1070.199951171875,1079.0,1050.0999755859375,1053.1500244140625,10487197.0,2,15,7,10739.9501953125,28.9000244140625
2020-07-16,1053.6500244140625,1065.5,1034.0999755859375,1062.550048828125,11831228.0,3,16,7,10901.7001953125,31.4000244140625
2020-07-17,1059.050048828125,1104.0,1058.300048828125,1098.449951171875,14202869.0,4,17,7,11022.2001953125,45.699951171875
2020-07-20,1135.0,1152.9000244140625,1124.1500244140625,1133.050048828125,32562048.0,0,20,7,11162.25,28.75
2020-07-21,1152.050048828125,1157.949951171875,1134.0,1138.550048828125,23756211.0,1,21,7,11132.599609375,23.949951171875
2020-07-22,1138.5,1144.5,1117.550048828125,1126.3499755859375,12359006.0,2,22,7,11215.4501953125,26.949951171875
2020-07-23,1125.0,1143.9000244140625,1116.25,1130.4000244140625,10074561.0,3,23,7,11194.150390625,27.6500244140625
2020-07-24,1122.9000244140625,1122.9000244140625,1101.25,1119.0999755859375,9799220.0,4,24,7,11131.7998046875,21.6500244140625
2020-07-27,1099.8499755859375,1103.0,1075.3499755859375,1079.5,18985047.0,0,27,7,11300.5498046875,27.6500244140625
2020-07-28,1079.0,1094.4000244140625,1059.5,1086.6500244140625,17798225.0,1,28,7,11202.849609375,34.9000244140625
2020-07-29,1081.0,1088.5,1055.550048828125,1064.5999755859375,16796043.0,2,29,7,11102.150390625,32.949951171875
2020-07-30,1074.0,1083.6500244140625,1046.699951171875,1050.6500244140625,13478133.0,3,30,7,11073.4501953125,36.9500732421875
2020-07-31,1057.699951171875,1057.699951171875,1020.0499877929688,1032.800048828125,18863348.0,4,31,7,10891.599609375,37.64996337890625
2020-08-03,1025.949951171875,1026.949951171875,993.0,1002.0,15891771.0,0,3,8,11095.25,33.949951171875
2020-08-04,1008.0,1061.050048828125,1003.0,1041.6500244140625,30153084.0,1,4,8,11101.650390625,58.050048828125
2020-08-05,1047.949951171875,1055.800048828125,1020.0,1027.550048828125,16610680.0,2,5,8,11200.150390625,35.800048828125
2020-08-06,1037.0,1055.0,1026.25,1040.699951171875,16823444.0,3,6,8,11214.0498046875,28.75
2020-08-07,1034.8499755859375,1047.199951171875,1020.5999755859375,1043.8499755859375,12418392.0,4,7,8,11270.150390625,26.5999755859375
2020-08-10,1044.0,1064.0,1043.800048828125,1050.6500244140625,11086427.0,0,10,8,11322.5,20.199951171875
2020-08-11,1048.5,1071.0,1048.5,1066.6500244140625,10068074.0,1,11,8,11308.400390625,22.5
2020-08-12,1065.0,1066.0,1048.0,1063.699951171875,10333216.0,2,12,8,11300.4501953125,18.0
2020-08-13,1067.949951171875,1071.3499755859375,1056.5,1059.050048828125,9946370.0,3,13,8,11178.400390625,14.8499755859375
2020-08-14,1065.9000244140625,1065.9000244140625,1027.300048828125,1034.449951171875,10462256.0,4,14,8,11247.099609375,38.5999755859375
2020-08-17,1047.0,1047.0,1020.2000122070312,1032.75,9780506.0,0,17,8,11385.349609375,26.79998779296875
2020-08-18,1028.0,1061.6500244140625,1022.0,1056.5,12020412.0,1,18,8,11408.400390625,39.6500244140625
2020-08-19,1065.0,1069.800048828125,1056.25,1066.5999755859375,8857812.0,2,19,8,11312.2001953125,13.550048828125
2020-08-20,1054.949951171875,1068.949951171875,1052.0,1059.0,9608367.0,3,20,8,11371.599609375,16.949951171875
2020-08-21,1065.4000244140625,1088.800048828125,1064.5999755859375,1085.6500244140625,14462151.0,4,21,8,11466.4501953125,24.2000732421875
2020-08-24,1086.0,1122.949951171875,1085.6500244140625,1117.050048828125,18389870.0,0,24,8,11472.25,37.2999267578125
2020-08-25,1119.0,1127.0,1106.199951171875,1119.699951171875,13800869.0,1,25,8,11549.599609375,20.800048828125
2020-08-26,1121.0,1131.75,1109.5,1118.449951171875,12595031.0,2,26,8,11559.25,22.25
2020-08-27,1125.800048828125,1129.9000244140625,1106.25,1112.0999755859375,10322998.0,3,27,8,11647.599609375,23.6500244140625
2020-08-28,1111.949951171875,1125.0,1095.0,1114.5,19348305.0,4,28,8,11387.5,30.0
2020-08-31,1129.5,1148.800048828125,1100.699951171875,1115.8499755859375,19250583.0,0,31,8,11470.25,48.10009765625
2020-09-01,1128.0,1143.5999755859375,1108.0,1127.300048828125,14438942.0,1,1,9,11535.0,35.5999755859375
2020-09-02,1124.0999755859375,1139.0,1120.699951171875,1134.1500244140625,9880841.0,2,2,9,11527.4501953125,18.300048828125
2020-09-03,1137.25,1145.949951171875,1128.0,1130.9000244140625,9916681.0,3,3,9,11333.849609375,17.949951171875
2020-09-04,1110.0,1125.4000244140625,1104.4000244140625,1119.300048828125,11830685.0,4,4,9,11355.0498046875,21.0
2020-09-07,1116.300048828125,1119.5,1099.0,1110.5,8807733.0,0,7,9,11317.349609375,20.5
2020-09-08,1114.0,1118.800048828125,1103.0,1112.449951171875,7312459.0,1,8,9,11278.0,15.800048828125
2020-09-09,1101.0,1110.0,1091.25,1096.5,7864436.0,2,9,9,11449.25,18.75
2020-09-10,1103.0,1104.8499755859375,1084.0,1090.550048828125,7594044.0,3,10,9,11464.4501953125,20.8499755859375
2020-09-11,1096.449951171875,1104.8499755859375,1071.0,1078.6500244140625,10397365.0,4,11,9,11440.0498046875,33.8499755859375
2020-09-14,1088.0,1094.0,1052.3499755859375,1057.949951171875,10825295.0,0,14,9,11521.7998046875,41.6500244140625
2020-09-15,1068.0,1076.1500244140625,1058.0999755859375,1070.5,8252555.0,1,15,9,11604.5498046875,18.050048828125
2020-09-16,1070.199951171875,1096.0,1068.3499755859375,1093.6500244140625,9355056.0,2,16,9,11516.099609375,27.6500244140625
2020-09-17,1084.0,1094.0,1078.0,1083.5999755859375,9159343.0,3,17,9,11504.9501953125,16.0
2020-09-18,1092.0,1092.199951171875,1047.199951171875,1057.300048828125,11740889.0,4,18,9,11250.5498046875,45.0
2020-09-21,1055.0,1071.3499755859375,1041.5,1049.300048828125,9921439.0,0,21,9,11153.650390625,29.8499755859375
2020-09-22,1054.050048828125,1058.1500244140625,1029.5,1035.4000244140625,9310339.0,1,22,9,11131.849609375,28.6500244140625
2020-09-23,1046.0,1055.0,1034.3499755859375,1047.25,8039914.0,2,23,9,10805.5498046875,20.6500244140625
2020-09-24,1038.0,1047.0,1025.0,1030.4000244140625,9904755.0,3,24,9,11050.25,22.0
2020-09-25,1050.0,1051.949951171875,1025.6500244140625,1044.0,10160772.0,4,25,9,11227.5498046875,26.2999267578125
2020-09-28,1048.949951171875,1059.0,1042.6500244140625,1054.199951171875,8076211.0,0,28,9,11222.400390625,16.3499755859375
2020-09-29,1058.0,1069.9000244140625,1051.0,1062.550048828125,6322223.0,1,29,9,11247.5498046875,18.9000244140625
2020-09-30,1060.0,1086.9000244140625,1052.0,1078.5999755859375,9406921.0,2,30,9,11416.9501953125,34.9000244140625
2020-10-01,1090.0999755859375,1110.0,1090.0999755859375,1106.949951171875,10601540.0,3,1,10,11503.349609375,19.9000244140625
2020-10-05,1112.0,1132.0,1111.0,1114.3499755859375,8470063.0,0,5,10,11662.400390625,21.0
2020-10-06,1135.050048828125,1148.0,1126.199951171875,1144.0999755859375,9685995.0,1,6,10,11738.849609375,21.800048828125
2020-10-07,1144.9000244140625,1164.8499755859375,1137.5999755859375,1162.25,10624389.0,2,7,10,11834.599609375,27.25
2020-10-08,1180.0,1203.0,1163.3499755859375,1191.800048828125,17530337.0,3,8,10,11914.2001953125,39.6500244140625
2020-10-09,1201.0,1237.0,1191.6500244140625,1233.550048828125,22486194.0,4,9,10,11930.9501953125,45.3499755859375
2020-10-12,1231.550048828125,1242.75,1205.5999755859375,1213.6500244140625,9610273.0,0,12,10,11934.5,37.1500244140625
2020-10-13,1213.4000244140625,1222.449951171875,1195.0,1198.449951171875,9176976.0,1,13,10,11971.0498046875,27.449951171875
2020-10-14,1195.550048828125,1214.300048828125,1175.5,1211.5,11291459.0,2,14,10,11680.349609375,38.800048828125
2020-10-15,1214.199951171875,1217.0,1164.0,1169.25,14123448.0,3,15,10,11762.4501953125,53.0
2020-10-16,1180.0,1203.5,1173.0,1199.3499755859375,12911424.0,4,16,10,11873.0498046875,30.5
2020-10-19,1235.0,1235.0,1192.5999755859375,1203.550048828125,21179778.0,0,19,10,11896.7998046875,42.4000244140625
2020-10-20,1207.5,1227.4000244140625,1205.9000244140625,1223.949951171875,13705989.0,1,20,10,11937.650390625,21.5
2020-10-21,1230.5999755859375,1251.0,1221.699951171875,1246.699951171875,17820376.0,2,21,10,11896.4501953125,29.300048828125
2020-10-22,1239.949951171875,1250.0,1223.0,1233.300048828125,10956530.0,3,22,10,11930.349609375,27.0
2020-10-23,1243.5,1248.449951171875,1231.199951171875,1235.800048828125,7933115.0,4,23,10,11767.75,17.25
2020-10-26,1229.800048828125,1242.0,1204.5999755859375,1210.9000244140625,9785988.0,0,26,10,11889.400390625,37.4000244140625
2020-10-27,1226.0,1236.0,1197.8499755859375,1233.0999755859375,12158890.0,1,27,10,11729.599609375,38.1500244140625
2020-10-28,1228.0,1232.0,1201.5,1209.5999755859375,8285593.0,2,28,10,11670.7998046875,30.5
2020-10-29,1200.5999755859375,1204.449951171875,1178.5,1187.199951171875,11530012.0,3,29,10,11642.400390625,25.949951171875
2020-10-30,1182.550048828125,1199.300048828125,1176.3499755859375,1183.550048828125,5761358.0,4,30,10,11669.150390625,22.9500732421875
2020-11-02,1194.3499755859375,1225.0,1177.5,1215.25,10963040.0,0,2,11,11813.5,47.5
2020-11-03,1226.449951171875,1250.75,1225.5,1247.949951171875,14082115.0,1,3,11,11908.5,25.25
2020-11-04,1252.0,1264.800048828125,1230.0,1257.4000244140625,11702411.0,2,4,11,12120.2998046875,34.800048828125
2020-11-05,1266.0,1276.0,1252.3499755859375,1269.199951171875,10716964.0,3,5,11,12263.5498046875,23.6500244140625
2020-11-06,1266.25,1310.0,1265.5,1307.6500244140625,17852862.0,4,6,11,12461.0498046875,44.5
2020-11-09,1315.199951171875,1345.949951171875,1315.199951171875,1340.550048828125,13144220.0,0,9,11,12631.099609375,30.75
2020-11-10,1357.0,1395.0,1351.550048828125,1393.6500244140625,20758678.0,1,10,11,12749.150390625,43.449951171875
2020-11-11,1399.9000244140625,1414.800048828125,1370.5,1389.949951171875,18058097.0,2,11,11,12690.7998046875,44.300048828125
2020-11-12,1377.4000244140625,1388.550048828125,1360.0,1371.699951171875,13526974.0,3,12,11,12719.9501953125,28.550048828125
2020-11-17,1385.800048828125,1412.5999755859375,1380.5999755859375,1408.449951171875,15529950.0,1,17,11,12938.25,32.0
2020-11-18,1403.0,1419.0,1399.050048828125,1408.699951171875,9431388.0,2,18,11,12771.7001953125,19.949951171875
2020-11-19,1389.699951171875,1399.449951171875,1368.0,1374.3499755859375,10133441.0,3,19,11,12859.0498046875,31.449951171875
2020-11-20,1372.6500244140625,1408.4000244140625,1365.050048828125,1403.6500244140625,10202681.0,4,20,11,12926.4501953125,43.3499755859375
2020-11-23,1415.0,1423.6500244140625,1375.3499755859375,1394.5999755859375,12623318.0,0,23,11,13055.150390625,48.300048828125
2020-11-24,1408.0,1445.0,1402.050048828125,1438.199951171875,20077200.0,1,24,11,12858.400390625,42.949951171875
2020-11-25,1451.300048828125,1464.4000244140625,1397.0,1402.800048828125,12076301.0,2,25,11,12987.0,67.4000244140625
2020-11-26,1415.0,1432.0,1387.0,1426.6500244140625,13971563.0,3,26,11,12968.9501953125,45.0
2020-11-27,1431.800048828125,1446.0,1415.550048828125,1440.8499755859375,8997290.0,4,27,11,13109.0498046875,30.449951171875
2020-12-01,1440.8499755859375,1449.0,1425.5,1433.300048828125,8573787.0,1,1,12,13113.75,23.5
2020-12-02,1431.0,1431.800048828125,1394.800048828125,1406.949951171875,8946075.0,2,2,12,13133.900390625,37.0
2020-12-03,1429.0,1432.0,1374.050048828125,1377.199951171875,18966611.0,3,3,12,13258.5498046875,57.949951171875
2020-12-04,1381.0,1401.449951171875,1373.300048828125,1385.5999755859375,13456161.0,4,4,12,13355.75,28.14990234375
2020-12-07,1375.0,1379.949951171875,1358.0999755859375,1372.25,12158159.0,0,7,12,13392.9501953125,21.8499755859375
2020-12-08,1375.0,1388.800048828125,1365.1500244140625,1376.300048828125,9728948.0,1,8,12,13529.099609375,23.6500244140625
2020-12-09,1377.0,1410.050048828125,1375.050048828125,1407.199951171875,11034537.0,2,9,12,13478.2998046875,35.0
2020-12-10,1398.0,1402.0,1375.75,1385.8499755859375,9863983.0,3,10,12,13513.849609375,26.25
2020-12-11,1390.050048828125,1395.0,1373.0,1382.800048828125,10678192.0,4,11,12,13558.150390625,22.0
2020-12-14,1383.0,1388.0,1368.0,1372.1500244140625,8611025.0,0,14,12,13567.849609375,20.0
2020-12-15,1380.800048828125,1394.949951171875,1366.0,1391.300048828125,10780718.0,1,15,12,13682.7001953125,28.949951171875
2020-12-16,1404.0,1416.800048828125,1394.5,1410.699951171875,8416046.0,2,16,12,13740.7001953125,22.300048828125
2020-12-17,1418.5999755859375,1445.0,1404.5,1441.800048828125,10962239.0,3,17,12,13760.5498046875,40.5
2020-12-18,1435.0,1439.699951171875,1406.300048828125,1411.3499755859375,11497959.0,4,18,12,13328.400390625,33.39990234375
2020-12-21,1417.5,1423.8499755859375,1366.699951171875,1372.6500244140625,11880912.0,0,21,12,13466.2998046875,57.1500244140625
2020-12-22,1384.800048828125,1384.800048828125,1345.0,1373.0999755859375,11425779.0,1,22,12,13601.099609375,39.800048828125
2020-12-23,1367.5,1380.949951171875,1361.050048828125,1375.6500244140625,7733697.0,2,23,12,13749.25,19.89990234375
2020-12-24,1389.4000244140625,1404.0,1377.0,1397.0999755859375,7476094.0,3,24,12,13873.2001953125,27.0
2020-12-28,1405.0,1421.0,1404.0,1412.8499755859375,5849597.0,0,28,12,13932.599609375,17.0
2020-12-29,1421.050048828125,1434.75,1420.0,1427.199951171875,7247673.0,1,29,12,13981.9501953125,14.75
2020-12-30,1439.9000244140625,1439.9000244140625,1413.0,1432.5,8108363.0,2,30,12,13981.75,26.9000244140625
2021-01-01,1440.0,1443.0,1420.5999755859375,1425.050048828125,4405469.0,4,1,1,14132.900390625,22.4000244140625
2021-01-04,1438.0,1438.0,1399.0,1416.0,7870096.0,0,4,1,14199.5,39.0
2021-01-05,1419.199951171875,1430.75,1409.0,1426.699951171875,7193412.0,1,5,1,14146.25,21.75
2021-01-06,1435.0,1440.0,1413.0999755859375,1420.550048828125,11067025.0,2,6,1,14137.349609375,26.9000244140625
2021-01-07,1432.5,1432.5999755859375,1412.550048828125,1416.25,9947421.0,3,7,1,14347.25,20.0499267578125
2021-01-08,1432.0,1442.0,1423.0999755859375,1431.6500244140625,6884382.0,4,8,1,14484.75,18.9000244140625
2021-01-11,1450.0,1464.9000244140625,1436.300048828125,1451.449951171875,8665696.0,0,11,1,14563.4501953125,28.5999755859375
2021-01-12,1452.449951171875,1487.699951171875,1449.0999755859375,1481.0,10194078.0,1,12,1,14564.849609375,38.5999755859375
2021-01-13,1492.9000244140625,1496.9000244140625,1462.0999755859375,1470.6500244140625,8467325.0,2,13,1,14595.599609375,34.800048828125
2021-01-14,1471.1500244140625,1488.0,1456.0,1468.75,6148583.0,3,14,1,14433.7001953125,32.0
2021-01-15,1469.0999755859375,1471.6500244140625,1445.0,1466.6500244140625,7082618.0,4,15,1,14281.2998046875,26.6500244140625
2021-01-18,1469.9000244140625,1502.8499755859375,1467.0,1483.0999755859375,21412816.0,0,18,1,14521.150390625,35.8499755859375
2021-01-19,1491.800048828125,1511.6500244140625,1467.0,1503.8499755859375,8680127.0,1,19,1,14644.7001953125,44.6500244140625
2021-01-20,1501.0,1501.0,1486.0,1492.0,6673026.0,2,20,1,14590.349609375,15.0
2021-01-21,1492.0,1494.3499755859375,1468.1500244140625,1474.800048828125,13166527.0,3,21,1,14371.900390625,26.199951171875
2021-01-22,1467.9000244140625,1467.9000244140625,1440.1500244140625,1443.550048828125,7696182.0,4,22,1,14238.900390625,27.75
2021-01-25,1465.0999755859375,1481.0,1455.1500244140625,1462.8499755859375,10172359.0,0,25,1,13967.5,25.8499755859375
2021-01-27,1468.0,1471.9000244140625,1406.1500244140625,1409.5999755859375,11778138.0,2,27,1,13817.5498046875,65.75
2021-01-28,1389.9000244140625,1401.300048828125,1342.0,1371.449951171875,21352223.0,3,28,1,13634.599609375,59.300048828125
2021-01-29,1391.3499755859375,1408.75,1364.5,1390.5,14352251.0,4,29,1,14281.2001953125,44.25
2021-02-01,1410.25,1482.5,1401.0,1476.75,13185272.0,0,1,2,14647.849609375,81.5
2021-02-02,1501.0,1578.5,1497.4000244140625,1560.550048828125,21210103.0,1,2,2,14789.9501953125,81.0999755859375
2021-02-03,1579.0,1581.699951171875,1542.0,1574.800048828125,10118627.0,2,3,2,14895.650390625,39.699951171875
2021-02-04,1566.0,1588.0,1543.449951171875,1579.0999755859375,12242342.0,3,4,2,14924.25,44.550048828125
2021-02-05,1548.0,1618.25,1548.0,1597.5999755859375,13527358.0,4,5,2,15115.7998046875,70.25
2021-02-08,1620.0,1631.6500244140625,1595.699951171875,1605.25,8723790.0,0,8,2,15109.2998046875,35.9500732421875
2021-02-09,1610.0,1628.0,1586.699951171875,1611.8499755859375,9210683.0,1,9,2,15106.5,41.300048828125
2021-02-10,1608.3499755859375,1614.8499755859375,1567.0,1581.75,9894003.0,2,10,2,15173.2998046875,47.8499755859375
2021-02-11,1582.0,1597.800048828125,1564.199951171875,1572.3499755859375,6824309.0,3,11,2,15163.2998046875,33.60009765625
2021-02-12,1573.9000244140625,1592.5,1573.0,1581.949951171875,4955053.0,4,12,2,15314.7001953125,19.5
2021-02-15,1600.0999755859375,1625.0,1596.699951171875,1616.5999755859375,5177622.0,0,15,2,15313.4501953125,28.300048828125
2021-02-16,1621.199951171875,1641.0,1608.449951171875,1626.6500244140625,6948679.0,1,16,2,15208.900390625,32.550048828125
2021-02-17,1620.0,1621.800048828125,1583.0,1586.5,6397213.0,2,17,2,15118.9501953125,38.800048828125
2021-02-18,1605.949951171875,1605.949951171875,1548.0,1554.300048828125,7360280.0,3,18,2,14981.75,57.949951171875
2021-02-19,1545.0,1564.199951171875,1533.0,1539.0999755859375,8569754.0,4,19,2,14675.7001953125,31.199951171875
2021-02-22,1545.050048828125,1573.9000244140625,1539.449951171875,1548.0,14725919.0,0,22,2,14707.7998046875,34.4500732421875
2021-02-23,1553.75,1557.699951171875,1522.6500244140625,1529.1500244140625,9119953.0,1,23,2,14982.0,35.0499267578125
2021-02-24,1526.5,1613.949951171875,1516.25,1606.449951171875,7157166.0,2,24,2,15097.349609375,97.699951171875
2021-02-25,1609.75,1636.25,1602.0,1606.4000244140625,10054785.0,3,25,2,14529.150390625,34.25
2021-02-26,1587.050048828125,1588.9000244140625,1521.0,1534.4000244140625,13956423.0,4,26,2,14761.5498046875,67.9000244140625
2021-03-01,1564.0,1572.550048828125,1540.699951171875,1558.9000244140625,6768009.0,0,1,3,14919.099609375,31.85009765625
2021-03-02,1575.699951171875,1587.5,1551.0,1568.199951171875,8055019.0,1,2,3,15245.599609375,36.5
2021-03-03,1584.0,1596.0,1565.0,1586.8499755859375,5611205.0,2,3,3,15080.75,31.0
2021-03-04,1548.550048828125,1571.0,1539.0999755859375,1552.050048828125,8145719.0,3,4,3,14938.099609375,31.9000244140625
2021-03-05,1531.0,1545.5999755859375,1521.0999755859375,1530.0,8722911.0,4,5,3,14956.2001953125,24.5
2021-03-08,1542.0,1555.0,1512.5,1519.5,7558525.0,0,8,3,15098.400390625,42.5
2021-03-09,1545.0,1565.699951171875,1538.25,1562.5,7533348.0,1,9,3,15174.7998046875,27.449951171875
2021-03-10,1572.0,1575.0,1552.1500244140625,1555.75,5527508.0,2,10,3,15030.9501953125,22.8499755859375
2021-03-12,1600.0,1600.0,1535.050048828125,1551.949951171875,7815602.0,4,12,3,14929.5,64.949951171875
2021-03-15,1548.4000244140625,1548.4000244140625,1515.300048828125,1528.6500244140625,6115193.0,0,15,3,14910.4501953125,33.0999755859375
2021-03-16,1530.9000244140625,1540.4000244140625,1510.0,1512.1500244140625,6861183.0,1,16,3,14721.2998046875,30.4000244140625
2021-03-17,1524.25,1539.0,1490.199951171875,1495.3499755859375,10532214.0,2,17,3,14557.849609375,48.800048828125
2021-03-18,1511.75,1522.050048828125,1481.1500244140625,1491.0,9032770.0,3,18,3,14744.0,40.9000244140625
2021-03-19,1485.0,1511.199951171875,1474.050048828125,1497.5,10617510.0,4,19,3,14736.400390625,37.14990234375
2021-03-22,1494.9000244140625,1494.9000244140625,1460.4000244140625,1469.1500244140625,7007816.0,0,22,3,14814.75,34.5
2021-03-23,1470.0,1507.449951171875,1469.0999755859375,1500.1500244140625,9880714.0,1,23,3,14549.400390625,38.3499755859375
2021-03-24,1490.9000244140625,1506.449951171875,1471.0,1478.800048828125,8184450.0,2,24,3,14324.900390625,35.449951171875
2021-03-25,1490.199951171875,1495.550048828125,1450.25,1463.3499755859375,11982178.0,3,25,3,14507.2998046875,45.300048828125
2021-03-26,1494.0,1499.0,1474.0,1491.300048828125,6010629.0,4,26,3,14845.099609375,25.0
2021-03-30,1506.6500244140625,1562.550048828125,1501.550048828125,1553.699951171875,12803822.0,1,30,3,14690.7001953125,61.0
2021-03-31,1548.0,1548.0,1488.0,1493.6500244140625,15387253.0,2,31,3,14867.349609375,60.0
2021-04-01,1499.4000244140625,1499.4000244140625,1465.0,1486.75,17881881.0,3,1,4,14637.7998046875,34.4000244140625
2021-04-05,1480.0,1485.0,1431.0,1449.5999755859375,8003293.0,0,5,4,14683.5,54.0
2021-04-06,1460.0,1462.6500244140625,1432.6500244140625,1440.25,7537867.0,1,6,4,14819.0498046875,30.0
2021-04-07,1439.300048828125,1456.699951171875,1421.550048828125,1447.199951171875,12544090.0,2,7,4,14873.7998046875,35.14990234375
2021-04-08,1453.0,1460.9000244140625,1430.5,1432.800048828125,8806796.0,3,8,4,14834.849609375,30.4000244140625
2021-04-09,1426.0,1432.800048828125,1415.0999755859375,1421.75,14078908.0,4,9,4,14310.7998046875,17.7000732421875
2021-04-12,1393.0,1399.0,1353.0,1367.050048828125,11274564.0,0,12,4,14504.7998046875,46.0
2021-04-13,1368.0,1406.449951171875,1361.0,1400.3499755859375,9300341.0,1,13,4,14581.4501953125,45.449951171875
2021-04-15,1405.0,1436.699951171875,1391.0,1430.0999755859375,17222492.0,3,15,4,14617.849609375,45.699951171875
2021-04-16,1434.949951171875,1445.0,1423.5,1428.6500244140625,7803263.0,4,16,4,14359.4501953125,21.5
2021-04-19,1390.0,1417.699951171875,1372.300048828125,1412.4000244140625,12034621.0,0,19,4,14296.400390625,45.39990234375
2021-04-20,1425.0,1426.4000244140625,1383.949951171875,1391.4000244140625,11593135.0,1,20,4,14406.150390625,42.4500732421875
2021-04-22,1380.0,1426.800048828125,1371.050048828125,1422.5,19242656.0,3,22,4,14341.349609375,55.75
2021-04-23,1409.0,1434.5999755859375,1400.199951171875,1414.1500244140625,11356764.0,4,23,4,14485.0,34.4000244140625
2021-04-26,1413.0,1429.0,1402.75,1404.800048828125,15085476.0,0,26,4,14653.0498046875,26.25
2021-04-27,1407.25,1442.0,1404.800048828125,1438.699951171875,10296453.0,1,27,4,14864.5498046875,37.199951171875
2021-04-28,1436.25,1479.0,1431.0,1476.800048828125,12051970.0,2,28,4,14894.900390625,48.0
2021-04-29,1486.199951171875,1503.6500244140625,1461.0,1472.5,12039276.0,3,29,4,14631.099609375,42.6500244140625
2021-04-30,1445.0,1453.800048828125,1407.5,1412.300048828125,17616451.0,4,30,4,14634.150390625,46.300048828125
2021-05-03,1393.0,1421.9000244140625,1377.300048828125,1414.449951171875,11236850.0,0,3,5,14496.5,44.5999755859375
2021-05-04,1409.949951171875,1423.0,1383.300048828125,1388.3499755859375,10743164.0,1,4,5,14617.849609375,39.699951171875
2021-05-05,1401.0,1409.5999755859375,1381.699951171875,1402.5999755859375,7210806.0,2,5,5,14724.7998046875,27.9000244140625
2021-05-06,1407.5999755859375,1410.800048828125,1395.0,1400.9000244140625,5738522.0,3,6,5,14823.150390625,15.800048828125
2021-05-07,1412.949951171875,1424.949951171875,1410.25,1414.75,6024167.0,4,7,5,14942.349609375,14.699951171875
2021-05-10,1427.0,1430.0,1412.800048828125,1419.8499755859375,5530025.0,0,10,5,14850.75,17.199951171875
2021-05-11,1396.0,1424.199951171875,1395.050048828125,1403.550048828125,7259517.0,1,11,5,14696.5,29.14990234375
2021-05-12,1399.75,1408.5999755859375,1388.8499755859375,1399.5,6887463.0,2,12,5,14677.7998046875,19.75
2021-05-14,1394.3499755859375,1398.9000244140625,1382.3499755859375,1386.8499755859375,5302071.0,4,14,5,14923.150390625,16.550048828125
2021-05-17,1395.1500244140625,1442.5999755859375,1381.300048828125,1440.25,7560346.0,0,17,5,15108.099609375,61.2999267578125
2021-05-18,1458.949951171875,1482.75,1455.0,1476.699951171875,11082640.0,1,18,5,15030.150390625,27.75
2021-05-19,1470.199951171875,1478.8499755859375,1452.550048828125,1458.199951171875,5065458.0,2,19,5,14906.0498046875,26.2999267578125
2021-05-20,1458.3499755859375,1465.9000244140625,1428.5,1432.800048828125,5342092.0,3,20,5,15175.2998046875,37.4000244140625
2021-05-21,1443.0,1501.9000244140625,1443.0,1497.300048828125,9670823.0,4,21,5,15197.7001953125,58.9000244140625
2021-05-24,1503.25,1520.449951171875,1498.5,1509.949951171875,11073051.0,0,24,5,15208.4501953125,21.949951171875
2021-05-25,1510.5,1513.75,1470.5,1478.949951171875,9618487.0,1,25,5,15301.4501953125,43.25
2021-05-26,1480.0,1487.0,1470.0,1477.050048828125,6141995.0,2,26,5,15337.849609375,17.0
2021-05-27,1473.0999755859375,1489.0,1462.449951171875,1482.6500244140625,10219748.0,3,27,5,15435.650390625,26.550048828125
2021-05-28,1490.9000244140625,1513.0,1478.75,1503.449951171875,8875010.0,4,28,5,15582.7998046875,34.25
2021-05-31,1500.0,1519.5,1487.5,1515.8499755859375,7830527.0,0,31,5,15574.849609375,32.0
2021-06-01,1520.300048828125,1527.0,1507.25,1511.699951171875,5515081.0,1,1,6,15576.2001953125,19.75
2021-06-02,1510.0,1510.199951171875,1493.0,1504.0,5312008.0,2,2,6,15690.349609375,17.199951171875
2021-06-03,1508.0,1524.949951171875,1487.75,1520.550048828125,5143630.0,3,3,6,15670.25,37.199951171875
2021-06-04,1516.0,1520.6500244140625,1499.199951171875,1500.949951171875,4712238.0,4,4,6,15751.650390625,21.4500732421875
2021-06-07,1510.0,1514.0,1496.0,1499.8499755859375,4045834.0,0,7,6,15740.099609375,18.0
2021-06-08,1496.550048828125,1501.300048828125,1481.5,1483.050048828125,4936270.0,1,8,6,15635.349609375,19.800048828125
2021-06-09,1483.9000244140625,1502.0,1472.050048828125,1480.300048828125,5111721.0,2,9,6,15737.75,29.949951171875
2021-06-10,1482.0999755859375,1489.0,1473.6500244140625,1481.050048828125,5741770.0,3,10,6,15799.349609375,15.3499755859375
2021-06-11,1491.0,1496.550048828125,1481.050048828125,1486.3499755859375,3602987.0,4,11,6,15811.849609375,15.5
2021-06-14,1478.25,1486.0,1462.550048828125,1479.449951171875,4440982.0,0,14,6,15869.25,23.449951171875
2021-06-15,1486.0,1496.0,1474.800048828125,1490.25,3784801.0,1,15,6,15767.5498046875,21.199951171875
2021-06-16,1488.0,1494.0,1478.0999755859375,1484.5999755859375,3851049.0,2,16,6,15691.400390625,15.9000244140625
2021-06-17,1466.0,1478.75,1460.0,1466.0999755859375,4641901.0,3,17,6,15683.349609375,18.75
2021-06-18,1469.5,1490.0,1455.0,1479.800048828125,5969030.0,4,18,6,15746.5,35.0
2021-06-21,1461.3499755859375,1491.800048828125,1459.0,1488.699951171875,3630236.0,0,21,6,15772.75,32.800048828125
2021-06-22,1497.0,1508.0,1480.0,1483.800048828125,7183412.0,1,22,6,15686.9501953125,28.0
2021-06-23,1490.0,1497.800048828125,1478.5999755859375,1485.5,3922434.0,2,23,6,15790.4501953125,19.2000732421875
2021-06-24,1490.0,1513.449951171875,1488.0,1506.25,7392512.0,3,24,6,15860.349609375,25.449951171875
2021-06-25,1511.0999755859375,1522.0,1507.0,1515.0999755859375,5191588.0,4,25,6,15814.7001953125,15.0
2021-06-28,1520.0,1523.0,1505.0,1508.3499755859375,4678393.0,0,28,6,15748.4501953125,18.0
2021-06-29,1507.0,1508.199951171875,1492.1500244140625,1502.050048828125,5485846.0,1,29,6,15721.5,16.0499267578125
2021-06-30,1498.0,1509.0,1494.0999755859375,1497.9000244140625,4839511.0,2,30,6,15680.0,14.9000244140625
2021-07-01,1502.0,1502.0,1483.0,1486.75,8455721.0,3,1,7,15722.2001953125,19.0
2021-07-02,1485.0,1489.25,1477.0,1480.4000244140625,7413518.0,4,2,7,15834.349609375,12.25
2021-07-05,1489.949951171875,1504.5,1484.550048828125,1495.449951171875,3686941.0,0,5,7,15818.25,19.949951171875
2021-07-06,1497.0,1540.0,1496.0,1534.699951171875,8834516.0,1,6,7,15879.650390625,44.0
2021-07-07,1534.0,1545.3499755859375,1527.699951171875,1539.5,4814595.0,2,7,7,15727.900390625,17.6500244140625
2021-07-08,1525.0,1537.699951171875,1513.449951171875,1520.449951171875,4210461.0,3,8,7,15689.7998046875,24.25
2021-07-09,1512.550048828125,1516.0,1497.5,1502.0,5347921.0,4,9,7,15692.599609375,18.5
2021-07-12,1502.0,1502.0,1484.0,1487.0,7229489.0,0,12,7,15812.349609375,18.0
2021-07-13,1496.0999755859375,1506.0999755859375,1484.0999755859375,1501.8499755859375,9089071.0,1,13,7,15853.9501953125,22.0
2021-07-14,1497.5,1507.3499755859375,1491.0999755859375,1499.1500244140625,4894247.0,2,14,7,15924.2001953125,16.25
2021-07-15,1505.0,1526.75,1499.6500244140625,1520.699951171875,5219401.0,3,15,7,15923.400390625,27.0999755859375
2021-07-16,1527.949951171875,1529.949951171875,1518.800048828125,1522.3499755859375,2585314.0,4,16,7,15752.400390625,11.14990234375
2021-07-19,1487.0,1488.8499755859375,1466.0,1471.0,12555800.0,0,19,7,15632.099609375,22.8499755859375
2021-07-20,1442.0,1454.0,1436.1500244140625,1443.1500244140625,12087125.0,1,20,7,15824.0498046875,17.8499755859375
2021-07-22,1456.0999755859375,1468.5,1445.0,1448.699951171875,6603557.0,3,22,7,15856.0498046875,23.5
2021-07-23,1451.5,1457.449951171875,1435.300048828125,1442.75,6563342.0,4,23,7,15824.4501953125,22.14990234375
2021-07-26,1430.0,1444.0,1428.0999755859375,1434.550048828125,6583583.0,0,26,7,15746.4501953125,15.9000244140625
2021-07-27,1436.0999755859375,1449.9000244140625,1436.0999755859375,1439.75,11200715.0,1,27,7,15709.400390625,13.800048828125
2021-07-28,1435.050048828125,1438.699951171875,1404.0,1417.300048828125,10335171.0,2,28,7,15778.4501953125,34.699951171875
2021-07-29,1428.25,1429.949951171875,1413.300048828125,1418.25,6851115.0,3,29,7,15763.0498046875,16.64990234375
2021-07-30,1419.0,1431.75,1407.949951171875,1426.449951171875,5827744.0,4,30,7,15885.150390625,23.800048828125
2021-08-02,1435.0,1435.0,1416.25,1422.6500244140625,6629393.0,0,2,8,16130.75,18.75
2021-08-03,1410.0,1439.9000244140625,1410.0,1434.699951171875,6016560.0,1,3,8,16258.7998046875,29.9000244140625
2021-08-04,1441.0,1474.5,1440.0,1465.300048828125,11026974.0,2,4,8,16294.599609375,34.5
2021-08-05,1467.0999755859375,1507.050048828125,1457.4000244140625,1484.8499755859375,9411204.0,3,5,8,16238.2001953125,49.6500244140625
2021-08-06,1483.550048828125,1500.0,1474.0,1492.6500244140625,6669635.0,4,6,8,16258.25,26.0
2021-08-09,1492.0,1507.3499755859375,1476.0,1503.9000244140625,5499024.0,0,9,8,16280.099609375,31.3499755859375
2021-08-10,1489.0,1519.75,1489.0,1507.6500244140625,7419173.0,1,10,8,16282.25,30.75
2021-08-11,1514.9000244140625,1518.8499755859375,1491.050048828125,1494.949951171875,6292893.0,2,11,8,16364.400390625,27.7999267578125
2021-08-12,1497.0,1507.5999755859375,1489.300048828125,1501.4000244140625,4298837.0,3,12,8,16529.099609375,18.2999267578125
2021-08-13,1501.199951171875,1531.0,1501.0,1526.199951171875,8329214.0,4,13,8,16563.05078125,30.0
2021-08-16,1526.1500244140625,1535.0,1521.449951171875,1530.5999755859375,3126389.0,0,16,8,16614.599609375,13.550048828125
2021-08-17,1517.199951171875,1524.0,1505.300048828125,1514.6500244140625,4141333.0,1,17,8,16568.849609375,18.699951171875
2021-08-18,1556.699951171875,1565.3499755859375,1508.3499755859375,1513.0,11492966.0,2,18,8,16450.5,57.0
2021-08-20,1486.050048828125,1519.800048828125,1486.050048828125,1514.75,6575203.0,4,20,8,16496.44921875,33.75
2021-08-23,1529.8499755859375,1533.1500244140625,1508.6500244140625,1524.5999755859375,5421527.0,0,23,8,16624.599609375,24.5
2021-08-24,1530.0,1564.5,1527.449951171875,1558.8499755859375,9190657.0,1,24,8,16634.650390625,37.050048828125
2021-08-25,1552.0999755859375,1564.800048828125,1548.0,1557.4000244140625,3863987.0,2,25,8,16636.900390625,16.800048828125
2021-08-26,1550.0,1571.0,1543.449951171875,1554.800048828125,5559501.0,3,26,8,16705.19921875,27.550048828125
2021-08-27,1552.0,1558.6500244140625,1545.25,1548.449951171875,3191069.0,4,27,8,16931.05078125,13.4000244140625
