Date,Open,High,Low,Close,Volume,Day of Week,Day of Month,Month,NIFTY50,Range
2016-01-01,237.5454559326172,239.63636779785156,234.5454559326172,239.09091186523438,5998096.0,4,1,1,7791.2998046875,5.090911865234375
2016-01-04,237.27272033691406,237.59091186523438,231.5,232.31817626953125,9435792.0,0,4,1,7784.64990234375,6.090911865234375
2016-01-05,232.9545440673828,234.09091186523438,228.81817626953125,233.36363220214844,8966977.0,1,5,1,7741.0,5.272735595703125
2016-01-06,232.18182373046875,233.40908813476562,226.5454559326172,227.36363220214844,17416181.0,2,6,1,7568.2998046875,6.8636322021484375
2016-01-07,224.0,225.18182373046875,221.0,224.31817626953125,18240712.0,3,7,1,7601.35009765625,4.18182373046875
2016-01-08,222.27272033691406,225.27272033691406,221.31817626953125,222.77272033691406,14404391.0,4,8,1,7563.85009765625,3.9545440673828125
2016-01-11,219.90908813476562,221.72726440429688,216.40908813476562,217.68182373046875,14208668.0,0,11,1,7510.2998046875,5.31817626953125
2016-01-12,219.09091186523438,219.86363220214844,214.18182373046875,215.22726440429688,11895899.0,1,12,1,7562.39990234375,5.6818084716796875
2016-01-13,216.18182373046875,220.81817626953125,210.09091186523438,217.72726440429688,18215710.0,2,13,1,7536.7998046875,10.727264404296875
2016-01-14,212.90908813476562,218.0,210.72726440429688,214.31817626953125,14600781.0,3,14,1,7437.7998046875,7.272735595703125
2016-01-15,214.18182373046875,214.81817626953125,201.59091186523438,204.0454559326172,22333902.0,4,15,1,7351.0,13.227264404296875
2016-01-18,203.81817626953125,207.90908813476562,198.0,202.81817626953125,30239009.0,0,18,1,7435.10009765625,9.909088134765625
2016-01-19,204.22726440429688,210.22726440429688,204.22726440429688,207.9545440673828,16222439.0,1,19,1,7309.2998046875,6.0
2016-01-20,204.4545440673828,207.18182373046875,200.09091186523438,204.0,14353478.0,2,20,1,7276.7998046875,7.090911865234375
2016-01-21,207.72726440429688,212.27272033691406,203.81817626953125,205.72726440429688,15665863.0,3,21,1,7422.4501953125,8.454544067382812
2016-01-22,211.4545440673828,213.5454559326172,208.90908813476562,211.59091186523438,15148522.0,4,22,1,7436.14990234375,4.6363677978515625
2016-01-25,214.5,216.81817626953125,212.90908813476562,214.59091186523438,17137268.0,0,25,1,7437.75,3.909088134765625
2016-01-27,216.36363220214844,217.5454559326172,213.36363220214844,215.72726440429688,12155561.0,2,27,1,7424.64990234375,4.18182373046875
2016-01-28,216.86363220214844,217.77272033691406,210.22726440429688,212.0,24258166.0,3,28,1,7563.5498046875,7.5454559326171875
2016-01-29,199.09091186523438,213.0,199.09091186523438,209.22726440429688,47755494.0,4,29,1,7555.9501953125,13.909088134765625
2016-02-01,206.36363220214844,206.68182373046875,196.27272033691406,197.4545440673828,40395715.0,0,1,2,7455.5498046875,10.409103393554688
2016-02-02,198.18182373046875,199.72726440429688,190.63636779785156,191.27272033691406,31821419.0,1,2,2,7361.7998046875,9.090896606445312
2016-02-03,188.18182373046875,189.81817626953125,184.13636779785156,185.5,23592288.0,2,3,2,7404.0,5.6818084716796875
2016-02-04,187.63636779785156,187.63636779785156,182.27272033691406,185.40908813476562,30869158.0,3,4,2,7489.10009765625,5.3636474609375
2016-02-05,186.81817626953125,191.81817626953125,185.09091186523438,190.36363220214844,36189377.0,4,5,2,7387.25,6.727264404296875
2016-02-08,191.81817626953125,195.90908813476562,187.40908813476562,189.59091186523438,19366081.0,0,8,2,7298.2001953125,8.5
2016-02-09,185.4545440673828,192.27272033691406,182.5,190.36363220214844,20906682.0,1,9,2,7215.7001953125,9.772720336914062
2016-02-10,184.63636779785156,190.4545440673828,183.63636779785156,188.40908813476562,22742128.0,2,10,2,6976.35009765625,6.81817626953125
2016-02-11,185.22726440429688,188.13636779785156,180.0,181.13636779785156,31817116.0,3,11,2,6980.9501953125,8.136367797851562
2016-02-12,178.72726440429688,180.36363220214844,173.18182373046875,175.9545440673828,41775526.0,4,12,2,7162.9501953125,7.1818084716796875
2016-02-15,176.27272033691406,188.4545440673828,176.27272033691406,185.0,34130349.0,0,15,2,7048.25,12.18182373046875
2016-02-16,188.18182373046875,188.18182373046875,177.72726440429688,178.72726440429688,20895952.0,1,16,2,7108.4501953125,10.454559326171875
2016-02-17,178.63636779785156,179.22726440429688,171.68182373046875,173.40908813476562,28792115.0,2,17,2,7191.75,7.545440673828125
2016-02-18,175.90908813476562,180.90908813476562,175.63636779785156,178.31817626953125,32260277.0,3,18,2,7210.75,5.2727203369140625
2016-02-19,178.0,183.13636779785156,177.5,180.72726440429688,17617480.0,4,19,2,7234.5498046875,5.6363677978515625
2016-02-22,179.5454559326172,183.0,178.59091186523438,180.40908813476562,17567788.0,0,22,2,7109.5498046875,4.409088134765625
2016-02-23,181.27272033691406,181.27272033691406,172.9545440673828,174.5454559326172,20001984.0,1,23,2,7018.7001953125,8.31817626953125
2016-02-24,171.81817626953125,173.81817626953125,168.9545440673828,170.0,20654961.0,2,24,2,6970.60009765625,4.8636322021484375
2016-02-25,170.63636779785156,171.81817626953125,165.0454559326172,166.36363220214844,38340699.0,3,25,2,7029.75,6.7727203369140625
2016-02-26,167.5454559326172,169.0454559326172,164.31817626953125,168.0,24687792.0,4,26,2,6987.0498046875,4.7272796630859375
2016-02-29,168.0,178.09091186523438,165.18182373046875,172.77272033691406,43510436.0,0,29,2,7222.2998046875,12.909088134765625
2016-03-01,177.5,187.68182373046875,177.5,186.31817626953125,27223692.0,1,1,3,7368.85009765625,10.18182373046875
2016-03-02,192.4545440673828,201.27272033691406,191.90908813476562,200.0,40766551.0,2,2,3,7475.60009765625,9.363632202148438
2016-03-03,198.72726440429688,200.27272033691406,194.72726440429688,198.18182373046875,22903720.0,3,3,3,7485.35009765625,5.5454559326171875
2016-03-04,201.59091186523438,204.0,199.13636779785156,200.4545440673828,24493722.0,4,4,3,7485.2998046875,4.8636322021484375
2016-03-08,199.9545440673828,199.9545440673828,194.81817626953125,197.13636779785156,18883002.0,1,8,3,7531.7998046875,5.1363677978515625
2016-03-09,193.4545440673828,198.09091186523438,190.9545440673828,196.68182373046875,17300650.0,2,9,3,7486.14990234375,7.1363677978515625
2016-03-10,198.18182373046875,198.9545440673828,195.09091186523438,195.90908813476562,13551255.0,3,10,3,7510.2001953125,3.8636322021484375
2016-03-11,193.9545440673828,198.68182373046875,193.27272033691406,194.40908813476562,14879621.0,4,11,3,7538.75,5.4091033935546875
2016-03-14,199.09091186523438,202.5454559326172,198.77272033691406,201.5,16726756.0,0,14,3,7460.60009765625,3.772735595703125
2016-03-15,202.5454559326172,204.40908813476562,200.4545440673828,201.22726440429688,13475557.0,1,15,3,7498.75,3.9545440673828125
2016-03-16,199.90908813476562,206.72726440429688,198.68182373046875,205.81817626953125,17144832.0,2,16,3,7512.5498046875,8.045440673828125
2016-03-17,209.09091186523438,214.77272033691406,204.5,207.0454559326172,32391146.0,3,17,3,7604.35009765625,10.272720336914062
2016-03-18,207.4545440673828,210.40908813476562,205.59091186523438,209.27272033691406,18370981.0,4,18,3,7704.25,4.81817626953125
2016-03-21,210.5,214.18182373046875,210.40908813476562,213.5,14818419.0,0,21,3,7714.89990234375,3.772735595703125
2016-03-22,213.27272033691406,213.27272033691406,209.63636779785156,212.36363220214844,12269251.0,1,22,3,7716.5,3.6363525390625
2016-03-23,210.40908813476562,213.63636779785156,209.81817626953125,212.90908813476562,16987529.0,2,23,3,7615.10009765625,3.8181915283203125
2016-03-28,212.72726440429688,212.72726440429688,203.5454559326172,204.9545440673828,20214214.0,0,28,3,7597.0,9.181808471679688
2016-03-29,203.0,206.31817626953125,202.18182373046875,203.09091186523438,20447782.0,1,29,3,7735.2001953125,4.1363525390625
2016-03-30,207.72726440429688,217.27272033691406,206.18182373046875,215.90908813476562,23016348.0,2,30,3,7738.39990234375,11.090896606445312
2016-03-31,216.5454559326172,219.40908813476562,212.4545440673828,215.13636779785156,30614104.0,3,31,3,7713.0498046875,6.9545440673828125
2016-04-01,214.5454559326172,217.68182373046875,211.5454559326172,216.63636779785156,15677352.0,4,1,4,7758.7998046875,6.1363677978515625
2016-04-04,218.40908813476562,219.13636779785156,213.31817626953125,217.0454559326172,16716587.0,0,4,4,7603.2001953125,5.8181915283203125
2016-04-05,214.90908813476562,215.90908813476562,204.5454559326172,205.09091186523438,26547328.0,1,5,4,7614.35009765625,11.363632202148438
2016-04-06,206.63636779785156,207.27272033691406,200.09091186523438,202.31817626953125,19185947.0,2,6,4,7546.4501953125,7.1818084716796875
2016-04-07,202.5454559326172,203.86363220214844,199.22726440429688,200.27272033691406,17724531.0,3,7,4,7555.2001953125,4.6363677978515625
2016-04-08,200.5,203.4545440673828,199.59091186523438,201.13636779785156,9986871.0,4,8,4,7671.39990234375,3.8636322021484375
2016-04-11,202.0,204.72726440429688,199.18182373046875,204.27272033691406,19813955.0,0,11,4,7708.9501953125,5.545440673828125
2016-04-12,203.90908813476562,209.90908813476562,203.4545440673828,207.9545440673828,20594261.0,1,12,4,7850.4501953125,6.4545440673828125
2016-04-13,211.90908813476562,222.0,211.86363220214844,218.77272033691406,26283492.0,2,13,4,7914.7001953125,10.136367797851562
2016-04-18,221.36363220214844,221.77272033691406,213.27272033691406,215.59091186523438,17531597.0,0,18,4,7914.75,8.5
2016-04-20,217.36363220214844,217.81817626953125,212.81817626953125,216.40908813476562,18650423.0,2,20,4,7912.0498046875,5.0
2016-04-21,223.86363220214844,234.36363220214844,223.86363220214844,230.0454559326172,36699098.0,3,21,4,7899.2998046875,10.5
2016-04-22,232.9545440673828,233.63636779785156,227.4545440673828,229.09091186523438,25884500.0,4,22,4,7855.0498046875,6.18182373046875
2016-04-25,230.09091186523438,232.13636779785156,228.31817626953125,229.9545440673828,18121694.0,0,25,4,7962.64990234375,3.8181915283203125
2016-04-26,228.0454559326172,231.5454559326172,224.09091186523438,230.9545440673828,30185498.0,1,26,4,7979.89990234375,7.4545440673828125
2016-04-27,228.09091186523438,228.18182373046875,221.13636779785156,222.36363220214844,36932788.0,2,27,4,7847.25,7.0454559326171875
2016-04-28,223.09091186523438,225.4545440673828,217.27272033691406,218.27272033691406,41386507.0,3,28,4,7849.7998046875,8.18182373046875
2016-04-29,218.86363220214844,222.18182373046875,210.27272033691406,215.40908813476562,71191415.0,4,29,4,7805.89990234375,11.909103393554688
2016-05-02,206.63636779785156,209.5454559326172,204.90908813476562,206.13636779785156,36440547.0,0,2,5,7747.0,4.6363677978515625
2016-05-03,205.22726440429688,209.09091186523438,200.0,201.0,29305611.0,1,3,5,7706.5498046875,9.090911865234375
2016-05-04,198.59091186523438,200.72726440429688,194.0454559326172,194.9545440673828,36781786.0,2,4,5,7735.5,6.6818084716796875
2016-05-05,194.81817626953125,199.90908813476562,194.31817626953125,195.13636779785156,27512684.0,3,5,5,7733.4501953125,5.590911865234375
2016-05-06,194.5454559326172,200.22726440429688,193.81817626953125,198.72726440429688,22266141.0,4,6,5,7866.0498046875,6.409088134765625
2016-05-09,199.63636779785156,205.4545440673828,199.18182373046875,204.81817626953125,19006901.0,0,9,5,7887.7998046875,6.2727203369140625
2016-05-10,204.90908813476562,206.81817626953125,202.36363220214844,205.0,22357177.0,1,10,5,7848.85009765625,4.4545440673828125
2016-05-11,200.0,205.9545440673828,198.81817626953125,203.59091186523438,32481385.0,2,11,5,7900.39990234375,7.1363677978515625
2016-05-12,207.72726440429688,211.72726440429688,207.5,210.72726440429688,23932051.0,3,12,5,7814.89990234375,4.227264404296875
2016-05-13,209.5,209.5,203.09091186523438,205.90908813476562,23963285.0,4,13,5,7860.75,6.409088134765625
2016-05-16,207.0,207.0,197.90908813476562,203.40908813476562,21535308.0,0,16,5,7890.75,9.090911865234375
2016-05-17,204.86363220214844,206.81817626953125,202.0454559326172,205.40908813476562,18859442.0,1,17,5,7870.14990234375,4.7727203369140625
2016-05-18,202.72726440429688,206.77272033691406,201.63636779785156,205.86363220214844,17541869.0,2,18,5,7783.39990234375,5.1363525390625
2016-05-19,205.86363220214844,207.72726440429688,203.81817626953125,205.0454559326172,16422069.0,3,19,5,7749.7001953125,3.909088134765625
2016-05-20,205.0,205.72726440429688,199.63636779785156,200.09091186523438,14666521.0,4,20,5,7731.0498046875,6.0908966064453125
2016-05-23,201.90908813476562,203.5454559326172,200.31817626953125,201.0,14239474.0,0,23,5,7748.85009765625,3.2272796630859375
2016-05-24,202.36363220214844,204.72726440429688,201.4545440673828,204.13636779785156,10907585.0,1,24,5,7934.89990234375,3.2727203369140625
2016-05-25,206.31817626953125,214.18182373046875,206.0,213.63636779785156,20767970.0,2,25,5,8069.64990234375,8.18182373046875
2016-05-26,214.4545440673828,220.90908813476562,211.81817626953125,219.22726440429688,33650773.0,3,26,5,8156.64990234375,9.090911865234375
2016-05-27,217.27272033691406,225.63636779785156,216.4545440673828,221.0454559326172,26582685.0,4,27,5,8178.5,9.18182373046875
2016-05-30,221.13636779785156,224.18182373046875,217.09091186523438,222.27272033691406,15860236.0,0,30,5,8160.10009765625,7.090911865234375
2016-05-31,225.86363220214844,226.36363220214844,219.36363220214844,222.40908813476562,18249239.0,1,31,5,8179.9501953125,7.0
2016-06-01,221.72726440429688,223.13636779785156,217.36363220214844,218.22726440429688,11862710.0,2,1,6,8218.9501953125,5.772735595703125
2016-06-02,217.36363220214844,220.36363220214844,216.0,219.40908813476562,15349530.0,3,2,6,8220.7998046875,4.3636322021484375
2016-06-03,220.81817626953125,224.0,220.0,221.59091186523438,16566716.0,4,3,6,8201.0498046875,4.0
2016-06-06,221.27272033691406,223.63636779785156,220.0,221.36363220214844,11592082.0,0,6,6,8266.4501953125,3.6363677978515625
2016-06-07,223.18182373046875,231.68182373046875,222.4545440673828,231.0,25311345.0,1,7,6,8273.0498046875,9.227279663085938
2016-06-08,232.0,237.4545440673828,229.81817626953125,234.22726440429688,25139392.0,2,8,6,8203.599609375,7.6363677978515625
2016-06-09,233.63636779785156,235.68182373046875,230.18182373046875,231.40908813476562,13787240.0,3,9,6,8170.0498046875,5.5
2016-06-10,230.0,234.22726440429688,228.63636779785156,229.63636779785156,13236448.0,4,10,6,8110.60009765625,5.5908966064453125
2016-06-13,225.81817626953125,225.81817626953125,220.40908813476562,221.59091186523438,14297870.0,0,13,6,8108.85009765625,5.409088134765625
2016-06-14,224.5454559326172,224.9545440673828,222.09091186523438,222.68182373046875,11988708.0,1,14,6,8206.599609375,2.8636322021484375
2016-06-15,223.18182373046875,226.5454559326172,219.63636779785156,225.40908813476562,15761615.0,2,15,6,8140.75,6.909088134765625
2016-06-16,221.5454559326172,221.5454559326172,216.40908813476562,217.31817626953125,17042021.0,3,16,6,8170.2001953125,5.1363677978515625
2016-06-17,219.5,220.18182373046875,213.77272033691406,216.77272033691406,15150943.0,4,17,6,8238.5,6.4091033935546875
2016-06-20,212.40908813476562,217.68182373046875,212.40908813476562,216.4545440673828,17780316.0,0,20,6,8219.900390625,5.272735595703125
2016-06-21,218.40908813476562,219.09091186523438,214.77272033691406,216.22726440429688,12191664.0,1,21,6,8203.7001953125,4.3181915283203125
2016-06-22,215.5454559326172,220.31817626953125,214.36363220214844,217.27272033691406,13478056.0,2,22,6,8270.4501953125,5.9545440673828125
2016-06-23,217.31817626953125,219.5,214.59091186523438,219.0,7979235.0,3,23,6,8088.60009765625,4.909088134765625
2016-06-24,208.18182373046875,211.72726440429688,201.0,209.9545440673828,33755632.0,4,24,6,8094.7001953125,10.727264404296875
2016-06-27,208.4545440673828,213.09091186523438,208.4545440673828,211.5454559326172,13172968.0,0,27,6,8127.85009765625,4.6363677978515625
2016-06-28,209.63636779785156,212.90908813476562,209.09091186523438,211.9545440673828,11302737.0,1,28,6,8204.0,3.81817626953125
2016-06-29,214.4545440673828,216.63636779785156,212.9545440673828,215.13636779785156,7959976.0,2,29,6,8287.75,3.68182373046875
2016-06-30,217.72726440429688,220.72726440429688,217.5454559326172,218.68182373046875,16851065.0,3,30,6,8328.349609375,3.1818084716796875
2016-07-01,219.72726440429688,220.59091186523438,217.77272033691406,218.5,9108853.0,4,1,7,8370.7001953125,2.8181915283203125
2016-07-04,221.0,226.31817626953125,219.90908813476562,225.59091186523438,10389222.0,0,4,7,8335.9501953125,6.409088134765625
2016-07-05,228.0,228.27272033691406,222.31817626953125,222.81817626953125,10375132.0,1,5,7,8337.900390625,5.9545440673828125
2016-07-07,222.72726440429688,224.59091186523438,221.81817626953125,222.59091186523438,8365966.0,3,7,7,8323.2001953125,2.772735595703125
2016-07-08,222.27272033691406,222.27272033691406,217.77272033691406,219.9545440673828,7658211.0,4,8,7,8467.900390625,4.5
2016-07-11,224.18182373046875,227.90908813476562,224.18182373046875,227.13636779785156,9682385.0,0,11,7,8521.0498046875,3.727264404296875
2016-07-12,228.72726440429688,238.36363220214844,227.9545440673828,237.90908813476562,28558549.0,1,12,7,8519.5,10.409088134765625
2016-07-13,240.22726440429688,243.36363220214844,235.5454559326172,237.40908813476562,28248930.0,2,13,7,8565.0,7.81817626953125
2016-07-14,237.27272033691406,245.09091186523438,236.0454559326172,244.18182373046875,14269365.0,3,14,7,8541.400390625,9.045455932617188
2016-07-15,245.0,245.31817626953125,239.4545440673828,241.59091186523438,11510449.0,4,15,7,8508.7001953125,5.8636322021484375
2016-07-18,241.63636779785156,246.59091186523438,238.68182373046875,239.4545440673828,14310274.0,0,18,7,8528.5498046875,7.909088134765625
2016-07-19,240.90908813476562,245.90908813476562,239.31817626953125,244.68182373046875,14880049.0,1,19,7,8565.849609375,6.590911865234375
2016-07-20,242.72726440429688,243.81817626953125,241.31817626953125,243.18182373046875,7892214.0,2,20,7,8510.099609375,2.5
2016-07-21,242.63636779785156,244.5454559326172,237.5454559326172,238.09091186523438,12060367.0,3,21,7,8541.2001953125,7.0
2016-07-22,238.5,240.36363220214844,235.31817626953125,239.5,8537587.0,4,22,7,8635.650390625,5.0454559326171875
2016-07-25,238.09091186523438,246.31817626953125,237.0454559326172,244.22726440429688,11311554.0,0,25,7,8590.650390625,9.272720336914062
2016-07-26,244.0454559326172,245.0,236.4545440673828,237.86363220214844,11896758.0,1,26,7,8615.7998046875,8.545455932617188
2016-07-27,238.90908813476562,248.90908813476562,238.90908813476562,246.0,26003949.0,2,27,7,8666.2998046875,10.0
2016-07-28,246.27272033691406,249.09091186523438,245.86363220214844,247.27272033691406,9781546.0,3,28,7,8638.5,3.2272796630859375
2016-07-29,245.5,246.68182373046875,238.22726440429688,239.0,21115025.0,4,29,7,8636.5498046875,8.454559326171875
2016-08-01,232.63636779785156,237.5454559326172,225.63636779785156,226.81817626953125,42583051.0,0,1,8,8622.900390625,11.909088134765625
2016-08-02,226.77272033691406,226.77272033691406,222.72726440429688,223.0,20758831.0,1,2,8,8544.849609375,4.0454559326171875
2016-08-03,222.4545440673828,224.77272033691406,218.68182373046875,220.09091186523438,17910406.0,2,3,8,8551.099609375,6.0908966064453125
2016-08-04,222.59091186523438,222.77272033691406,215.13636779785156,218.5,29931529.0,3,4,8,8683.150390625,7.6363525390625
2016-08-05,221.90908813476562,226.0454559326172,221.90908813476562,223.59091186523438,16307350.0,4,5,8,8711.349609375,4.1363677978515625
2016-08-08,223.72726440429688,225.18182373046875,222.31817626953125,222.9545440673828,11906856.0,0,8,8,8678.25,2.8636474609375
2016-08-09,223.09091186523438,225.90908813476562,222.27272033691406,223.0454559326172,12642014.0,1,9,8,8575.2998046875,3.6363677978515625
2016-08-10,223.63636779785156,224.13636779785156,216.5,217.59091186523438,12527824.0,2,10,8,8592.150390625,7.6363677978515625
2016-08-12,221.36363220214844,225.09091186523438,219.27272033691406,223.59091186523438,11727486.0,4,12,8,8642.5498046875,5.8181915283203125
2016-08-16,223.63636779785156,226.77272033691406,221.68182373046875,225.9545440673828,13111524.0,1,16,8,8624.0498046875,5.0908966064453125
2016-08-17,225.5454559326172,228.72726440429688,222.90908813476562,225.09091186523438,12875115.0,2,17,8,8673.25,5.81817626953125
2016-08-18,225.31817626953125,230.72726440429688,225.22726440429688,229.90908813476562,20725328.0,3,18,8,8666.900390625,5.5
2016-08-19,230.0,232.4545440673828,228.68182373046875,230.81817626953125,14519513.0,4,19,8,8629.150390625,3.7727203369140625
2016-08-22,231.13636779785156,231.77272033691406,226.09091186523438,229.31817626953125,9076842.0,0,22,8,8632.599609375,5.6818084716796875
2016-08-23,227.68182373046875,229.09091186523438,226.13636779785156,227.4545440673828,10995821.0,1,23,8,8650.2998046875,2.9545440673828125
2016-08-24,227.4545440673828,228.81817626953125,225.31817626953125,225.86363220214844,9228359.0,2,24,8,8592.2001953125,3.5
2016-08-25,225.40908813476562,227.4545440673828,223.72726440429688,224.5,14901359.0,3,25,8,8572.5498046875,3.7272796630859375
2016-08-26,225.63636779785156,226.18182373046875,221.09091186523438,223.0,11490424.0,4,26,8,8607.4501953125,5.090911865234375
2016-08-29,222.72726440429688,229.68182373046875,222.36363220214844,227.72726440429688,9206563.0,0,29,8,8744.349609375,7.3181915283203125
2016-08-30,229.09091186523438,233.5454559326172,229.09091186523438,232.9545440673828,15251016.0,1,30,8,8786.2001953125,4.4545440673828125
2016-08-31,233.72726440429688,237.13636779785156,233.63636779785156,234.5454559326172,16906022.0,2,31,8,8774.650390625,3.5
2016-09-01,235.22726440429688,240.0,235.22726440429688,237.22726440429688,18098850.0,3,1,9,8809.650390625,4.772735595703125
2016-09-02,238.63636779785156,240.27272033691406,236.59091186523438,237.5454559326172,8034006.0,4,2,9,8943.0,3.6818084716796875
2016-09-06,238.81817626953125,249.0,238.81817626953125,247.90908813476562,23274042.0,1,6,9,8917.9501953125,10.18182373046875
2016-09-07,249.09091186523438,257.9545593261719,247.40908813476562,252.86363220214844,35379184.0,2,7,9,8952.5,10.54547119140625
2016-09-08,253.27272033691406,255.18182373046875,250.5,251.22726440429688,13116475.0,3,8,9,8866.7001953125,4.68182373046875
2016-09-09,249.59091186523438,250.90908813476562,245.5454559326172,249.18182373046875,16649877.0,4,9,9,8715.599609375,5.3636322021484375
2016-09-12,242.72726440429688,244.9545440673828,238.81817626953125,243.81817626953125,20617372.0,0,12,9,8726.599609375,6.1363677978515625
2016-09-14,242.4545440673828,248.90908813476562,242.13636779785156,246.77272033691406,16807794.0,2,14,9,8742.5498046875,6.7727203369140625
2016-09-15,247.0,248.86363220214844,243.81817626953125,246.0,12135372.0,3,15,9,8779.849609375,5.0454559326171875
2016-09-16,247.0454559326172,250.5454559326172,242.09091186523438,243.0454559326172,32955498.0,4,16,9,8808.400390625,8.454544067382812
2016-09-19,243.63636779785156,247.63636779785156,243.4545440673828,246.90908813476562,15144399.0,0,19,9,8775.900390625,4.18182373046875
2016-09-20,247.18182373046875,249.27272033691406,244.86363220214844,247.36363220214844,11030397.0,1,20,9,8777.150390625,4.409088134765625
2016-09-21,248.0,248.18182373046875,242.68182373046875,245.36363220214844,12736748.0,2,21,9,8867.4501953125,5.5
2016-09-22,250.90908813476562,252.63636779785156,247.5454559326172,250.4545440673828,14886284.0,3,22,9,8831.5498046875,5.090911865234375
2016-09-23,250.72726440429688,250.77272033691406,245.36363220214844,246.59091186523438,17977571.0,4,23,9,8723.0498046875,5.409088134765625
2016-09-26,244.09091186523438,244.27272033691406,238.0,238.68182373046875,15868805.0,0,26,9,8706.400390625,6.2727203369140625
2016-09-27,239.59091186523438,240.27272033691406,235.4545440673828,236.36363220214844,17356843.0,1,27,9,8745.150390625,4.81817626953125
2016-09-28,236.72726440429688,238.59091186523438,235.5,237.0454559326172,17881785.0,2,28,9,8591.25,3.090911865234375
2016-09-29,239.09091186523438,239.5454559326172,221.18182373046875,227.59091186523438,48140661.0,3,29,9,8611.150390625,18.363632202148438
2016-09-30,225.5,230.27272033691406,224.5,229.22726440429688,15104920.0,4,30,9,8738.099609375,5.7727203369140625
2016-10-03,228.18182373046875,233.5454559326172,227.36363220214844,232.86363220214844,18062317.0,0,3,10,8769.150390625,6.18182373046875
2016-10-04,233.5,236.31817626953125,231.72726440429688,234.72726440429688,16201324.0,1,4,10,8743.9501953125,4.590911865234375
2016-10-05,236.31817626953125,236.90908813476562,231.4545440673828,232.22726440429688,16039581.0,2,5,10,8709.5498046875,5.4545440673828125
2016-10-06,233.63636779785156,233.68182373046875,226.5454559326172,228.40908813476562,13854468.0,3,6,10,8697.599609375,7.1363677978515625
2016-10-07,228.09091186523438,230.81817626953125,225.63636779785156,227.81817626953125,10506728.0,4,7,10,8708.7998046875,5.1818084716796875
2016-10-10,229.0,230.18182373046875,226.5,227.36363220214844,6611211.0,0,10,10,8573.349609375,3.68182373046875
2016-10-13,225.27272033691406,225.81817626953125,217.36363220214844,219.22726440429688,20736801.0,3,13,10,8583.400390625,8.454544067382812
2016-10-14,219.27272033691406,220.90908813476562,217.90908813476562,219.77272033691406,10761830.0,4,14,10,8520.400390625,3.0
2016-10-17,223.63636779785156,236.27272033691406,223.22726440429688,235.22726440429688,69082439.0,0,17,10,8677.900390625,13.045455932617188
2016-10-18,235.9545440673828,246.72726440429688,235.90908813476562,245.77272033691406,41861705.0,1,18,10,8659.099609375,10.81817626953125
2016-10-19,246.68182373046875,247.0,239.31817626953125,240.9545440673828,19968759.0,2,19,10,8699.400390625,7.68182373046875
2016-10-20,242.86363220214844,253.5454559326172,242.86363220214844,252.36363220214844,36280178.0,3,20,10,8693.0498046875,10.68182373046875
2016-10-21,251.13636779785156,254.59091186523438,249.18182373046875,252.18182373046875,26362877.0,4,21,10,8708.9501953125,5.409088134765625
2016-10-24,253.77272033691406,260.4090881347656,253.77272033691406,258.68182373046875,22219428.0,0,24,10,8691.2998046875,6.6363677978515625
2016-10-25,262.9090881347656,265.0909118652344,258.7272644042969,262.9545593261719,25090671.0,1,25,10,8615.25,6.3636474609375
2016-10-26,258.5909118652344,258.5909118652344,251.81817626953125,253.09091186523438,30017739.0,2,26,10,8615.25,6.772735595703125
2016-10-27,252.18182373046875,259.0909118652344,250.0,258.4545593261719,19868027.0,3,27,10,8638.0,9.090911865234375
2016-10-28,256.3636474609375,256.81817626953125,250.5,251.68182373046875,18314125.0,4,28,10,8626.25,6.31817626953125
2016-11-01,254.0454559326172,254.31817626953125,249.5454559326172,250.31817626953125,11675305.0,1,1,11,8514.0,4.7727203369140625
2016-11-02,245.4545440673828,248.40908813476562,244.31817626953125,247.18182373046875,15140657.0,2,2,11,8484.9501953125,4.090911865234375
2016-11-03,247.27272033691406,251.27272033691406,244.0,245.22726440429688,12484687.0,3,3,11,8433.75,7.2727203369140625
2016-11-04,247.18182373046875,247.72726440429688,241.22726440429688,245.27272033691406,16361493.0,4,4,11,8497.0498046875,6.5
2016-11-07,250.72726440429688,255.63636779785156,247.72726440429688,253.36363220214844,18741014.0,0,7,11,8543.5498046875,7.9091033935546875
2016-11-08,259.81817626953125,261.31817626953125,252.9545440673828,257.4545593261719,35153751.0,1,8,11,8432.0,8.363632202148438
2016-11-09,231.72726440429688,258.8636474609375,222.72726440429688,255.86363220214844,51055067.0,2,9,11,8525.75,36.136383056640625
2016-11-10,262.2727355957031,271.2727355957031,260.6363525390625,266.0,29137485.0,3,10,11,8296.2998046875,10.636383056640625
2016-11-11,261.1363525390625,267.5,249.5454559326172,251.27272033691406,33036653.0,4,11,11,8108.4501953125,17.954544067382812
2016-11-15,251.81817626953125,255.27272033691406,241.9545440673828,245.22726440429688,37961485.0,1,15,11,8111.60009765625,13.31817626953125
2016-11-16,251.4545440673828,252.90908813476562,240.18182373046875,242.0,26473183.0,2,16,11,8079.9501953125,12.727264404296875
2016-11-17,243.59091186523438,246.0454559326172,240.0,243.31817626953125,14654093.0,3,17,11,8074.10009765625,6.0454559326171875
2016-11-18,244.0454559326172,244.5454559326172,238.4545440673828,240.5454559326172,9983933.0,4,18,11,7929.10009765625,6.090911865234375
2016-11-21,242.0,242.72726440429688,231.68182373046875,237.4545440673828,21625818.0,0,21,11,8002.2998046875,11.045440673828125
2016-11-22,240.90908813476562,242.36363220214844,235.72726440429688,238.81817626953125,23906788.0,1,22,11,8033.2998046875,6.6363677978515625
2016-11-23,240.09091186523438,241.68182373046875,236.81817626953125,240.86363220214844,17154845.0,2,23,11,7965.5,4.8636474609375
2016-11-24,239.81817626953125,239.81817626953125,234.5454559326172,235.72726440429688,22563160.0,3,24,11,8114.2998046875,5.2727203369140625
2016-11-25,238.5454559326172,238.5454559326172,233.68182373046875,236.4545440673828,16611698.0,4,25,11,8126.89990234375,4.8636322021484375
2016-11-28,233.31817626953125,233.31817626953125,230.4545440673828,232.09091186523438,32939718.0,0,28,11,8142.14990234375,2.8636322021484375
2016-11-29,232.27272033691406,235.81817626953125,231.18182373046875,232.22726440429688,32329662.0,1,29,11,8224.5,4.6363525390625
2016-11-30,234.0454559326172,242.27272033691406,232.68182373046875,241.40908813476562,20731093.0,2,30,11,8192.900390625,9.590896606445312
2016-12-01,242.0454559326172,243.63636779785156,234.31817626953125,235.59091186523438,15792045.0,3,1,12,8086.7998046875,9.318191528320312
2016-12-02,234.5454559326172,240.5454559326172,232.59091186523438,235.90908813476562,12275345.0,4,2,12,8128.75,7.9545440673828125
2016-12-05,236.0,237.63636779785156,234.36363220214844,237.13636779785156,8305074.0,0,5,12,8143.14990234375,3.272735595703125
2016-12-06,238.40908813476562,238.77272033691406,235.9545440673828,237.27272033691406,8335181.0,1,6,12,8102.0498046875,2.81817626953125
2016-12-07,238.90908813476562,240.36363220214844,228.18182373046875,235.18182373046875,13635680.0,2,7,12,8246.849609375,12.181808471679688
2016-12-08,236.86363220214844,239.4545440673828,234.90908813476562,238.86363220214844,11336250.0,3,8,12,8261.75,4.5454559326171875
2016-12-09,239.9545440673828,245.27272033691406,239.09091186523438,244.0454559326172,17533272.0,4,9,12,8170.7998046875,6.1818084716796875
2016-12-12,243.18182373046875,243.90908813476562,239.86363220214844,240.77272033691406,7515935.0,0,12,12,8221.7998046875,4.0454559326171875
2016-12-13,239.4545440673828,241.22726440429688,238.63636779785156,240.36363220214844,10265621.0,1,13,12,8182.4501953125,2.5908966064453125
2016-12-14,240.4545440673828,240.63636779785156,236.36363220214844,236.86363220214844,14369017.0,2,14,12,8153.60009765625,4.272735595703125
2016-12-15,235.18182373046875,237.90908813476562,234.31817626953125,236.63636779785156,24089601.0,3,15,12,8139.4501953125,3.590911865234375
2016-12-16,236.36363220214844,236.36363220214844,231.68182373046875,232.36363220214844,24984316.0,4,16,12,8104.35009765625,4.6818084716796875
2016-12-19,232.18182373046875,235.40908813476562,231.59091186523438,233.72726440429688,7417692.0,0,19,12,8082.39990234375,3.81817626953125
2016-12-20,233.36363220214844,233.36363220214844,227.5,228.72726440429688,11590031.0,1,20,12,8061.2998046875,5.8636322021484375
2016-12-21,230.0,232.13636779785156,228.36363220214844,230.22726440429688,7685724.0,2,21,12,7979.10009765625,3.772735595703125
2016-12-22,229.72726440429688,231.63636779785156,227.86363220214844,229.9545440673828,8951470.0,3,22,12,7985.75,3.772735595703125
2016-12-23,229.9545440673828,231.59091186523438,227.40908813476562,228.9545440673828,6932571.0,4,23,12,7908.25,4.18182373046875
2016-12-26,229.31817626953125,229.5,224.63636779785156,225.59091186523438,6767153.0,0,26,12,8032.85009765625,4.8636322021484375
2016-12-27,226.36363220214844,231.22726440429688,224.27272033691406,230.5,9094498.0,1,27,12,8034.85009765625,6.9545440673828125
2016-12-28,230.90908813476562,231.63636779785156,228.22726440429688,228.86363220214844,9176829.0,2,28,12,8103.60009765625,3.4091033935546875
2016-12-29,229.18182373046875,230.0,227.31817626953125,228.27272033691406,6379633.0,3,29,12,8185.7998046875,2.68182373046875
2016-12-30,229.09091186523438,234.09091186523438,228.5,232.09091186523438,11565801.0,4,30,12,8179.5,5.590911865234375
2017-01-02,233.0,233.0,225.5454559326172,229.0454559326172,10404350.0,0,2,1,8192.25,7.4545440673828125
2017-01-03,229.18182373046875,232.18182373046875,226.63636779785156,231.27272033691406,10236706.0,1,3,1,8190.5,5.5454559326171875
2017-01-04,231.13636779785156,232.5,227.63636779785156,228.27272033691406,6901181.0,2,4,1,8273.7998046875,4.8636322021484375
2017-01-05,230.18182373046875,235.0,229.27272033691406,233.86363220214844,13830668.0,3,5,1,8243.7998046875,5.7272796630859375
2017-01-06,234.77272033691406,237.63636779785156,233.81817626953125,234.68182373046875,9055143.0,4,6,1,8236.0498046875,3.8181915283203125
2017-01-09,234.4545440673828,236.22726440429688,232.72726440429688,235.18182373046875,7875294.0,0,9,1,8288.599609375,3.5
2017-01-10,236.36363220214844,238.09091186523438,234.81817626953125,236.5454559326172,14784040.0,1,10,1,8380.650390625,3.272735595703125
2017-01-11,238.63636779785156,243.72726440429688,237.81817626953125,240.63636779785156,19565679.0,2,11,1,8407.2001953125,5.909088134765625
2017-01-12,242.36363220214844,245.0,241.31817626953125,243.9545440673828,11711279.0,3,12,1,8400.349609375,3.68182373046875
2017-01-13,245.4545440673828,245.4545440673828,240.72726440429688,243.68182373046875,7810375.0,4,13,1,8412.7998046875,4.7272796630859375
2017-01-16,243.09091186523438,246.22726440429688,240.72726440429688,244.81817626953125,8863676.0,0,16,1,8398.0,5.5
2017-01-17,245.0,246.81817626953125,241.36363220214844,244.0,6968061.0,1,17,1,8417.0,5.4545440673828125
2017-01-18,243.09091186523438,247.36363220214844,242.5,244.0454559326172,10085606.0,2,18,1,8435.099609375,4.8636322021484375
2017-01-19,244.36363220214844,246.09091186523438,242.0,245.18182373046875,8605687.0,3,19,1,8349.349609375,4.090911865234375
2017-01-20,242.72726440429688,243.59091186523438,238.68182373046875,239.5,12207059.0,4,20,1,8391.5,4.909088134765625
2017-01-23,238.0,238.0,231.9545440673828,234.13636779785156,43793368.0,0,23,1,8475.7998046875,6.0454559326171875
2017-01-24,235.0454559326172,235.0454559326172,232.40908813476562,233.77272033691406,26520047.0,1,24,1,8602.75,2.6363677978515625
2017-01-25,235.4545440673828,237.09091186523438,232.36363220214844,236.31817626953125,41078083.0,2,25,1,8641.25,4.7272796630859375
2017-01-27,239.13636779785156,249.09091186523438,237.0,247.27272033691406,89433645.0,4,27,1,8632.75,12.090911865234375
2017-01-30,248.18182373046875,250.5454559326172,245.18182373046875,246.18182373046875,17037472.0,0,30,1,8561.2998046875,5.3636322021484375
2017-01-31,244.36363220214844,249.09091186523438,242.22726440429688,244.5,20535165.0,1,31,1,8716.400390625,6.8636474609375
2017-02-01,241.68182373046875,257.7272644042969,238.90908813476562,255.4545440673828,44647342.0,2,1,2,8734.25,18.81817626953125
2017-02-02,256.3636474609375,261.3636474609375,255.0454559326172,259.81817626953125,28910922.0,3,2,2,8740.9501953125,6.3181915283203125
2017-02-03,259.0454406738281,259.0454406738281,253.4545440673828,255.9545440673828,20058936.0,4,3,2,8801.0498046875,5.5908966064453125
2017-02-06,257.7727355957031,265.68182373046875,257.7727355957031,263.9090881347656,22521926.0,0,6,2,8768.2998046875,7.909088134765625
2017-02-07,261.81817626953125,266.0909118652344,259.3636474609375,261.9090881347656,12829302.0,1,7,2,8769.0498046875,6.727264404296875
2017-02-08,261.81817626953125,262.2727355957031,257.0,259.81817626953125,16662978.0,2,8,2,8778.400390625,5.272735595703125
2017-02-09,260.5454406738281,262.5,253.27272033691406,259.0909118652344,16631183.0,3,9,2,8793.5498046875,9.227279663085938
2017-02-10,259.6363525390625,260.1363525390625,254.63636779785156,256.0,16771421.0,4,10,2,8805.0498046875,5.4999847412109375
2017-02-13,256.81817626953125,258.2727355957031,254.13636779785156,256.0454406738281,13144434.0,0,13,2,8792.2998046875,4.1363677978515625
2017-02-14,257.2727355957031,259.9090881347656,255.72726440429688,258.7727355957031,12889195.0,1,14,2,8724.7001953125,4.18182373046875
2017-02-15,259.2727355957031,260.3636474609375,253.27272033691406,255.22726440429688,14420745.0,2,15,2,8778.0,7.0909271240234375
2017-02-16,255.72726440429688,255.86363220214844,248.0454559326172,253.4545440673828,20257845.0,3,16,2,8821.7001953125,7.81817626953125
2017-02-17,254.27272033691406,260.0909118652344,250.77272033691406,257.2727355957031,28496342.0,4,17,2,8879.2001953125,9.318191528320312
2017-02-20,257.31817626953125,260.1363525390625,255.5454559326172,256.68182373046875,9947581.0,0,20,2,8907.849609375,4.5908966064453125
2017-02-21,257.2727355957031,259.81817626953125,255.63636779785156,258.9090881347656,11288626.0,1,21,2,8926.900390625,4.1818084716796875
2017-02-22,261.7272644042969,261.7272644042969,255.59091186523438,260.1363525390625,30787289.0,2,22,2,8939.5,6.1363525390625
2017-02-23,258.81817626953125,262.5,256.4090881347656,258.6363525390625,25499159.0,3,23,2,8896.7001953125,6.090911865234375
2017-02-27,259.0909118652344,259.5909118652344,251.90908813476562,253.5,15037984.0,0,27,2,8879.599609375,7.68182373046875
2017-02-28,253.59091186523438,254.63636779785156,250.63636779785156,251.22726440429688,18179839.0,1,28,2,8945.7998046875,4.0
2017-03-01,252.36363220214844,255.40908813476562,252.0454559326172,253.72726440429688,19983162.0,2,1,3,8899.75,3.3636322021484375
2017-03-02,256.4090881347656,258.6363525390625,251.81817626953125,253.31817626953125,20040929.0,3,2,3,8897.5498046875,6.81817626953125
2017-03-03,253.27272033691406,253.5454559326172,250.0454559326172,250.86363220214844,9256168.0,4,3,3,8963.4501953125,3.5
2017-03-06,250.86363220214844,253.9545440673828,250.4545440673828,251.59091186523438,12565060.0,0,6,3,8946.900390625,3.5
2017-03-07,251.81817626953125,253.86363220214844,250.0,250.90908813476562,9116307.0,1,7,3,8924.2998046875,3.8636322021484375
2017-03-08,251.09091186523438,251.40908813476562,247.36363220214844,249.4545440673828,12969749.0,2,8,3,8927.0,4.0454559326171875
2017-03-09,249.09091186523438,250.86363220214844,247.81817626953125,248.63636779785156,11647809.0,3,9,3,8934.5498046875,3.0454559326171875
2017-03-10,250.13636779785156,251.36363220214844,244.90908813476562,245.9545440673828,15749231.0,4,10,3,9087.0,6.4545440673828125
2017-03-14,255.5454559326172,262.0,255.5454559326172,261.1363525390625,43486006.0,1,14,3,9084.7998046875,6.4545440673828125
2017-03-15,259.9090881347656,260.9090881347656,258.2727355957031,259.2272644042969,13414846.0,2,15,3,9153.7001953125,2.6363525390625
2017-03-16,260.5,261.31817626953125,256.7727355957031,258.6363525390625,10712223.0,3,16,3,9160.0498046875,4.545440673828125
2017-03-17,260.0909118652344,260.6363525390625,254.22726440429688,255.09091186523438,25016303.0,4,17,3,9126.849609375,6.409088134765625
2017-03-20,254.27272033691406,254.27272033691406,249.09091186523438,250.0454559326172,12153226.0,0,20,3,9121.5,5.1818084716796875
2017-03-21,250.90908813476562,251.63636779785156,246.4545440673828,247.31817626953125,16304076.0,1,21,3,9030.4501953125,5.18182373046875
2017-03-22,243.5454559326172,244.31817626953125,240.4545440673828,240.90908813476562,24534011.0,2,22,3,9086.2998046875,3.8636322021484375
2017-03-23,242.27272033691406,243.86363220214844,240.72726440429688,242.68182373046875,13209523.0,3,23,3,9108.0,3.1363677978515625
2017-03-24,245.13636779785156,251.68182373046875,245.13636779785156,249.77272033691406,19227304.0,4,24,3,9045.2001953125,6.5454559326171875
2017-03-27,254.5454559326172,254.5454559326172,247.4545440673828,248.31817626953125,12341637.0,0,27,3,9100.7998046875,7.090911865234375
2017-03-28,251.81817626953125,252.31817626953125,250.09091186523438,251.81817626953125,13884032.0,1,28,3,9143.7998046875,2.227264404296875
2017-03-29,253.59091186523438,257.0909118652344,251.5,256.5454406738281,18910842.0,2,29,3,9173.75,5.590911865234375
2017-03-30,255.68182373046875,257.5,254.31817626953125,255.77272033691406,16543030.0,3,30,3,9173.75,3.18182373046875
2017-03-31,254.86363220214844,257.18182373046875,250.63636779785156,251.68182373046875,19741901.0,4,31,3,9237.849609375,6.5454559326171875
2017-04-03,253.4545440673828,261.2727355957031,251.68182373046875,260.6363525390625,20449617.0,0,3,4,9265.150390625,9.590911865234375
2017-04-05,260.4545593261719,260.4545593261719,257.18182373046875,258.9545593261719,10569529.0,2,5,4,9261.9501953125,3.272735595703125
2017-04-06,256.2727355957031,257.9090881347656,253.86363220214844,255.31817626953125,17014957.0,3,6,4,9198.2998046875,4.0454559326171875
2017-04-07,254.63636779785156,257.2727355957031,250.68182373046875,252.13636779785156,18994042.0,4,7,4,9181.4501953125,6.590911865234375
2017-04-10,253.09091186523438,253.63636779785156,251.0,252.40908813476562,10395338.0,0,10,4,9237.0,2.6363677978515625
2017-04-11,253.0,258.4090881347656,251.59091186523438,257.8636474609375,13734771.0,1,11,4,9203.4501953125,6.81817626953125
2017-04-12,258.0,259.9545593261719,252.86363220214844,255.27272033691406,18252914.0,2,12,4,9150.7998046875,7.0909271240234375
2017-04-13,254.81817626953125,259.81817626953125,254.0,257.0909118652344,15178825.0,3,13,4,9139.2998046875,5.81817626953125
2017-04-17,257.2727355957031,259.7272644042969,255.0,256.7272644042969,8250861.0,0,17,4,9105.150390625,4.727264404296875
2017-04-18,257.6363525390625,265.0909118652344,256.8636474609375,257.6363525390625,19072022.0,1,18,4,9103.5,8.227264404296875
2017-04-19,257.6363525390625,259.0909118652344,253.5,255.0454559326172,15189575.0,2,19,4,9136.400390625,5.590911865234375
2017-04-20,249.9545440673828,251.13636779785156,247.09091186523438,247.9545440673828,31912290.0,3,20,4,9119.400390625,4.0454559326171875
2017-04-21,247.86363220214844,248.90908813476562,242.72726440429688,244.68182373046875,18165879.0,4,21,4,9217.9501953125,6.18182373046875
2017-04-24,245.27272033691406,246.68182373046875,241.09091186523438,244.22726440429688,24418208.0,0,24,4,9306.599609375,5.590911865234375
2017-04-25,247.27272033691406,248.4545440673828,245.4545440673828,247.72726440429688,13685114.0,1,25,4,9351.849609375,3.0
2017-04-26,249.09091186523438,252.68182373046875,248.18182373046875,251.72726440429688,15205419.0,2,26,4,9342.150390625,4.5
2017-04-27,251.77272033691406,251.86363220214844,248.5,249.22726440429688,14909618.0,3,27,4,9304.0498046875,3.3636322021484375
2017-04-28,248.63636779785156,254.0,248.09091186523438,253.18182373046875,9367499.0,4,28,4,9313.7998046875,5.909088134765625
2017-05-02,254.72726440429688,255.31817626953125,250.0,250.5454559326172,16780204.0,1,2,5,9311.9501953125,5.31817626953125
2017-05-03,250.81817626953125,251.86363220214844,246.59091186523438,247.9545440673828,24205196.0,2,3,5,9359.900390625,5.2727203369140625
2017-05-04,265.0909118652344,272.5,258.0454406738281,270.7272644042969,122120948.0,3,4,5,9285.2998046875,14.454559326171875
2017-05-05,272.7272644042969,274.31817626953125,267.68182373046875,271.4090881347656,48189321.0,4,5,5,9314.0498046875,6.6363525390625
2017-05-08,272.7272644042969,280.1363525390625,272.7272644042969,275.4090881347656,30347849.0,0,8,5,9316.849609375,7.409088134765625
2017-05-09,276.6363525390625,277.5909118652344,271.2727355957031,273.2727355957031,15194182.0,1,9,5,9407.2998046875,6.31817626953125
2017-05-10,273.7272644042969,275.1363525390625,270.31817626953125,271.5,15054831.0,2,10,5,9422.400390625,4.81817626953125
2017-05-11,274.2727355957031,275.0,272.31817626953125,272.9090881347656,10261128.0,3,11,5,9400.900390625,2.68182373046875
2017-05-12,272.7272644042969,273.2272644042969,266.6363525390625,269.5909118652344,16605029.0,4,12,5,9445.400390625,6.590911865234375
2017-05-15,272.2727355957031,275.9090881347656,271.0909118652344,274.3636474609375,17095696.0,0,15,5,9512.25,4.81817626953125
2017-05-16,275.31817626953125,278.0909118652344,273.68182373046875,275.1363525390625,19569431.0,1,16,5,9525.75,4.409088134765625
2017-05-17,277.81817626953125,282.0,276.81817626953125,281.5909118652344,23363685.0,2,17,5,9429.4501953125,5.18182373046875
2017-05-18,277.0,284.4090881347656,277.0,279.9545593261719,27753950.0,3,18,5,9427.900390625,7.409088134765625
2017-05-19,279.9090881347656,284.0,276.0909118652344,279.1363525390625,16728969.0,4,19,5,9438.25,7.909088134765625
2017-05-22,281.4090881347656,283.2272644042969,274.7272644042969,276.2272644042969,14850717.0,0,22,5,9386.150390625,8.5
2017-05-23,275.5909118652344,281.5909118652344,275.2727355957031,278.2272644042969,29771017.0,1,23,5,9360.5498046875,6.31817626953125
2017-05-24,278.9090881347656,281.5,275.7272644042969,278.81817626953125,20506719.0,2,24,5,9509.75,5.772735595703125
2017-05-25,278.5,290.7727355957031,278.18182373046875,288.81817626953125,41775676.0,3,25,5,9595.099609375,12.590911865234375
2017-05-26,288.18182373046875,293.6363525390625,286.8636474609375,292.31817626953125,21336089.0,4,26,5,9604.900390625,6.772705078125
2017-05-29,290.2272644042969,291.2727355957031,285.2727355957031,286.2727355957031,11266657.0,0,29,5,9624.5498046875,6.0
2017-05-30,286.2272644042969,295.0,285.8636474609375,292.18182373046875,15573191.0,1,30,5,9621.25,9.1363525390625
2017-05-31,293.6363525390625,297.6363525390625,289.68182373046875,296.7727355957031,128437479.0,2,31,5,9616.099609375,7.95452880859375
2017-06-01,295.9090881347656,296.0454406738281,287.9545593261719,291.0,19883562.0,3,1,6,9653.5,8.09088134765625
2017-06-02,292.7272644042969,293.5909118652344,286.9545593261719,289.2272644042969,13469524.0,4,2,6,9675.099609375,6.6363525390625
2017-06-05,289.5454406738281,292.4090881347656,289.2272644042969,290.68182373046875,9831353.0,0,5,6,9637.150390625,3.18182373046875
2017-06-06,291.4090881347656,291.8636474609375,288.81817626953125,289.9545593261719,10757211.0,1,6,6,9663.900390625,3.04547119140625
2017-06-07,291.8636474609375,296.31817626953125,291.5909118652344,295.18182373046875,15076040.0,2,7,6,9647.25,4.727264404296875
2017-06-08,296.2727355957031,297.2727355957031,290.4545593261719,291.0909118652344,20130322.0,3,8,6,9668.25,6.81817626953125
2017-06-09,289.9545593261719,293.7272644042969,287.3636474609375,292.8636474609375,10190305.0,4,9,6,9616.400390625,6.363616943359375
2017-06-12,290.9090881347656,291.5454406738281,286.2272644042969,287.0454406738281,10376913.0,0,12,6,9606.900390625,5.31817626953125
2017-06-13,286.4090881347656,289.7272644042969,285.3636474609375,286.2272644042969,9305516.0,1,13,6,9618.150390625,4.363616943359375
2017-06-14,290.0909118652344,293.0909118652344,286.7272644042969,290.0454406738281,22264301.0,2,14,6,9578.0498046875,6.3636474609375
2017-06-15,290.0,290.3636474609375,287.0,287.9545593261719,11206355.0,3,15,6,9588.0498046875,3.3636474609375
2017-06-16,289.5,290.2272644042969,286.9545593261719,287.7272644042969,23228635.0,4,16,6,9657.5498046875,3.272705078125
2017-06-19,289.0909118652344,292.4545593261719,288.2272644042969,291.4545593261719,10719809.0,0,19,6,9653.5,4.227294921875
2017-06-20,290.75,295.3999938964844,288.0,292.45001220703125,16849368.0,1,20,6,9633.599609375,7.399993896484375
2017-06-21,292.0,292.6499938964844,289.54998779296875,291.1000061035156,7142413.0,2,21,6,9630.0,3.100006103515625
2017-06-22,291.5,293.3500061035156,288.25,289.6000061035156,9180870.0,3,22,6,9574.9501953125,5.100006103515625
2017-06-23,289.54998779296875,293.54998779296875,284.6000061035156,291.8500061035156,14937649.0,4,23,6,9511.400390625,8.949981689453125
2017-06-27,293.0,293.1000061035156,283.45001220703125,287.8999938964844,18053262.0,1,27,6,9491.25,9.649993896484375
2017-06-28,288.75,293.29998779296875,288.75,290.3500061035156,17157094.0,2,28,6,9504.099609375,4.54998779296875
2017-06-29,291.5,296.8999938964844,290.1000061035156,293.25,34774280.0,3,29,6,9520.900390625,6.79998779296875
2017-06-30,292.0,292.0,287.5,290.1499938964844,12435467.0,4,30,6,9615.0,4.5
2017-07-03,291.3999938964844,292.25,288.75,290.04998779296875,6106230.0,0,3,7,9613.2998046875,3.5
2017-07-04,292.3999938964844,292.79998779296875,288.6000061035156,289.5,8335899.0,1,4,7,9637.599609375,4.199981689453125
2017-07-05,290.0,293.75,288.5,292.8500061035156,6958589.0,2,5,7,9674.5498046875,5.25
2017-07-06,294.0,295.1000061035156,292.3500061035156,293.75,9967582.0,3,6,7,9665.7998046875,2.75
2017-07-07,293.5,293.5,289.20001220703125,289.70001220703125,8477468.0,4,7,7,9771.0498046875,4.29998779296875
2017-07-10,291.0,293.25,290.0,291.45001220703125,1114874.0,0,10,7,9786.0498046875,3.25
2017-07-11,292.54998779296875,292.95001220703125,288.70001220703125,289.6499938964844,10893055.0,1,11,7,9816.099609375,4.25
2017-07-12,289.70001220703125,294.6000061035156,288.6000061035156,292.3500061035156,8091465.0,2,12,7,9891.7001953125,6.0
2017-07-13,295.6000061035156,299.5,295.04998779296875,297.8999938964844,13747313.0,3,13,7,9886.349609375,4.45001220703125
2017-07-14,299.3999938964844,299.3999938964844,294.5,298.25,6196683.0,4,14,7,9915.9501953125,4.899993896484375
2017-07-17,300.0,304.54998779296875,298.79998779296875,303.5,12506474.0,0,17,7,9827.150390625,5.75
2017-07-18,301.75,306.0,301.5,303.8999938964844,11772154.0,1,18,7,9899.599609375,4.5
2017-07-19,303.0,304.8999938964844,301.3999938964844,302.25,10780451.0,2,19,7,9873.2998046875,3.5
2017-07-20,302.0,303.8500061035156,299.75,300.6000061035156,8458004.0,3,20,7,9915.25,4.100006103515625
2017-07-21,299.5,303.8999938964844,296.20001220703125,302.04998779296875,9705981.0,4,21,7,9966.400390625,7.699981689453125
2017-07-24,302.20001220703125,306.6000061035156,301.6000061035156,303.04998779296875,15604131.0,0,24,7,9964.5498046875,5.0
2017-07-25,306.79998779296875,306.79998779296875,301.79998779296875,304.1499938964844,18129742.0,1,25,7,10020.650390625,5.0
2017-07-26,306.79998779296875,311.0,304.54998779296875,310.3500061035156,26050717.0,2,26,7,10020.5498046875,6.45001220703125
2017-07-27,314.45001220703125,314.45001220703125,305.3500061035156,307.20001220703125,28535869.0,3,27,7,10014.5,9.100006103515625
2017-07-28,304.0,304.0,293.8500061035156,296.1499938964844,30571846.0,4,28,7,10077.099609375,10.149993896484375
2017-07-31,298.8500061035156,306.45001220703125,296.25,302.6000061035156,21526493.0,0,31,7,10114.650390625,10.20001220703125
2017-08-01,303.8999938964844,305.20001220703125,301.3999938964844,302.6000061035156,10722862.0,1,1,8,10081.5,3.800018310546875
2017-08-02,302.20001220703125,304.45001220703125,299.70001220703125,301.8500061035156,8348096.0,2,2,8,10013.650390625,4.75
2017-08-03,301.3500061035156,301.5,294.54998779296875,295.70001220703125,14389817.0,3,3,8,10066.400390625,6.95001220703125
2017-08-04,295.0,297.5,293.8999938964844,296.25,10099985.0,4,4,8,10057.400390625,3.600006103515625
2017-08-07,297.25,303.0,296.70001220703125,300.1499938964844,11870705.0,0,7,8,9978.5498046875,6.29998779296875
2017-08-08,299.79998779296875,301.54998779296875,293.8500061035156,295.5,10288608.0,1,8,8,9908.0498046875,7.699981689453125
2017-08-09,294.3999938964844,294.3999938964844,289.8500061035156,290.6000061035156,12959158.0,2,9,8,9820.25,4.54998779296875
2017-08-10,289.0,293.3999938964844,261.54998779296875,288.75,17225844.0,3,10,8,9710.7998046875,31.850006103515625
2017-08-11,283.95001220703125,289.6499938964844,280.29998779296875,286.95001220703125,17211539.0,4,11,8,9794.150390625,9.350006103515625
2017-08-14,287.54998779296875,292.8500061035156,287.54998779296875,291.79998779296875,8428420.0,0,14,8,9897.2998046875,5.300018310546875
2017-08-16,291.70001220703125,295.79998779296875,287.29998779296875,294.95001220703125,8605873.0,2,16,8,9904.150390625,8.5
2017-08-17,297.8500061035156,297.8500061035156,291.29998779296875,293.1499938964844,8168684.0,3,17,8,9837.400390625,6.550018310546875
2017-08-18,292.0,294.3500061035156,290.79998779296875,293.1499938964844,6700778.0,4,18,8,9754.349609375,3.550018310546875
2017-08-21,295.25,299.75,292.25,293.5,10623264.0,0,21,8,9765.5498046875,7.5
2017-08-22,297.0,297.3500061035156,292.1499938964844,293.95001220703125,7549155.0,1,22,8,9852.5,5.20001220703125
2017-08-23,296.0,299.20001220703125,295.29998779296875,298.6000061035156,9142592.0,2,23,8,9857.0498046875,3.9000244140625
2017-08-24,300.0,300.1499938964844,296.6499938964844,297.70001220703125,12766567.0,3,24,8,9912.7998046875,3.5
2017-08-28,299.70001220703125,302.25,298.1000061035156,300.8999938964844,8827300.0,0,28,8,9796.0498046875,4.149993896484375
2017-08-29,300.0,302.79998779296875,298.1000061035156,299.5,12737088.0,1,29,8,9884.400390625,4.699981689453125
2017-08-30,301.79998779296875,302.29998779296875,299.3999938964844,300.29998779296875,8552010.0,2,30,8,9917.900390625,2.899993896484375
2017-08-31,300.8999938964844,300.8999938964844,297.0,298.04998779296875,14865124.0,3,31,8,9974.400390625,3.899993896484375
2017-09-01,299.70001220703125,299.70001220703125,297.1499938964844,298.29998779296875,7472688.0,4,1,9,9912.849609375,2.550018310546875
2017-09-04,299.8999938964844,300.0,294.5,297.1000061035156,6244661.0,0,4,9,9952.2001953125,5.5
2017-09-05,296.70001220703125,299.0,296.70001220703125,297.6000061035156,7683590.0,1,5,9,9916.2001953125,2.29998779296875
2017-09-06,294.8999938964844,296.0,294.29998779296875,295.3500061035156,4854030.0,2,6,9,9929.900390625,1.70001220703125
2017-09-07,295.54998779296875,298.5,292.1000061035156,292.6499938964844,15630577.0,3,7,9,9934.7998046875,6.399993896484375
2017-09-08,294.79998779296875,294.79998779296875,290.04998779296875,292.0,8077662.0,4,8,9,10006.0498046875,4.75
2017-09-11,293.0,293.70001220703125,289.04998779296875,290.79998779296875,7639794.0,0,11,9,10093.0498046875,4.6500244140625
2017-09-12,292.6499938964844,293.3999938964844,290.5,291.20001220703125,8497603.0,1,12,9,10079.2998046875,2.899993896484375
2017-09-13,292.1000061035156,293.25,291.20001220703125,292.0,8297426.0,2,13,9,10086.599609375,2.04998779296875
2017-09-14,291.70001220703125,295.6000061035156,291.70001220703125,293.70001220703125,12267908.0,3,14,9,10085.400390625,3.899993896484375
2017-09-15,294.45001220703125,295.54998779296875,290.95001220703125,291.6000061035156,22632513.0,4,15,9,10153.099609375,4.5999755859375
2017-09-18,293.8999938964844,294.3999938964844,292.1499938964844,293.0,11181986.0,0,18,9,10147.5498046875,2.25
2017-09-19,291.8999938964844,295.5,289.6000061035156,294.6499938964844,7558625.0,1,19,9,10141.150390625,5.899993896484375
2017-09-20,292.0,292.8500061035156,289.6000061035156,290.54998779296875,14617079.0,2,20,9,10121.900390625,3.25
2017-09-21,289.45001220703125,290.3999938964844,283.6499938964844,284.95001220703125,14496834.0,3,21,9,9964.400390625,6.75
2017-09-22,283.6000061035156,283.95001220703125,275.75,277.1000061035156,23451953.0,4,22,9,9872.599609375,8.20001220703125
2017-09-25,278.95001220703125,280.70001220703125,275.54998779296875,279.5,13358067.0,0,25,9,9871.5,5.1500244140625
2017-09-26,279.5,284.0,276.75,282.75,11325047.0,1,26,9,9735.75,7.25
2017-09-27,284.75,284.75,275.3999938964844,276.3999938964844,17853590.0,2,27,9,9768.9501953125,9.350006103515625
2017-09-28,275.95001220703125,277.79998779296875,269.1499938964844,275.95001220703125,32223724.0,3,28,9,9788.599609375,8.649993896484375
2017-09-29,277.45001220703125,281.6499938964844,275.75,276.6000061035156,9980756.0,4,29,9,9859.5,5.899993896484375
2017-10-03,279.5,280.70001220703125,275.1499938964844,278.3999938964844,6752832.0,1,3,10,9914.900390625,5.550018310546875
2017-10-04,279.25,279.3999938964844,275.1000061035156,276.1000061035156,7417758.0,2,4,10,9888.7001953125,4.29998779296875
2017-10-05,276.0,277.3999938964844,271.1000061035156,271.79998779296875,10975305.0,3,5,10,9979.7001953125,6.29998779296875
2017-10-06,272.1499938964844,274.45001220703125,270.54998779296875,271.95001220703125,25447787.0,4,6,10,9988.75,3.9000244140625
2017-10-09,273.3500061035156,276.29998779296875,271.25,271.75,20478222.0,0,9,10,10016.9501953125,5.04998779296875
2017-10-10,271.8500061035156,273.0,269.1499938964844,269.79998779296875,18594444.0,1,10,10,9984.7998046875,3.850006103515625
2017-10-11,271.1000061035156,272.0,266.20001220703125,267.6000061035156,12687990.0,2,11,10,10096.400390625,5.79998779296875
2017-10-12,267.6000061035156,267.95001220703125,264.04998779296875,267.54998779296875,11831125.0,3,12,10,10167.4501953125,3.9000244140625
2017-10-13,267.6000061035156,274.6499938964844,267.6000061035156,271.29998779296875,14402254.0,4,13,10,10230.849609375,7.04998779296875
2017-10-16,274.6000061035156,276.0,270.3500061035156,274.25,12848154.0,0,16,10,10234.4501953125,5.649993896484375
2017-10-17,274.75,276.54998779296875,273.20001220703125,273.8999938964844,9183764.0,1,17,10,10210.849609375,3.3499755859375
2017-10-18,268.3999938964844,268.3999938964844,262.25,263.1499938964844,30669948.0,2,18,10,10146.5498046875,6.149993896484375
2017-10-19,259.6000061035156,261.0,256.6000061035156,257.8500061035156,3822821.0,3,19,10,10184.849609375,4.399993896484375
2017-10-23,258.3500061035156,264.45001220703125,256.5,262.54998779296875,22939775.0,0,23,10,10207.7001953125,7.95001220703125
2017-10-24,263.25,268.1499938964844,255.0,266.54998779296875,15126641.0,1,24,10,10295.349609375,13.149993896484375
2017-10-25,293.20001220703125,310.79998779296875,284.3500061035156,305.70001220703125,123615362.0,2,25,10,10343.7998046875,26.449981689453125
2017-10-26,299.79998779296875,314.6499938964844,295.0,299.25,43256025.0,3,26,10,10323.0498046875,19.649993896484375
2017-10-27,291.8999938964844,305.45001220703125,285.5,301.1499938964844,36889009.0,4,27,10,10363.650390625,19.95001220703125
2017-10-30,298.6000061035156,308.45001220703125,295.25,300.54998779296875,38047961.0,0,30,10,10335.2998046875,13.20001220703125
2017-10-31,300.25,303.25,298.29998779296875,300.1000061035156,19050731.0,1,31,10,10440.5,4.95001220703125
2017-11-01,303.0,318.95001220703125,302.3999938964844,313.3999938964844,38829935.0,2,1,11,10423.7998046875,16.550018310546875
2017-11-02,313.45001220703125,320.3999938964844,311.3999938964844,316.6499938964844,27736221.0,3,2,11,10452.5,9.0
2017-11-03,317.79998779296875,318.6499938964844,314.04998779296875,315.8999938964844,14258432.0,4,3,11,10451.7998046875,4.600006103515625
2017-11-06,314.79998779296875,320.25,311.6499938964844,316.1000061035156,16349376.0,0,6,11,10350.150390625,8.600006103515625
2017-11-07,317.1000061035156,317.95001220703125,309.3500061035156,312.45001220703125,12752869.0,1,7,11,10303.150390625,8.600006103515625
2017-11-08,312.0,314.0,303.8999938964844,305.5,11942186.0,2,8,11,10308.9501953125,10.100006103515625
2017-11-09,306.79998779296875,314.79998779296875,306.79998779296875,311.29998779296875,12716330.0,3,9,11,10321.75,8.0
2017-11-10,312.5,324.20001220703125,311.04998779296875,318.5,21000915.0,4,10,11,10224.9501953125,13.1500244140625
2017-11-13,317.0,321.79998779296875,313.0,314.25,13679015.0,0,13,11,10186.599609375,8.79998779296875
2017-11-14,313.29998779296875,317.1000061035156,309.79998779296875,314.1000061035156,12362405.0,1,14,11,10118.0498046875,7.300018310546875
2017-11-15,312.95001220703125,319.6000061035156,312.6499938964844,315.5,14408468.0,2,15,11,10214.75,6.95001220703125
2017-11-16,316.1499938964844,320.0,316.0,318.95001220703125,8983382.0,3,16,11,10283.599609375,4.0
2017-11-17,324.0,332.3500061035156,323.79998779296875,325.1000061035156,20440466.0,4,17,11,10298.75,8.550018310546875
2017-11-20,323.3500061035156,323.8999938964844,317.20001220703125,318.54998779296875,13606336.0,0,20,11,10326.900390625,6.699981689453125
2017-11-21,318.75,322.20001220703125,317.54998779296875,319.8999938964844,13102056.0,1,21,11,10342.2998046875,4.6500244140625
2017-11-22,319.3999938964844,322.1000061035156,318.04998779296875,318.8999938964844,9342622.0,2,22,11,10348.75,4.050018310546875
2017-11-23,319.75,320.5,315.20001220703125,319.45001220703125,9998609.0,3,23,11,10389.7001953125,5.29998779296875
2017-11-24,319.8999938964844,321.04998779296875,315.95001220703125,317.20001220703125,7867381.0,4,24,11,10399.5498046875,5.0999755859375
2017-11-27,315.04998779296875,318.6000061035156,313.5,317.0,9334428.0,0,27,11,10370.25,5.100006103515625
2017-11-28,313.1000061035156,315.3500061035156,311.75,313.20001220703125,13929413.0,1,28,11,10361.2998046875,3.600006103515625
2017-11-29,312.6000061035156,316.29998779296875,312.29998779296875,314.8500061035156,12384876.0,2,29,11,10226.5498046875,4.0
2017-11-30,314.95001220703125,315.79998779296875,306.25,307.54998779296875,23832543.0,3,30,11,10121.7998046875,9.54998779296875
2017-12-01,309.70001220703125,309.95001220703125,304.3999938964844,305.25,6602231.0,4,1,12,10127.75,5.550018310546875
2017-12-04,307.25,307.5,302.29998779296875,304.25,8763567.0,0,4,12,10118.25,5.20001220703125
2017-12-05,304.79998779296875,307.6000061035156,303.70001220703125,305.25,8219441.0,1,5,12,10044.099609375,3.899993896484375
2017-12-06,303.79998779296875,305.0,298.1499938964844,299.5,6751957.0,2,6,12,10166.7001953125,6.850006103515625
2017-12-07,301.5,306.75,300.20001220703125,305.79998779296875,7414305.0,3,7,12,10265.650390625,6.54998779296875
2017-12-08,307.25,311.8999938964844,307.0,310.75,10732806.0,4,8,12,10322.25,4.899993896484375
2017-12-11,311.0,312.25,308.25,311.45001220703125,6829121.0,0,11,12,10240.150390625,4.0
2017-12-12,312.04998779296875,312.3500061035156,306.29998779296875,307.6000061035156,11995276.0,1,12,12,10192.9501953125,6.050018310546875
2017-12-13,308.0,308.3999938964844,300.20001220703125,302.95001220703125,14805881.0,2,13,12,10252.099609375,8.199981689453125
2017-12-14,303.8500061035156,306.0,301.3500061035156,304.3500061035156,11140346.0,3,14,12,10333.25,4.649993896484375
2017-12-15,310.3999938964844,310.70001220703125,302.54998779296875,303.1499938964844,23227021.0,4,15,12,10388.75,8.1500244140625
2017-12-18,298.0,312.29998779296875,287.0,308.8999938964844,16300443.0,0,18,12,10463.2001953125,25.29998779296875
2017-12-19,309.20001220703125,314.79998779296875,308.5,313.70001220703125,13135113.0,1,19,12,10444.2001953125,6.29998779296875
2017-12-20,314.1000061035156,317.8500061035156,311.5,315.79998779296875,14003657.0,2,20,12,10440.2998046875,6.350006103515625
2017-12-21,315.3999938964844,316.54998779296875,312.1000061035156,315.45001220703125,9705688.0,3,21,12,10493.0,4.449981689453125
2017-12-22,315.0,319.20001220703125,313.79998779296875,316.6000061035156,7628532.0,4,22,12,10531.5,5.4000244140625
2017-12-26,316.25,319.0,313.20001220703125,318.1499938964844,7632721.0,1,26,12,10490.75,5.79998779296875
2017-12-27,315.95001220703125,317.8999938964844,312.1000061035156,312.79998779296875,6354635.0,2,27,12,10477.900390625,5.79998779296875
2017-12-28,312.79998779296875,319.20001220703125,310.5,315.29998779296875,22689602.0,3,28,12,10530.7001953125,8.70001220703125
2018-01-01,314.0,314.0,309.1000061035156,310.29998779296875,7739502.0,0,1,1,10442.2001953125,4.899993896484375
2018-01-02,310.95001220703125,311.70001220703125,307.5,309.70001220703125,7046560.0,1,2,1,10443.2001953125,4.20001220703125
2018-01-03,312.5,316.3500061035156,312.5,315.0,8898342.0,2,3,1,10504.7998046875,3.850006103515625
2018-01-04,314.95001220703125,315.6499938964844,311.5,314.70001220703125,6385367.0,3,4,1,10558.849609375,4.149993896484375
2018-01-05,314.45001220703125,315.1499938964844,311.6000061035156,312.8999938964844,6366054.0,4,5,1,10623.599609375,3.54998779296875
2018-01-08,313.5,318.20001220703125,312.6000061035156,314.1499938964844,7329648.0,0,8,1,10637.0,5.600006103515625
2018-01-09,314.79998779296875,315.79998779296875,310.75,312.6000061035156,9190909.0,1,9,1,10632.2001953125,5.04998779296875
2018-01-10,312.54998779296875,312.95001220703125,310.54998779296875,312.0,6736971.0,2,10,1,10651.2001953125,2.4000244140625
2018-01-11,312.5,312.5,308.54998779296875,309.5,8366713.0,3,11,1,10681.25,3.95001220703125
2018-01-12,309.6000061035156,318.79998779296875,309.6000061035156,317.70001220703125,11699345.0,4,12,1,10741.5498046875,9.199981689453125
2018-01-15,320.79998779296875,330.70001220703125,320.25,329.29998779296875,30242005.0,0,15,1,10700.4501953125,10.45001220703125
2018-01-16,329.75,340.75,326.54998779296875,334.1000061035156,26707100.0,1,16,1,10788.5498046875,14.20001220703125
2018-01-17,334.04998779296875,344.20001220703125,334.04998779296875,343.25,43305353.0,2,17,1,10817.0,10.1500244140625
2018-01-18,350.0,353.20001220703125,343.0,346.1499938964844,31504669.0,3,18,1,10894.7001953125,10.20001220703125
2018-01-19,347.45001220703125,355.0,340.79998779296875,353.6000061035156,18812611.0,4,19,1,10966.2001953125,14.20001220703125
2018-01-22,352.3999938964844,352.8999938964844,344.79998779296875,351.5,15269782.0,0,22,1,11083.7001953125,8.100006103515625
2018-01-23,350.45001220703125,364.45001220703125,350.45001220703125,362.29998779296875,22485663.0,1,23,1,11086.0,14.0
2018-01-24,357.75,359.20001220703125,351.79998779296875,352.75,12815095.0,2,24,1,11069.650390625,7.4000244140625
2018-01-25,352.5,364.79998779296875,350.70001220703125,360.79998779296875,30183655.0,3,25,1,11130.400390625,14.0999755859375
2018-01-29,360.0,365.70001220703125,355.6000061035156,357.6499938964844,17855095.0,0,29,1,11049.650390625,10.100006103515625
2018-01-30,356.79998779296875,356.79998779296875,350.5,353.25,13358981.0,1,30,1,11027.7001953125,6.29998779296875
2018-01-31,348.8500061035156,353.95001220703125,343.6000061035156,352.95001220703125,22638319.0,2,31,1,11016.900390625,10.350006103515625
2018-02-01,347.54998779296875,355.8999938964844,343.79998779296875,346.20001220703125,29472295.0,3,1,2,10760.599609375,12.100006103515625
2018-02-02,342.54998779296875,343.70001220703125,333.70001220703125,335.1000061035156,16957983.0,4,2,2,10666.5498046875,10.0
2018-02-05,327.6000061035156,334.25,327.04998779296875,329.70001220703125,17339547.0,0,5,2,10498.25,7.20001220703125
2018-02-06,315.25,337.95001220703125,313.0,330.70001220703125,18491736.0,1,6,2,10476.7001953125,24.95001220703125
2018-02-07,335.3500061035156,336.3999938964844,329.8999938964844,332.54998779296875,11819190.0,2,7,2,10576.849609375,6.5
2018-02-08,332.54998779296875,338.3999938964844,329.5,333.8500061035156,10294899.0,3,8,2,10454.9501953125,8.899993896484375
2018-02-09,325.0,328.6499938964844,322.6499938964844,326.75,9493398.0,4,9,2,10539.75,6.0
2018-02-12,328.8500061035156,329.20001220703125,323.25,326.25,8356351.0,0,12,2,10500.900390625,5.95001220703125
2018-02-14,327.0,327.0,316.54998779296875,318.95001220703125,15189066.0,2,14,2,10545.5,10.45001220703125
2018-02-15,322.1499938964844,331.79998779296875,322.1499938964844,328.6499938964844,23779772.0,3,15,2,10452.2998046875,9.649993896484375
2018-02-16,330.3500061035156,334.0,318.79998779296875,321.04998779296875,17585994.0,4,16,2,10378.400390625,15.20001220703125
2018-02-19,329.5,329.6000061035156,315.20001220703125,319.75,19044107.0,0,19,2,10360.400390625,14.399993896484375
2018-02-20,320.5,324.20001220703125,316.29998779296875,317.25,16030558.0,1,20,2,10397.4501953125,7.9000244140625
2018-02-21,319.0,320.70001220703125,315.70001220703125,319.20001220703125,9974873.0,2,21,2,10382.7001953125,5.0
2018-02-22,317.0,319.29998779296875,313.95001220703125,318.3500061035156,25530698.0,3,22,2,10491.0498046875,5.3499755859375
2018-02-23,319.04998779296875,324.04998779296875,318.3500061035156,322.75,7949765.0,4,23,2,10582.599609375,5.699981689453125
2018-02-26,325.0,327.79998779296875,323.1499938964844,327.04998779296875,7133735.0,0,26,2,10554.2998046875,4.649993896484375
2018-02-27,327.0,327.04998779296875,319.6499938964844,322.1499938964844,9623651.0,1,27,2,10492.849609375,7.399993896484375
2018-02-28,315.1499938964844,317.0,311.1000061035156,313.25,17481687.0,2,28,2,10458.349609375,5.899993896484375
2018-03-01,312.6499938964844,314.0,304.25,304.95001220703125,18986889.0,3,1,3,10358.849609375,9.75
2018-03-05,304.45001220703125,306.5,299.29998779296875,303.3500061035156,14456193.0,0,5,3,10249.25,7.20001220703125
2018-03-06,307.3999938964844,307.70001220703125,294.20001220703125,295.04998779296875,18951451.0,1,6,3,10154.2001953125,13.5
2018-03-07,293.29998779296875,293.79998779296875,285.3500061035156,286.70001220703125,31472773.0,2,7,3,10242.650390625,8.449981689453125
2018-03-08,290.25,298.0,289.25,296.95001220703125,21413552.0,3,8,3,10226.849609375,8.75
2018-03-09,299.0,299.5,290.70001220703125,292.70001220703125,12489587.0,4,9,3,10421.400390625,8.79998779296875
2018-03-12,295.6000061035156,301.8999938964844,293.75,300.6499938964844,12163952.0,0,12,3,10426.849609375,8.149993896484375
2018-03-13,300.1000061035156,307.0,299.6000061035156,304.3500061035156,15966647.0,1,13,3,10410.900390625,7.399993896484375
2018-03-14,303.1499938964844,307.45001220703125,297.79998779296875,306.04998779296875,12964285.0,2,14,3,10360.150390625,9.6500244140625
2018-03-15,305.75,305.75,300.3999938964844,301.45001220703125,13282019.0,3,15,3,10195.150390625,5.350006103515625
2018-03-16,301.25,301.8500061035156,297.3999938964844,298.1000061035156,28835112.0,4,16,3,10094.25,4.45001220703125
2018-03-19,298.1000061035156,300.0,291.25,294.54998779296875,13601784.0,0,19,3,10124.349609375,8.75
2018-03-20,293.0,297.20001220703125,290.25,292.0,10880002.0,1,20,3,10155.25,6.95001220703125
2018-03-21,295.0,295.04998779296875,287.3500061035156,289.20001220703125,13618228.0,2,21,3,10114.75,7.699981689453125
2018-03-22,289.5,289.6499938964844,280.8999938964844,283.25,24593489.0,3,22,3,9998.0498046875,8.75
2018-03-23,277.1000061035156,277.8500061035156,273.54998779296875,275.54998779296875,31922568.0,4,23,3,10130.650390625,4.300018310546875
2018-03-26,276.1000061035156,283.1499938964844,275.95001220703125,281.6499938964844,24618534.0,0,26,3,10184.150390625,7.199981689453125
2018-03-27,284.5,287.29998779296875,281.3999938964844,283.8999938964844,22377328.0,1,27,3,10113.7001953125,5.899993896484375
2018-03-28,283.0,283.29998779296875,277.1000061035156,278.3500061035156,27172599.0,2,28,3,10211.7998046875,6.199981689453125
2018-04-02,273.0,273.8500061035156,258.79998779296875,261.8500061035156,73359584.0,0,2,4,10245.0,15.050018310546875
2018-04-03,261.3999938964844,271.5,261.3999938964844,270.04998779296875,40773239.0,1,3,4,10128.400390625,10.100006103515625
2018-04-04,267.25,273.29998779296875,265.5,268.6499938964844,33486876.0,2,4,4,10325.150390625,7.79998779296875
2018-04-05,267.79998779296875,280.0,267.70001220703125,278.6499938964844,26759108.0,3,5,4,10331.599609375,12.29998779296875
2018-04-06,278.3999938964844,282.95001220703125,277.0,280.6499938964844,31577015.0,4,6,4,10379.349609375,5.95001220703125
2018-04-09,277.75,283.45001220703125,274.3500061035156,280.8500061035156,31712527.0,0,9,4,10402.25,9.100006103515625
2018-04-10,279.45001220703125,294.45001220703125,279.04998779296875,288.79998779296875,44741783.0,1,10,4,10417.150390625,15.4000244140625
2018-04-11,287.75,287.8999938964844,282.3500061035156,284.54998779296875,16811454.0,2,11,4,10458.650390625,5.54998779296875
2018-04-12,285.29998779296875,289.8999938964844,283.54998779296875,286.75,22954325.0,3,12,4,10480.599609375,6.350006103515625
2018-04-13,288.0,291.1000061035156,285.79998779296875,288.25,17497198.0,4,13,4,10528.349609375,5.300018310546875
2018-04-16,285.0,288.95001220703125,284.1000061035156,287.6000061035156,16874313.0,0,16,4,10548.7001953125,4.850006103515625
2018-04-17,287.6000061035156,293.25,286.79998779296875,291.75,15406113.0,1,17,4,10526.2001953125,6.45001220703125
2018-04-18,293.70001220703125,294.8999938964844,289.0,290.04998779296875,20755245.0,2,18,4,10565.2998046875,5.899993896484375
2018-04-19,291.0,291.0,287.29998779296875,289.6000061035156,17282341.0,3,19,4,10564.0498046875,3.70001220703125
2018-04-20,289.25,290.1499938964844,279.70001220703125,282.1499938964844,19745690.0,4,20,4,10584.7001953125,10.449981689453125
2018-04-23,280.0,282.79998779296875,275.25,279.3999938964844,11620499.0,0,23,4,10614.349609375,7.54998779296875
2018-04-24,279.3500061035156,286.6000061035156,279.3500061035156,284.1000061035156,15412234.0,1,24,4,10570.5498046875,7.25
2018-04-25,284.04998779296875,285.6499938964844,276.8500061035156,278.8999938964844,7961352.0,2,25,4,10617.7998046875,8.79998779296875
2018-04-26,279.79998779296875,280.3999938964844,275.3500061035156,278.8500061035156,14112673.0,3,26,4,10692.2998046875,5.04998779296875
2018-04-27,277.3999938964844,291.70001220703125,276.0,287.8999938964844,16488361.0,4,27,4,10739.349609375,15.70001220703125
2018-04-30,288.95001220703125,291.0,282.29998779296875,284.20001220703125,9737559.0,0,30,4,10718.0498046875,8.70001220703125
2018-05-02,283.6499938964844,283.75,275.54998779296875,276.8999938964844,14211445.0,2,2,5,10679.650390625,8.20001220703125
2018-05-03,277.29998779296875,283.6499938964844,277.29998779296875,281.8999938964844,14724116.0,3,3,5,10618.25,6.350006103515625
2018-05-04,280.45001220703125,285.6000061035156,278.3500061035156,282.8500061035156,11861951.0,4,4,5,10715.5,7.25
2018-05-07,284.0,293.0,282.8500061035156,289.79998779296875,19673100.0,0,7,5,10717.7998046875,10.149993896484375
2018-05-08,302.0,314.5,300.0,309.29998779296875,87176185.0,1,8,5,10741.7001953125,14.5
2018-05-09,305.0,309.79998779296875,304.25,306.79998779296875,20140490.0,2,9,5,10716.5498046875,5.54998779296875
2018-05-10,308.45001220703125,312.8999938964844,305.70001220703125,306.8500061035156,16239386.0,3,10,5,10806.5,7.199981689453125
2018-05-11,307.95001220703125,311.8500061035156,307.54998779296875,310.95001220703125,16671145.0,4,11,5,10806.599609375,4.300018310546875
2018-05-14,310.0,311.0,305.1499938964844,310.1000061035156,10425585.0,0,14,5,10801.849609375,5.850006103515625
2018-05-15,310.70001220703125,317.5,305.04998779296875,308.25,16400700.0,1,15,5,10741.099609375,12.45001220703125
2018-05-16,303.8999938964844,304.8999938964844,295.29998779296875,297.25,25515791.0,2,16,5,10682.7001953125,9.600006103515625
2018-05-17,299.0,299.95001220703125,294.04998779296875,296.0,10668400.0,3,17,5,10596.400390625,5.9000244140625
2018-05-18,294.1499938964844,295.29998779296875,284.6000061035156,286.1000061035156,17469524.0,4,18,5,10516.7001953125,10.699981689453125
2018-05-21,289.5,293.0,287.75,289.29998779296875,23155638.0,0,21,5,10536.7001953125,5.25
2018-05-22,289.5,293.8500061035156,286.8500061035156,290.29998779296875,11284988.0,1,22,5,10430.349609375,7.0
2018-05-23,288.8500061035156,298.3999938964844,288.79998779296875,292.04998779296875,15887229.0,2,23,5,10513.849609375,9.600006103515625
2018-05-24,293.70001220703125,299.0,291.20001220703125,297.70001220703125,11489424.0,3,24,5,10605.150390625,7.79998779296875
2018-05-25,298.3999938964844,300.95001220703125,294.6000061035156,295.6499938964844,13541580.0,4,25,5,10688.650390625,6.350006103515625
2018-05-28,293.75,302.29998779296875,293.3500061035156,299.25,19063427.0,0,28,5,10633.2998046875,8.949981689453125
2018-05-29,298.75,298.75,288.29998779296875,289.8999938964844,12969969.0,1,29,5,10614.349609375,10.45001220703125
2018-05-30,285.8999938964844,288.1499938964844,282.75,284.8999938964844,25142319.0,2,30,5,10736.150390625,5.399993896484375
2018-05-31,285.0,288.95001220703125,279.29998779296875,285.79998779296875,23698686.0,3,31,5,10696.2001953125,9.6500244140625
2018-06-01,295.0,299.95001220703125,286.8500061035156,289.29998779296875,29675949.0,4,1,6,10628.5,13.100006103515625
2018-06-04,293.29998779296875,293.29998779296875,285.54998779296875,286.75,17188567.0,0,4,6,10593.150390625,7.75
2018-06-05,288.0,288.0,283.1000061035156,284.1000061035156,12376050.0,1,5,6,10684.650390625,4.899993896484375
2018-06-06,285.70001220703125,286.8999938964844,281.1000061035156,283.8999938964844,16873633.0,2,6,6,10768.349609375,5.79998779296875
2018-06-07,287.5,293.04998779296875,287.1499938964844,290.8999938964844,20297969.0,3,7,6,10767.650390625,5.899993896484375
2018-06-08,290.1000061035156,290.8999938964844,285.5,288.25,11340014.0,4,8,6,10786.9501953125,5.399993896484375
2018-06-11,285.3999938964844,290.3500061035156,283.20001220703125,286.3999938964844,16876061.0,0,11,6,10842.849609375,7.149993896484375
2018-06-12,288.54998779296875,289.1499938964844,285.25,287.3999938964844,14257648.0,1,12,6,10856.7001953125,3.899993896484375
2018-06-13,289.0,292.8999938964844,286.3999938964844,290.75,10927770.0,2,13,6,10808.0498046875,6.5
2018-06-14,290.8500061035156,290.8500061035156,284.1000061035156,284.75,11400592.0,3,14,6,10817.7001953125,6.75
2018-06-15,287.20001220703125,288.5,280.0,282.5,47186222.0,4,15,6,10799.849609375,8.5
2018-06-18,284.0,294.20001220703125,283.3999938964844,293.0,27792317.0,0,18,6,10710.4501953125,10.800018310546875
2018-06-19,295.5,295.5,288.3500061035156,292.79998779296875,27176748.0,1,19,6,10772.0498046875,7.149993896484375
2018-06-20,292.6000061035156,294.6000061035156,291.0,293.20001220703125,20364143.0,2,20,6,10741.099609375,3.600006103515625
2018-06-21,294.79998779296875,300.3500061035156,294.54998779296875,297.95001220703125,30192796.0,3,21,6,10821.849609375,5.800018310546875
2018-06-22,298.20001220703125,302.70001220703125,295.6499938964844,300.6499938964844,17490606.0,4,22,6,10762.4501953125,7.050018310546875
2018-06-25,299.79998779296875,300.5,288.79998779296875,289.70001220703125,15461874.0,0,25,6,10769.150390625,11.70001220703125
2018-06-26,287.54998779296875,289.1000061035156,284.70001220703125,288.1000061035156,11614686.0,1,26,6,10671.400390625,4.399993896484375
2018-06-27,287.8999938964844,287.8999938964844,274.0,279.04998779296875,25318055.0,2,27,6,10589.099609375,13.899993896484375
2018-06-28,278.0,278.3999938964844,269.79998779296875,271.3999938964844,34197884.0,3,28,6,10714.2998046875,8.600006103515625
2018-06-29,272.0,276.0,269.6000061035156,275.3999938964844,20930477.0,4,29,6,10657.2998046875,6.399993896484375
2018-07-02,274.0,279.8999938964844,271.0,277.3999938964844,69733139.0,0,2,7,10699.900390625,8.899993896484375
2018-07-03,275.8999938964844,276.79998779296875,272.20001220703125,272.8999938964844,14020388.0,1,3,7,10769.900390625,4.5999755859375
2018-07-04,274.20001220703125,274.8500061035156,271.0,273.25,8233522.0,2,4,7,10749.75,3.850006103515625
2018-07-05,273.0,275.5,270.75,271.54998779296875,7505990.0,3,5,7,10772.650390625,4.75
2018-07-06,271.1000061035156,271.95001220703125,267.04998779296875,270.04998779296875,26025797.0,4,6,7,10852.900390625,4.9000244140625
2018-07-09,273.8999938964844,274.70001220703125,270.0,271.20001220703125,18374471.0,0,9,7,10947.25,4.70001220703125
2018-07-10,272.0,275.95001220703125,271.8999938964844,273.3999938964844,14450561.0,1,10,7,10948.2998046875,4.050018310546875
2018-07-11,274.54998779296875,274.8999938964844,267.5,268.75,12717543.0,2,11,7,11023.2001953125,7.399993896484375
2018-07-12,270.3999938964844,273.70001220703125,269.04998779296875,272.29998779296875,15837704.0,3,12,7,11018.900390625,4.6500244140625
2018-07-13,273.0,273.29998779296875,266.04998779296875,267.75,19159840.0,4,13,7,10936.849609375,7.25
2018-07-16,265.29998779296875,266.6000061035156,256.5,259.25,29794402.0,0,16,7,11008.0498046875,10.100006103515625
2018-07-17,260.25,267.5,260.0,266.45001220703125,15128995.0,1,17,7,10980.4501953125,7.5
2018-07-18,266.0,267.3500061035156,261.0,262.70001220703125,22908592.0,2,18,7,10957.099609375,6.350006103515625
2018-07-19,263.95001220703125,264.3500061035156,259.3999938964844,261.20001220703125,15145144.0,3,19,7,11010.2001953125,4.95001220703125
2018-07-20,261.79998779296875,267.70001220703125,261.79998779296875,265.79998779296875,13794388.0,4,20,7,11084.75,5.9000244140625
2018-07-23,265.3500061035156,276.29998779296875,265.3500061035156,275.54998779296875,16917863.0,0,23,7,11134.2998046875,10.949981689453125
2018-07-24,273.6499938964844,277.8999938964844,273.3500061035156,274.3500061035156,12012225.0,1,24,7,11132.0,4.54998779296875
2018-07-25,273.0,276.6000061035156,272.25,274.6499938964844,17947377.0,2,25,7,11167.2998046875,4.350006103515625
2018-07-26,275.0,286.5,273.25,285.6499938964844,36630780.0,3,26,7,11278.349609375,13.25
2018-07-27,284.8999938964844,295.1499938964844,282.20001220703125,293.20001220703125,30926969.0,4,27,7,11319.5498046875,12.949981689453125
2018-07-30,300.0,308.45001220703125,294.25,307.3500061035156,56119080.0,0,30,7,11356.5,14.20001220703125
2018-07-31,304.29998779296875,308.5,302.20001220703125,304.25,20824059.0,1,31,7,11346.2001953125,6.29998779296875
2018-08-01,302.6000061035156,305.6499938964844,296.79998779296875,299.29998779296875,15581508.0,2,1,8,11244.7001953125,8.850006103515625
2018-08-02,295.0,300.75,294.1000061035156,298.54998779296875,14089168.0,3,2,8,11360.7998046875,6.649993896484375
2018-08-03,300.0,306.75,297.54998779296875,305.0,14478297.0,4,3,8,11387.099609375,9.20001220703125
2018-08-06,306.95001220703125,318.0,306.79998779296875,315.1000061035156,25849864.0,0,6,8,11389.4501953125,11.20001220703125
2018-08-07,313.95001220703125,318.1499938964844,310.3999938964844,313.1499938964844,20751115.0,1,7,8,11450.0,7.75
2018-08-08,313.0,320.0,308.25,318.70001220703125,17916047.0,2,8,8,11470.7001953125,11.75
2018-08-09,320.25,345.8500061035156,320.25,333.0,76423347.0,3,9,8,11429.5,25.600006103515625
2018-08-10,334.04998779296875,340.29998779296875,325.3500061035156,328.6000061035156,36321097.0,4,10,8,11355.75,14.949981689453125
2018-08-13,324.0,327.45001220703125,322.0,324.8999938964844,15332907.0,0,13,8,11435.099609375,5.45001220703125
2018-08-14,324.70001220703125,333.5,324.70001220703125,332.45001220703125,15314006.0,1,14,8,11385.0498046875,8.79998779296875
2018-08-16,329.54998779296875,339.20001220703125,328.75,334.29998779296875,37463597.0,3,16,8,11470.75,10.45001220703125
2018-08-17,336.79998779296875,342.20001220703125,335.8500061035156,340.0,24090696.0,4,17,8,11551.75,6.350006103515625
2018-08-20,340.0,342.45001220703125,336.70001220703125,338.45001220703125,13032778.0,0,20,8,11570.900390625,5.75
2018-08-21,338.29998779296875,341.8500061035156,334.04998779296875,338.8500061035156,16009673.0,1,21,8,11582.75,7.800018310546875
2018-08-23,336.54998779296875,338.70001220703125,334.75,337.20001220703125,18867868.0,3,23,8,11557.099609375,3.95001220703125
2018-08-24,334.3999938964844,335.5,327.29998779296875,330.1499938964844,17805968.0,4,24,8,11691.9501953125,8.20001220703125
2018-08-27,331.0,342.29998779296875,330.95001220703125,339.8999938964844,28083933.0,0,27,8,11738.5,11.3499755859375
2018-08-28,342.0,343.5,336.29998779296875,338.8999938964844,16427306.0,1,28,8,11691.900390625,7.20001220703125
2018-08-29,336.3500061035156,342.6499938964844,335.79998779296875,340.6499938964844,18868248.0,2,29,8,11676.7998046875,6.850006103515625
2018-08-30,339.20001220703125,345.45001220703125,337.70001220703125,344.3500061035156,22349447.0,3,30,8,11680.5,7.75
2018-08-31,343.0,346.79998779296875,338.5,342.6000061035156,19809916.0,4,31,8,11582.349609375,8.29998779296875
2018-09-03,343.6000061035156,344.0,332.54998779296875,334.1499938964844,12859450.0,0,3,9,11520.2998046875,11.45001220703125
2018-09-04,334.79998779296875,336.45001220703125,327.25,328.5,15470215.0,1,4,9,11476.9501953125,9.20001220703125
2018-09-05,327.0,331.3500061035156,324.6000061035156,329.6499938964844,14548867.0,2,5,9,11536.900390625,6.75
2018-09-06,330.0,331.25,325.5,328.6499938964844,11322771.0,3,6,9,11589.099609375,5.75
2018-09-07,327.45001220703125,336.3999938964844,322.45001220703125,335.1000061035156,16435004.0,4,7,9,11438.099609375,13.949981689453125
2018-09-10,331.79998779296875,335.75,330.3999938964844,332.8999938964844,16673909.0,0,10,9,11287.5,5.350006103515625
2018-09-11,333.70001220703125,336.70001220703125,325.1000061035156,326.54998779296875,13005562.0,1,11,9,11369.900390625,11.600006103515625
2018-09-12,327.0,327.04998779296875,318.5,322.8999938964844,15263406.0,2,12,9,11515.2001953125,8.54998779296875
2018-09-14,327.20001220703125,332.0,324.1499938964844,328.3500061035156,10736693.0,4,14,9,11377.75,7.850006103515625
2018-09-17,327.29998779296875,327.5,321.3500061035156,325.70001220703125,7227361.0,0,17,9,11278.900390625,6.149993896484375
2018-09-18,324.25,328.04998779296875,317.70001220703125,318.8500061035156,14825218.0,1,18,9,11234.349609375,10.3499755859375
2018-09-19,320.0,324.70001220703125,317.0,320.95001220703125,15942065.0,2,19,9,11143.099609375,7.70001220703125
2018-09-21,323.45001220703125,333.70001220703125,308.3500061035156,317.1000061035156,34169460.0,4,21,9,10967.400390625,25.350006103515625
2018-09-24,316.79998779296875,316.79998779296875,305.54998779296875,308.75,24382310.0,0,24,9,11067.4501953125,11.25
2018-09-25,307.0,313.5,300.04998779296875,311.1000061035156,30472132.0,1,25,9,11053.7998046875,13.45001220703125
2018-09-26,315.0,315.29998779296875,305.1000061035156,313.1000061035156,23224979.0,2,26,9,10977.5498046875,10.199981689453125
2018-09-27,315.6499938964844,316.0,305.29998779296875,306.6499938964844,24888615.0,3,27,9,10930.4501953125,10.70001220703125
2018-09-28,309.1000061035156,311.6000061035156,301.79998779296875,305.54998779296875,26289107.0,4,28,9,11008.2998046875,9.800018310546875
2018-10-01,306.29998779296875,315.04998779296875,300.54998779296875,314.0,21104376.0,0,1,10,10858.25,14.5
2018-10-03,311.1000061035156,314.5,302.45001220703125,303.70001220703125,19105555.0,2,3,10,10599.25,12.04998779296875
2018-10-04,299.0,321.25,294.79998779296875,316.5,56268976.0,3,4,10,10316.4501953125,26.45001220703125
2018-10-05,314.6499938964844,321.8500061035156,299.3500061035156,307.29998779296875,36131946.0,4,5,10,10348.0498046875,22.5
2018-10-08,307.29998779296875,314.04998779296875,298.6000061035156,310.8500061035156,20488368.0,0,8,10,10301.0498046875,15.449981689453125
2018-10-09,311.45001220703125,311.8999938964844,303.0,306.25,14852835.0,1,9,10,10460.099609375,8.899993896484375
2018-10-10,307.1000061035156,322.95001220703125,304.5,319.8500061035156,23972064.0,2,10,10,10234.650390625,18.45001220703125
2018-10-11,310.0,315.45001220703125,304.0,311.70001220703125,21691068.0,3,11,10,10472.5,11.45001220703125
2018-10-12,313.8500061035156,324.25,313.6000061035156,319.3999938964844,25930022.0,4,12,10,10512.5,10.649993896484375
2018-10-15,316.8999938964844,317.8999938964844,309.54998779296875,313.3500061035156,23756416.0,0,15,10,10584.75,8.350006103515625
2018-10-16,313.75,322.95001220703125,313.75,320.6499938964844,18042549.0,1,16,10,10453.0498046875,9.20001220703125
2018-10-17,325.1000061035156,328.1499938964844,311.6499938964844,314.79998779296875,20203287.0,2,17,10,10303.5498046875,16.5
2018-10-19,312.8500061035156,321.5,310.20001220703125,315.45001220703125,18322589.0,4,19,10,10245.25,11.29998779296875
2018-10-22,320.20001220703125,329.8500061035156,316.1000061035156,327.1000061035156,33593953.0,0,22,10,10146.7998046875,13.75
2018-10-23,323.0,328.6000061035156,318.3500061035156,322.8500061035156,21509920.0,1,23,10,10224.75,10.25
2018-10-24,328.75,330.0,316.25,322.0,33104174.0,2,24,10,10124.900390625,13.75
2018-10-25,318.5,322.04998779296875,311.79998779296875,319.95001220703125,26920180.0,3,25,10,10030.0,10.25
2018-10-26,319.79998779296875,323.3999938964844,313.0,315.6499938964844,22952163.0,4,26,10,10250.849609375,10.399993896484375
2018-10-29,329.0,352.95001220703125,328.29998779296875,349.3999938964844,80069836.0,0,29,10,10198.400390625,24.6500244140625
2018-10-30,347.45001220703125,353.8500061035156,342.8999938964844,345.70001220703125,34460428.0,1,30,10,10386.599609375,10.95001220703125
2018-10-31,345.5,356.54998779296875,342.29998779296875,355.0,31233009.0,2,31,10,10380.4501953125,14.25
2018-11-01,357.0,358.45001220703125,351.1000061035156,353.70001220703125,22157128.0,3,1,11,10553.0,7.350006103515625
2018-11-02,354.0,357.79998779296875,351.70001220703125,354.45001220703125,26714413.0,4,2,11,10524.0,6.0999755859375
2018-11-05,351.0,351.8500061035156,348.0,349.6499938964844,22873951.0,0,5,11,10530.0,3.850006103515625
2018-11-06,348.70001220703125,358.29998779296875,347.6499938964844,353.1000061035156,21349153.0,1,6,11,10598.400390625,10.649993896484375
2018-11-07,356.75,357.0,354.54998779296875,355.8999938964844,2074764.0,2,7,11,10585.2001953125,2.45001220703125
2018-11-09,356.8999938964844,358.1000061035156,352.3999938964844,356.8500061035156,15130936.0,4,9,11,10482.2001953125,5.70001220703125
2018-11-12,356.0,358.20001220703125,351.5,352.3500061035156,10642857.0,0,12,11,10582.5,6.70001220703125
2018-11-13,347.79998779296875,361.95001220703125,347.79998779296875,360.8999938964844,17684864.0,1,13,11,10576.2998046875,14.1500244140625
2018-11-14,365.0,369.8999938964844,361.29998779296875,366.6000061035156,31774158.0,2,14,11,10616.7001953125,8.600006103515625
2018-11-15,366.1000061035156,374.8999938964844,362.1000061035156,370.0,21967798.0,3,15,11,10682.2001953125,12.79998779296875
2018-11-16,370.1000061035156,375.29998779296875,365.54998779296875,367.54998779296875,29972926.0,4,16,11,10763.400390625,9.75
2018-11-19,368.29998779296875,370.70001220703125,360.75,362.3999938964844,16002154.0,0,19,11,10656.2001953125,9.95001220703125
2018-11-20,362.0,365.45001220703125,354.6000061035156,357.8999938964844,19591217.0,1,20,11,10600.0498046875,10.850006103515625
2018-11-21,356.3500061035156,360.29998779296875,353.04998779296875,356.75,29323882.0,2,21,11,10526.75,7.25
2018-11-22,357.6499938964844,358.5,351.0,352.04998779296875,12547369.0,3,22,11,10628.599609375,7.5
2018-11-26,354.75,357.8500061035156,350.70001220703125,356.3500061035156,20673027.0,0,26,11,10685.599609375,7.149993896484375
2018-11-27,355.75,356.1000061035156,351.6000061035156,354.6499938964844,17933339.0,1,27,11,10728.849609375,4.5
2018-11-28,356.95001220703125,361.54998779296875,353.25,359.0,18163000.0,2,28,11,10858.7001953125,8.29998779296875
2018-11-29,363.0,366.3999938964844,360.20001220703125,362.20001220703125,38692771.0,3,29,11,10876.75,6.199981689453125
2018-11-30,365.0,365.0,353.79998779296875,355.1499938964844,21893877.0,4,30,11,10883.75,11.20001220703125
2018-12-03,358.8999938964844,358.8999938964844,352.1000061035156,355.5,23427270.0,0,3,12,10869.5,6.79998779296875
2018-12-04,353.29998779296875,359.1000061035156,353.29998779296875,357.95001220703125,18651442.0,1,4,12,10782.900390625,5.800018310546875
2018-12-05,355.29998779296875,356.3500061035156,350.45001220703125,351.3999938964844,12068267.0,2,5,12,10601.150390625,5.899993896484375
2018-12-06,348.20001220703125,349.95001220703125,343.3500061035156,347.6499938964844,17784829.0,3,6,12,10693.7001953125,6.600006103515625
2018-12-07,349.6000061035156,353.0,345.29998779296875,352.20001220703125,14979672.0,4,7,12,10488.4501953125,7.70001220703125
2018-12-10,346.5,349.45001220703125,344.25,346.3500061035156,14107881.0,0,10,12,10549.150390625,5.20001220703125
2018-12-11,337.3999938964844,345.0,336.0,342.79998779296875,36885929.0,1,11,12,10737.599609375,9.0
2018-12-12,342.79998779296875,351.70001220703125,339.3999938964844,349.95001220703125,24740214.0,2,12,12,10791.5498046875,12.300018310546875
2018-12-13,352.8999938964844,354.20001220703125,347.6000061035156,349.54998779296875,19129928.0,3,13,12,10805.4501953125,6.600006103515625
2018-12-14,349.20001220703125,354.04998779296875,349.1499938964844,351.8999938964844,12104234.0,4,14,12,10888.349609375,4.899993896484375
2018-12-17,352.29998779296875,360.5,352.29998779296875,358.45001220703125,18378122.0,0,17,12,10908.7001953125,8.20001220703125
2018-12-18,356.75,362.8999938964844,354.6000061035156,362.25,15405953.0,1,18,12,10967.2998046875,8.29998779296875
2018-12-19,363.0,369.25,361.0,366.5,19442031.0,2,19,12,10951.7001953125,8.25
2018-12-20,363.04998779296875,365.5,361.1499938964844,362.1499938964844,12109613.0,3,20,12,10754.0,4.350006103515625
2018-12-21,361.0,363.5,352.0,354.20001220703125,13555416.0,4,21,12,10663.5,11.5
2018-12-24,353.3999938964844,357.1000061035156,351.5,352.75,9025217.0,0,24,12,10729.849609375,5.600006103515625
2018-12-26,350.6499938964844,356.8999938964844,348.1499938964844,355.8500061035156,8695108.0,2,26,12,10779.7998046875,8.75
2018-12-27,359.5,360.75,354.8999938964844,355.6499938964844,10122458.0,3,27,12,10859.900390625,5.850006103515625
2018-12-28,358.29998779296875,362.79998779296875,358.29998779296875,360.75,13004606.0,4,28,12,10862.5498046875,4.5
2019-01-01,361.5,364.79998779296875,356.3999938964844,363.75,7759872.0,1,1,1,10792.5,8.399993896484375
2019-01-02,361.5,367.8999938964844,360.29998779296875,364.6000061035156,18243156.0,2,2,1,10672.25,7.600006103515625
2019-01-03,365.0,367.29998779296875,362.04998779296875,363.25,12884409.0,3,3,1,10727.349609375,5.25
2019-01-04,361.8500061035156,368.79998779296875,358.04998779296875,365.20001220703125,22896026.0,4,4,1,10771.7998046875,10.75
2019-01-07,367.5,371.0,366.54998779296875,367.70001220703125,12719847.0,0,7,1,10802.150390625,4.45001220703125
2019-01-08,367.79998779296875,381.79998779296875,366.6000061035156,380.1499938964844,21501136.0,1,8,1,10855.150390625,15.199981689453125
2019-01-09,381.6499938964844,383.54998779296875,375.6000061035156,382.25,21730142.0,2,9,1,10821.599609375,7.949981689453125
2019-01-10,380.95001220703125,382.1499938964844,376.04998779296875,379.5,14497154.0,3,10,1,10794.9501953125,6.100006103515625
2019-01-11,380.6000061035156,381.20001220703125,375.25,378.54998779296875,12537973.0,4,11,1,10737.599609375,5.95001220703125
2019-01-14,378.70001220703125,378.70001220703125,372.70001220703125,373.3500061035156,14844029.0,0,14,1,10886.7998046875,6.0
2019-01-15,373.54998779296875,375.3999938964844,370.6000061035156,372.75,12960779.0,1,15,1,10890.2998046875,4.79998779296875
2019-01-16,372.04998779296875,379.75,372.04998779296875,375.29998779296875,15106484.0,2,16,1,10905.2001953125,7.70001220703125
2019-01-17,376.0,377.95001220703125,372.79998779296875,374.6000061035156,13171721.0,3,17,1,10906.9501953125,5.1500244140625
2019-01-18,374.6000061035156,376.3999938964844,370.3500061035156,372.0,12212121.0,4,18,1,10961.849609375,6.04998779296875
2019-01-21,373.0,376.1499938964844,370.6000061035156,371.70001220703125,8908581.0,0,21,1,10922.75,5.54998779296875
2019-01-22,370.54998779296875,372.5,366.1000061035156,369.04998779296875,14756076.0,1,22,1,10831.5,6.399993896484375
2019-01-23,368.79998779296875,373.70001220703125,366.45001220703125,367.3999938964844,9726450.0,2,23,1,10849.7998046875,7.25
2019-01-24,366.6000061035156,368.5,361.75,364.79998779296875,17521254.0,3,24,1,10780.5498046875,6.75
2019-01-25,362.3500061035156,364.6499938964844,354.54998779296875,357.20001220703125,22978238.0,4,25,1,10661.5498046875,10.100006103515625
2019-01-28,353.20001220703125,354.8999938964844,336.6499938964844,343.54998779296875,34362360.0,0,28,1,10652.2001953125,18.25
2019-01-29,342.95001220703125,350.1000061035156,341.3500061035156,346.8500061035156,20738442.0,1,29,1,10651.7998046875,8.75
2019-01-30,351.0,368.6000061035156,351.0,365.8999938964844,39400056.0,2,30,1,10830.9501953125,17.600006103515625
2019-01-31,372.70001220703125,376.6499938964844,354.1000061035156,364.45001220703125,85917249.0,3,31,1,10893.650390625,22.54998779296875
2019-02-01,364.5,364.8999938964844,348.75,354.6499938964844,25605469.0,4,1,2,10912.25,16.149993896484375
2019-02-04,351.0,356.8999938964844,346.0,354.54998779296875,17039321.0,0,4,2,10934.349609375,10.899993896484375
2019-02-05,354.6000061035156,356.1000061035156,348.8500061035156,352.6499938964844,12197271.0,1,5,2,11062.4501953125,7.25
2019-02-06,353.6000061035156,361.8999938964844,353.20001220703125,359.29998779296875,15396216.0,2,6,2,11069.400390625,8.699981689453125
2019-02-07,359.1000061035156,361.79998779296875,356.5,358.6499938964844,10247434.0,3,7,2,10943.599609375,5.29998779296875
2019-02-08,356.8999938964844,358.3999938964844,350.75,355.1000061035156,9308651.0,4,8,2,10888.7998046875,7.649993896484375
2019-02-11,354.6000061035156,354.70001220703125,349.04998779296875,350.04998779296875,9419635.0,0,11,2,10831.400390625,5.6500244140625
2019-02-12,349.0,352.0,343.25,344.29998779296875,14924394.0,1,12,2,10746.0498046875,8.75
2019-02-14,339.8500061035156,346.8500061035156,336.1499938964844,343.95001220703125,15172596.0,3,14,2,10724.400390625,10.70001220703125
2019-02-15,344.04998779296875,347.75,340.6000061035156,342.1499938964844,20316848.0,4,15,2,10640.9501953125,7.149993896484375
2019-02-18,342.20001220703125,343.0,337.54998779296875,338.75,10601490.0,0,18,2,10604.349609375,5.45001220703125
2019-02-19,339.1000061035156,350.3999938964844,339.1000061035156,343.25,14384763.0,1,19,2,10735.4501953125,11.29998779296875
2019-02-20,345.0,347.6000061035156,342.3500061035156,345.20001220703125,9474758.0,2,20,2,10789.849609375,5.25
2019-02-21,346.79998779296875,354.95001220703125,346.25,351.29998779296875,18631331.0,3,21,2,10791.650390625,8.70001220703125
2019-02-22,351.3999938964844,354.1000061035156,351.29998779296875,352.04998779296875,10997730.0,4,22,2,10880.099609375,2.800018310546875
2019-02-25,353.04998779296875,357.45001220703125,353.04998779296875,355.6000061035156,10344411.0,0,25,2,10835.2998046875,4.4000244140625
2019-02-26,350.0,352.70001220703125,346.6000061035156,348.20001220703125,18096382.0,1,26,2,10806.650390625,6.100006103515625
2019-02-27,351.0,354.70001220703125,343.29998779296875,345.54998779296875,17325417.0,2,27,2,10792.5,11.4000244140625
2019-02-28,348.45001220703125,351.75,345.0,350.1499938964844,18347113.0,3,28,2,10863.5,6.75
2019-03-01,352.04998779296875,355.0,350.6499938964844,354.25,14190221.0,4,1,3,10987.4501953125,4.350006103515625
2019-03-05,355.0,364.1499938964844,352.79998779296875,363.25,17638277.0,1,5,3,11053.0,11.350006103515625
2019-03-06,365.25,372.8500061035156,365.25,371.95001220703125,31436190.0,2,6,3,11058.2001953125,7.600006103515625
2019-03-07,371.5,374.0,368.5,370.79998779296875,15355303.0,3,7,3,11035.400390625,5.5
2019-03-08,369.79998779296875,373.3999938964844,367.6499938964844,370.6000061035156,16143455.0,4,8,3,11168.0498046875,5.75
2019-03-11,371.79998779296875,378.3999938964844,370.0,375.8500061035156,11449587.0,0,11,3,11301.2001953125,8.399993896484375
2019-03-12,378.0,389.0,377.3500061035156,388.20001220703125,37108265.0,1,12,3,11341.7001953125,11.649993896484375
2019-03-13,387.8999938964844,393.25,384.29998779296875,391.8999938964844,19574619.0,2,13,3,11343.25,8.95001220703125
2019-03-14,392.0,393.0,386.79998779296875,387.8999938964844,13182462.0,3,14,3,11426.849609375,6.20001220703125
2019-03-15,388.8500061035156,398.25,388.1000061035156,395.29998779296875,31466545.0,4,15,3,11462.2001953125,10.149993896484375
2019-03-18,396.25,399.8999938964844,393.5,398.04998779296875,21220626.0,0,18,3,11532.400390625,6.399993896484375
2019-03-19,398.3999938964844,400.95001220703125,393.8999938964844,398.3999938964844,11670392.0,1,19,3,11521.0498046875,7.050018310546875
2019-03-20,397.6000061035156,398.1499938964844,392.20001220703125,392.8999938964844,14181408.0,2,20,3,11456.900390625,5.949981689453125
2019-03-22,394.45001220703125,396.29998779296875,390.0,391.79998779296875,17409249.0,4,22,3,11354.25,6.29998779296875
2019-03-25,387.95001220703125,387.95001220703125,382.5,383.5,12345034.0,0,25,3,11483.25,5.45001220703125
2019-03-26,384.95001220703125,395.5,383.3999938964844,394.1000061035156,14063632.0,1,26,3,11445.0498046875,12.100006103515625
2019-03-27,395.3999938964844,398.45001220703125,390.1499938964844,393.20001220703125,17950017.0,2,27,3,11570.0,8.300018310546875
2019-03-28,392.75,401.8999938964844,392.75,400.54998779296875,23117485.0,3,28,3,11669.150390625,9.149993896484375
2019-04-01,401.45001220703125,409.54998779296875,395.75,398.25,16106604.0,0,1,4,11713.2001953125,13.79998779296875
2019-04-02,400.0,400.0,393.45001220703125,397.1499938964844,13010810.0,1,2,4,11643.9501953125,6.54998779296875
2019-04-03,399.0,402.79998779296875,390.6499938964844,392.1000061035156,12317200.0,2,3,4,11598.0,12.149993896484375
2019-04-04,394.3999938964844,395.70001220703125,387.29998779296875,388.75,14521564.0,3,4,4,11665.9501953125,8.4000244140625
2019-04-05,389.25,392.5,385.6000061035156,390.54998779296875,10853927.0,4,5,4,11604.5,6.899993896484375
2019-04-08,391.45001220703125,391.45001220703125,385.0,387.1000061035156,6305407.0,0,8,4,11671.9501953125,6.45001220703125
2019-04-09,387.3999938964844,398.3500061035156,387.1499938964844,397.1499938964844,13206348.0,1,9,4,11584.2998046875,11.20001220703125
2019-04-10,395.54998779296875,398.79998779296875,392.70001220703125,394.20001220703125,14000018.0,2,10,4,11596.7001953125,6.0999755859375
2019-04-11,394.5,394.5,387.54998779296875,390.04998779296875,8704774.0,3,11,4,11643.4501953125,6.95001220703125
2019-04-12,390.6000061035156,395.54998779296875,388.25,394.6000061035156,7035256.0,4,12,4,11690.349609375,7.29998779296875
2019-04-15,394.20001220703125,396.95001220703125,391.79998779296875,392.75,9770752.0,0,15,4,11787.150390625,5.1500244140625
2019-04-16,397.5,408.3999938964844,397.5,407.0,24487788.0,1,16,4,11752.7998046875,10.899993896484375
2019-04-18,411.0,411.0,402.6000061035156,404.3999938964844,18660434.0,3,18,4,11594.4501953125,8.399993896484375
2019-04-22,404.25,404.6000061035156,393.70001220703125,394.5,10493872.0,0,22,4,11575.9501953125,10.899993896484375
2019-04-23,396.1000061035156,399.95001220703125,393.6000061035156,396.5,10203957.0,1,23,4,11726.150390625,6.350006103515625
2019-04-24,397.1000061035156,402.6499938964844,393.45001220703125,401.1000061035156,11397163.0,2,24,4,11641.7998046875,9.199981689453125
2019-04-25,400.8999938964844,402.3999938964844,394.29998779296875,395.3999938964844,16524091.0,3,25,4,11754.650390625,8.100006103515625
2019-04-26,400.0,408.0,394.25,407.20001220703125,14286163.0,4,26,4,11748.150390625,13.75
2019-04-30,407.75,409.79998779296875,403.29998779296875,407.5,19375553.0,1,30,4,11724.75,6.5
2019-05-02,403.70001220703125,405.0,394.3999938964844,395.54998779296875,16572948.0,3,2,5,11712.25,10.600006103515625
2019-05-03,397.1499938964844,405.20001220703125,394.70001220703125,401.79998779296875,24431248.0,4,3,5,11598.25,10.5
2019-05-06,396.5,404.8999938964844,394.6499938964844,401.29998779296875,20751521.0,0,6,5,11497.900390625,10.25
2019-05-07,398.0,407.3500061035156,384.29998779296875,386.5,41519416.0,1,7,5,11359.4501953125,23.050018310546875
2019-05-08,386.29998779296875,390.0,380.1000061035156,382.20001220703125,22509400.0,2,8,5,11301.7998046875,9.899993896484375
2019-05-09,380.95001220703125,385.70001220703125,377.54998779296875,381.3999938964844,19739885.0,3,9,5,11278.900390625,8.1500244140625
2019-05-10,383.5,389.20001220703125,382.25,385.1000061035156,18361701.0,4,10,5,11148.2001953125,6.95001220703125
2019-05-13,385.0,385.75,375.25,376.29998779296875,13828080.0,0,13,5,11222.0498046875,10.5
2019-05-14,378.1000061035156,386.75,376.5,380.3999938964844,21481226.0,1,14,5,11157.0,10.25
2019-05-15,382.3500061035156,384.5,375.79998779296875,377.04998779296875,16183425.0,2,15,5,11257.099609375,8.70001220703125
2019-05-16,379.0,385.0,377.54998779296875,382.5,13430281.0,3,16,5,11407.150390625,7.45001220703125
2019-05-17,381.20001220703125,392.0,380.75,389.70001220703125,19096980.0,4,17,5,11828.25,11.25
2019-05-20,405.25,414.0,402.0,407.70001220703125,33350816.0,0,20,5,11709.099609375,12.0
2019-05-21,408.6000061035156,410.79998779296875,397.6000061035156,400.1499938964844,18286421.0,1,21,5,11737.900390625,13.199981689453125
2019-05-22,403.0,408.3999938964844,401.54998779296875,405.3500061035156,15370847.0,2,22,5,11657.0498046875,6.850006103515625
2019-05-23,414.0,427.95001220703125,407.3999938964844,410.8500061035156,43279956.0,3,23,5,11844.099609375,20.550018310546875
2019-05-24,415.5,433.54998779296875,412.6499938964844,431.75,37708344.0,4,24,5,11924.75,20.899993896484375
2019-05-27,432.25,438.79998779296875,429.6499938964844,435.5,23397222.0,0,27,5,11928.75,9.149993896484375
2019-05-28,435.04998779296875,439.20001220703125,428.1000061035156,434.29998779296875,23389724.0,1,28,5,11861.099609375,11.100006103515625
2019-05-29,428.6000061035156,430.45001220703125,422.1000061035156,423.29998779296875,22132254.0,2,29,5,11945.900390625,8.350006103515625
2019-05-30,420.8500061035156,428.0,419.6000061035156,426.20001220703125,18281037.0,3,30,5,11922.7998046875,8.399993896484375
2019-05-31,427.0,430.20001220703125,414.29998779296875,423.70001220703125,24644955.0,4,31,5,12088.5498046875,15.9000244140625
2019-06-03,426.0,426.3999938964844,419.6000061035156,422.8999938964844,17125380.0,0,3,6,12021.650390625,6.79998779296875
2019-06-04,417.70001220703125,422.75,417.5,419.1000061035156,14514451.0,1,4,6,11843.75,5.25
2019-06-06,417.3999938964844,417.8500061035156,410.3500061035156,411.54998779296875,17762399.0,3,6,6,11870.650390625,7.5
2019-06-07,413.5,418.95001220703125,407.8999938964844,416.6000061035156,14107696.0,4,7,6,11922.7001953125,11.050018310546875
2019-06-10,418.8999938964844,422.75,413.0,416.1000061035156,13074522.0,0,10,6,11965.599609375,9.75
2019-06-11,418.45001220703125,423.70001220703125,413.04998779296875,421.3500061035156,10939138.0,1,11,6,11906.2001953125,10.6500244140625
2019-06-12,422.0,422.0,414.79998779296875,418.0,11136959.0,2,12,6,11914.0498046875,7.20001220703125
2019-06-13,416.70001220703125,422.29998779296875,415.29998779296875,419.6000061035156,12164077.0,3,13,6,11823.2998046875,7.0
2019-06-14,420.29998779296875,422.0,416.1000061035156,417.75,8601256.0,4,14,6,11672.150390625,5.899993896484375
2019-06-17,418.95001220703125,419.70001220703125,413.1499938964844,414.20001220703125,9539802.0,0,17,6,11691.5,6.550018310546875
2019-06-18,415.45001220703125,426.04998779296875,415.1000061035156,422.1499938964844,17761348.0,1,18,6,11691.4501953125,10.949981689453125
2019-06-19,423.75,426.0,417.3500061035156,419.79998779296875,17010384.0,2,19,6,11831.75,8.649993896484375
2019-06-20,419.75,434.6499938964844,419.0,433.3999938964844,24315929.0,3,20,6,11724.099609375,15.649993896484375
2019-06-21,434.20001220703125,435.20001220703125,428.8500061035156,430.79998779296875,13909654.0,4,21,6,11699.650390625,6.350006103515625
2019-06-24,431.45001220703125,433.79998779296875,428.20001220703125,429.45001220703125,8545999.0,0,24,6,11796.4501953125,5.5999755859375
2019-06-25,427.8999938964844,434.79998779296875,424.6000061035156,433.6499938964844,12964387.0,1,25,6,11847.5498046875,10.199981689453125
2019-06-26,432.5,440.0,432.5,438.6499938964844,12261068.0,2,26,6,11841.5498046875,7.5
2019-06-27,438.0,443.8999938964844,437.6000061035156,440.95001220703125,18787957.0,3,27,6,11788.849609375,6.29998779296875
2019-06-28,439.5,440.5,433.6000061035156,437.1000061035156,13459208.0,4,28,6,11865.599609375,6.899993896484375
2019-07-01,439.5,442.0,437.70001220703125,439.0,6871979.0,0,1,7,11910.2998046875,4.29998779296875
2019-07-02,439.0,440.0,433.6000061035156,436.75,7787303.0,1,2,7,11916.75,6.399993896484375
2019-07-03,437.8999938964844,440.0,434.20001220703125,435.95001220703125,10415896.0,2,3,7,11946.75,5.79998779296875
2019-07-04,438.0,441.3999938964844,434.1000061035156,436.20001220703125,11810688.0,3,4,7,11811.150390625,7.29998779296875
2019-07-05,436.45001220703125,439.8999938964844,433.20001220703125,436.3500061035156,12154330.0,4,5,7,11558.599609375,6.699981689453125
2019-07-08,434.0,435.3500061035156,422.0,425.8999938964844,12184946.0,0,8,7,11555.900390625,13.350006103515625
2019-07-09,426.0,429.79998779296875,424.6499938964844,428.5,11679067.0,1,9,7,11498.900390625,5.149993896484375
2019-07-10,430.0,432.70001220703125,427.20001220703125,430.8999938964844,16494282.0,2,10,7,11582.900390625,5.5
2019-07-11,432.6499938964844,432.8999938964844,424.79998779296875,426.54998779296875,16535185.0,3,11,7,11552.5,8.100006103515625
2019-07-12,427.29998779296875,433.0,424.0,427.04998779296875,8824728.0,4,12,7,11588.349609375,9.0
2019-07-15,428.3999938964844,428.3999938964844,421.6000061035156,422.29998779296875,7825336.0,0,15,7,11662.599609375,6.79998779296875
2019-07-16,421.54998779296875,430.54998779296875,421.54998779296875,424.6000061035156,12149205.0,1,16,7,11687.5,9.0
2019-07-17,424.6000061035156,427.04998779296875,422.5,424.70001220703125,10961022.0,2,17,7,11596.900390625,4.54998779296875
2019-07-18,425.0,425.5,417.5,418.6499938964844,10651654.0,3,18,7,11419.25,8.0
2019-07-19,419.8999938964844,420.3500061035156,408.5,410.29998779296875,12260757.0,4,19,7,11346.2001953125,11.850006103515625
2019-07-22,409.75,412.95001220703125,404.25,411.5,17937246.0,0,22,7,11331.0498046875,8.70001220703125
2019-07-23,412.79998779296875,416.0,409.75,411.95001220703125,14207080.0,1,23,7,11271.2998046875,6.25
2019-07-24,411.8500061035156,411.8500061035156,401.70001220703125,408.5,16505930.0,2,24,7,11252.150390625,10.149993896484375
2019-07-25,409.20001220703125,413.8500061035156,405.29998779296875,409.0,16852479.0,3,25,7,11284.2998046875,8.550018310546875
2019-07-26,410.25,419.3999938964844,408.54998779296875,415.75,17493739.0,4,26,7,11189.2001953125,10.850006103515625
2019-07-29,433.0,435.3500061035156,425.29998779296875,429.3500061035156,46754670.0,0,29,7,11085.400390625,10.050018310546875
2019-07-30,433.0,438.70001220703125,422.75,425.3500061035156,23617273.0,1,30,7,11118.0,15.95001220703125
2019-07-31,423.8999938964844,430.20001220703125,421.20001220703125,424.6000061035156,22329888.0,2,31,7,10980.0,9.0
2019-08-01,423.25,426.3500061035156,410.6499938964844,417.04998779296875,18269866.0,3,1,8,10997.349609375,15.70001220703125
2019-08-02,413.8999938964844,417.8500061035156,405.5,410.6000061035156,30939803.0,4,2,8,10862.599609375,12.350006103515625
2019-08-05,403.6499938964844,406.6499938964844,395.75,402.6499938964844,25033370.0,0,5,8,10948.25,10.899993896484375
2019-08-06,401.0,411.5,400.8999938964844,410.25,30665326.0,1,6,8,10855.5,10.600006103515625
2019-08-07,409.29998779296875,415.0,406.29998779296875,408.3999938964844,20977349.0,2,7,8,11032.4501953125,8.70001220703125
2019-08-08,411.0,416.6000061035156,404.1499938964844,414.3999938964844,19046657.0,3,8,8,11109.650390625,12.45001220703125
2019-08-09,416.5,422.3999938964844,414.5,420.1499938964844,17664017.0,4,9,8,10925.849609375,7.899993896484375
2019-08-13,417.0,421.70001220703125,409.1499938964844,410.25,18389104.0,1,13,8,11029.400390625,12.550018310546875
2019-08-14,411.8999938964844,422.20001220703125,411.25,417.29998779296875,13307755.0,2,14,8,11047.7998046875,10.95001220703125
2019-08-16,417.79998779296875,420.0,412.1000061035156,418.95001220703125,15154141.0,4,16,8,11053.900390625,7.899993896484375
2019-08-19,420.1000061035156,427.8999938964844,420.1000061035156,423.3999938964844,12304262.0,0,19,8,11017.0,7.79998779296875
2019-08-20,420.79998779296875,423.20001220703125,412.5,416.8999938964844,16181488.0,1,20,8,10918.7001953125,10.70001220703125
2019-08-21,416.0,418.70001220703125,410.54998779296875,412.04998779296875,12868183.0,2,21,8,10741.349609375,8.1500244140625
2019-08-22,411.0,412.5,398.0,399.1000061035156,18182520.0,3,22,8,10829.349609375,14.5
2019-08-23,389.0,403.5,385.79998779296875,395.3999938964844,26883695.0,4,23,8,11057.849609375,17.70001220703125
2019-08-26,407.0,414.0,392.8500061035156,411.6499938964844,26701988.0,0,26,8,11105.349609375,21.149993896484375
2019-08-27,412.79998779296875,420.5,411.25,418.6000061035156,28793372.0,1,27,8,11046.099609375,9.25
2019-08-28,418.0,418.25,409.70001220703125,412.95001220703125,12154347.0,2,28,8,10948.2998046875,8.54998779296875
2019-08-29,409.8999938964844,410.79998779296875,399.3500061035156,404.3999938964844,30331105.0,3,29,8,11023.25,11.449981689453125
2019-08-30,406.5,412.8500061035156,402.6499938964844,409.6499938964844,18314194.0,4,30,8,10797.900390625,10.20001220703125
2019-09-03,405.04998779296875,406.3999938964844,391.04998779296875,392.1499938964844,20194305.0,1,3,9,10844.650390625,15.350006103515625
2019-09-04,391.0,399.6499938964844,389.8999938964844,397.5,18614965.0,2,4,9,10847.900390625,9.75
2019-09-05,389.54998779296875,394.0,388.0,389.0,25022673.0,3,5,9,10946.2001953125,6.0
2019-09-06,391.0,394.5,389.20001220703125,391.3500061035156,17564286.0,4,6,9,11003.0498046875,5.29998779296875
2019-09-09,393.0,400.3999938964844,389.1000061035156,395.45001220703125,18651819.0,0,9,9,11035.7001953125,11.29998779296875
2019-09-11,394.8999938964844,399.0,393.3500061035156,394.6000061035156,17463978.0,2,11,9,10982.7998046875,5.649993896484375
2019-09-12,399.6499938964844,407.20001220703125,399.6499938964844,402.70001220703125,19577114.0,3,12,9,11075.900390625,7.550018310546875
2019-09-13,406.79998779296875,414.8999938964844,400.6499938964844,413.3999938964844,17775449.0,4,13,9,11003.5,14.25
2019-09-16,408.5,415.6499938964844,406.75,412.1499938964844,17629622.0,0,16,9,10817.599609375,8.899993896484375
2019-09-17,405.8500061035156,411.8999938964844,398.29998779296875,400.6499938964844,20793363.0,1,17,9,10840.650390625,13.600006103515625
2019-09-18,405.45001220703125,405.45001220703125,396.5,399.3500061035156,18477377.0,2,18,9,10704.7998046875,8.95001220703125
2019-09-19,395.70001220703125,395.70001220703125,384.3500061035156,386.6000061035156,22647508.0,3,19,9,11274.2001953125,11.350006103515625
2019-09-20,389.0,424.0,386.6499938964844,417.5,75217723.0,4,20,9,11600.2001953125,37.350006103515625
2019-09-23,435.79998779296875,450.0,428.45001220703125,446.29998779296875,57490445.0,0,23,9,11588.2001953125,21.54998779296875
2019-09-24,441.5,448.6499938964844,433.3500061035156,440.8999938964844,26639931.0,1,24,9,11440.2001953125,15.29998779296875
2019-09-25,439.1000061035156,440.95001220703125,429.6000061035156,434.20001220703125,19987241.0,2,25,9,11571.2001953125,11.350006103515625
2019-09-26,439.0,458.6499938964844,438.54998779296875,451.95001220703125,40909369.0,3,26,9,11512.400390625,20.100006103515625
2019-09-27,449.5,451.8500061035156,443.29998779296875,449.20001220703125,19432963.0,4,27,9,11474.4501953125,8.550018310546875
2019-09-30,443.29998779296875,445.1499938964844,431.0,433.70001220703125,27524660.0,0,30,9,11359.900390625,14.149993896484375
2019-10-01,436.95001220703125,443.20001220703125,416.70001220703125,424.6000061035156,30623906.0,1,1,10,11314.0,26.5
2019-10-03,424.0,434.6000061035156,422.29998779296875,427.29998779296875,23275379.0,3,3,10,11174.75,12.300018310546875
2019-10-04,428.5,429.29998779296875,412.04998779296875,413.8999938964844,17952697.0,4,4,10,11126.400390625,17.25
2019-10-07,415.1000061035156,423.5,411.5,416.1000061035156,21933703.0,0,7,10,11313.2998046875,12.0
2019-10-09,420.25,438.3999938964844,417.1000061035156,436.70001220703125,34533981.0,2,9,10,11234.5498046875,21.29998779296875
2019-10-10,430.0,431.5,420.5,423.70001220703125,19074005.0,3,10,10,11305.0498046875,11.0
2019-10-11,427.95001220703125,433.25,422.1000061035156,428.54998779296875,18004922.0,4,11,10,11341.150390625,11.149993896484375
2019-10-14,430.0,436.3999938964844,426.0,428.8500061035156,17211042.0,0,14,10,11428.2998046875,10.399993896484375
2019-10-15,430.0,435.45001220703125,428.20001220703125,431.8500061035156,14971985.0,1,15,10,11464.0,7.25
2019-10-16,434.5,439.5,431.1499938964844,435.29998779296875,17833051.0,2,16,10,11586.349609375,8.350006103515625
2019-10-17,436.0,443.3500061035156,433.70001220703125,440.6000061035156,12452421.0,3,17,10,11661.849609375,9.649993896484375
2019-10-18,437.70001220703125,443.70001220703125,435.25,437.79998779296875,15988455.0,4,18,10,11588.349609375,8.45001220703125
2019-10-22,440.5,458.70001220703125,437.54998779296875,451.1499938964844,34966169.0,1,22,10,11604.099609375,21.1500244140625
2019-10-23,452.0,459.0,448.20001220703125,455.1000061035156,25196183.0,2,23,10,11582.599609375,10.79998779296875
2019-10-24,457.3999938964844,459.0,451.0,454.75,23542540.0,3,24,10,11583.900390625,8.0
2019-10-29,470.20001220703125,482.0,466.8500061035156,477.3999938964844,33686172.0,1,29,10,11844.099609375,15.149993896484375
2019-10-30,479.0,479.0,470.0,471.1499938964844,22396012.0,2,30,10,11877.4501953125,9.0
2019-10-31,475.0,476.75,461.29998779296875,463.04998779296875,21198377.0,3,31,10,11890.599609375,15.45001220703125
2019-11-01,466.6499938964844,466.95001220703125,460.5,462.25,13522994.0,4,1,11,11941.2998046875,6.45001220703125
2019-11-04,463.0,472.29998779296875,463.0,470.5,16254715.0,0,4,11,11917.2001953125,9.29998779296875
2019-11-05,472.1000061035156,474.0,466.8999938964844,468.3500061035156,14952189.0,1,5,11,11966.0498046875,7.100006103515625
2019-11-06,467.1499938964844,483.8999938964844,464.75,480.70001220703125,24922680.0,2,6,11,12012.0498046875,19.149993896484375
2019-11-07,483.0,483.0,475.6499938964844,478.54998779296875,18312032.0,3,7,11,11908.150390625,7.350006103515625
2019-11-08,480.75,496.0,480.29998779296875,489.45001220703125,52207121.0,4,8,11,11913.4501953125,15.70001220703125
2019-11-11,488.0,499.0,484.6000061035156,496.79998779296875,24766065.0,0,11,11,11840.4501953125,14.399993896484375
2019-11-13,496.79998779296875,497.5,483.29998779296875,485.75,24272664.0,2,13,11,11872.099609375,14.20001220703125
2019-11-14,489.75,499.8500061035156,483.75,498.6499938964844,35396276.0,3,14,11,11895.4501953125,16.100006103515625
2019-11-15,497.8500061035156,509.70001220703125,496.0,499.8500061035156,42074833.0,4,15,11,11884.5,13.70001220703125
2019-11-18,498.75,504.45001220703125,496.6499938964844,498.3500061035156,22910109.0,0,18,11,11940.099609375,7.800018310546875
2019-11-19,497.95001220703125,502.0,489.8500061035156,493.5,27939336.0,1,19,11,11999.099609375,12.149993896484375
2019-11-20,495.20001220703125,498.0,492.5,495.0,22606112.0,2,20,11,11968.400390625,5.5
2019-11-21,498.1000061035156,503.79998779296875,491.25,498.25,25745594.0,3,21,11,11914.400390625,12.54998779296875
2019-11-22,501.1000061035156,501.75,492.1499938964844,496.79998779296875,18462401.0,4,22,11,12073.75,9.600006103515625
2019-11-25,492.0,500.0,491.54998779296875,497.79998779296875,25692878.0,0,25,11,12037.7001953125,8.45001220703125
2019-11-26,501.79998779296875,517.5499877929688,501.0,510.70001220703125,286857658.0,1,26,11,12100.7001953125,16.54998779296875
2019-11-27,513.9000244140625,515.8499755859375,504.29998779296875,505.5,29866539.0,2,27,11,12151.150390625,11.54998779296875
2019-11-28,509.54998779296875,520.0,508.0,519.1500244140625,35706498.0,3,28,11,12056.0498046875,12.0
2019-11-29,516.0,516.5,510.29998779296875,512.5999755859375,13324549.0,4,29,11,12048.2001953125,6.20001220703125
2019-12-02,513.4500122070312,514.0,507.25,510.8999938964844,10130049.0,0,2,12,11994.2001953125,6.75
2019-12-03,509.75,511.25,504.6499938964844,509.3500061035156,12795657.0,1,3,12,12043.2001953125,6.600006103515625
2019-12-04,510.0,531.3499755859375,509.29998779296875,529.25,30992538.0,2,4,12,12018.400390625,22.04998779296875
2019-12-05,532.5499877929688,537.5,526.0499877929688,528.0999755859375,32354118.0,3,5,12,11921.5,11.45001220703125
2019-12-06,530.0499877929688,533.5,521.6500244140625,524.7999877929688,24868376.0,4,6,12,11937.5,11.8499755859375
2019-12-09,524.0499877929688,529.2999877929688,522.2000122070312,526.5,12980877.0,0,9,12,11856.7998046875,7.0999755859375
2019-12-10,526.0499877929688,530.25,524.7000122070312,528.7000122070312,12021443.0,1,10,12,11910.150390625,5.54998779296875
2019-12-11,530.5999755859375,535.2000122070312,527.2000122070312,533.5499877929688,13768156.0,2,11,12,11971.7998046875,8.0
2019-12-12,534.8499755859375,537.0999755859375,529.7999877929688,535.3499755859375,12385216.0,3,12,12,12086.7001953125,7.29998779296875
2019-12-13,537.9000244140625,542.7999877929688,535.7000122070312,537.0499877929688,17884861.0,4,13,12,12053.9501953125,7.0999755859375
2019-12-16,539.5,541.4000244140625,536.7000122070312,539.25,13070575.0,0,16,12,12165.0,4.70001220703125
2019-12-17,540.9500122070312,543.0,538.75,541.1500244140625,11516163.0,1,17,12,12221.650390625,4.25
2019-12-18,542.0499877929688,542.9000244140625,535.9500122070312,541.4000244140625,12906168.0,2,18,12,12259.7001953125,6.95001220703125
2019-12-19,537.2000122070312,541.2000122070312,533.7000122070312,540.2000122070312,12082790.0,3,19,12,12271.7998046875,7.5
2019-12-20,540.9500122070312,549.5,539.25,546.0999755859375,27691592.0,4,20,12,12262.75,10.25
2019-12-23,547.0,548.8499755859375,537.5999755859375,541.2999877929688,11521942.0,0,23,12,12214.5498046875,11.25
2019-12-24,542.0,543.9500122070312,539.2999877929688,541.0999755859375,6715007.0,1,24,12,12126.5498046875,4.6500244140625
2019-12-26,541.0999755859375,542.4000244140625,537.6500244140625,538.75,7831074.0,3,26,12,12245.7998046875,4.75
2019-12-27,541.0,550.5,538.3499755859375,549.4000244140625,11247684.0,4,27,12,12255.849609375,12.1500244140625
2019-12-30,549.5999755859375,552.2000122070312,542.5999755859375,543.9500122070312,13180302.0,0,30,12,12168.4501953125,9.60003662109375
2019-12-31,543.7999877929688,543.7999877929688,538.0,538.9000244140625,12491978.0,1,31,12,12182.5,5.79998779296875
2020-01-01,539.9000244140625,542.5,535.7000122070312,536.75,7642793.0,2,1,1,12282.2001953125,6.79998779296875
2020-01-02,536.0,541.9000244140625,535.8499755859375,540.5999755859375,10264223.0,3,2,1,12226.650390625,6.050048828125
2020-01-03,538.0,540.7999877929688,536.25,538.8499755859375,9594690.0,4,3,1,11993.0498046875,4.54998779296875
2020-01-06,537.25,537.25,523.7999877929688,525.7000122070312,12534334.0,0,6,1,12052.9501953125,13.45001220703125
2020-01-07,531.2999877929688,535.5999755859375,521.6500244140625,522.9000244140625,16101835.0,1,7,1,12025.349609375,13.949951171875
2020-01-08,516.0,527.3499755859375,515.0,525.9500122070312,16094310.0,2,8,1,12215.900390625,12.3499755859375
2020-01-09,530.7000122070312,547.4000244140625,530.2999877929688,546.2999877929688,18934019.0,3,9,1,12256.7998046875,17.10003662109375
2020-01-10,544.9000244140625,546.5,538.5,540.25,12335407.0,4,10,1,12329.5498046875,8.0
2020-01-13,539.4000244140625,546.0499877929688,538.0,538.5999755859375,7901800.0,0,13,1,12362.2998046875,8.04998779296875
2020-01-14,536.2000122070312,538.9500122070312,534.1500244140625,537.5999755859375,13939440.0,1,14,1,12343.2998046875,4.79998779296875
2020-01-15,535.0999755859375,536.9500122070312,530.6500244140625,535.5999755859375,12353176.0,2,15,1,12355.5,6.29998779296875
2020-01-16,533.9000244140625,540.0,533.2000122070312,537.1500244140625,11249232.0,3,16,1,12352.349609375,6.79998779296875
2020-01-17,534.5,538.0,530.5999755859375,532.0499877929688,18312609.0,4,17,1,12224.5498046875,7.4000244140625
2020-01-20,533.0,544.0,531.0,534.8499755859375,19159996.0,0,20,1,12169.849609375,13.0
2020-01-21,532.9500122070312,540.25,530.2000122070312,531.0499877929688,13477994.0,1,21,1,12106.900390625,10.04998779296875
2020-01-22,531.5,534.9500122070312,520.75,522.8499755859375,17527408.0,2,22,1,12180.349609375,14.20001220703125
2020-01-23,521.4000244140625,530.25,517.0499877929688,527.7000122070312,17061293.0,3,23,1,12248.25,13.20001220703125
2020-01-24,529.25,537.4000244140625,527.0,533.8499755859375,17851868.0,4,24,1,12119.0,10.4000244140625
2020-01-27,538.5,545.0,531.5,537.25,38149166.0,0,27,1,12055.7998046875,13.5
2020-01-28,538.0999755859375,540.5999755859375,524.4500122070312,528.2000122070312,24009224.0,1,28,1,12129.5,16.14996337890625
2020-01-29,531.5499877929688,534.7999877929688,525.2999877929688,526.5999755859375,16400827.0,2,29,1,12035.7998046875,9.5
2020-01-30,527.6500244140625,533.9500122070312,524.1500244140625,532.2000122070312,14319317.0,3,30,1,11962.099609375,9.79998779296875
2020-01-31,530.0,532.75,522.4000244140625,525.6500244140625,16292578.0,4,31,1,11707.900390625,10.3499755859375
2020-02-03,504.0,519.1500244140625,502.0,515.5499877929688,22531888.0,0,3,2,11979.650390625,17.1500244140625
2020-02-04,520.0,534.6500244140625,516.6500244140625,530.7999877929688,17781475.0,1,4,2,12089.150390625,18.0
2020-02-05,529.0499877929688,540.4000244140625,525.7000122070312,539.0999755859375,18782476.0,2,5,2,12137.9501953125,14.70001220703125
2020-02-06,540.3499755859375,547.0,536.25,541.5999755859375,15296851.0,3,6,2,12098.349609375,10.75
2020-02-07,540.9500122070312,541.75,535.1500244140625,536.4500122070312,8297149.0,4,7,2,12031.5,6.5999755859375
2020-02-10,538.6500244140625,542.25,530.5,533.9500122070312,12536053.0,0,10,2,12107.900390625,11.75
2020-02-11,537.7000122070312,544.7999877929688,537.5,539.75,11243552.0,1,11,2,12201.2001953125,7.29998779296875
2020-02-12,545.7999877929688,550.7000122070312,542.7000122070312,549.2999877929688,14026335.0,2,12,2,12174.650390625,8.0
2020-02-13,549.0,549.0,538.0,541.0,9227235.0,3,13,2,12113.4501953125,11.0
2020-02-14,541.25,548.6500244140625,536.5499877929688,545.7999877929688,14458649.0,4,14,2,12045.7998046875,12.10003662109375
2020-02-17,543.0,545.3499755859375,537.75,541.5999755859375,7793293.0,0,17,2,11992.5,7.5999755859375
2020-02-18,541.0,544.4000244140625,536.0,541.2000122070312,15918303.0,1,18,2,12125.900390625,8.4000244140625
2020-02-19,543.5,546.5,540.5,544.7999877929688,8704234.0,2,19,2,12080.849609375,6.0
2020-02-20,545.5,549.3499755859375,541.7999877929688,547.0,13588526.0,3,20,2,11829.400390625,7.54998779296875
2020-02-24,539.5,541.8499755859375,527.5499877929688,529.8499755859375,16940750.0,0,24,2,11797.900390625,14.29998779296875
2020-02-25,532.4500122070312,538.7999877929688,525.2999877929688,530.9500122070312,14942960.0,1,25,2,11678.5,13.5
2020-02-26,526.8499755859375,529.3499755859375,522.2000122070312,523.7000122070312,15743918.0,2,26,2,11633.2998046875,7.14996337890625
2020-02-27,522.7999877929688,523.2999877929688,512.6500244140625,515.3499755859375,26315054.0,3,27,2,11201.75,10.64996337890625
2020-02-28,501.6000061035156,506.8500061035156,492.20001220703125,497.25,32737933.0,4,28,2,11132.75,14.649993896484375
2020-03-02,508.25,520.5499877929688,498.45001220703125,506.1000061035156,28642076.0,0,2,3,11303.2998046875,22.0999755859375
2020-03-03,509.8500061035156,519.5,508.5,514.75,19661945.0,1,3,3,11251.0,11.0
2020-03-04,517.5,517.5,497.04998779296875,508.3500061035156,21883404.0,2,4,3,11269.0,20.45001220703125
2020-03-05,509.75,511.1499938964844,500.0,504.5,16671516.0,3,5,3,10989.4501953125,11.149993896484375
2020-03-06,485.0,496.79998779296875,477.29998779296875,486.3500061035156,31024353.0,4,6,3,10451.4501953125,19.5
2020-03-09,475.0,475.0,442.95001220703125,457.75,42027175.0,0,9,3,10458.400390625,32.04998779296875
2020-03-11,450.0,471.75,449.6000061035156,465.6499938964844,31018779.0,2,11,3,9590.150390625,22.149993896484375
2020-03-12,438.0,445.95001220703125,416.0,425.6499938964844,50757033.0,3,12,3,9955.2001953125,29.95001220703125
2020-03-13,401.0,464.75,395.20001220703125,447.20001220703125,67104335.0,4,13,3,9197.400390625,69.54998779296875
2020-03-16,424.20001220703125,424.20001220703125,397.45001220703125,402.8999938964844,34833637.0,0,16,3,8967.0498046875,26.75
2020-03-17,407.0,408.45001220703125,364.0,367.25,47232699.0,1,17,3,8468.7998046875,44.45001220703125
2020-03-18,369.1000061035156,375.5,342.29998779296875,355.04998779296875,61202289.0,2,18,3,8263.4501953125,33.20001220703125
2020-03-19,336.1000061035156,369.6000061035156,323.0,338.54998779296875,57985870.0,3,19,3,8745.4501953125,46.600006103515625
2020-03-20,328.0,359.79998779296875,323.0,345.70001220703125,88640642.0,4,20,3,7610.25,36.79998779296875
2020-03-23,311.1499938964844,313.70001220703125,280.0,284.0,56867949.0,0,23,3,7801.0498046875,33.70001220703125
2020-03-24,295.29998779296875,305.0,268.29998779296875,296.5,67895418.0,1,24,3,8317.849609375,36.70001220703125
2020-03-25,284.0,334.1499938964844,281.6000061035156,316.8999938964844,66544138.0,2,25,3,8641.4501953125,52.54998779296875
2020-03-26,322.0,364.3999938964844,314.25,330.25,76173940.0,3,26,3,8660.25,50.149993896484375
2020-03-27,355.79998779296875,359.54998779296875,326.0,339.8500061035156,72889985.0,4,27,3,8281.099609375,33.54998779296875
2020-03-30,330.1000061035156,333.8999938964844,311.1000061035156,313.3999938964844,36559880.0,0,30,3,8597.75,22.79998779296875
2020-03-31,324.70001220703125,334.8500061035156,316.0,323.75,46279768.0,1,31,3,8253.7998046875,18.850006103515625
2020-04-01,319.0,323.75,308.1000061035156,311.1499938964844,33141186.0,2,1,4,8083.7998046875,15.649993896484375
2020-04-03,309.5,309.5,281.5,286.6499938964844,57326314.0,4,3,4,8792.2001953125,28.0
2020-04-07,308.29998779296875,329.6000061035156,296.8500061035156,326.1000061035156,57661076.0,1,7,4,8748.75,32.75
2020-04-08,322.8500061035156,352.75,315.1000061035156,318.95001220703125,73931321.0,2,8,4,9111.900390625,37.649993896484375
2020-04-09,332.3999938964844,345.0,322.6499938964844,342.70001220703125,52431174.0,3,9,4,8993.849609375,22.350006103515625
2020-04-13,341.04998779296875,345.79998779296875,329.25,330.6499938964844,30994190.0,0,13,4,8925.2998046875,16.54998779296875
2020-04-15,342.70001220703125,351.8999938964844,325.0,327.3500061035156,49132329.0,2,15,4,8992.7998046875,26.899993896484375
2020-04-16,325.29998779296875,347.79998779296875,319.3500061035156,342.0,56494027.0,3,16,4,9266.75,28.449981689453125
2020-04-17,362.0,385.5,349.04998779296875,375.54998779296875,69006835.0,4,17,4,9261.849609375,36.45001220703125
2020-04-20,376.0,378.8999938964844,357.0,361.29998779296875,55810736.0,0,20,4,8981.4501953125,21.899993896484375
2020-04-21,341.0,346.20001220703125,328.0,331.8500061035156,50118175.0,1,21,4,9187.2998046875,18.20001220703125
2020-04-22,326.0,338.0,323.04998779296875,335.95001220703125,49115085.0,2,22,4,9313.900390625,14.95001220703125
2020-04-23,340.25,354.79998779296875,338.0,352.95001220703125,45953398.0,3,23,4,9154.400390625,16.79998779296875
2020-04-24,337.8999938964844,343.25,331.5,334.8500061035156,38513206.0,4,24,4,9282.2998046875,11.75
2020-04-27,339.29998779296875,352.8999938964844,338.0,347.8999938964844,38980019.0,0,27,4,9380.900390625,14.899993896484375
2020-04-28,353.75,362.8500061035156,350.25,359.8500061035156,32933194.0,1,28,4,9553.349609375,12.600006103515625
2020-04-29,353.0,376.5,351.6499938964844,370.45001220703125,39341745.0,2,29,4,9859.900390625,24.850006103515625
2020-04-30,382.0,392.95001220703125,374.1499938964844,380.1499938964844,45734705.0,3,30,4,9293.5,18.800018310546875
2020-05-04,359.0,359.0,336.0,338.04998779296875,38837299.0,0,4,5,9205.599609375,23.0
2020-05-05,348.0,348.0,329.54998779296875,330.8500061035156,45069968.0,1,5,5,9270.900390625,18.45001220703125
2020-05-06,331.5,345.54998779296875,325.25,341.3999938964844,49952812.0,2,6,5,9199.0498046875,20.29998779296875
2020-05-07,337.0,342.8999938964844,333.70001220703125,336.75,27656346.0,3,7,5,9251.5,9.199981689453125
2020-05-08,344.0,352.5,333.70001220703125,337.70001220703125,42968091.0,4,8,5,9239.2001953125,18.79998779296875
2020-05-11,341.0,343.54998779296875,318.20001220703125,320.1499938964844,83665601.0,0,11,5,9196.5498046875,25.3499755859375
2020-05-12,318.29998779296875,324.3999938964844,308.0,321.20001220703125,69072308.0,1,12,5,9383.5498046875,16.399993896484375
2020-05-13,343.5,348.3999938964844,332.29998779296875,338.04998779296875,72816461.0,2,13,5,9142.75,16.100006103515625
2020-05-14,330.0,334.5,325.6499938964844,327.3999938964844,33999095.0,3,14,5,9136.849609375,8.850006103515625
2020-05-15,329.29998779296875,330.54998779296875,318.79998779296875,322.70001220703125,31828868.0,4,15,5,8823.25,11.75
2020-05-18,320.0,320.5,293.25,298.5,74034133.0,0,18,5,8879.099609375,27.25
2020-05-19,307.04998779296875,311.5,297.1000061035156,300.29998779296875,61827491.0,1,19,5,9066.5498046875,14.399993896484375
2020-05-20,299.0,308.25,297.5,305.6499938964844,42238419.0,2,20,5,9106.25,10.75
2020-05-21,306.0,312.79998779296875,302.0,304.3999938964844,43075357.0,3,21,5,9039.25,10.79998779296875
2020-05-22,301.0,307.70001220703125,285.54998779296875,291.04998779296875,80358245.0,4,22,5,9029.0498046875,22.1500244140625
2020-05-26,296.04998779296875,297.8999938964844,290.0,292.70001220703125,46681705.0,1,26,5,9314.9501953125,7.899993896484375
2020-05-27,296.1000061035156,321.95001220703125,294.8500061035156,318.8500061035156,80541990.0,2,27,5,9490.099609375,27.100006103515625
2020-05-28,322.25,329.75,320.75,326.8500061035156,66136408.0,3,28,5,9580.2998046875,9.0
2020-05-29,322.8999938964844,334.29998779296875,320.0,331.95001220703125,60487477.0,4,29,5,9826.150390625,14.29998779296875
2020-06-01,339.0,348.0,336.20001220703125,339.25,44024770.0,0,1,6,9979.099609375,11.79998779296875
2020-06-02,337.0,350.0,332.5,348.3999938964844,47558213.0,1,2,6,10061.5498046875,17.5
2020-06-03,357.8999938964844,373.0,353.79998779296875,356.8500061035156,69689299.0,2,3,6,10029.099609375,19.20001220703125
2020-06-04,357.0,363.0,345.5,347.8500061035156,57061575.0,3,4,6,10142.150390625,17.5
2020-06-05,350.0,360.0,347.0,357.20001220703125,37251097.0,4,5,6,10167.4501953125,13.0
2020-06-08,366.54998779296875,373.75,353.1499938964844,359.79998779296875,46827341.0,0,8,6,10046.650390625,20.600006103515625
2020-06-09,360.04998779296875,369.3500061035156,345.25,348.54998779296875,47621969.0,1,9,6,10116.150390625,24.100006103515625
2020-06-10,348.54998779296875,356.8500061035156,345.29998779296875,353.0,36292403.0,2,10,6,9902.0,11.550018310546875
2020-06-11,352.45001220703125,354.20001220703125,340.1000061035156,341.25,36999490.0,3,11,6,9972.900390625,14.100006103515625
2020-06-12,324.20001220703125,346.1499938964844,324.1000061035156,344.20001220703125,47509067.0,4,12,6,9813.7001953125,22.04998779296875
2020-06-15,341.20001220703125,342.25,325.5,331.1000061035156,43500660.0,0,15,6,9914.0,16.75
2020-06-16,342.25,347.8999938964844,326.04998779296875,342.95001220703125,57511237.0,1,16,6,9881.150390625,21.850006103515625
2020-06-17,338.6000061035156,351.0,336.1000061035156,341.95001220703125,37107002.0,2,17,6,10091.650390625,14.899993896484375
2020-06-18,340.0,354.70001220703125,337.20001220703125,352.0,39285919.0,3,18,6,10244.400390625,17.5
2020-06-19,351.0,365.45001220703125,349.20001220703125,363.79998779296875,51367236.0,4,19,6,10311.2001953125,16.25
2020-06-22,367.0,375.25,365.1499938964844,367.54998779296875,40133602.0,0,22,6,10471.0,10.100006103515625
2020-06-23,369.0,378.29998779296875,364.20001220703125,376.1499938964844,32493320.0,1,23,6,10305.2998046875,14.0999755859375
2020-06-24,380.0,380.0,345.0,348.1000061035156,57955780.0,2,24,6,10288.900390625,35.0
2020-06-25,345.8999938964844,355.6000061035156,338.5,351.0,69902888.0,3,25,6,10383.0,17.100006103515625
2020-06-26,355.6000061035156,358.5,346.1000061035156,349.1000061035156,34596104.0,4,26,6,10312.400390625,12.399993896484375
2020-06-29,345.25,345.6000061035156,338.5,343.1000061035156,27384244.0,0,29,6,10302.099609375,7.100006103515625
2020-06-30,347.0,354.45001220703125,346.29998779296875,351.45001220703125,47526095.0,1,30,6,10430.0498046875,8.1500244140625
2020-07-01,354.25,365.75,351.6000061035156,364.04998779296875,36922617.0,2,1,7,10551.7001953125,14.149993896484375
2020-07-02,366.0,370.8999938964844,361.3500061035156,362.8500061035156,50964311.0,3,2,7,10607.349609375,9.54998779296875
2020-07-03,364.6499938964844,367.1499938964844,359.79998779296875,361.0,28779044.0,4,3,7,10763.650390625,7.350006103515625
2020-07-06,367.8500061035156,367.8500061035156,360.5,361.8500061035156,33334074.0,0,6,7,10799.650390625,7.350006103515625
2020-07-07,363.0,378.0,362.1000061035156,376.04998779296875,46030825.0,1,7,7,10705.75,15.899993896484375
2020-07-08,377.8999938964844,379.0,367.54998779296875,368.95001220703125,46315597.0,2,8,7,10813.4501953125,11.45001220703125
2020-07-09,373.45001220703125,376.0,365.29998779296875,370.3500061035156,35144463.0,3,9,7,10768.0498046875,10.70001220703125
2020-07-10,364.8999938964844,368.20001220703125,359.0,360.3500061035156,27864858.0,4,10,7,10802.7001953125,9.20001220703125
2020-07-13,364.1000061035156,367.0,352.5,353.6000061035156,32379935.0,0,13,7,10607.349609375,14.5
2020-07-14,351.5,352.45001220703125,340.6000061035156,345.54998779296875,34031256.0,1,14,7,10618.2001953125,11.850006103515625
2020-07-15,349.5,356.79998779296875,343.75,345.79998779296875,30442553.0,2,15,7,10739.9501953125,13.04998779296875
2020-07-16,347.95001220703125,348.6000061035156,341.0,344.6499938964844,35535437.0,3,16,7,10901.7001953125,7.600006103515625
2020-07-17,346.0,356.0,345.45001220703125,353.79998779296875,27511781.0,4,17,7,11022.2001953125,10.54998779296875
2020-07-20,358.0,366.3500061035156,355.25,363.0,36312529.0,0,20,7,11162.25,11.100006103515625
2020-07-21,371.0,379.8999938964844,370.04998779296875,378.79998779296875,45559912.0,1,21,7,11132.599609375,9.850006103515625
2020-07-22,386.8999938964844,389.5,375.29998779296875,381.1000061035156,45500191.0,2,22,7,11215.4501953125,14.20001220703125
2020-07-23,382.54998779296875,395.6499938964844,378.8500061035156,392.25,37838027.0,3,23,7,11194.150390625,16.79998779296875
2020-07-24,388.29998779296875,388.70001220703125,372.1499938964844,381.79998779296875,52980980.0,4,24,7,11131.7998046875,16.550018310546875
2020-07-27,385.0,385.79998779296875,356.6000061035156,358.5,73275058.0,0,27,7,11300.5498046875,29.199981689453125
2020-07-28,361.1000061035156,362.75,343.20001220703125,352.1000061035156,125939354.0,1,28,7,11202.849609375,19.54998779296875
2020-07-29,353.20001220703125,357.6499938964844,348.20001220703125,351.04998779296875,50194622.0,2,29,7,11102.150390625,9.449981689453125
2020-07-30,353.3999938964844,354.6000061035156,340.3999938964844,344.95001220703125,40820253.0,3,30,7,11073.4501953125,14.20001220703125
2020-07-31,346.45001220703125,353.0,342.04998779296875,346.79998779296875,37345191.0,4,31,7,10891.599609375,10.95001220703125
2020-08-03,346.79998779296875,349.3500061035156,340.5,343.25,32119883.0,0,3,8,11095.25,8.850006103515625
2020-08-04,347.0,353.20001220703125,344.20001220703125,351.0,30811518.0,1,4,8,11101.650390625,9.0
2020-08-05,353.3999938964844,360.0,350.75,352.20001220703125,37057881.0,2,5,8,11200.150390625,9.25
2020-08-06,353.45001220703125,363.75,348.6000061035156,358.75,48021824.0,3,6,8,11214.0498046875,15.149993896484375
2020-08-07,359.45001220703125,359.6499938964844,353.1499938964844,357.95001220703125,28510964.0,4,7,8,11270.150390625,6.5
2020-08-10,359.5,364.95001220703125,357.3500061035156,363.54998779296875,22856010.0,0,10,8,11322.5,7.600006103515625
2020-08-11,370.0,374.29998779296875,364.04998779296875,367.3500061035156,45446107.0,1,11,8,11308.400390625,10.25
2020-08-12,365.75,368.75,363.75,366.8500061035156,25706005.0,2,12,8,11300.4501953125,5.0
2020-08-13,368.95001220703125,372.3500061035156,366.25,368.04998779296875,26257336.0,3,13,8,11178.400390625,6.100006103515625
2020-08-14,371.79998779296875,371.79998779296875,354.20001220703125,361.3999938964844,28893259.0,4,14,8,11247.099609375,17.5999755859375
2020-08-17,366.0,366.3500061035156,354.3500061035156,360.20001220703125,24232497.0,0,17,8,11385.349609375,12.0
2020-08-18,361.8999938964844,370.0,361.6000061035156,369.54998779296875,26517363.0,1,18,8,11408.400390625,8.399993896484375
2020-08-19,374.0,375.8500061035156,370.3999938964844,374.45001220703125,35790233.0,2,19,8,11312.2001953125,5.45001220703125
2020-08-20,367.0,369.6499938964844,362.6000061035156,367.75,68444775.0,3,20,8,11371.599609375,7.04998779296875
2020-08-21,370.0,373.0,367.04998779296875,371.1499938964844,34109928.0,4,21,8,11466.4501953125,5.95001220703125
2020-08-24,374.8500061035156,381.20001220703125,373.8500061035156,380.3500061035156,32907235.0,0,24,8,11472.25,7.350006103515625
2020-08-25,382.5,389.79998779296875,381.3999938964844,386.3500061035156,53072303.0,1,25,8,11549.599609375,8.399993896484375
2020-08-26,388.20001220703125,391.6499938964844,384.20001220703125,389.3500061035156,37163882.0,2,26,8,11559.25,7.449981689453125
2020-08-27,389.95001220703125,397.45001220703125,387.6000061035156,392.20001220703125,36910405.0,3,27,8,11647.599609375,9.850006103515625
2020-08-28,393.8999938964844,411.8999938964844,392.8999938964844,409.70001220703125,83472297.0,4,28,8,11387.5,19.0
2020-08-31,414.8500061035156,422.0,387.5,394.6000061035156,72744175.0,0,31,8,11470.25,34.5
2020-09-01,394.70001220703125,399.6499938964844,385.29998779296875,390.95001220703125,34872793.0,1,1,9,11535.0,14.350006103515625
2020-09-02,387.25,394.0,381.1000061035156,392.3999938964844,31295799.0,2,2,9,11527.4501953125,12.899993896484375
2020-09-03,392.3999938964844,392.54998779296875,381.04998779296875,382.75,26135555.0,3,3,9,11333.849609375,11.5
2020-09-04,375.0,379.95001220703125,368.3500061035156,372.54998779296875,33118984.0,4,4,9,11355.0498046875,11.600006103515625
2020-09-07,374.1000061035156,376.8500061035156,369.0,373.3999938964844,22323904.0,0,7,9,11317.349609375,7.850006103515625
2020-09-08,372.3999938964844,381.29998779296875,369.1499938964844,375.70001220703125,32052920.0,1,8,9,11278.0,12.149993896484375
2020-09-09,370.79998779296875,372.3999938964844,361.8999938964844,367.6000061035156,25285238.0,2,9,9,11449.25,10.5
2020-09-10,371.70001220703125,375.0,365.45001220703125,370.70001220703125,24852274.0,3,10,9,11464.4501953125,9.54998779296875
2020-09-11,373.0,373.6499938964844,365.1000061035156,370.5,22678353.0,4,11,9,11440.0498046875,8.54998779296875
2020-09-14,373.5,373.8500061035156,359.3500061035156,363.70001220703125,27140598.0,0,14,9,11521.7998046875,14.5
2020-09-15,364.04998779296875,372.25,363.70001220703125,371.54998779296875,24967618.0,1,15,9,11604.5498046875,8.54998779296875
2020-09-16,371.3500061035156,376.70001220703125,365.0,374.70001220703125,22068622.0,2,16,9,11516.099609375,11.70001220703125
2020-09-17,370.0,371.75,367.3999938964844,369.0,24084936.0,3,17,9,11504.9501953125,4.350006103515625
2020-09-18,370.0,374.6499938964844,364.54998779296875,369.54998779296875,78166508.0,4,18,9,11250.5498046875,10.100006103515625
2020-09-21,366.6499938964844,367.3999938964844,348.5,350.70001220703125,28932482.0,0,21,9,11153.650390625,18.899993896484375
2020-09-22,354.0,356.1499938964844,349.5,354.3999938964844,28593292.0,1,22,9,11131.849609375,6.649993896484375
2020-09-23,356.6000061035156,357.1000061035156,342.45001220703125,351.8500061035156,22740143.0,2,23,9,10805.5498046875,14.649993896484375
2020-09-24,344.95001220703125,346.95001220703125,333.75,335.70001220703125,25840472.0,3,24,9,11050.25,13.20001220703125
2020-09-25,339.04998779296875,350.5,336.6000061035156,348.6499938964844,23231600.0,4,25,9,11227.5498046875,13.899993896484375
2020-09-28,351.5,363.95001220703125,349.1000061035156,363.0,18495592.0,0,28,9,11222.400390625,14.850006103515625
2020-09-29,363.75,363.75,354.25,357.04998779296875,17080848.0,1,29,9,11247.5498046875,9.5
2020-09-30,356.95001220703125,357.5,349.3500061035156,354.75,19565058.0,2,30,9,11416.9501953125,8.149993896484375
2020-10-01,358.25,371.20001220703125,358.25,369.20001220703125,23237122.0,3,1,10,11503.349609375,12.95001220703125
2020-10-05,370.75,382.6499938964844,370.75,373.1000061035156,26530105.0,0,5,10,11662.400390625,11.899993896484375
2020-10-06,377.1000061035156,381.79998779296875,375.1000061035156,380.6000061035156,18093629.0,1,6,10,11738.849609375,6.699981689453125
2020-10-07,379.29998779296875,384.3500061035156,374.1000061035156,382.6499938964844,21845743.0,2,7,10,11834.599609375,10.25
2020-10-08,385.0,389.70001220703125,382.6499938964844,387.5,21085500.0,3,8,10,11914.2001953125,7.050018310546875
2020-10-09,390.70001220703125,403.5,386.8999938964844,401.5,41641237.0,4,9,10,11930.9501953125,16.600006103515625
2020-10-12,403.45001220703125,410.0,400.70001220703125,404.04998779296875,25742564.0,0,12,10,11934.5,9.29998779296875
2020-10-13,401.0,401.0,393.5,396.25,19922778.0,1,13,10,11971.0498046875,7.5
2020-10-14,394.3500061035156,409.25,389.0,406.79998779296875,23368177.0,2,14,10,11680.349609375,20.25
2020-10-15,406.8999938964844,409.8999938964844,389.1499938964844,391.0,34234586.0,3,15,10,11762.4501953125,20.75
2020-10-16,394.0,401.29998779296875,390.5,396.1000061035156,25339096.0,4,16,10,11873.0498046875,10.79998779296875
2020-10-19,402.04998779296875,418.75,401.1499938964844,417.1000061035156,41072871.0,0,19,10,11896.7998046875,17.600006103515625
2020-10-20,413.5,416.8999938964844,411.0,414.6000061035156,26158669.0,1,20,10,11937.650390625,5.899993896484375
2020-10-21,416.0,428.5,410.29998779296875,420.29998779296875,43124966.0,2,21,10,11896.4501953125,18.20001220703125
2020-10-22,416.3999938964844,419.6499938964844,407.6499938964844,412.8999938964844,33088074.0,3,22,10,11930.349609375,12.0
2020-10-23,417.0,420.5,411.75,416.95001220703125,22151463.0,4,23,10,11767.75,8.75
2020-10-26,418.04998779296875,419.1499938964844,401.45001220703125,404.45001220703125,21712057.0,0,26,10,11889.400390625,17.699981689453125
2020-10-27,406.3500061035156,412.3999938964844,393.25,409.95001220703125,33571163.0,1,27,10,11729.599609375,19.149993896484375
2020-10-28,409.8999938964844,409.8999938964844,394.79998779296875,396.04998779296875,28145103.0,2,28,10,11670.7998046875,15.100006103515625
2020-10-29,392.25,402.8999938964844,389.6499938964844,399.8999938964844,32615425.0,3,29,10,11642.400390625,13.25
2020-10-30,399.3999938964844,402.70001220703125,388.04998779296875,392.6000061035156,27225165.0,4,30,10,11669.150390625,14.6500244140625
2020-11-02,417.0,422.79998779296875,407.0,417.45001220703125,72698777.0,0,2,11,11813.5,15.79998779296875
2020-11-03,425.0,446.8999938964844,424.20001220703125,443.8500061035156,61813071.0,1,3,11,11908.5,22.699981689453125
2020-11-04,437.29998779296875,442.0,425.29998779296875,437.04998779296875,43426662.0,2,4,11,12120.2998046875,16.70001220703125
2020-11-05,445.0,446.25,435.6000061035156,438.5,30129938.0,3,5,11,12263.5498046875,10.649993896484375
2020-11-06,439.8500061035156,444.8999938964844,436.20001220703125,442.79998779296875,27831424.0,4,6,11,12461.0498046875,8.699981689453125
2020-11-09,450.0,464.6000061035156,449.0,462.70001220703125,40995422.0,0,9,11,12631.099609375,15.600006103515625
2020-11-10,485.79998779296875,487.04998779296875,473.0,483.8500061035156,57535138.0,1,10,11,12749.150390625,14.04998779296875
2020-11-11,484.75,490.54998779296875,472.1000061035156,486.54998779296875,45609279.0,2,11,11,12690.7998046875,18.449981689453125
2020-11-12,481.6000061035156,483.54998779296875,471.3500061035156,476.70001220703125,31071572.0,3,12,11,12719.9501953125,12.199981689453125
2020-11-17,490.5,493.0,478.1499938964844,486.3999938964844,36127378.0,1,17,11,12938.25,14.850006103515625
2020-11-18,488.0,499.0,486.25,497.6499938964844,29156543.0,2,18,11,12771.7001953125,12.75
2020-11-19,490.0,493.3500061035156,475.79998779296875,478.75,31896908.0,3,19,11,12859.0498046875,17.550018310546875
2020-11-20,479.5,483.45001220703125,468.1000061035156,480.20001220703125,30089190.0,4,20,11,12926.4501953125,15.350006103515625
2020-11-23,481.79998779296875,483.3500061035156,466.5,468.25,29513544.0,0,23,11,13055.150390625,16.850006103515625
2020-11-24,474.0,480.0,471.20001220703125,478.20001220703125,23135994.0,1,24,11,12858.400390625,8.79998779296875
2020-11-25,485.0,489.95001220703125,471.1000061035156,472.70001220703125,34168305.0,2,25,11,12987.0,18.850006103515625
2020-11-26,475.1000061035156,477.20001220703125,465.79998779296875,475.29998779296875,28707911.0,3,26,11,12968.9501953125,11.4000244140625
2020-11-27,476.3999938964844,479.54998779296875,471.29998779296875,473.3500061035156,48390771.0,4,27,11,13109.0498046875,8.25
2020-12-01,479.70001220703125,488.5,474.29998779296875,485.1000061035156,20120049.0,1,1,12,13113.75,14.20001220703125
2020-12-02,486.3500061035156,487.0,472.20001220703125,480.45001220703125,21244707.0,2,2,12,13133.900390625,14.79998779296875
2020-12-03,482.1000061035156,485.0,478.8500061035156,481.8500061035156,22701738.0,3,3,12,13258.5498046875,6.149993896484375
2020-12-04,483.70001220703125,504.0,483.0,502.04998779296875,39547014.0,4,4,12,13355.75,21.0
2020-12-07,505.0,515.5999755859375,504.1499938964844,510.45001220703125,37778332.0,0,7,12,13392.9501953125,11.449981689453125
2020-12-08,511.5,512.0,505.3999938964844,508.3999938964844,19339943.0,1,8,12,13529.099609375,6.600006103515625
2020-12-09,510.0,515.0,506.04998779296875,511.5,21272782.0,2,9,12,13478.2998046875,8.95001220703125
2020-12-10,508.1000061035156,514.4000244140625,498.75,506.95001220703125,20419020.0,3,10,12,13513.849609375,15.6500244140625
2020-12-11,509.25,516.9000244140625,506.1000061035156,515.4500122070312,25335765.0,4,11,12,13558.150390625,10.800018310546875
2020-12-14,518.0999755859375,527.7999877929688,518.0999755859375,525.7999877929688,26369591.0,0,14,12,13567.849609375,9.70001220703125
2020-12-15,524.0,524.25,513.0999755859375,518.0499877929688,26969145.0,1,15,12,13682.7001953125,11.1500244140625
2020-12-16,520.0499877929688,521.7000122070312,511.1000061035156,512.4500122070312,24263586.0,2,16,12,13740.7001953125,10.600006103515625
2020-12-17,514.0,516.5,509.1000061035156,510.3999938964844,23883288.0,3,17,12,13760.5498046875,7.399993896484375
2020-12-18,514.0,518.25,509.1499938964844,517.1500244140625,21735833.0,4,18,12,13328.400390625,9.100006103515625
2020-12-21,514.5999755859375,514.7000122070312,488.20001220703125,494.5,29157759.0,0,21,12,13466.2998046875,26.5
2020-12-22,497.29998779296875,501.79998779296875,489.1000061035156,500.29998779296875,32328041.0,1,22,12,13601.099609375,12.699981689453125
2020-12-23,499.0,505.5,496.54998779296875,503.6000061035156,19205951.0,2,23,12,13749.25,8.95001220703125
2020-12-24,506.75,515.9500122070312,505.1000061035156,513.5499877929688,17576807.0,3,24,12,13873.2001953125,10.850006103515625
2020-12-28,515.9000244140625,521.2000122070312,513.5999755859375,520.0999755859375,14470472.0,0,28,12,13932.599609375,7.60003662109375
2020-12-29,522.5499877929688,530.7999877929688,517.8499755859375,528.7999877929688,19092649.0,1,29,12,13981.9501953125,12.95001220703125
2020-12-30,531.6500244140625,533.0,524.5499877929688,528.75,21365141.0,2,30,12,13981.75,8.45001220703125
2021-01-01,535.5499877929688,537.0,526.0999755859375,527.5,13592625.0,4,1,1,14132.900390625,10.9000244140625
2021-01-04,532.2999877929688,535.0,524.2999877929688,531.7000122070312,16549750.0,0,4,1,14199.5,10.70001220703125
2021-01-05,526.6500244140625,539.9500122070312,523.0,537.25,23311516.0,1,5,1,14146.25,16.95001220703125
2021-01-06,538.75,550.5999755859375,535.8499755859375,546.7000122070312,28178838.0,2,6,1,14137.349609375,14.75
2021-01-07,552.1500244140625,554.4000244140625,539.75,541.0999755859375,21138034.0,3,7,1,14347.25,14.6500244140625
2021-01-08,547.0,547.0999755859375,536.3499755859375,542.0499877929688,21937965.0,4,8,1,14484.75,10.75
2021-01-11,545.1500244140625,546.0,535.0,544.7000122070312,19394393.0,0,11,1,14563.4501953125,11.0
2021-01-12,541.0,550.6500244140625,537.0999755859375,548.0,16388310.0,1,12,1,14564.849609375,13.550048828125
2021-01-13,551.5,561.0,548.25,556.5,21920297.0,2,13,1,14595.599609375,12.75
2021-01-14,554.0499877929688,558.4500122070312,550.5999755859375,553.2999877929688,13330898.0,3,14,1,14433.7001953125,7.85003662109375
2021-01-15,550.0,551.0,541.5,543.0,15708956.0,4,15,1,14281.2998046875,9.5
2021-01-18,544.5,548.4000244140625,528.9000244140625,533.1500244140625,21580313.0,0,18,1,14521.150390625,19.5
2021-01-19,539.0,547.75,533.9000244140625,546.4500122070312,20575358.0,1,19,1,14644.7001953125,13.8499755859375
2021-01-20,546.4500122070312,554.5999755859375,546.0,551.0,16097138.0,2,20,1,14590.349609375,8.5999755859375
2021-01-21,555.0,561.0,549.7000122070312,552.7000122070312,18189277.0,3,21,1,14371.900390625,11.29998779296875
2021-01-22,553.0999755859375,553.5,530.5999755859375,533.7999877929688,24515997.0,4,22,1,14238.900390625,22.9000244140625
2021-01-25,536.5499877929688,542.2999877929688,531.2000122070312,538.0499877929688,23415249.0,0,25,1,13967.5,11.0999755859375
2021-01-27,537.7999877929688,539.2000122070312,519.0999755859375,522.3499755859375,28049286.0,2,27,1,13817.5498046875,20.10003662109375
2021-01-28,514.5999755859375,529.8499755859375,512.0,528.25,29836591.0,3,28,1,13634.599609375,17.8499755859375
2021-01-29,533.3499755859375,544.9500122070312,529.4500122070312,537.0,33172808.0,4,29,1,14281.2001953125,15.5
2021-02-01,552.0,609.4500122070312,551.0,603.7999877929688,69354326.0,0,1,2,14647.849609375,58.45001220703125
2021-02-02,613.0,624.0,598.7000122070312,617.3499755859375,42362384.0,1,2,2,14789.9501953125,25.29998779296875
2021-02-03,623.4000244140625,627.5,614.0,622.3499755859375,27155908.0,2,3,2,14895.650390625,13.5
2021-02-04,618.7999877929688,631.6500244140625,609.0,628.2999877929688,29982222.0,3,4,2,14924.25,22.6500244140625
2021-02-05,628.2999877929688,635.2999877929688,611.0,614.1500244140625,32015570.0,4,5,2,15115.7998046875,24.29998779296875
2021-02-08,622.3499755859375,633.9500122070312,622.3499755859375,629.5999755859375,18230551.0,0,8,2,15109.2998046875,11.60003662109375
2021-02-09,631.3499755859375,643.2000122070312,628.5999755859375,633.3499755859375,27155615.0,1,9,2,15106.5,14.60003662109375
2021-02-10,633.3499755859375,638.2000122070312,626.4000244140625,632.1500244140625,23967387.0,2,10,2,15173.2998046875,11.79998779296875
2021-02-11,626.75,633.5999755859375,624.0999755859375,630.6500244140625,16072702.0,3,11,2,15163.2998046875,9.5
2021-02-12,629.9000244140625,649.9000244140625,629.4000244140625,647.5999755859375,19049709.0,4,12,2,15314.7001953125,20.5
2021-02-15,655.0,676.7999877929688,652.0,673.9500122070312,27155194.0,0,15,2,15313.4501953125,24.79998779296875
2021-02-16,673.4000244140625,679.4000244140625,649.5499877929688,658.3499755859375,24966739.0,1,16,2,15208.900390625,29.85003662109375
2021-02-17,654.7999877929688,664.9500122070312,649.3499755859375,657.3499755859375,21684753.0,2,17,2,15118.9501953125,15.60003662109375
2021-02-18,650.0,652.4000244140625,637.5999755859375,644.6500244140625,27845347.0,3,18,2,14981.75,14.800048828125
2021-02-19,635.5,635.5,619.0,624.0499877929688,24055811.0,4,19,2,14675.7001953125,16.5
2021-02-22,622.0,629.2999877929688,607.2999877929688,609.8499755859375,27092321.0,0,22,2,14707.7998046875,22.0
2021-02-23,614.75,623.0499877929688,609.0499877929688,616.2999877929688,23534585.0,1,23,2,14982.0,14.0
2021-02-24,615.0999755859375,645.0,615.0999755859375,641.0999755859375,17762047.0,2,24,2,15097.349609375,29.9000244140625
2021-02-25,642.7000122070312,648.4000244140625,626.2999877929688,628.0,38571809.0,3,25,2,14529.150390625,22.10003662109375
2021-02-26,615.0,615.0,590.9000244140625,597.75,57349273.0,4,26,2,14761.5498046875,24.0999755859375
2021-03-01,607.5499877929688,611.8499755859375,600.2000122070312,608.3499755859375,21527318.0,0,1,3,14919.099609375,11.64996337890625
2021-03-02,610.0,616.5,599.0,610.5,24051433.0,1,2,3,15245.599609375,17.5
2021-03-03,618.0,633.75,613.8499755859375,632.0999755859375,21036174.0,2,3,3,15080.75,19.9000244140625
2021-03-04,618.75,630.9000244140625,615.7999877929688,620.75,25057198.0,3,4,3,14938.099609375,15.10003662109375
2021-03-05,613.2000122070312,614.7000122070312,601.5,609.4500122070312,26645968.0,4,5,3,14956.2001953125,13.20001220703125
2021-03-08,611.5999755859375,616.0,601.1500244140625,608.0499877929688,19632433.0,0,8,3,15098.400390625,14.8499755859375
2021-03-09,614.8499755859375,628.3499755859375,612.2999877929688,625.0999755859375,23056249.0,1,9,3,15174.7998046875,16.04998779296875
2021-03-10,628.75,630.5,621.7999877929688,625.5999755859375,15838994.0,2,10,3,15030.9501953125,8.70001220703125
2021-03-12,631.4500122070312,638.0,608.3499755859375,612.8499755859375,21757862.0,4,12,3,14929.5,29.6500244140625
2021-03-15,611.9000244140625,612.8499755859375,590.5999755859375,603.5,24347946.0,0,15,3,14910.4501953125,22.25
2021-03-16,606.8499755859375,607.0,593.6500244140625,594.9500122070312,17925629.0,1,16,3,14721.2998046875,13.3499755859375
2021-03-17,597.5499877929688,603.6500244140625,587.0,589.5,20214082.0,2,17,3,14557.849609375,16.6500244140625
2021-03-18,594.75,601.4000244140625,575.5,578.5999755859375,22776537.0,3,18,3,14744.0,25.9000244140625
2021-03-19,575.2000122070312,588.9000244140625,570.0,586.6500244140625,29162618.0,4,19,3,14736.400390625,18.9000244140625
2021-03-22,586.8499755859375,586.8499755859375,569.5,573.4500122070312,21755401.0,0,22,3,14814.75,17.3499755859375
2021-03-23,576.0,589.25,574.2999877929688,586.4000244140625,29486417.0,1,23,3,14549.400390625,14.95001220703125
2021-03-24,580.0,580.5499877929688,565.0,567.5,24434219.0,2,24,3,14324.900390625,15.54998779296875
2021-03-25,568.0999755859375,579.0,557.0999755859375,571.5499877929688,27170186.0,3,25,3,14507.2998046875,21.9000244140625
2021-03-26,584.5,584.5,574.2999877929688,578.5499877929688,20724410.0,4,26,3,14845.099609375,10.20001220703125
2021-03-30,582.0,593.0999755859375,582.0,591.4500122070312,28011943.0,1,30,3,14690.7001953125,11.0999755859375
2021-03-31,586.0,589.6500244140625,579.0,582.0999755859375,20119972.0,2,31,3,14867.349609375,10.6500244140625
2021-04-01,587.5499877929688,596.0999755859375,580.2000122070312,594.4000244140625,15631940.0,3,1,4,14637.7998046875,15.89996337890625
2021-04-05,592.0,592.0,563.5,571.25,23260127.0,0,5,4,14683.5,28.5
2021-04-06,574.7000122070312,578.5,564.4000244140625,565.9000244140625,23284697.0,1,6,4,14819.0498046875,14.0999755859375
2021-04-07,566.5499877929688,580.0,559.4000244140625,577.6500244140625,23984399.0,2,7,4,14873.7998046875,20.5999755859375
2021-04-08,582.0,585.8499755859375,573.2999877929688,576.7000122070312,19262565.0,3,8,4,14834.849609375,12.54998779296875
2021-04-09,573.9500122070312,579.0,565.0,566.2000122070312,23239564.0,4,9,4,14310.7998046875,14.0
2021-04-12,551.4000244140625,551.9500122070312,531.1500244140625,538.5499877929688,26601702.0,0,12,4,14504.7998046875,20.79998779296875
2021-04-13,541.0,563.7999877929688,537.8499755859375,560.5999755859375,25445897.0,1,13,4,14581.4501953125,25.95001220703125
2021-04-15,565.9500122070312,576.75,554.1500244140625,575.2000122070312,37614884.0,3,15,4,14617.849609375,22.5999755859375
2021-04-16,574.5999755859375,577.75,564.0999755859375,566.9500122070312,24045008.0,4,16,4,14359.4501953125,13.6500244140625
2021-04-19,550.0,562.2999877929688,534.4000244140625,559.75,28526176.0,0,19,4,14296.400390625,27.89996337890625
2021-04-20,565.2000122070312,572.6500244140625,552.5999755859375,559.0999755859375,24425842.0,1,20,4,14406.150390625,20.050048828125
2021-04-22,552.0,580.5999755859375,546.9000244140625,579.2000122070312,34942633.0,3,22,4,14341.349609375,33.699951171875
2021-04-23,569.9000244140625,580.5,567.0499877929688,569.9500122070312,33749097.0,4,23,4,14485.0,13.45001220703125
2021-04-26,602.0,605.5,588.0,591.0999755859375,62584522.0,0,26,4,14653.0498046875,17.5
2021-04-27,593.25,601.9500122070312,591.0999755859375,598.75,24239685.0,1,27,4,14864.5498046875,10.85003662109375
2021-04-28,598.0,622.7999877929688,598.0,621.3499755859375,33292864.0,2,28,4,14894.900390625,24.79998779296875
2021-04-29,622.5499877929688,628.4500122070312,609.0,621.4500122070312,34537860.0,3,29,4,14631.099609375,19.45001220703125
2021-04-30,610.0999755859375,616.3499755859375,598.0999755859375,600.5,23653258.0,4,30,4,14634.150390625,18.25
2021-05-03,592.5499877929688,598.8499755859375,587.5,596.75,18010557.0,0,3,5,14496.5,11.3499755859375
2021-05-04,596.6500244140625,608.0,589.0,591.5499877929688,15115127.0,1,4,5,14617.849609375,19.0
2021-05-05,595.2999877929688,604.7999877929688,584.7000122070312,602.7999877929688,17253943.0,2,5,5,14724.7998046875,20.0999755859375
2021-05-06,602.7999877929688,610.8499755859375,599.25,608.2000122070312,16949763.0,3,6,5,14823.150390625,11.5999755859375
2021-05-07,612.0,614.7999877929688,603.7000122070312,607.0999755859375,10941083.0,4,7,5,14942.349609375,11.0999755859375
2021-05-10,611.0,617.0,611.0,613.25,12060808.0,0,10,5,14850.75,6.0
2021-05-11,606.4000244140625,612.9000244140625,603.25,609.8499755859375,13818480.0,1,11,5,14696.5,9.6500244140625
2021-05-12,603.2000122070312,606.6500244140625,593.2000122070312,594.75,14785569.0,2,12,5,14677.7998046875,13.45001220703125
2021-05-14,592.0,601.9500122070312,591.0999755859375,597.2999877929688,12675754.0,4,14,5,14923.150390625,10.85003662109375
2021-05-17,603.25,624.5,601.2000122070312,623.5999755859375,20453101.0,0,17,5,15108.099609375,23.29998779296875
2021-05-18,628.0,635.5,626.0,633.2000122070312,19242627.0,1,18,5,15030.150390625,9.5
2021-05-19,627.0999755859375,634.0,623.3499755859375,625.4500122070312,13911576.0,2,19,5,14906.0498046875,10.6500244140625
2021-05-20,628.0499877929688,632.9000244140625,616.6500244140625,618.5999755859375,13900762.0,3,20,5,15175.2998046875,16.25
2021-05-21,622.2999877929688,643.9500122070312,622.2999877929688,642.4500122070312,23975898.0,4,21,5,15197.7001953125,21.6500244140625
2021-05-24,643.25,653.4500122070312,638.0,647.3499755859375,20323003.0,0,24,5,15208.4501953125,15.45001220703125
2021-05-25,650.0999755859375,652.0,642.5,650.2999877929688,14884778.0,1,25,5,15301.4501953125,9.5
2021-05-26,649.3499755859375,656.6500244140625,643.2999877929688,652.5,14487031.0,2,26,5,15337.849609375,13.35003662109375
2021-05-27,651.0999755859375,656.5,648.0999755859375,652.25,23349546.0,3,27,5,15435.650390625,8.4000244140625
2021-05-28,658.0499877929688,660.0,639.25,643.0499877929688,14191446.0,4,28,5,15582.7998046875,20.75
2021-05-31,643.75,665.0,643.75,662.75,21786138.0,0,31,5,15574.849609375,21.25
2021-06-01,664.5499877929688,664.9000244140625,648.3499755859375,650.0999755859375,14123196.0,1,1,6,15576.2001953125,16.550048828125
2021-06-02,648.5,649.3499755859375,641.0999755859375,648.3499755859375,16025108.0,2,2,6,15690.349609375,8.25
2021-06-03,653.4500122070312,653.6500244140625,644.75,650.25,11805702.0,3,3,6,15670.25,8.9000244140625
2021-06-04,653.0,654.9000244140625,639.4000244140625,642.7000122070312,15111572.0,4,4,6,15751.650390625,15.5
2021-06-07,645.2000122070312,650.0,644.25,648.2000122070312,7556341.0,0,7,6,15740.099609375,5.75
2021-06-08,648.0,648.0,637.4000244140625,642.4000244140625,11912935.0,1,8,6,15635.349609375,10.5999755859375
2021-06-09,644.4000244140625,645.5999755859375,628.7999877929688,636.0999755859375,15823094.0,2,9,6,15737.75,16.79998779296875
2021-06-10,635.4500122070312,642.4000244140625,631.0,640.4000244140625,10712418.0,3,10,6,15799.349609375,11.4000244140625
2021-06-11,644.0,644.5499877929688,631.5,635.7000122070312,9015059.0,4,11,6,15811.849609375,13.04998779296875
2021-06-14,635.7000122070312,636.0999755859375,623.3499755859375,635.1500244140625,10170497.0,0,14,6,15869.25,12.75
2021-06-15,636.3499755859375,646.2000122070312,636.0,645.2999877929688,11039987.0,1,15,6,15767.5498046875,10.20001220703125
2021-06-16,644.9000244140625,649.2000122070312,637.5999755859375,640.0999755859375,8601339.0,2,16,6,15691.400390625,11.60003662109375
2021-06-17,633.0499877929688,637.5499877929688,626.7000122070312,633.0,9720060.0,3,17,6,15683.349609375,10.8499755859375
2021-06-18,632.5999755859375,636.5999755859375,620.7000122070312,630.4000244140625,13820690.0,4,18,6,15746.5,15.89996337890625
2021-06-21,622.8499755859375,633.0999755859375,616.25,631.25,13407446.0,0,21,6,15772.75,16.8499755859375
2021-06-22,635.0,644.0999755859375,629.5499877929688,630.8499755859375,15270093.0,1,22,6,15686.9501953125,14.54998779296875
2021-06-23,633.75,635.0,623.4500122070312,624.7000122070312,10950633.0,2,23,6,15790.4501953125,11.54998779296875
2021-06-24,627.0,636.2999877929688,624.4500122070312,634.0499877929688,12815724.0,3,24,6,15860.349609375,11.8499755859375
2021-06-25,636.0999755859375,650.0,636.0999755859375,649.0,14785922.0,4,25,6,15814.7001953125,13.9000244140625
2021-06-28,651.0,653.0,646.1500244140625,650.2999877929688,12093491.0,0,28,6,15748.4501953125,6.8499755859375
2021-06-29,646.2999877929688,648.75,636.4500122070312,640.0999755859375,12225470.0,1,29,6,15721.5,12.29998779296875
2021-06-30,638.2999877929688,640.7999877929688,629.7999877929688,630.9000244140625,14276494.0,2,30,6,15680.0,11.0
2021-07-01,633.9500122070312,637.4000244140625,630.0499877929688,630.8499755859375,10517081.0,3,1,7,15722.2001953125,7.35003662109375
2021-07-02,632.25,641.3499755859375,632.25,640.25,10999396.0,4,2,7,15834.349609375,9.0999755859375
2021-07-05,642.75,648.5,641.2000122070312,647.8499755859375,7358568.0,0,5,7,15818.25,7.29998779296875
2021-07-06,645.2000122070312,655.0,645.2000122070312,650.2999877929688,9209891.0,1,6,7,15879.650390625,9.79998779296875
2021-07-07,650.9000244140625,654.75,645.9000244140625,654.0,7741559.0,2,7,7,15727.900390625,8.8499755859375
2021-07-08,650.5,654.0,638.0999755859375,641.9000244140625,10782941.0,3,8,7,15689.7998046875,15.9000244140625
2021-07-09,639.5,641.1500244140625,633.7999877929688,638.5499877929688,7069698.0,4,9,7,15692.599609375,7.35003662109375
2021-07-12,646.0,650.25,642.4000244140625,646.25,6992783.0,0,12,7,15812.349609375,7.8499755859375
2021-07-13,655.1500244140625,666.3499755859375,653.0,664.9500122070312,19825411.0,1,13,7,15853.9501953125,13.3499755859375
2021-07-14,662.0,668.0,658.2000122070312,664.3499755859375,11648541.0,2,14,7,15924.2001953125,9.79998779296875
2021-07-15,665.0999755859375,669.5999755859375,661.0999755859375,667.4500122070312,8244429.0,3,15,7,15923.400390625,8.5
2021-07-16,667.4500122070312,667.75,657.7000122070312,660.2999877929688,9212875.0,4,16,7,15752.400390625,10.04998779296875
2021-07-19,645.6500244140625,656.9000244140625,645.5499877929688,655.9000244140625,9121737.0,0,19,7,15632.099609375,11.35003662109375
2021-07-20,648.6500244140625,651.25,639.0999755859375,641.9000244140625,13169127.0,1,20,7,15824.0498046875,12.1500244140625
2021-07-22,652.5,660.2999877929688,648.2999877929688,655.9500122070312,13123569.0,3,22,7,15856.0498046875,12.0
2021-07-23,655.9500122070312,677.8499755859375,650.75,676.6500244140625,19298083.0,4,23,7,15824.4501953125,27.0999755859375
2021-07-26,680.0,687.75,663.5999755859375,676.75,31054759.0,0,26,7,15746.4501953125,24.1500244140625
2021-07-27,680.1500244140625,685.5999755859375,673.2999877929688,677.4500122070312,12598869.0,1,27,7,15709.400390625,12.29998779296875
2021-07-28,677.9000244140625,687.0,670.0499877929688,685.0499877929688,18367497.0,2,28,7,15778.4501953125,16.95001220703125
2021-07-29,692.5,692.5,683.0999755859375,687.5,11043138.0,3,29,7,15763.0498046875,9.4000244140625
2021-07-30,687.0,687.6500244140625,678.0,682.5,14536250.0,4,30,7,15885.150390625,9.6500244140625
2021-08-02,684.0499877929688,688.0499877929688,677.7000122070312,681.4000244140625,9348206.0,0,2,8,16130.75,10.3499755859375
2021-08-03,683.0,691.9000244140625,676.6500244140625,690.4000244140625,10162609.0,1,3,8,16258.7998046875,15.25
2021-08-04,694.0,717.4000244140625,693.2000122070312,714.6500244140625,28730606.0,2,4,8,16294.599609375,24.20001220703125
2021-08-05,715.5,716.5,699.0499877929688,702.4500122070312,17774554.0,3,5,8,16238.2001953125,17.45001220703125
2021-08-06,705.0499877929688,706.0,695.7000122070312,697.6500244140625,14701949.0,4,6,8,16258.25,10.29998779296875
2021-08-09,697.4000244140625,706.2999877929688,694.3499755859375,702.8499755859375,8602980.0,0,9,8,16280.099609375,11.95001220703125
2021-08-10,704.0999755859375,708.2999877929688,697.2999877929688,700.9000244140625,10843554.0,1,10,8,16282.25,11.0
2021-08-11,706.25,707.1500244140625,690.0,693.5499877929688,9748084.0,2,11,8,16364.400390625,17.1500244140625
2021-08-12,693.5,702.9500122070312,693.2999877929688,701.3499755859375,8840339.0,3,12,8,16529.099609375,9.6500244140625
2021-08-13,707.0499877929688,709.9000244140625,701.0,704.7999877929688,12787590.0,4,13,8,16563.05078125,8.9000244140625
2021-08-16,702.4000244140625,707.4000244140625,698.6500244140625,702.6500244140625,7920846.0,0,16,8,16614.599609375,8.75
2021-08-17,699.7999877929688,702.9000244140625,691.5,701.2000122070312,8669653.0,1,17,8,16568.849609375,11.4000244140625
2021-08-18,700.8499755859375,700.8499755859375,683.5999755859375,688.2999877929688,11069373.0,2,18,8,16450.5,17.25
2021-08-20,683.8499755859375,684.4000244140625,675.3499755859375,680.7000122070312,13121808.0,4,20,8,16496.44921875,9.050048828125
2021-08-23,689.9500122070312,689.9500122070312,673.8499755859375,682.7000122070312,10917371.0,0,23,8,16624.599609375,16.10003662109375
2021-08-24,683.25,697.25,680.4000244140625,694.4500122070312,9821388.0,1,24,8,16634.650390625,16.8499755859375
2021-08-25,699.9500122070312,700.4500122070312,687.1500244140625,691.0499877929688,9535359.0,2,25,8,16636.900390625,13.29998779296875
2021-08-26,692.0499877929688,701.5499877929688,690.0,698.7999877929688,10756731.0,3,26,8,16705.19921875,11.54998779296875
2021-08-27,696.0999755859375,700.4500122070312,689.0499877929688,699.75,9135827.0,4,27,8,16931.05078125,11.4000244140625
