Date,Open,High,Low,Close,Volume,Day of Week,Day of Month,Month,NIFTY50,Range
2016-01-01,550.0,554.4749755859375,546.5999755859375,552.625,1806550.0,4,1,1,7791.2998046875,7.875
2016-01-04,549.9749755859375,551.2249755859375,538.0250244140625,539.4500122070312,3975362.0,0,4,1,7784.64990234375,13.199951171875
2016-01-05,542.75,542.75,531.125,537.0250244140625,4949786.0,1,5,1,7741.0,11.625
2016-01-06,537.3250122070312,537.3250122070312,529.4500122070312,534.6749877929688,5588328.0,2,6,1,7568.2998046875,7.875
2016-01-07,530.0250244140625,533.9500122070312,523.9500122070312,525.4000244140625,5294088.0,3,7,1,7601.35009765625,10.0
2016-01-08,530.75,533.7000122070312,527.75,531.6500244140625,3156716.0,4,8,1,7563.85009765625,5.95001220703125
2016-01-11,528.1500244140625,534.9749755859375,526.0499877929688,527.8499755859375,5360622.0,0,11,1,7510.2998046875,8.92498779296875
2016-01-12,531.0,531.4749755859375,515.4249877929688,524.9749755859375,6565212.0,1,12,1,7562.39990234375,16.04998779296875
2016-01-13,528.5,545.5,524.0499877929688,541.7000122070312,8751294.0,2,13,1,7536.7998046875,21.45001220703125
2016-01-14,533.0,577.5,527.1749877929688,566.5,30227006.0,3,14,1,7437.7998046875,50.32501220703125
2016-01-15,574.0,582.0,568.7750244140625,569.9500122070312,13036614.0,4,15,1,7351.0,13.2249755859375
2016-01-18,569.9500122070312,581.0499877929688,564.1749877929688,565.9500122070312,10066612.0,0,18,1,7435.10009765625,16.875
2016-01-19,567.5,579.4749755859375,564.2750244140625,569.8250122070312,7500436.0,1,19,1,7309.2998046875,15.199951171875
2016-01-20,567.0,580.0,558.5,560.625,7507998.0,2,20,1,7276.7998046875,21.5
2016-01-21,567.5,571.25,561.0,568.5250244140625,6743000.0,3,21,1,7422.4501953125,10.25
2016-01-22,574.0499877929688,576.25,565.5,568.125,6436018.0,4,22,1,7436.14990234375,10.75
2016-01-25,570.125,573.4249877929688,562.2750244140625,568.8250122070312,4579262.0,0,25,1,7437.75,11.14996337890625
2016-01-27,573.2249755859375,574.7999877929688,567.5,569.25,6971962.0,2,27,1,7424.64990234375,7.29998779296875
2016-01-28,568.0,571.2999877929688,563.0999755859375,564.7999877929688,7788598.0,3,28,1,7563.5498046875,8.20001220703125
2016-01-29,569.0,585.0,565.7999877929688,582.4500122070312,10232108.0,4,29,1,7555.9501953125,19.20001220703125
2016-02-01,585.0,589.9500122070312,580.7999877929688,586.6749877929688,4251126.0,0,1,2,7455.5498046875,9.1500244140625
2016-02-02,588.4249877929688,595.0,582.0,587.7750244140625,7632702.0,1,2,2,7361.7998046875,13.0
2016-02-03,583.9000244140625,587.9500122070312,576.375,578.8499755859375,5245966.0,2,3,2,7404.0,11.57501220703125
2016-02-04,580.0250244140625,597.4749755859375,580.0250244140625,589.875,5549346.0,3,4,2,7489.10009765625,17.449951171875
2016-02-05,587.75,593.3250122070312,585.9249877929688,587.3499755859375,3984224.0,4,5,2,7387.25,7.4000244140625
2016-02-08,581.875,586.0999755859375,571.9000244140625,575.4000244140625,4221044.0,0,8,2,7298.2001953125,14.199951171875
2016-02-09,564.1500244140625,564.1500244140625,546.75,553.8250122070312,7579572.0,1,9,2,7215.7001953125,17.4000244140625
2016-02-10,554.0,563.75,552.5,554.2750244140625,5866054.0,2,10,2,6976.35009765625,11.25
2016-02-11,555.5,556.5,535.5750122070312,539.3250122070312,5214378.0,3,11,2,6980.9501953125,20.92498779296875
2016-02-12,547.3499755859375,552.2000122070312,533.5,542.3250122070312,7408096.0,4,12,2,7162.9501953125,18.70001220703125
2016-02-15,548.125,550.0999755859375,543.2999877929688,545.875,5093478.0,0,15,2,7048.25,6.79998779296875
2016-02-16,543.5,546.375,536.8499755859375,539.5750122070312,5125448.0,1,16,2,7108.4501953125,9.5250244140625
2016-02-17,540.875,551.5,538.5,548.9249877929688,4164598.0,2,17,2,7191.75,13.0
2016-02-18,550.0,563.5,550.0,561.7000122070312,4189072.0,3,18,2,7210.75,13.5
2016-02-19,559.5999755859375,567.0999755859375,556.9249877929688,563.625,3974018.0,4,19,2,7234.5498046875,10.17498779296875
2016-02-22,565.5,566.9749755859375,557.0250244140625,563.3250122070312,3857010.0,0,22,2,7109.5498046875,9.949951171875
2016-02-23,565.125,566.25,558.0250244140625,561.9500122070312,2501960.0,1,23,2,7018.7001953125,8.2249755859375
2016-02-24,559.75,571.875,559.1749877929688,562.6749877929688,4950714.0,2,24,2,6970.60009765625,12.70001220703125
2016-02-25,562.7000122070312,565.2999877929688,550.5499877929688,555.1500244140625,4484528.0,3,25,2,7029.75,14.75
2016-02-26,560.0750122070312,566.0,558.0,560.5750122070312,4235636.0,4,26,2,6987.0498046875,8.0
2016-02-29,564.75,565.2000122070312,534.1500244140625,542.0250244140625,8166076.0,0,29,2,7222.2998046875,31.04998779296875
2016-03-01,547.4000244140625,565.1500244140625,547.4000244140625,562.7249755859375,6386154.0,1,1,3,7368.85009765625,17.75
2016-03-02,568.5250244140625,581.75,562.5,578.0,7214898.0,2,2,3,7475.60009765625,19.25
2016-03-03,584.0,596.4249877929688,577.0,584.6500244140625,5814304.0,3,3,3,7485.35009765625,19.42498779296875
2016-03-04,587.7999877929688,592.5,579.5499877929688,585.3250122070312,4281680.0,4,4,3,7485.2998046875,12.95001220703125
2016-03-08,581.5,595.25,573.7000122070312,581.7249755859375,7617746.0,1,8,3,7531.7998046875,21.54998779296875
2016-03-09,572.5,591.875,571.4749755859375,589.25,6305782.0,2,9,3,7486.14990234375,20.4000244140625
2016-03-10,581.4500122070312,581.4500122070312,569.6749877929688,571.25,24381016.0,3,10,3,7510.2001953125,11.7750244140625
2016-03-11,573.0999755859375,577.9749755859375,569.0999755859375,571.5,4058548.0,4,11,3,7538.75,8.875
2016-03-14,573.0,577.125,569.25,570.5999755859375,4174262.0,0,14,3,7460.60009765625,7.875
2016-03-15,572.0,577.25,564.4749755859375,567.2000122070312,6720258.0,1,15,3,7498.75,12.7750244140625
2016-03-16,570.9500122070312,577.5,565.7750244140625,576.2249755859375,5588850.0,2,16,3,7512.5498046875,11.7249755859375
2016-03-17,578.4500122070312,584.875,577.0250244140625,580.875,6474622.0,3,17,3,7604.35009765625,7.8499755859375
2016-03-18,581.4000244140625,599.5,581.0,596.7000122070312,8477422.0,4,18,3,7704.25,18.5
2016-03-21,594.0,599.5,590.0250244140625,597.4500122070312,5138392.0,0,21,3,7714.89990234375,9.4749755859375
2016-03-22,595.625,597.0,586.0,594.9749755859375,7097950.0,1,22,3,7716.5,11.0
2016-03-23,595.0,605.3499755859375,591.0499877929688,603.9000244140625,6333176.0,2,23,3,7615.10009765625,14.29998779296875
2016-03-28,616.2000122070312,618.5,597.875,602.4500122070312,10787510.0,0,28,3,7597.0,20.625
2016-03-29,599.5,609.4500122070312,595.7750244140625,598.625,6995356.0,1,29,3,7735.2001953125,13.67498779296875
2016-03-30,598.7999877929688,605.0,597.7750244140625,602.9749755859375,5756818.0,2,30,3,7738.39990234375,7.2249755859375
2016-03-31,605.125,614.9500122070312,600.1500244140625,609.1500244140625,17996320.0,3,31,3,7713.0498046875,14.79998779296875
2016-04-01,608.0,611.0999755859375,597.5499877929688,602.7249755859375,5511428.0,4,1,4,7758.7998046875,13.54998779296875
2016-04-04,606.7750244140625,624.0,606.7750244140625,621.8499755859375,4577054.0,0,4,4,7603.2001953125,17.2249755859375
2016-04-05,621.0,621.1500244140625,607.0,609.9000244140625,4790716.0,1,5,4,7614.35009765625,14.1500244140625
2016-04-06,614.0,614.0,598.0,600.3499755859375,4931354.0,2,6,4,7546.4501953125,16.0
2016-04-07,604.2000122070312,604.2000122070312,587.5,590.75,5657890.0,3,7,4,7555.2001953125,16.70001220703125
2016-04-08,587.9249877929688,588.75,581.0250244140625,582.875,4195578.0,4,8,4,7671.39990234375,7.7249755859375
2016-04-11,582.9000244140625,593.375,575.5499877929688,591.9500122070312,5768678.0,0,11,4,7708.9501953125,17.82501220703125
2016-04-12,590.25,597.4500122070312,589.2999877929688,591.0999755859375,5842138.0,1,12,4,7850.4501953125,8.1500244140625
2016-04-13,597.4749755859375,597.4749755859375,583.1749877929688,586.3499755859375,12511386.0,2,13,4,7914.7001953125,14.29998779296875
2016-04-18,625.0,633.9500122070312,616.75,619.3499755859375,25015990.0,0,18,4,7914.75,17.20001220703125
2016-04-20,622.0,623.2249755859375,612.9000244140625,621.7999877929688,8072848.0,2,20,4,7912.0498046875,10.324951171875
2016-04-21,625.5,625.5,609.0499877929688,613.1500244140625,5441100.0,3,21,4,7899.2998046875,16.45001220703125
2016-04-22,613.1500244140625,614.25,603.5,605.625,5143938.0,4,22,4,7855.0498046875,10.75
2016-04-25,606.0250244140625,612.4000244140625,600.5499877929688,607.9249877929688,5364134.0,0,25,4,7962.64990234375,11.85003662109375
2016-04-26,607.7249755859375,619.7750244140625,604.2999877929688,616.0750122070312,5846744.0,1,26,4,7979.89990234375,15.47503662109375
2016-04-27,614.5999755859375,621.1749877929688,614.2750244140625,620.0750122070312,4486208.0,2,27,4,7847.25,6.89996337890625
2016-04-28,615.5,619.7999877929688,603.5,604.5750122070312,12165168.0,3,28,4,7849.7998046875,16.29998779296875
2016-04-29,605.7249755859375,611.7750244140625,602.5,604.0499877929688,5036410.0,4,29,4,7805.89990234375,9.2750244140625
2016-05-02,605.0,605.5750122070312,598.0750122070312,600.5250244140625,3615250.0,0,2,5,7747.0,7.5
2016-05-03,601.375,606.0999755859375,585.9000244140625,588.9000244140625,6824810.0,1,3,5,7706.5498046875,20.199951171875
2016-05-04,590.5,596.5,585.3250122070312,594.4249877929688,5812842.0,2,4,5,7735.5,11.17498779296875
2016-05-05,597.5750122070312,599.5,590.5499877929688,596.2249755859375,6302668.0,3,5,5,7733.4501953125,8.95001220703125
2016-05-06,594.9000244140625,594.9000244140625,588.5250244140625,590.75,2596720.0,4,6,5,7866.0498046875,6.375
2016-05-09,591.0,600.7750244140625,590.2999877929688,599.5250244140625,5123678.0,0,9,5,7887.7998046875,10.47503662109375
2016-05-10,601.25,608.3250122070312,598.2999877929688,606.4000244140625,3395704.0,1,10,5,7848.85009765625,10.0250244140625
2016-05-11,599.25,607.3499755859375,596.25,600.9249877929688,3709888.0,2,11,5,7900.39990234375,11.0999755859375
2016-05-12,601.9500122070312,606.5,598.4000244140625,605.0,3406932.0,3,12,5,7814.89990234375,8.0999755859375
2016-05-13,603.0,605.0,596.0750122070312,603.625,5652064.0,4,13,5,7860.75,8.92498779296875
2016-05-16,605.0999755859375,611.8250122070312,602.5,607.5,4533878.0,0,16,5,7890.75,9.32501220703125
2016-05-17,610.0,612.875,604.0750122070312,607.125,3796294.0,1,17,5,7870.14990234375,8.79998779296875
2016-05-18,599.5,607.0,598.9500122070312,604.9249877929688,4256596.0,2,18,5,7783.39990234375,8.04998779296875
2016-05-19,605.4749755859375,608.0750122070312,600.5,602.875,3954400.0,3,19,5,7749.7001953125,7.57501220703125
2016-05-20,602.5,609.75,600.0,600.7999877929688,3994548.0,4,20,5,7731.0498046875,9.75
2016-05-23,601.7000122070312,602.5750122070312,592.5,594.0,4585946.0,0,23,5,7748.85009765625,10.07501220703125
2016-05-24,595.5250244140625,595.875,588.7999877929688,593.875,3485060.0,1,24,5,7934.89990234375,7.07501220703125
2016-05-25,597.0499877929688,606.5499877929688,597.0499877929688,604.3250122070312,3857396.0,2,25,5,8069.64990234375,9.5
2016-05-26,605.0499877929688,619.9000244140625,605.0499877929688,617.0750122070312,6136436.0,3,26,5,8156.64990234375,14.85003662109375
2016-05-27,615.7999877929688,629.75,615.7999877929688,623.75,6180764.0,4,27,5,8178.5,13.95001220703125
2016-05-30,620.75,636.0,620.75,633.7999877929688,5285700.0,0,30,5,8160.10009765625,15.25
2016-05-31,632.5,633.375,619.5,624.3250122070312,13782038.0,1,31,5,8179.9501953125,13.875
2016-06-01,623.0250244140625,634.25,623.0,629.0999755859375,4840534.0,2,1,6,8218.9501953125,11.25
2016-06-02,627.5,637.4500122070312,627.0,630.7750244140625,5053552.0,3,2,6,8220.7998046875,10.45001220703125
2016-06-03,630.0250244140625,639.6500244140625,630.0250244140625,633.4500122070312,3998380.0,4,3,6,8201.0498046875,9.625
2016-06-06,632.4500122070312,638.5,630.5499877929688,633.375,4225768.0,0,6,6,8266.4501953125,7.95001220703125
2016-06-07,633.5,636.25,627.5499877929688,628.7000122070312,5692420.0,1,7,6,8273.0498046875,8.70001220703125
2016-06-08,631.9749755859375,631.9749755859375,617.6749877929688,619.0499877929688,8741370.0,2,8,6,8203.599609375,14.29998779296875
2016-06-09,613.125,613.125,590.0250244140625,592.75,12740804.0,3,9,6,8170.0498046875,23.0999755859375
2016-06-10,587.7000122070312,595.0,585.0499877929688,590.2999877929688,6383956.0,4,10,6,8110.60009765625,9.95001220703125
2016-06-13,588.4000244140625,592.4500122070312,583.0,590.4500122070312,5286722.0,0,13,6,8108.85009765625,9.45001220703125
2016-06-14,591.2000122070312,591.2000122070312,583.625,587.5,2940728.0,1,14,6,8206.599609375,7.57501220703125
2016-06-15,591.8499755859375,596.3250122070312,589.5250244140625,594.9749755859375,6711572.0,2,15,6,8140.75,6.79998779296875
2016-06-16,594.75,594.75,585.0499877929688,593.0,5302564.0,3,16,6,8170.2001953125,9.70001220703125
2016-06-17,594.5,596.375,587.5499877929688,589.75,8515082.0,4,17,6,8238.5,8.82501220703125
2016-06-20,590.5,605.9000244140625,589.8499755859375,604.375,6229566.0,0,20,6,8219.900390625,16.050048828125
2016-06-21,605.5999755859375,607.4000244140625,597.8250122070312,603.0499877929688,4761724.0,1,21,6,8203.7001953125,9.57501220703125
2016-06-22,602.0,605.9749755859375,594.0750122070312,599.75,3031258.0,2,22,6,8270.4501953125,11.89996337890625
2016-06-23,598.6500244140625,607.4249877929688,596.6749877929688,605.7999877929688,3828626.0,3,23,6,8088.60009765625,10.75
2016-06-24,594.0,599.5,580.0,597.2750244140625,7808348.0,4,24,6,8094.7001953125,19.5
2016-06-27,586.0250244140625,591.5999755859375,580.0,583.0999755859375,5583778.0,0,27,6,8127.85009765625,11.5999755859375
2016-06-28,581.4000244140625,586.25,577.5499877929688,579.5750122070312,7655974.0,1,28,6,8204.0,8.70001220703125
2016-06-29,584.5,589.9500122070312,580.0999755859375,588.4249877929688,5459150.0,2,29,6,8287.75,9.85003662109375
2016-06-30,590.25,592.25,583.9749755859375,585.4000244140625,9346224.0,3,30,6,8328.349609375,8.2750244140625
2016-07-01,590.0,590.0,585.0499877929688,586.2000122070312,3991912.0,4,1,7,8370.7001953125,4.95001220703125
2016-07-04,588.0999755859375,597.2999877929688,588.0999755859375,591.9749755859375,5381322.0,0,4,7,8335.9501953125,9.20001220703125
2016-07-05,592.5,593.75,585.5250244140625,587.7249755859375,3596416.0,1,5,7,8337.900390625,8.2249755859375
2016-07-07,584.3499755859375,585.5,577.5,578.625,5954876.0,3,7,7,8323.2001953125,8.0
2016-07-08,581.5,583.5,576.75,579.0999755859375,5551648.0,4,8,7,8467.900390625,6.75
2016-07-11,583.7000122070312,589.3499755859375,580.0,587.5250244140625,6668882.0,0,11,7,8521.0498046875,9.3499755859375
2016-07-12,590.0,590.1749877929688,584.0,588.2750244140625,6197368.0,1,12,7,8519.5,6.17498779296875
2016-07-13,590.0,597.9000244140625,587.5999755859375,596.9000244140625,5275420.0,2,13,7,8565.0,10.300048828125
2016-07-14,597.5,598.0250244140625,582.0,588.125,7413328.0,3,14,7,8541.400390625,16.0250244140625
2016-07-15,594.75,594.9500122070312,526.0,536.2750244140625,61484126.0,4,15,7,8508.7001953125,68.95001220703125
2016-07-18,538.625,542.4500122070312,527.5750122070312,540.9749755859375,14332824.0,0,18,7,8528.5498046875,14.875
2016-07-19,544.2999877929688,545.0,537.0499877929688,543.4749755859375,10404644.0,1,19,7,8565.849609375,7.95001220703125
2016-07-20,535.0,544.9500122070312,535.0,541.5499877929688,9822896.0,2,20,7,8510.099609375,9.95001220703125
2016-07-21,539.5,543.5999755859375,537.7999877929688,539.9500122070312,8668002.0,3,21,7,8541.2001953125,5.79998779296875
2016-07-22,535.0,539.9500122070312,533.3499755859375,536.2249755859375,9386538.0,4,22,7,8635.650390625,6.60003662109375
2016-07-25,531.5,541.625,531.5,540.4249877929688,8469552.0,0,25,7,8590.650390625,10.125
2016-07-26,535.1749877929688,544.9500122070312,535.1749877929688,544.3499755859375,7189610.0,1,26,7,8615.7998046875,9.7750244140625
2016-07-27,542.3499755859375,548.25,539.2750244140625,542.6749877929688,7431820.0,2,27,7,8666.2998046875,8.9749755859375
2016-07-28,542.7000122070312,543.4749755859375,537.0250244140625,538.75,11258562.0,3,28,7,8638.5,6.449951171875
2016-07-29,536.2999877929688,538.375,533.25,536.9249877929688,8156784.0,4,29,7,8636.5498046875,5.125
2016-08-01,535.75,543.9249877929688,534.1749877929688,542.625,9096662.0,0,1,8,8622.900390625,9.75
2016-08-02,539.9500122070312,542.5,537.5,541.9000244140625,6822502.0,1,2,8,8544.849609375,5.0
2016-08-03,542.8250122070312,543.25,535.1500244140625,542.4500122070312,7213460.0,2,3,8,8551.099609375,8.0999755859375
2016-08-04,543.2000122070312,543.4500122070312,535.0250244140625,535.9000244140625,4237278.0,3,4,8,8683.150390625,8.42498779296875
2016-08-05,536.0,536.7249755859375,530.0,534.0,5609968.0,4,5,8,8711.349609375,6.7249755859375
2016-08-08,534.5,540.5,531.2750244140625,539.3499755859375,4643064.0,0,8,8,8678.25,9.2249755859375
2016-08-09,538.5,542.25,535.75,541.7000122070312,7192664.0,1,9,8,8575.2998046875,6.5
2016-08-10,538.0,543.9500122070312,537.5999755859375,541.1749877929688,5576454.0,2,10,8,8592.150390625,6.35003662109375
2016-08-12,537.5250244140625,539.4000244140625,530.0,531.2750244140625,7449928.0,4,12,8,8642.5498046875,9.4000244140625
2016-08-16,521.0,529.0250244140625,514.0,525.9000244140625,16429408.0,1,16,8,8624.0498046875,15.0250244140625
2016-08-17,524.9749755859375,526.3250122070312,515.25,516.6500244140625,6599316.0,2,17,8,8673.25,11.07501220703125
2016-08-18,518.25,519.5499877929688,510.75,511.70001220703125,8434000.0,3,18,8,8666.900390625,8.79998779296875
2016-08-19,515.0,519.5,509.2250061035156,510.6499938964844,5686016.0,4,19,8,8629.150390625,10.274993896484375
2016-08-22,509.0,515.0,504.54998779296875,507.7250061035156,10253518.0,0,22,8,8632.599609375,10.45001220703125
2016-08-23,510.04998779296875,521.0,510.04998779296875,519.8250122070312,7406138.0,1,23,8,8650.2998046875,10.95001220703125
2016-08-24,523.5,531.0250244140625,523.5,528.7000122070312,6129966.0,2,24,8,8592.2001953125,7.5250244140625
2016-08-25,527.5,528.7999877929688,516.0499877929688,518.0750122070312,4796562.0,3,25,8,8572.5498046875,12.75
2016-08-26,518.0,523.0,508.5249938964844,510.125,6881054.0,4,26,8,8607.4501953125,14.475006103515625
2016-08-29,508.79998779296875,515.0,505.5,511.3999938964844,5220282.0,0,29,8,8744.349609375,9.5
2016-08-30,516.2249755859375,522.5,512.5,520.2000122070312,4375438.0,1,30,8,8786.2001953125,10.0
2016-08-31,518.5499877929688,522.875,513.9000244140625,517.9249877929688,11139814.0,2,31,8,8774.650390625,8.9749755859375
2016-09-01,519.0,520.2249755859375,516.0,518.7750244140625,2877826.0,3,1,9,8809.650390625,4.2249755859375
2016-09-02,519.5250244140625,520.0,513.0999755859375,515.9249877929688,3332592.0,4,2,9,8943.0,6.9000244140625
2016-09-06,519.125,524.4500122070312,517.7999877929688,522.5,8215044.0,1,6,9,8917.9501953125,6.6500244140625
2016-09-07,524.0,529.5,522.0,527.1749877929688,7425470.0,2,7,9,8952.5,7.5
2016-09-08,522.5,522.5,512.0,518.8250122070312,9092774.0,3,8,9,8866.7001953125,10.5
2016-09-09,518.5,520.5,513.2750244140625,517.75,5053438.0,4,9,9,8715.599609375,7.2249755859375
2016-09-12,512.625,529.0,512.625,527.0,6203096.0,0,12,9,8726.599609375,16.375
2016-09-14,526.9749755859375,528.9000244140625,520.3250122070312,522.7999877929688,5152418.0,2,14,9,8742.5498046875,8.57501220703125
2016-09-15,522.7999877929688,523.4000244140625,517.6749877929688,521.0999755859375,4701722.0,3,15,9,8779.849609375,5.72503662109375
2016-09-16,524.5,532.25,519.0499877929688,530.0750122070312,9949384.0,4,16,9,8808.400390625,13.20001220703125
2016-09-19,523.0,534.4500122070312,520.6749877929688,530.5999755859375,5809154.0,0,19,9,8775.900390625,13.7750244140625
2016-09-20,526.6500244140625,528.5750122070312,522.875,525.0750122070312,4214004.0,1,20,9,8777.150390625,5.70001220703125
2016-09-21,527.0,530.625,525.5250244140625,527.875,4231532.0,2,21,9,8867.4501953125,5.0999755859375
2016-09-22,529.5,530.5,526.0,529.4000244140625,3629514.0,3,22,9,8831.5498046875,4.5
2016-09-23,528.5,529.4000244140625,520.0,521.2750244140625,5205294.0,4,23,9,8723.0498046875,9.4000244140625
2016-09-26,521.375,522.0,515.5,517.9500122070312,6371798.0,0,26,9,8706.400390625,6.5
2016-09-27,517.5250244140625,524.9500122070312,516.6749877929688,519.875,6525660.0,1,27,9,8745.150390625,8.2750244140625
2016-09-28,520.0,521.1500244140625,516.625,519.4749755859375,5434708.0,2,28,9,8591.25,4.5250244140625
2016-09-29,522.4749755859375,522.4749755859375,512.0,514.5999755859375,8902638.0,3,29,9,8611.150390625,10.4749755859375
2016-09-30,515.5499877929688,521.9500122070312,515.5499877929688,518.0250244140625,6502354.0,4,30,9,8738.099609375,6.4000244140625
2016-10-03,517.75,520.0,513.0499877929688,519.0499877929688,3656160.0,0,3,10,8769.150390625,6.95001220703125
2016-10-04,520.0,525.7000122070312,519.1500244140625,524.5999755859375,5066586.0,1,4,10,8743.9501953125,6.54998779296875
2016-10-05,524.5999755859375,524.9249877929688,518.5,520.75,2307574.0,2,5,10,8709.5498046875,6.42498779296875
2016-10-06,522.5,522.5,512.9749755859375,513.7000122070312,3721882.0,3,6,10,8697.599609375,9.5250244140625
2016-10-07,514.9749755859375,516.9000244140625,505.04998779296875,506.2749938964844,6288558.0,4,7,10,8708.7998046875,11.85003662109375
2016-10-10,508.5,515.875,505.0,514.9749755859375,5413170.0,0,10,10,8573.349609375,10.875
2016-10-13,510.70001220703125,529.0,510.70001220703125,526.1749877929688,9778690.0,3,13,10,8583.400390625,18.29998779296875
2016-10-14,526.4500122070312,541.3499755859375,498.125,513.5750122070312,33461690.0,4,14,10,8520.400390625,43.2249755859375
2016-10-17,517.4749755859375,520.9000244140625,508.67498779296875,511.20001220703125,8014858.0,0,17,10,8677.900390625,12.22503662109375
2016-10-18,515.0,520.25,513.6500244140625,519.5250244140625,6388134.0,1,18,10,8659.099609375,6.5999755859375
2016-10-19,521.0,522.8499755859375,518.0,520.9000244140625,3509836.0,2,19,10,8699.400390625,4.8499755859375
2016-10-20,522.375,525.3499755859375,516.9000244140625,518.3250122070312,3535490.0,3,20,10,8693.0498046875,8.449951171875
2016-10-21,517.5,520.5,511.25,519.1500244140625,3863620.0,4,21,10,8708.9501953125,9.25
2016-10-24,518.75,521.3499755859375,512.75,513.5499877929688,2902974.0,0,24,10,8691.2998046875,8.5999755859375
2016-10-25,518.25,519.4500122070312,507.6000061035156,508.6000061035156,5636014.0,1,25,10,8615.25,11.850006103515625
2016-10-26,508.5,509.92498779296875,504.6499938964844,507.1000061035156,2775216.0,2,26,10,8615.25,5.274993896484375
2016-10-27,508.95001220703125,508.9750061035156,500.54998779296875,501.75,7227790.0,3,27,10,8638.0,8.425018310546875
2016-10-28,502.6000061035156,505.0,496.57501220703125,498.75,5840706.0,4,28,10,8626.25,8.42498779296875
2016-11-01,503.3999938964844,503.3999938964844,493.20001220703125,494.7250061035156,6332798.0,1,1,11,8514.0,10.199981689453125
2016-11-02,492.3999938964844,493.75,490.0,490.5249938964844,5377194.0,2,2,11,8484.9501953125,3.75
2016-11-03,490.5249938964844,491.0,482.54998779296875,483.42498779296875,5225108.0,3,3,11,8433.75,8.45001220703125
2016-11-04,483.5,489.6000061035156,480.5,485.5,6005548.0,4,4,11,8497.0498046875,9.100006103515625
2016-11-07,492.5,493.0,487.5,488.9750061035156,4537672.0,0,7,11,8543.5498046875,5.5
2016-11-08,493.45001220703125,493.875,485.29998779296875,491.29998779296875,5261108.0,1,8,11,8432.0,8.57501220703125
2016-11-09,465.0,487.29998779296875,450.5,479.1499938964844,12764158.0,2,9,11,8525.75,36.79998779296875
2016-11-10,481.25,481.25,467.5,469.70001220703125,7287330.0,3,10,11,8296.2998046875,13.75
2016-11-11,470.0,472.5,459.3500061035156,460.7749938964844,7096782.0,4,11,11,8108.4501953125,13.149993896484375
2016-11-15,462.0,469.9750061035156,454.2749938964844,461.7749938964844,9235850.0,1,15,11,8111.60009765625,15.70001220703125
2016-11-16,465.0,478.42498779296875,464.2749938964844,470.45001220703125,12222616.0,2,16,11,8079.9501953125,14.149993896484375
2016-11-17,467.125,474.5,463.20001220703125,464.8999938964844,5706730.0,3,17,11,8074.10009765625,11.29998779296875
2016-11-18,465.0,466.625,458.75,460.0,6040228.0,4,18,11,7929.10009765625,7.875
2016-11-21,463.45001220703125,463.45001220703125,453.4750061035156,455.54998779296875,7940568.0,0,21,11,8002.2998046875,9.975006103515625
2016-11-22,458.45001220703125,464.32501220703125,455.82501220703125,457.1000061035156,5483126.0,1,22,11,8033.2998046875,8.5
2016-11-23,461.04998779296875,461.45001220703125,456.2250061035156,460.125,8251786.0,2,23,11,7965.5,5.225006103515625
2016-11-24,464.1000061035156,469.95001220703125,461.6499938964844,465.1499938964844,16780644.0,3,24,11,8114.2998046875,8.300018310546875
2016-11-25,465.2250061035156,492.5,465.2250061035156,488.75,12631380.0,4,25,11,8126.89990234375,27.274993896484375
2016-11-28,489.6499938964844,491.7250061035156,485.29998779296875,489.875,7365712.0,0,28,11,8142.14990234375,6.425018310546875
2016-11-29,489.3999938964844,492.3500061035156,483.54998779296875,486.29998779296875,6125506.0,1,29,11,8224.5,8.800018310546875
2016-11-30,486.5,488.5,480.5249938964844,487.7749938964844,8500918.0,2,30,11,8192.900390625,7.975006103515625
2016-12-01,488.0,491.7749938964844,483.5,487.79998779296875,4611590.0,3,1,12,8086.7998046875,8.274993896484375
2016-12-02,482.3999938964844,484.79998779296875,480.54998779296875,482.25,4453228.0,4,2,12,8128.75,4.25
2016-12-05,482.95001220703125,484.29998779296875,479.0,480.82501220703125,3659576.0,0,5,12,8143.14990234375,5.29998779296875
2016-12-06,480.8999938964844,489.75,480.82501220703125,483.25,3562110.0,1,6,12,8102.0498046875,8.92498779296875
2016-12-07,484.0,486.5,480.1000061035156,483.20001220703125,3385980.0,2,7,12,8246.849609375,6.399993896484375
2016-12-08,485.0249938964844,493.04998779296875,485.0249938964844,492.32501220703125,5941662.0,3,8,12,8261.75,8.024993896484375
2016-12-09,492.5,504.07501220703125,490.75,494.67498779296875,8648384.0,4,9,12,8170.7998046875,13.32501220703125
2016-12-12,491.3999938964844,491.3999938964844,482.6000061035156,488.67498779296875,5345020.0,0,12,12,8221.7998046875,8.79998779296875
2016-12-13,490.25,496.42498779296875,485.54998779296875,495.1000061035156,4854282.0,1,13,12,8182.4501953125,10.875
2016-12-14,495.5,502.4750061035156,492.04998779296875,499.875,5382614.0,2,14,12,8153.60009765625,10.425018310546875
2016-12-15,498.70001220703125,509.4750061035156,494.5,496.17498779296875,7966416.0,3,15,12,8139.4501953125,14.975006103515625
2016-12-16,501.8999938964844,504.8500061035156,498.875,502.57501220703125,6436742.0,4,16,12,8104.35009765625,5.975006103515625
2016-12-19,503.04998779296875,504.125,497.04998779296875,502.32501220703125,4124134.0,0,19,12,8082.39990234375,7.07501220703125
2016-12-20,501.0,509.5,500.6499938964844,506.07501220703125,7636498.0,1,20,12,8061.2998046875,8.850006103515625
2016-12-21,508.0,511.0,499.125,500.7749938964844,7343976.0,2,21,12,7979.10009765625,11.875
2016-12-22,501.25,503.5,484.75,492.3500061035156,7060054.0,3,22,12,7985.75,18.75
2016-12-23,492.45001220703125,503.29998779296875,486.79998779296875,494.2250061035156,7306036.0,4,23,12,7908.25,16.5
2016-12-26,494.0,497.0,487.54998779296875,491.375,3213828.0,0,26,12,8032.85009765625,9.45001220703125
2016-12-27,491.375,500.95001220703125,490.0,499.4750061035156,4912816.0,1,27,12,8034.85009765625,10.95001220703125
2016-12-28,501.4750061035156,504.8999938964844,497.5,499.25,5476816.0,2,28,12,8103.60009765625,7.399993896484375
2016-12-29,501.875,504.0,494.07501220703125,496.17498779296875,6240124.0,3,29,12,8185.7998046875,9.92498779296875
2016-12-30,499.0,506.0,496.375,505.29998779296875,7267768.0,4,30,12,8179.5,9.625
2017-01-02,505.54998779296875,506.4750061035156,499.67498779296875,500.54998779296875,2335222.0,0,2,1,8192.25,6.800018310546875
2017-01-03,502.04998779296875,502.45001220703125,491.0,496.92498779296875,6778482.0,1,3,1,8190.5,11.45001220703125
2017-01-04,497.5249938964844,502.1000061035156,496.125,498.875,7073586.0,2,4,1,8273.7998046875,5.975006103515625
2017-01-05,500.79998779296875,504.75,494.375,498.07501220703125,8207074.0,3,5,1,8243.7998046875,10.375
2017-01-06,497.45001220703125,499.42498779296875,484.0249938964844,486.125,14393448.0,4,6,1,8236.0498046875,15.399993896484375
2017-01-09,486.125,488.4750061035156,482.5,485.17498779296875,10545692.0,0,9,1,8288.599609375,5.975006103515625
2017-01-10,488.5,490.5,483.9750061035156,485.2749938964844,11939854.0,1,10,1,8380.650390625,6.524993896484375
2017-01-11,487.1000061035156,489.2250061035156,481.9750061035156,484.54998779296875,12241574.0,2,11,1,8407.2001953125,7.25
2017-01-12,488.7749938964844,502.20001220703125,488.7749938964844,500.0249938964844,11855740.0,3,12,1,8400.349609375,13.425018310546875
2017-01-13,515.0,520.0,481.3500061035156,487.8999938964844,31276246.0,4,13,1,8412.7998046875,38.649993896484375
2017-01-16,482.5,482.7250061035156,476.2250061035156,477.82501220703125,12351372.0,0,16,1,8398.0,6.5
2017-01-17,478.125,482.0,476.20001220703125,477.70001220703125,5560094.0,1,17,1,8417.0,5.79998779296875
2017-01-18,479.04998779296875,480.5,474.8999938964844,475.3999938964844,5952962.0,2,18,1,8435.099609375,5.600006103515625
2017-01-19,475.5,479.79998779296875,474.04998779296875,479.04998779296875,8876480.0,3,19,1,8349.349609375,5.75
2017-01-20,475.0,476.57501220703125,473.0,474.3500061035156,9124742.0,4,20,1,8391.5,3.57501220703125
2017-01-23,472.5,479.0,470.0,476.3500061035156,7948580.0,0,23,1,8475.7998046875,9.0
2017-01-24,475.0,475.0,470.04998779296875,472.7749938964844,6826010.0,1,24,1,8602.75,4.95001220703125
2017-01-25,473.04998779296875,473.3999938964844,467.3999938964844,468.29998779296875,9978090.0,2,25,1,8641.25,6.0
2017-01-27,466.92498779296875,473.7749938964844,450.57501220703125,471.07501220703125,10635138.0,4,27,1,8632.75,23.199981689453125
2017-01-30,468.75,475.75,464.42498779296875,474.67498779296875,11369208.0,0,30,1,8561.2998046875,11.32501220703125
2017-01-31,470.75,470.75,452.17498779296875,464.29998779296875,24068534.0,1,31,1,8716.400390625,18.57501220703125
2017-02-01,460.54998779296875,461.6000061035156,452.57501220703125,458.375,11531782.0,2,1,2,8734.25,9.024993896484375
2017-02-02,458.5,472.5,455.04998779296875,467.95001220703125,11828268.0,3,2,2,8740.9501953125,17.45001220703125
2017-02-03,466.8999938964844,470.45001220703125,460.5249938964844,468.04998779296875,8423958.0,4,3,2,8801.0498046875,9.925018310546875
2017-02-06,468.625,471.875,465.2749938964844,467.625,6727934.0,0,6,2,8768.2998046875,6.600006103515625
2017-02-07,466.5,474.8999938964844,464.2749938964844,471.125,9268002.0,1,7,2,8769.0498046875,10.625
2017-02-08,468.0,472.04998779296875,466.2250061035156,468.25,6319962.0,2,8,2,8778.400390625,5.824981689453125
2017-02-09,468.5,475.0,468.2749938964844,473.0,11907266.0,3,9,2,8793.5498046875,6.725006103515625
2017-02-10,473.125,486.0,471.6499938964844,484.1499938964844,12252452.0,4,10,2,8805.0498046875,14.350006103515625
2017-02-13,486.42498779296875,493.04998779296875,481.42498779296875,492.17498779296875,13724268.0,0,13,2,8792.2998046875,11.625
2017-02-14,490.0,494.5,486.17498779296875,493.8500061035156,9338818.0,1,14,2,8724.7001953125,8.32501220703125
2017-02-15,494.6000061035156,499.3999938964844,484.3999938964844,490.8999938964844,7259486.0,2,15,2,8778.0,15.0
2017-02-16,495.5,506.95001220703125,495.0249938964844,506.04998779296875,12815858.0,3,16,2,8821.7001953125,11.925018310546875
2017-02-17,506.875,506.875,496.3500061035156,500.04998779296875,4851208.0,4,17,2,8879.2001953125,10.524993896484375
2017-02-20,498.25,515.5,496.75,505.125,4650662.0,0,20,2,8907.849609375,18.75
2017-02-21,511.04998779296875,512.25,500.0249938964844,506.79998779296875,7613996.0,1,21,2,8926.900390625,12.225006103515625
2017-02-22,507.5,507.5,493.20001220703125,495.07501220703125,6607838.0,2,22,2,8939.5,14.29998779296875
2017-02-23,499.45001220703125,510.0,496.67498779296875,504.42498779296875,9542656.0,3,23,2,8896.7001953125,13.32501220703125
2017-02-27,503.6499938964844,511.5,503.4750061035156,506.20001220703125,5328696.0,0,27,2,8879.599609375,8.024993896484375
2017-02-28,505.92498779296875,511.3500061035156,504.625,506.20001220703125,5940132.0,1,28,2,8945.7998046875,6.725006103515625
2017-03-01,506.0,513.5,505.04998779296875,512.5750122070312,4282448.0,2,1,3,8899.75,8.45001220703125
2017-03-02,512.2000122070312,514.0,508.25,511.6499938964844,2948498.0,3,2,3,8897.5498046875,5.75
2017-03-03,505.125,517.1500244140625,500.20001220703125,515.5999755859375,5401612.0,4,3,3,8963.4501953125,16.95001220703125
2017-03-06,510.0249938964844,517.9749755859375,509.8500061035156,516.9500122070312,5286386.0,0,6,3,8946.900390625,8.124969482421875
2017-03-07,511.0,512.9000244140625,507.3500061035156,509.8999938964844,4644496.0,1,7,3,8924.2998046875,5.550018310546875
2017-03-08,508.45001220703125,508.45001220703125,502.2250061035156,503.8999938964844,6179176.0,2,8,3,8927.0,6.225006103515625
2017-03-09,503.8999938964844,506.5,499.5,505.7749938964844,3480630.0,3,9,3,8934.5498046875,7.0
2017-03-10,507.5,513.8250122070312,506.70001220703125,510.92498779296875,4550324.0,4,10,3,9087.0,7.125
2017-03-14,511.3999938964844,520.9500122070312,511.3999938964844,517.4000244140625,7878396.0,1,14,3,9084.7998046875,9.550018310546875
2017-03-15,517.4500122070312,517.4500122070312,503.75,505.9750061035156,6373978.0,2,15,3,9153.7001953125,13.70001220703125
2017-03-16,506.6499938964844,515.8499755859375,506.6499938964844,514.4249877929688,6702956.0,3,16,3,9160.0498046875,9.199981689453125
2017-03-17,517.7000122070312,521.4500122070312,509.625,520.1500244140625,9507846.0,4,17,3,9126.849609375,11.82501220703125
2017-03-20,513.2750244140625,513.2750244140625,507.54998779296875,510.75,4427388.0,0,20,3,9121.5,5.72503662109375
2017-03-21,510.45001220703125,517.4749755859375,509.3999938964844,516.4249877929688,4869584.0,1,21,3,9030.4501953125,8.074981689453125
2017-03-22,511.2250061035156,519.9749755859375,510.20001220703125,513.8499755859375,3990852.0,2,22,3,9086.2998046875,9.77496337890625
2017-03-23,514.125,521.5,513.2999877929688,520.2249755859375,4501662.0,3,23,3,9108.0,8.20001220703125
2017-03-24,519.0,522.0,513.8499755859375,515.7000122070312,4883896.0,4,24,3,9045.2001953125,8.1500244140625
2017-03-27,513.5999755859375,520.9249877929688,512.25,514.4249877929688,7684824.0,0,27,3,9100.7998046875,8.67498779296875
2017-03-28,515.75,519.5,515.0250244140625,517.5750122070312,4796796.0,1,28,3,9143.7998046875,4.4749755859375
2017-03-29,517.1500244140625,520.75,512.9249877929688,515.9249877929688,6981186.0,2,29,3,9173.75,7.82501220703125
2017-03-30,517.0,517.9500122070312,510.125,512.75,12157180.0,3,30,3,9173.75,7.82501220703125
2017-03-31,511.625,514.6500244140625,504.0,511.125,14153854.0,4,31,3,9237.849609375,10.6500244140625
2017-04-03,516.0750122070312,516.2249755859375,503.04998779296875,504.3999938964844,4315600.0,0,3,4,9265.150390625,13.17498779296875
2017-04-05,502.5,502.70001220703125,495.5,497.9750061035156,7398338.0,2,5,4,9261.9501953125,7.20001220703125
2017-04-06,499.07501220703125,502.8999938964844,496.0,499.79998779296875,5379008.0,3,6,4,9198.2998046875,6.899993896484375
2017-04-07,500.45001220703125,500.45001220703125,489.5,490.7749938964844,6404508.0,4,7,4,9181.4501953125,10.95001220703125
2017-04-10,492.45001220703125,494.75,475.04998779296875,476.70001220703125,9528472.0,0,10,4,9237.0,19.70001220703125
2017-04-11,478.0249938964844,485.8500061035156,478.0249938964844,483.57501220703125,8655466.0,1,11,4,9203.4501953125,7.82501220703125
2017-04-12,485.0,488.45001220703125,480.17498779296875,484.42498779296875,6696752.0,2,12,4,9150.7998046875,8.2750244140625
2017-04-13,485.0,495.0,463.32501220703125,465.70001220703125,30973188.0,3,13,4,9139.2998046875,31.67498779296875
2017-04-17,465.0,466.04998779296875,461.75,462.45001220703125,7213434.0,0,17,4,9105.150390625,4.29998779296875
2017-04-18,462.375,467.0,459.54998779296875,461.32501220703125,4647518.0,1,18,4,9103.5,7.45001220703125
2017-04-19,461.5,465.0,456.32501220703125,459.6000061035156,10071702.0,2,19,4,9136.400390625,8.67498779296875
2017-04-20,460.75,464.8500061035156,459.2749938964844,463.6499938964844,4549000.0,3,20,4,9119.400390625,5.57501220703125
2017-04-21,467.3999938964844,467.3999938964844,460.54998779296875,461.8500061035156,3577466.0,4,21,4,9217.9501953125,6.850006103515625
2017-04-24,458.75,464.25,456.5,463.2749938964844,5556666.0,0,24,4,9306.599609375,7.75
2017-04-25,462.95001220703125,466.5,460.2749938964844,464.67498779296875,4737060.0,1,25,4,9351.849609375,6.225006103515625
2017-04-26,464.9750061035156,467.7749938964844,455.1000061035156,457.125,9084496.0,2,26,4,9342.150390625,12.67498779296875
2017-04-27,458.0,464.5,458.0,462.625,7797208.0,3,27,4,9304.0498046875,6.5
2017-04-28,463.42498779296875,463.70001220703125,457.79998779296875,459.4750061035156,5029702.0,4,28,4,9313.7998046875,5.9000244140625
2017-05-02,462.0,463.20001220703125,457.54998779296875,461.29998779296875,3231126.0,1,2,5,9311.9501953125,5.6500244140625
2017-05-03,463.25,469.54998779296875,458.82501220703125,467.1499938964844,4659448.0,2,3,5,9359.900390625,10.7249755859375
2017-05-04,468.5,469.82501220703125,464.45001220703125,468.82501220703125,5279806.0,3,4,5,9285.2998046875,5.375
2017-05-05,468.0,468.67498779296875,460.0,465.75,4432788.0,4,5,5,9314.0498046875,8.67498779296875
2017-05-08,469.0,474.2749938964844,466.0,472.75,4707098.0,0,8,5,9316.849609375,8.274993896484375
2017-05-09,475.29998779296875,475.9750061035156,471.04998779296875,473.32501220703125,5649372.0,1,9,5,9407.2998046875,4.925018310546875
2017-05-10,473.57501220703125,475.0,468.57501220703125,471.82501220703125,3364302.0,2,10,5,9422.400390625,6.42498779296875
2017-05-11,473.42498779296875,474.92498779296875,468.7749938964844,472.04998779296875,3229482.0,3,11,5,9400.900390625,6.149993896484375
2017-05-12,476.5,483.0,475.7250061035156,482.125,10979996.0,4,12,5,9445.400390625,7.274993896484375
2017-05-15,481.75,481.75,474.54998779296875,475.7749938964844,7297164.0,0,15,5,9512.25,7.20001220703125
2017-05-16,476.54998779296875,480.07501220703125,473.4750061035156,477.5,6130168.0,1,16,5,9525.75,6.600006103515625
2017-05-17,475.79998779296875,479.2250061035156,471.92498779296875,476.3999938964844,2915508.0,2,17,5,9429.4501953125,7.300018310546875
2017-05-18,471.5,486.95001220703125,471.42498779296875,480.875,8057848.0,3,18,5,9427.900390625,15.5250244140625
2017-05-19,480.75,481.3500061035156,473.92498779296875,478.9750061035156,4257396.0,4,19,5,9438.25,7.425018310546875
2017-05-22,479.20001220703125,483.45001220703125,478.2749938964844,480.7250061035156,5503052.0,0,22,5,9386.150390625,5.175018310546875
2017-05-23,482.32501220703125,483.5,477.04998779296875,478.6499938964844,4039982.0,1,23,5,9360.5498046875,6.45001220703125
2017-05-24,480.0,482.75,474.79998779296875,477.3999938964844,5636286.0,2,24,5,9509.75,7.95001220703125
2017-05-25,480.5,493.29998779296875,480.5,491.6499938964844,10438514.0,3,25,5,9595.099609375,12.79998779296875
2017-05-26,493.5,500.0,490.29998779296875,497.8500061035156,4988004.0,4,26,5,9604.900390625,9.70001220703125
2017-05-29,495.45001220703125,498.3500061035156,487.8500061035156,492.57501220703125,6308434.0,0,29,5,9624.5498046875,10.5
2017-05-30,491.0,500.0,489.32501220703125,498.1000061035156,3716910.0,1,30,5,9621.25,10.67498779296875
2017-05-31,496.7749938964844,496.7749938964844,487.42498779296875,488.5249938964844,7763900.0,2,31,5,9616.099609375,9.350006103515625
2017-06-01,484.6499938964844,489.8500061035156,479.2749938964844,485.70001220703125,5508606.0,3,1,6,9653.5,10.57501220703125
2017-06-02,486.70001220703125,487.7250061035156,482.1000061035156,484.7250061035156,3917966.0,4,2,6,9675.099609375,5.625
2017-06-05,485.0,486.0,478.5249938964844,479.375,5462698.0,0,5,6,9637.150390625,7.475006103515625
2017-06-06,482.5,493.75,482.20001220703125,489.67498779296875,7008686.0,1,6,6,9663.900390625,11.54998779296875
2017-06-07,492.5,494.45001220703125,472.5,480.6499938964844,12455046.0,2,7,6,9647.25,21.95001220703125
2017-06-08,481.4750061035156,481.4750061035156,474.07501220703125,478.2250061035156,6195352.0,3,8,6,9668.25,7.399993896484375
2017-06-09,469.2749938964844,475.4750061035156,461.5,474.29998779296875,14757662.0,4,9,6,9616.400390625,13.975006103515625
2017-06-12,471.67498779296875,482.6000061035156,470.04998779296875,481.92498779296875,8591676.0,0,12,6,9606.900390625,12.550018310546875
2017-06-13,476.75,481.4750061035156,475.79998779296875,478.8999938964844,4937794.0,1,13,6,9618.150390625,5.675018310546875
2017-06-14,480.0,480.95001220703125,475.6000061035156,479.29998779296875,7438110.0,2,14,6,9578.0498046875,5.350006103515625
2017-06-15,479.82501220703125,483.9750061035156,474.79998779296875,476.04998779296875,5528062.0,3,15,6,9588.0498046875,9.175018310546875
2017-06-16,474.54998779296875,476.92498779296875,468.0,470.125,10948450.0,4,16,6,9657.5498046875,8.92498779296875
2017-06-19,469.9750061035156,470.125,464.0,464.92498779296875,6855860.0,0,19,6,9653.5,6.125
2017-06-20,467.5,473.45001220703125,467.0249938964844,471.7749938964844,5184396.0,1,20,6,9633.599609375,6.425018310546875
2017-06-21,472.5,474.5,468.0249938964844,471.67498779296875,3735864.0,2,21,6,9630.0,6.475006103515625
2017-06-22,473.8500061035156,484.3500061035156,467.54998779296875,470.07501220703125,9465242.0,3,22,6,9574.9501953125,16.800018310546875
2017-06-23,472.5,474.57501220703125,469.0,471.625,6403018.0,4,23,6,9511.400390625,5.57501220703125
2017-06-27,472.5,474.0,461.875,463.5249938964844,6904660.0,1,27,6,9491.25,12.125
2017-06-28,466.3999938964844,466.5,460.5,462.3500061035156,5905224.0,2,28,6,9504.099609375,6.0
2017-06-29,465.1000061035156,473.9750061035156,463.29998779296875,465.1000061035156,15914040.0,3,29,6,9520.900390625,10.675018310546875
2017-06-30,465.3999938964844,469.0,464.5,467.7749938964844,4216700.0,4,30,6,9615.0,4.5
2017-07-03,470.54998779296875,477.5,467.29998779296875,475.95001220703125,5088924.0,0,3,7,9613.2998046875,10.20001220703125
2017-07-04,476.92498779296875,485.0,474.70001220703125,481.07501220703125,5167726.0,1,4,7,9637.599609375,10.29998779296875
2017-07-05,479.5,479.5,472.70001220703125,475.45001220703125,4226228.0,2,5,7,9674.5498046875,6.79998779296875
2017-07-06,472.5,478.5,472.1000061035156,473.5,3829720.0,3,6,7,9665.7998046875,6.399993896484375
2017-07-07,471.92498779296875,472.7250061035156,466.5249938964844,467.70001220703125,5776886.0,4,7,7,9771.0498046875,6.20001220703125
2017-07-10,471.6000061035156,479.8999938964844,470.0,478.5249938964844,1464376.0,0,10,7,9786.0498046875,9.899993896484375
2017-07-11,478.32501220703125,494.75,478.32501220703125,487.67498779296875,11539708.0,1,11,7,9816.099609375,16.42498779296875
2017-07-12,487.4750061035156,490.75,484.375,486.17498779296875,6275976.0,2,12,7,9891.7001953125,6.375
2017-07-13,488.625,491.7250061035156,482.04998779296875,488.5249938964844,5170392.0,3,13,7,9886.349609375,9.675018310546875
2017-07-14,499.7250061035156,503.42498779296875,483.0249938964844,486.0249938964844,22478180.0,4,14,7,9915.9501953125,20.399993896484375
2017-07-17,487.5,496.0,487.0,492.0249938964844,7698250.0,0,17,7,9827.150390625,9.0
2017-07-18,493.0249938964844,502.3999938964844,490.54998779296875,492.79998779296875,8260180.0,1,18,7,9899.599609375,11.850006103515625
2017-07-19,490.7250061035156,494.32501220703125,484.54998779296875,489.92498779296875,5890278.0,2,19,7,9873.2998046875,9.7750244140625
2017-07-20,489.6499938964844,489.92498779296875,483.4750061035156,484.7250061035156,6809740.0,3,20,7,9915.25,6.449981689453125
2017-07-21,486.5,491.2749938964844,485.70001220703125,490.04998779296875,5980754.0,4,21,7,9966.400390625,5.574981689453125
2017-07-24,491.75,497.0,491.29998779296875,495.2749938964844,6129176.0,0,24,7,9964.5498046875,5.70001220703125
2017-07-25,495.0,499.5,493.1000061035156,496.92498779296875,7145614.0,1,25,7,10020.650390625,6.399993896484375
2017-07-26,499.04998779296875,499.5,495.20001220703125,497.0249938964844,6870024.0,2,26,7,10020.5498046875,4.29998779296875
2017-07-27,498.0,502.0,483.3999938964844,485.5249938964844,12676852.0,3,27,7,10014.5,18.600006103515625
2017-07-28,488.0,501.5,481.1499938964844,498.67498779296875,11098428.0,4,28,7,10077.099609375,20.350006103515625
2017-07-31,495.95001220703125,510.8500061035156,493.375,505.6000061035156,19158248.0,0,31,7,10114.650390625,17.475006103515625
2017-08-01,505.5,508.5,499.17498779296875,502.7749938964844,7689398.0,1,1,8,10081.5,9.32501220703125
2017-08-02,503.0,506.375,493.6000061035156,496.67498779296875,4257584.0,2,2,8,10013.650390625,12.774993896484375
2017-08-03,495.5,499.375,490.125,492.0,4640348.0,3,3,8,10066.400390625,9.25
2017-08-04,494.0,494.5,488.0249938964844,491.875,5349018.0,4,4,8,10057.400390625,6.475006103515625
2017-08-07,491.75,491.875,482.8500061035156,484.125,6073744.0,0,7,8,9978.5498046875,9.024993896484375
2017-08-08,484.25,485.125,477.5249938964844,481.92498779296875,6004648.0,1,8,8,9908.0498046875,7.600006103515625
2017-08-09,483.82501220703125,486.95001220703125,482.2749938964844,484.67498779296875,3922410.0,2,9,8,9820.25,4.675018310546875
2017-08-10,484.95001220703125,493.75,484.67498779296875,490.625,9140684.0,3,10,8,9710.7998046875,9.07501220703125
2017-08-11,488.0,498.5,484.79998779296875,493.8500061035156,6544156.0,4,11,8,9794.150390625,13.70001220703125
2017-08-14,494.0,494.6000061035156,488.57501220703125,490.7250061035156,3816470.0,0,14,8,9897.2998046875,6.024993896484375
2017-08-16,491.0,493.04998779296875,484.5,487.6000061035156,6178080.0,2,16,8,9904.150390625,8.54998779296875
2017-08-17,502.5,514.625,499.0249938964844,510.42498779296875,25784260.0,3,17,8,9837.400390625,15.600006103515625
2017-08-18,508.95001220703125,508.95001220703125,442.1000061035156,461.625,164404960.0,4,18,8,9754.349609375,66.85000610351562
2017-08-21,462.0,462.0,435.0,436.70001220703125,90407176.0,0,21,8,9765.5498046875,27.0
2017-08-22,447.6000061035156,448.5249938964844,430.0,437.70001220703125,49242598.0,1,22,8,9852.5,18.524993896484375
2017-08-23,440.0,451.8500061035156,436.95001220703125,446.3999938964844,61284190.0,2,23,8,9857.0498046875,14.899993896484375
2017-08-24,455.0,459.125,451.17498779296875,456.07501220703125,42380524.0,3,24,8,9912.7998046875,7.95001220703125
2017-08-28,471.9750061035156,476.9750061035156,469.0,470.5,40712108.0,0,28,8,9796.0498046875,7.975006103515625
2017-08-29,470.7250061035156,471.0,462.7749938964844,463.7250061035156,13369392.0,1,29,8,9884.400390625,8.225006103515625
2017-08-30,468.6000061035156,469.5,462.04998779296875,463.32501220703125,16149664.0,2,30,8,9917.900390625,7.45001220703125
2017-08-31,464.3999938964844,464.4750061035156,456.45001220703125,457.4750061035156,15022452.0,3,31,8,9974.400390625,8.024993896484375
2017-09-01,457.9750061035156,462.95001220703125,455.0,459.9750061035156,8433922.0,4,1,9,9912.849609375,7.95001220703125
2017-09-04,460.5,460.54998779296875,446.75,450.1000061035156,10177108.0,0,4,9,9952.2001953125,13.79998779296875
2017-09-05,451.0,452.5,448.625,450.95001220703125,9783392.0,1,5,9,9916.2001953125,3.875
2017-09-06,450.0,450.1499938964844,445.0,447.79998779296875,7735910.0,2,6,9,9929.900390625,5.149993896484375
2017-09-07,450.0,450.25,446.17498779296875,447.875,6241192.0,3,7,9,9934.7998046875,4.07501220703125
2017-09-08,449.5,449.5,441.04998779296875,442.1499938964844,8604542.0,4,8,9,10006.0498046875,8.45001220703125
2017-09-11,445.20001220703125,445.8999938964844,436.82501220703125,439.3500061035156,13787642.0,0,11,9,10093.0498046875,9.074981689453125
2017-09-12,441.2749938964844,443.875,439.3999938964844,442.0249938964844,17241354.0,1,12,9,10079.2998046875,4.475006103515625
2017-09-13,442.75,443.79998779296875,440.5,441.875,11478228.0,2,13,9,10086.599609375,3.29998779296875
2017-09-14,442.25,448.29998779296875,440.79998779296875,446.20001220703125,13698006.0,3,14,9,10085.400390625,7.5
2017-09-15,446.1499938964844,456.625,446.1000061035156,454.125,13459460.0,4,15,9,10153.099609375,10.524993896484375
2017-09-18,455.0,458.875,453.1499938964844,454.54998779296875,8475860.0,0,18,9,10147.5498046875,5.725006103515625
2017-09-19,454.0,458.0,451.75,456.125,6033330.0,1,19,9,10141.150390625,6.25
2017-09-20,458.5,458.5,453.7250061035156,456.3500061035156,5767830.0,2,20,9,10121.900390625,4.774993896484375
2017-09-21,457.5,457.625,454.07501220703125,454.7749938964844,8204152.0,3,21,9,9964.400390625,3.54998779296875
2017-09-22,454.07501220703125,455.125,444.0,449.1499938964844,17604088.0,4,22,9,9872.599609375,11.125
2017-09-25,450.5,450.9750061035156,444.54998779296875,447.67498779296875,9088700.0,0,25,9,9871.5,6.425018310546875
2017-09-26,448.5,454.20001220703125,447.1499938964844,452.95001220703125,7366478.0,1,26,9,9735.75,7.050018310546875
2017-09-27,453.04998779296875,453.95001220703125,447.54998779296875,449.8999938964844,6000138.0,2,27,9,9768.9501953125,6.4000244140625
2017-09-28,448.04998779296875,451.95001220703125,447.1499938964844,448.0,17537266.0,3,28,9,9788.599609375,4.800018310546875
2017-09-29,449.0,451.20001220703125,447.5,449.95001220703125,5705832.0,4,29,9,9859.5,3.70001220703125
2017-10-03,455.04998779296875,456.0,450.79998779296875,451.7749938964844,4947522.0,1,3,10,9914.900390625,5.20001220703125
2017-10-04,451.5,452.70001220703125,448.57501220703125,449.79998779296875,4991492.0,2,4,10,9888.7001953125,4.125
2017-10-05,450.0,452.4750061035156,449.5,451.5249938964844,8611300.0,3,5,10,9979.7001953125,2.975006103515625
2017-10-06,452.0,461.0,451.9750061035156,460.07501220703125,8574308.0,4,6,10,9988.75,9.024993896484375
2017-10-09,460.0,464.5,457.0,461.95001220703125,3504832.0,0,9,10,10016.9501953125,7.5
2017-10-10,469.9750061035156,469.9750061035156,464.7749938964844,467.7250061035156,7143220.0,1,10,10,9984.7998046875,5.20001220703125
2017-10-11,467.7250061035156,469.0,464.0,465.3500061035156,5982504.0,2,11,10,10096.400390625,5.0
2017-10-12,465.0,467.17498779296875,459.7749938964844,463.6499938964844,10280972.0,3,12,10,10167.4501953125,7.399993896484375
2017-10-13,466.3999938964844,466.75,463.7749938964844,465.04998779296875,7180728.0,4,13,10,10230.849609375,2.975006103515625
2017-10-16,467.9750061035156,471.0,466.5,469.5,5758750.0,0,16,10,10234.4501953125,4.5
2017-10-17,468.3999938964844,468.3999938964844,464.75,465.25,5625102.0,1,17,10,10210.849609375,3.649993896484375
2017-10-18,464.45001220703125,465.0,461.4750061035156,462.17498779296875,7231852.0,2,18,10,10146.5498046875,3.524993896484375
2017-10-19,465.0,466.0,462.6000061035156,463.4750061035156,1091434.0,3,19,10,10184.849609375,3.399993896484375
2017-10-23,465.0,471.0,464.04998779296875,469.75,9154096.0,0,23,10,10207.7001953125,6.95001220703125
2017-10-24,473.0,473.32501220703125,460.79998779296875,463.25,14529328.0,1,24,10,10295.349609375,12.5250244140625
2017-10-25,459.5,472.3500061035156,457.625,467.6499938964844,13984134.0,2,25,10,10343.7998046875,14.725006103515625
2017-10-26,471.0,475.8999938964844,470.04998779296875,473.67498779296875,33659258.0,3,26,10,10323.0498046875,5.850006103515625
2017-10-27,477.5,478.8500061035156,472.0,473.17498779296875,8524956.0,4,27,10,10363.650390625,6.850006103515625
2017-10-30,477.32501220703125,477.32501220703125,470.5249938964844,472.04998779296875,12968326.0,0,30,10,10335.2998046875,6.800018310546875
2017-10-31,462.5,465.0,460.0,460.92498779296875,9954988.0,1,31,10,10440.5,5.0
2017-11-01,462.5,464.70001220703125,461.6499938964844,463.5249938964844,5633134.0,2,1,11,10423.7998046875,3.050018310546875
2017-11-02,461.5249938964844,463.0,460.0,461.45001220703125,4686138.0,3,2,11,10452.5,3.0
2017-11-03,458.5,464.95001220703125,458.4750061035156,463.32501220703125,3699086.0,4,3,11,10451.7998046875,6.475006103515625
2017-11-06,461.57501220703125,467.5,461.32501220703125,464.3500061035156,5066534.0,0,6,11,10350.150390625,6.17498779296875
2017-11-07,463.125,480.0,462.92498779296875,477.75,13442820.0,1,7,11,10303.150390625,17.07501220703125
2017-11-08,480.125,480.92498779296875,473.75,476.1499938964844,5369994.0,2,8,11,10308.9501953125,7.17498779296875
2017-11-09,476.5,481.5,474.125,477.25,4723232.0,3,9,11,10321.75,7.375
2017-11-10,479.3999938964844,482.17498779296875,475.0,481.0249938964844,6589428.0,4,10,11,10224.9501953125,7.17498779296875
2017-11-13,481.0249938964844,484.70001220703125,474.67498779296875,475.9750061035156,5021216.0,0,13,11,10186.599609375,10.0250244140625
2017-11-14,475.9750061035156,477.42498779296875,471.625,474.54998779296875,5733710.0,1,14,11,10118.0498046875,5.79998779296875
2017-11-15,472.57501220703125,476.75,472.25,475.8999938964844,7023516.0,2,15,11,10214.75,4.5
2017-11-16,475.8999938964844,497.95001220703125,474.25,494.20001220703125,15687502.0,3,16,11,10283.599609375,23.70001220703125
2017-11-17,492.75,492.75,482.57501220703125,485.4750061035156,8057670.0,4,17,11,10298.75,10.17498779296875
2017-11-20,484.5,485.5,478.625,480.2749938964844,5661190.0,0,20,11,10326.900390625,6.875
2017-11-21,480.6499938964844,485.75,480.0249938964844,483.125,5364656.0,1,21,11,10342.2998046875,5.725006103515625
2017-11-22,483.29998779296875,485.5249938964844,481.6499938964844,483.1499938964844,6084920.0,2,22,11,10348.75,3.875
2017-11-23,485.75,497.2250061035156,484.5,495.625,11894618.0,3,23,11,10389.7001953125,12.725006103515625
2017-11-24,495.45001220703125,509.6499938964844,495.1000061035156,504.7749938964844,18619912.0,4,24,11,10399.5498046875,14.54998779296875
2017-11-27,503.3500061035156,503.3500061035156,496.6499938964844,499.375,6017730.0,0,27,11,10370.25,6.70001220703125
2017-11-28,497.20001220703125,499.95001220703125,490.6499938964844,492.3500061035156,4616868.0,1,28,11,10361.2998046875,9.300018310546875
2017-11-29,493.82501220703125,495.9750061035156,490.1499938964844,491.3500061035156,3838070.0,2,29,11,10226.5498046875,5.82501220703125
2017-11-30,494.7250061035156,494.7250061035156,484.17498779296875,488.04998779296875,17266944.0,3,30,11,10121.7998046875,10.550018310546875
2017-12-01,489.70001220703125,491.6000061035156,478.5249938964844,479.3999938964844,4085000.0,4,1,12,10127.75,13.07501220703125
2017-12-04,490.0,498.3999938964844,484.2749938964844,492.67498779296875,17811606.0,0,4,12,10118.25,14.125
2017-12-05,492.67498779296875,501.5,489.5,492.17498779296875,9976738.0,1,5,12,10044.099609375,12.0
2017-12-06,492.5,497.04998779296875,492.0,495.1499938964844,7490094.0,2,6,12,10166.7001953125,5.04998779296875
2017-12-07,494.5,501.45001220703125,492.79998779296875,499.8999938964844,7549544.0,3,7,12,10265.650390625,8.6500244140625
2017-12-08,500.5,503.5,497.5,500.92498779296875,5983244.0,4,8,12,10322.25,6.0
2017-12-11,497.4750061035156,503.45001220703125,496.9750061035156,502.6499938964844,5139098.0,0,11,12,10240.150390625,6.475006103515625
2017-12-12,501.0,507.0,501.0,505.25,9320434.0,1,12,12,10192.9501953125,6.0
2017-12-13,505.45001220703125,509.5,498.82501220703125,501.875,5362398.0,2,13,12,10252.099609375,10.67498779296875
2017-12-14,502.625,507.5,499.6499938964844,506.54998779296875,6023572.0,3,14,12,10333.25,7.850006103515625
2017-12-15,506.5,513.2000122070312,505.92498779296875,511.45001220703125,10384134.0,4,15,12,10388.75,7.2750244140625
2017-12-18,505.95001220703125,515.3499755859375,502.8999938964844,508.29998779296875,4035448.0,0,18,12,10463.2001953125,12.449981689453125
2017-12-19,508.7250061035156,508.9750061035156,499.7749938964844,501.9750061035156,7118898.0,1,19,12,10444.2001953125,9.20001220703125
2017-12-20,502.54998779296875,509.29998779296875,500.5,507.92498779296875,4186326.0,2,20,12,10440.2998046875,8.79998779296875
2017-12-21,507.3999938964844,514.4749755859375,499.20001220703125,511.0249938964844,11059162.0,3,21,12,10493.0,15.27496337890625
2017-12-22,508.0,522.4000244140625,508.0,519.6749877929688,12906940.0,4,22,12,10531.5,14.4000244140625
2017-12-26,515.0,520.75,511.5,517.7999877929688,10808906.0,1,26,12,10490.75,9.25
2017-12-27,514.0,519.5499877929688,513.7000122070312,517.125,6970172.0,2,27,12,10477.900390625,5.8499755859375
2017-12-28,515.0,520.0,511.8999938964844,516.625,8433472.0,3,28,12,10530.7001953125,8.100006103515625
2018-01-01,518.8499755859375,522.25,515.0,516.7750244140625,5431340.0,0,1,1,10442.2001953125,7.25
2018-01-02,518.625,521.0,511.5,514.8499755859375,6112248.0,1,2,1,10443.2001953125,9.5
2018-01-03,514.25,515.7999877929688,509.29998779296875,510.6499938964844,6846552.0,2,3,1,10504.7998046875,6.5
2018-01-04,510.5,510.5,504.79998779296875,507.70001220703125,8947614.0,3,4,1,10558.849609375,5.70001220703125
2018-01-05,507.6499938964844,513.2000122070312,503.0,506.0,11025976.0,4,5,1,10623.599609375,10.20001220703125
2018-01-08,512.4500122070312,519.5,510.0249938964844,518.0250244140625,5594690.0,0,8,1,10637.0,9.475006103515625
2018-01-09,520.0,522.4500122070312,514.4500122070312,520.6749877929688,9948236.0,1,9,1,10632.2001953125,8.0
2018-01-10,523.4000244140625,528.0,516.5250244140625,526.125,9468634.0,2,10,1,10651.2001953125,11.4749755859375
2018-01-11,527.625,541.7000122070312,527.625,537.9000244140625,16775298.0,3,11,1,10681.25,14.07501220703125
2018-01-12,542.9000244140625,542.9500122070312,535.2750244140625,539.2249755859375,18016528.0,4,12,1,10741.5498046875,7.67498779296875
2018-01-15,540.0,546.4749755859375,532.5499877929688,540.5750122070312,10649250.0,0,15,1,10700.4501953125,13.92498779296875
2018-01-16,540.625,567.4000244140625,540.625,561.4249877929688,22646966.0,1,16,1,10788.5498046875,26.7750244140625
2018-01-17,562.4249877929688,580.9000244140625,561.5,576.0499877929688,26154088.0,2,17,1,10817.0,19.4000244140625
2018-01-18,572.5,582.4500122070312,566.0499877929688,576.3499755859375,13204970.0,3,18,1,10894.7001953125,16.4000244140625
2018-01-19,572.5,573.9500122070312,568.0,571.7249755859375,5988278.0,4,19,1,10966.2001953125,5.95001220703125
2018-01-22,566.0750122070312,578.4749755859375,566.0,575.0,9650214.0,0,22,1,11083.7001953125,12.4749755859375
2018-01-23,577.5,594.0,577.5,588.5499877929688,15403796.0,1,23,1,11086.0,16.5
2018-01-24,587.4000244140625,610.5250244140625,583.75,592.9000244140625,20604718.0,2,24,1,11069.650390625,26.7750244140625
2018-01-25,591.0,591.7000122070312,581.125,587.7000122070312,13548914.0,3,25,1,11130.400390625,10.57501220703125
2018-01-29,583.2750244140625,598.125,582.5999755859375,591.4500122070312,10823002.0,0,29,1,11049.650390625,15.5250244140625
2018-01-30,589.4500122070312,591.5499877929688,581.3499755859375,585.3250122070312,8628312.0,1,30,1,11027.7001953125,10.20001220703125
2018-01-31,579.5750122070312,583.2999877929688,571.0750122070312,575.125,9213698.0,2,31,1,11016.900390625,12.2249755859375
2018-02-01,571.0999755859375,578.9500122070312,559.2750244140625,572.2999877929688,13005454.0,3,1,2,10760.599609375,19.67498779296875
2018-02-02,567.625,581.4500122070312,565.0499877929688,571.625,10244486.0,4,2,2,10666.5498046875,16.4000244140625
2018-02-05,570.0,577.4249877929688,567.9249877929688,569.0999755859375,9860220.0,0,5,2,10498.25,9.5
2018-02-06,549.9749755859375,564.1749877929688,547.5750122070312,553.875,10552078.0,1,6,2,10476.7001953125,16.5999755859375
2018-02-07,558.0,562.4000244140625,551.7750244140625,554.5250244140625,8342056.0,2,7,2,10576.849609375,10.625
2018-02-08,561.4000244140625,573.2000122070312,558.2750244140625,567.125,8807244.0,3,8,2,10454.9501953125,14.92498779296875
2018-02-09,559.0,560.1500244140625,553.0,554.5750122070312,4382690.0,4,9,2,10539.75,7.1500244140625
2018-02-12,557.4000244140625,560.2999877929688,548.9000244140625,551.4000244140625,6291972.0,0,12,2,10500.900390625,11.39996337890625
2018-02-14,553.0,558.6500244140625,545.0999755859375,548.875,8345712.0,2,14,2,10545.5,13.550048828125
2018-02-15,551.5,564.8499755859375,551.5,557.2249755859375,7986736.0,3,15,2,10452.2998046875,13.3499755859375
2018-02-16,562.5,570.8250122070312,559.0499877929688,564.0250244140625,9889222.0,4,16,2,10378.400390625,11.7750244140625
2018-02-19,564.2000122070312,568.0,560.1500244140625,565.875,6461840.0,0,19,2,10360.400390625,7.8499755859375
2018-02-20,551.875,574.75,551.875,568.4749755859375,7188594.0,1,20,2,10397.4501953125,22.875
2018-02-21,573.75,575.9500122070312,570.0,573.7000122070312,13771358.0,2,21,2,10382.7001953125,5.95001220703125
2018-02-22,572.7750244140625,582.0,570.2249755859375,580.375,17859974.0,3,22,2,10491.0498046875,11.7750244140625
2018-02-23,581.75,583.0,573.375,577.8250122070312,9459828.0,4,23,2,10582.599609375,9.625
2018-02-26,575.5,577.5250244140625,567.1749877929688,569.2999877929688,5083608.0,0,26,2,10554.2998046875,10.35003662109375
2018-02-27,572.4749755859375,576.8250122070312,562.8250122070312,575.0999755859375,6616026.0,1,27,2,10492.849609375,14.0
2018-02-28,573.7999877929688,594.75,571.2750244140625,586.2999877929688,17268416.0,2,28,2,10458.349609375,23.4749755859375
2018-03-01,584.7999877929688,584.7999877929688,578.0250244140625,580.375,6579852.0,3,1,3,10358.849609375,6.77496337890625
2018-03-05,580.375,585.4000244140625,571.625,577.9500122070312,8101456.0,0,5,3,10249.25,13.7750244140625
2018-03-06,581.2750244140625,582.7000122070312,571.7999877929688,575.6749877929688,6689734.0,1,6,3,10154.2001953125,10.9000244140625
2018-03-07,577.5,580.0,569.0250244140625,572.0499877929688,6370416.0,2,7,3,10242.650390625,10.9749755859375
2018-03-08,574.5,582.9000244140625,574.5,578.3250122070312,6093014.0,3,8,3,10226.849609375,8.4000244140625
2018-03-09,581.1749877929688,583.0,577.7750244140625,581.7000122070312,4220964.0,4,9,3,10421.400390625,5.2249755859375
2018-03-12,588.0,595.9249877929688,585.875,592.875,7676970.0,0,12,3,10426.849609375,10.04998779296875
2018-03-13,590.0999755859375,598.5,587.5750122070312,591.9000244140625,8581052.0,1,13,3,10410.900390625,10.92498779296875
2018-03-14,590.0,595.2999877929688,584.5499877929688,590.4000244140625,4429710.0,2,14,3,10360.150390625,10.75
2018-03-15,590.0,594.2000122070312,586.0,591.25,6101500.0,3,15,3,10195.150390625,8.20001220703125
2018-03-16,591.0,591.2000122070312,584.625,585.9500122070312,17954826.0,4,16,3,10094.25,6.57501220703125
2018-03-19,582.0,590.25,571.3250122070312,573.375,7526620.0,0,19,3,10124.349609375,18.92498779296875
2018-03-20,574.2999877929688,585.0,574.2999877929688,582.2750244140625,8553766.0,1,20,3,10155.25,10.70001220703125
2018-03-21,585.0,587.75,581.0999755859375,583.75,7692994.0,2,21,3,10114.75,6.6500244140625
2018-03-22,582.25,588.7249755859375,577.6500244140625,580.6500244140625,6813168.0,3,22,3,9998.0498046875,11.074951171875
2018-03-23,573.5,586.9000244140625,571.1749877929688,583.7999877929688,12008084.0,4,23,3,10130.650390625,15.72503662109375
2018-03-26,583.4500122070312,583.4500122070312,572.0,577.625,8930722.0,0,26,3,10184.150390625,11.45001220703125
2018-03-27,580.0,580.6500244140625,575.0499877929688,577.0,3802088.0,1,27,3,10113.7001953125,5.60003662109375
2018-03-28,575.375,575.375,563.125,565.9000244140625,12558322.0,2,28,3,10211.7998046875,12.25
2018-04-02,570.5,574.7750244140625,560.6500244140625,568.5750122070312,8072702.0,0,2,4,10245.0,14.125
2018-04-03,567.3499755859375,571.7750244140625,564.0499877929688,570.2249755859375,4077168.0,1,3,4,10128.400390625,7.72503662109375
2018-04-04,572.0,572.2750244140625,560.0,562.0999755859375,4813302.0,2,4,4,10325.150390625,12.2750244140625
2018-04-05,569.7750244140625,575.6500244140625,564.5499877929688,573.7750244140625,7763544.0,3,5,4,10331.599609375,11.10003662109375
2018-04-06,571.5,573.0,561.0499877929688,563.5,5937742.0,4,6,4,10379.349609375,11.95001220703125
2018-04-09,562.5,562.9000244140625,553.2750244140625,555.625,7202882.0,0,9,4,10402.25,9.625
2018-04-10,556.0,562.25,552.7000122070312,556.7000122070312,8926058.0,1,10,4,10417.150390625,9.54998779296875
2018-04-11,559.0,565.75,558.25,562.125,9025574.0,2,11,4,10458.650390625,7.5
2018-04-12,564.7249755859375,586.375,562.5,581.2999877929688,17044366.0,3,12,4,10480.599609375,23.875
2018-04-13,587.0,592.9500122070312,575.125,585.7249755859375,21227038.0,4,13,4,10528.349609375,17.82501220703125
2018-04-16,551.0,570.0,551.0,566.5999755859375,24745084.0,0,16,4,10548.7001953125,19.0
2018-04-17,563.5,563.7000122070312,557.5,562.5999755859375,10397940.0,1,17,4,10526.2001953125,6.20001220703125
2018-04-18,561.4249877929688,567.375,556.9249877929688,562.9749755859375,10430380.0,2,18,4,10565.2998046875,10.45001220703125
2018-04-19,562.0,569.9000244140625,561.5499877929688,566.4249877929688,8525542.0,3,19,4,10564.0498046875,8.35003662109375
2018-04-20,569.5,596.8499755859375,568.4749755859375,589.2249755859375,24272692.0,4,20,4,10584.7001953125,28.375
2018-04-23,584.0,607.2000122070312,577.625,593.8499755859375,21830638.0,0,23,4,10614.349609375,29.57501220703125
2018-04-24,592.5,598.2000122070312,575.0499877929688,577.25,8526216.0,1,24,4,10570.5498046875,23.1500244140625
2018-04-25,576.0,585.5,572.5999755859375,580.1749877929688,11594178.0,2,25,4,10617.7998046875,12.9000244140625
2018-04-26,587.0,590.8250122070312,580.0,588.2249755859375,11302084.0,3,26,4,10692.2998046875,10.82501220703125
2018-04-27,590.0,595.7999877929688,587.0999755859375,592.5999755859375,7663370.0,4,27,4,10739.349609375,8.70001220703125
2018-04-30,590.8499755859375,603.9749755859375,590.3250122070312,599.75,5511678.0,0,30,4,10718.0498046875,13.64996337890625
2018-05-02,599.4500122070312,600.7999877929688,590.5,598.5250244140625,10295042.0,2,2,5,10679.650390625,10.29998779296875
2018-05-03,598.625,602.3499755859375,588.0499877929688,591.2750244140625,5332230.0,3,3,5,10618.25,14.29998779296875
2018-05-04,592.5,593.0,577.5,586.5499877929688,6023368.0,4,4,5,10715.5,15.5
2018-05-07,590.625,595.0,587.75,591.5,4638960.0,0,7,5,10717.7998046875,7.25
2018-05-08,588.9500122070312,588.9500122070312,580.5250244140625,582.7750244140625,5718556.0,1,8,5,10741.7001953125,8.42498779296875
2018-05-09,583.75,588.4500122070312,581.5,585.3499755859375,3783504.0,2,9,5,10716.5498046875,6.95001220703125
2018-05-10,588.0,591.5,581.4249877929688,584.0,3182862.0,3,10,5,10806.5,10.07501220703125
2018-05-11,586.1500244140625,591.5999755859375,583.0250244140625,590.375,3311706.0,4,11,5,10806.599609375,8.574951171875
2018-05-14,592.1749877929688,595.75,585.0,594.6500244140625,4432094.0,0,14,5,10801.849609375,10.75
2018-05-15,594.0499877929688,604.0,594.0499877929688,597.2750244140625,5611974.0,1,15,5,10741.099609375,9.95001220703125
2018-05-16,593.625,599.0,592.25,594.9749755859375,6205004.0,2,16,5,10682.7001953125,6.75
2018-05-17,598.0,598.7249755859375,586.7750244140625,591.4500122070312,9519598.0,3,17,5,10596.400390625,11.949951171875
2018-05-18,591.5,593.2750244140625,586.5,591.5999755859375,7139660.0,4,18,5,10516.7001953125,6.7750244140625
2018-05-21,589.7750244140625,594.2000122070312,585.0,589.75,8475320.0,0,21,5,10536.7001953125,9.20001220703125
2018-05-22,587.5,599.0,586.9500122070312,596.9249877929688,5636804.0,1,22,5,10430.349609375,12.04998779296875
2018-05-23,597.5,603.8250122070312,590.75,592.4500122070312,9538442.0,2,23,5,10513.849609375,13.07501220703125
2018-05-24,599.0,613.7750244140625,599.0,610.5,9740570.0,3,24,5,10605.150390625,14.7750244140625
2018-05-25,615.0499877929688,624.3250122070312,610.4000244140625,614.1500244140625,8901438.0,4,25,5,10688.650390625,13.92498779296875
2018-05-28,615.5,616.2999877929688,603.0,607.2000122070312,5739794.0,0,28,5,10633.2998046875,13.29998779296875
2018-05-29,607.0250244140625,613.2750244140625,603.0999755859375,608.3499755859375,3388934.0,1,29,5,10614.349609375,10.175048828125
2018-05-30,608.5,614.375,602.7999877929688,605.8499755859375,6323066.0,2,30,5,10736.150390625,11.57501220703125
2018-05-31,605.8499755859375,621.0,605.125,615.9000244140625,19720340.0,3,31,5,10696.2001953125,15.875
2018-06-01,615.2000122070312,623.125,608.5999755859375,610.4000244140625,4998356.0,4,1,6,10628.5,14.5250244140625
2018-06-04,610.5499877929688,621.5,606.0,619.7000122070312,4270156.0,0,4,6,10593.150390625,15.5
2018-06-05,621.0,621.0,608.5,610.4249877929688,4710862.0,1,5,6,10684.650390625,12.5
2018-06-06,612.5999755859375,620.7750244140625,610.0250244140625,618.7249755859375,4038184.0,2,6,6,10768.349609375,10.75
2018-06-07,619.0,629.0,619.0,626.2249755859375,6676226.0,3,7,6,10767.650390625,10.0
2018-06-08,624.0,631.0,623.0250244140625,630.0250244140625,6459878.0,4,8,6,10786.9501953125,7.9749755859375
2018-06-11,632.7750244140625,635.0,627.5250244140625,631.2000122070312,5171290.0,0,11,6,10842.849609375,7.4749755859375
2018-06-12,632.875,635.625,625.2249755859375,629.25,7839820.0,1,12,6,10856.7001953125,10.4000244140625
2018-06-13,633.4000244140625,642.0,633.4000244140625,637.4000244140625,5766928.0,2,13,6,10808.0498046875,8.5999755859375
2018-06-14,626.5,626.5,617.0499877929688,619.8499755859375,7598848.0,3,14,6,10817.7001953125,9.45001220703125
2018-06-15,618.5,645.75,617.5,640.625,19957760.0,4,15,6,10799.849609375,28.25
2018-06-18,642.0,645.625,631.1749877929688,633.7000122070312,8214846.0,0,18,6,10710.4501953125,14.45001220703125
2018-06-19,631.5,631.7000122070312,619.0250244140625,620.7999877929688,7545700.0,1,19,6,10772.0498046875,12.67498779296875
2018-06-20,624.25,626.1749877929688,619.0,621.5750122070312,5371802.0,2,20,6,10741.099609375,7.17498779296875
2018-06-21,622.9749755859375,628.25,618.0,623.2750244140625,5798790.0,3,21,6,10821.849609375,10.25
2018-06-22,621.5,627.75,620.5999755859375,623.9249877929688,4343118.0,4,22,6,10762.4501953125,7.1500244140625
2018-06-25,628.5750122070312,639.4000244140625,627.0,636.2249755859375,7731178.0,0,25,6,10769.150390625,12.4000244140625
2018-06-26,634.5,641.9500122070312,633.125,638.9249877929688,4483504.0,1,26,6,10671.400390625,8.82501220703125
2018-06-27,641.9749755859375,646.7249755859375,632.7999877929688,635.0,6952142.0,2,27,6,10589.099609375,13.92498779296875
2018-06-28,638.1500244140625,649.0,638.125,644.7999877929688,10996818.0,3,28,6,10714.2998046875,10.875
2018-06-29,649.0250244140625,657.5,641.625,653.5999755859375,9966600.0,4,29,6,10657.2998046875,15.875
2018-07-02,657.0,670.0,657.0,667.3499755859375,4830144.0,0,2,7,10699.900390625,13.0
2018-07-03,665.9500122070312,678.9500122070312,665.875,676.875,8127452.0,1,3,7,10769.900390625,13.07501220703125
2018-07-04,676.0250244140625,676.3250122070312,669.4249877929688,672.5999755859375,5025722.0,2,4,7,10749.75,6.9000244140625
2018-07-05,673.5499877929688,673.625,634.0499877929688,642.0,17019902.0,3,5,7,10772.650390625,39.57501220703125
2018-07-06,645.125,650.9249877929688,634.5,642.125,11215356.0,4,6,7,10852.900390625,16.42498779296875
2018-07-09,648.5,651.5,639.5250244140625,649.4249877929688,6644998.0,0,9,7,10947.25,11.9749755859375
2018-07-10,654.25,657.7249755859375,647.1500244140625,650.7000122070312,5974488.0,1,10,7,10948.2998046875,10.574951171875
2018-07-11,658.7750244140625,671.0499877929688,645.6749877929688,660.2249755859375,11899832.0,2,11,7,11023.2001953125,25.375
2018-07-12,663.0499877929688,663.5499877929688,642.2249755859375,647.1749877929688,13272240.0,3,12,7,11018.900390625,21.32501220703125
2018-07-13,657.5,665.7999877929688,649.1749877929688,658.7000122070312,19496158.0,4,13,7,10936.849609375,16.625
2018-07-16,658.7000122070312,692.2000122070312,643.8499755859375,666.4249877929688,35344680.0,0,16,7,11008.0498046875,48.35003662109375
2018-07-17,664.8499755859375,674.75,656.3499755859375,663.9500122070312,11161690.0,1,17,7,10980.4501953125,18.4000244140625
2018-07-18,669.9000244140625,671.7000122070312,657.0,661.2750244140625,6919016.0,2,18,7,10957.099609375,14.70001220703125
2018-07-19,661.5,665.9500122070312,654.5499877929688,658.3499755859375,5118864.0,3,19,7,11010.2001953125,11.4000244140625
2018-07-20,663.0,683.5750122070312,660.6500244140625,674.0499877929688,11705738.0,4,20,7,11084.75,22.92498779296875
2018-07-23,676.0750122070312,684.0,668.125,677.9749755859375,7675702.0,0,23,7,11134.2998046875,15.875
2018-07-24,687.2000122070312,691.2000122070312,678.0,688.5750122070312,6172246.0,1,24,7,11132.0,13.20001220703125
2018-07-25,689.5,696.9000244140625,682.7249755859375,691.875,6936922.0,2,25,7,11167.2998046875,14.175048828125
2018-07-26,689.2750244140625,695.2000122070312,684.5999755859375,686.625,7362218.0,3,26,7,11278.349609375,10.60003662109375
2018-07-27,686.5999755859375,694.5,684.1500244140625,686.7249755859375,6493232.0,4,27,7,11319.5498046875,10.3499755859375
2018-07-30,685.0,686.5,674.0,675.5,6409970.0,0,30,7,11356.5,12.5
2018-07-31,674.2750244140625,685.0,667.7750244140625,682.5499877929688,7943996.0,1,31,7,11346.2001953125,17.2249755859375
2018-08-01,681.9000244140625,684.2249755859375,675.5,677.0250244140625,4675706.0,2,1,8,11244.7001953125,8.7249755859375
2018-08-02,679.7999877929688,683.375,675.0750122070312,676.8250122070312,5940742.0,3,2,8,11360.7998046875,8.29998779296875
2018-08-03,683.0999755859375,683.0999755859375,678.0,682.0499877929688,3970390.0,4,3,8,11387.099609375,5.0999755859375
2018-08-06,683.0250244140625,687.5,673.75,680.3250122070312,6178930.0,0,6,8,11389.4501953125,13.75
2018-08-07,687.0,689.9749755859375,680.3250122070312,683.9749755859375,7351528.0,1,7,8,11450.0,9.64996337890625
2018-08-08,685.9000244140625,686.25,676.6500244140625,681.375,3992358.0,2,8,8,11470.7001953125,9.5999755859375
2018-08-09,686.8250122070312,694.7249755859375,686.8250122070312,689.9749755859375,6409524.0,3,9,8,11429.5,7.89996337890625
2018-08-10,692.9000244140625,694.5,686.5250244140625,692.7249755859375,4779520.0,4,10,8,11355.75,7.9749755859375
2018-08-13,695.0,704.9249877929688,689.3499755859375,704.375,9979746.0,0,13,8,11435.099609375,15.57501220703125
2018-08-14,706.9749755859375,712.2750244140625,702.0,704.1500244140625,6151320.0,1,14,8,11385.0498046875,10.2750244140625
2018-08-16,707.4749755859375,717.4500122070312,705.625,714.7750244140625,6626774.0,3,16,8,11470.75,11.82501220703125
2018-08-17,715.4500122070312,718.8250122070312,711.5,715.1749877929688,6390408.0,4,17,8,11551.75,7.32501220703125
2018-08-20,694.0,703.9749755859375,686.75,692.125,16101876.0,0,20,8,11570.900390625,17.2249755859375
2018-08-21,695.0,698.0,686.875,691.9749755859375,8361482.0,1,21,8,11582.75,11.125
2018-08-23,696.5,700.75,692.6749877929688,698.7000122070312,7717182.0,3,23,8,11557.099609375,8.07501220703125
2018-08-24,698.25,700.9500122070312,688.0499877929688,689.1500244140625,7053000.0,4,24,8,11691.9501953125,12.9000244140625
2018-08-27,691.5,709.9749755859375,690.7000122070312,707.7000122070312,7012950.0,0,27,8,11738.5,19.27496337890625
2018-08-28,708.5999755859375,719.2000122070312,705.75,712.3499755859375,6496890.0,1,28,8,11691.900390625,13.45001220703125
2018-08-29,716.7999877929688,716.7999877929688,702.5750122070312,705.0499877929688,5646496.0,2,29,8,11676.7998046875,14.2249755859375
2018-08-30,706.4000244140625,710.7750244140625,698.0750122070312,708.0999755859375,11507962.0,3,30,8,11680.5,12.70001220703125
2018-08-31,712.5499877929688,727.1500244140625,710.5499877929688,720.5499877929688,10875864.0,4,31,8,11582.349609375,16.60003662109375
2018-09-03,724.5,733.9500122070312,715.0,717.125,10976328.0,0,3,9,11520.2998046875,18.95001220703125
2018-09-04,722.0,748.5,716.0,737.1500244140625,15370124.0,1,4,9,11476.9501953125,32.5
2018-09-05,741.9500122070312,744.0499877929688,725.4000244140625,729.9000244140625,8658978.0,2,5,9,11536.900390625,18.64996337890625
2018-09-06,732.5499877929688,735.5,724.0999755859375,727.1500244140625,5598659.0,3,6,9,11589.099609375,11.4000244140625
2018-09-07,734.3499755859375,735.1500244140625,723.7999877929688,732.7999877929688,6510605.0,4,7,9,11438.099609375,11.35003662109375
2018-09-10,737.75,747.0,729.4000244140625,730.8499755859375,5629871.0,0,10,9,11287.5,17.5999755859375
2018-09-11,735.9000244140625,744.75,732.0,734.2999877929688,6963561.0,1,11,9,11369.900390625,12.75
2018-09-12,744.4000244140625,746.5,736.25,742.9000244140625,4636617.0,2,12,9,11515.2001953125,10.25
2018-09-14,741.9000244140625,745.0,729.0499877929688,733.7000122070312,7896514.0,4,14,9,11377.75,15.95001220703125
2018-09-17,735.0,740.0,724.5999755859375,725.9500122070312,5427054.0,0,17,9,11278.900390625,15.4000244140625
2018-09-18,730.0,730.0,717.0,719.0999755859375,7729732.0,1,18,9,11234.349609375,13.0
2018-09-19,727.0,727.0,713.2000122070312,719.75,4849498.0,2,19,9,11143.099609375,13.79998779296875
2018-09-21,713.8499755859375,717.4000244140625,692.0,705.2999877929688,14350769.0,4,21,9,10967.400390625,25.4000244140625
2018-09-24,706.5,729.9500122070312,706.5,718.25,8637881.0,0,24,9,11067.4501953125,23.45001220703125
2018-09-25,718.25,736.0,717.0,726.2000122070312,9602273.0,1,25,9,11053.7998046875,19.0
2018-09-26,731.2000122070312,731.8499755859375,712.0,717.8499755859375,6599606.0,2,26,9,10977.5498046875,19.8499755859375
2018-09-27,722.0,730.7999877929688,717.4500122070312,724.7999877929688,14592616.0,3,27,9,10930.4501953125,13.3499755859375
2018-09-28,721.0,734.5499877929688,715.2000122070312,730.0499877929688,7490031.0,4,28,9,11008.2998046875,19.3499755859375
2018-10-01,737.5,754.9000244140625,733.0,746.6500244140625,8252398.0,0,1,10,10858.25,21.9000244140625
2018-10-03,743.7999877929688,751.9500122070312,726.2999877929688,728.5,7792464.0,2,3,10,10599.25,25.6500244140625
2018-10-04,728.5,729.75,702.5,707.2000122070312,6173037.0,3,4,10,10316.4501953125,27.25
2018-10-05,713.0,731.5,709.2999877929688,724.5999755859375,8543578.0,4,5,10,10348.0498046875,22.20001220703125
2018-10-08,725.0499877929688,728.7000122070312,709.25,714.4500122070312,7259306.0,0,8,10,10301.0498046875,19.45001220703125
2018-10-09,717.0999755859375,722.4000244140625,702.6500244140625,717.75,6777212.0,1,9,10,10460.099609375,19.75
2018-10-10,719.9000244140625,719.9000244140625,695.4000244140625,700.4500122070312,8866251.0,2,10,10,10234.650390625,24.5
2018-10-11,685.0,692.9000244140625,663.2999877929688,673.3499755859375,10985897.0,3,11,10,10472.5,29.60003662109375
2018-10-12,676.4000244140625,684.0499877929688,661.5,678.7999877929688,8909221.0,4,12,10,10512.5,22.54998779296875
2018-10-15,688.5999755859375,705.0,681.5,698.7999877929688,6222176.0,0,15,10,10584.75,23.5
2018-10-16,710.0,713.9000244140625,689.4000244140625,695.25,11588963.0,1,16,10,10453.0498046875,24.5
2018-10-17,710.0,721.7999877929688,701.3499755859375,705.3499755859375,20360697.0,2,17,10,10303.5498046875,20.45001220703125
2018-10-19,687.0,687.7000122070312,678.0,683.5499877929688,10421001.0,4,19,10,10245.25,9.70001220703125
2018-10-22,688.7000122070312,695.0499877929688,673.7999877929688,679.9500122070312,6672840.0,0,22,10,10146.7998046875,21.25
2018-10-23,675.9500122070312,682.0,653.2999877929688,657.5999755859375,9041701.0,1,23,10,10224.75,28.70001220703125
2018-10-24,663.0,666.5,647.1500244140625,649.7999877929688,7058164.0,2,24,10,10124.900390625,19.3499755859375
2018-10-25,643.0,656.3499755859375,636.25,648.75,8270469.0,3,25,10,10030.0,20.0999755859375
2018-10-26,645.2999877929688,648.7000122070312,629.9000244140625,633.5999755859375,5464141.0,4,26,10,10250.849609375,18.79998779296875
2018-10-29,633.7000122070312,650.5499877929688,631.5,644.75,7137446.0,0,29,10,10198.400390625,19.04998779296875
2018-10-30,641.0999755859375,663.7999877929688,637.4500122070312,659.5999755859375,8793411.0,1,30,10,10386.599609375,26.3499755859375
2018-10-31,663.9000244140625,692.9500122070312,663.0499877929688,686.4000244140625,11947995.0,2,31,10,10380.4501953125,29.9000244140625
2018-11-01,689.7000122070312,689.7000122070312,659.5999755859375,666.7000122070312,5860244.0,3,1,11,10553.0,30.10003662109375
2018-11-02,665.9500122070312,675.7999877929688,660.0999755859375,662.25,6654067.0,4,2,11,10524.0,15.70001220703125
2018-11-05,663.5,668.5999755859375,657.0,666.0,5799426.0,0,5,11,10530.0,11.5999755859375
2018-11-06,667.9000244140625,675.0,660.6500244140625,666.4500122070312,6975525.0,1,6,11,10598.400390625,14.3499755859375
2018-11-07,673.0,677.5,672.0,675.5,758956.0,2,7,11,10585.2001953125,5.5
2018-11-09,679.0,679.0,655.5,659.5,9694143.0,4,9,11,10482.2001953125,23.5
2018-11-12,666.0,676.4000244140625,662.2999877929688,664.2000122070312,7118080.0,0,12,11,10582.5,14.10003662109375
2018-11-13,663.5,667.75,656.2999877929688,665.7000122070312,4137808.0,1,13,11,10576.2998046875,11.45001220703125
2018-11-14,665.7000122070312,665.7000122070312,640.5,653.2000122070312,7323026.0,2,14,11,10616.7001953125,25.20001220703125
2018-11-15,654.0,666.0,646.7000122070312,656.4000244140625,5513390.0,3,15,11,10682.2001953125,19.29998779296875
2018-11-16,659.9000244140625,662.5,644.2000122070312,650.8499755859375,8583785.0,4,16,11,10763.400390625,18.29998779296875
2018-11-19,659.0,662.0,649.25,651.7000122070312,6018930.0,0,19,11,10656.2001953125,12.75
2018-11-20,651.7000122070312,656.0,640.0999755859375,641.4000244140625,5384830.0,1,20,11,10600.0498046875,15.9000244140625
2018-11-21,640.0,640.0499877929688,612.0999755859375,619.0999755859375,14359086.0,2,21,11,10526.75,27.95001220703125
2018-11-22,622.25,628.1500244140625,616.75,620.75,6632975.0,3,22,11,10628.599609375,11.4000244140625
2018-11-26,621.0,628.0,599.8499755859375,621.4500122070312,15075209.0,0,26,11,10685.599609375,28.1500244140625
2018-11-27,625.5,641.0,625.2999877929688,638.9000244140625,12285851.0,1,27,11,10728.849609375,15.70001220703125
2018-11-28,640.9500122070312,668.7000122070312,640.0,666.4000244140625,17719890.0,2,28,11,10858.7001953125,28.70001220703125
2018-11-29,671.0,674.9000244140625,658.7999877929688,661.0499877929688,13399070.0,3,29,11,10876.75,16.10003662109375
2018-11-30,661.0,672.0,660.9500122070312,667.4500122070312,10445773.0,4,30,11,10883.75,11.04998779296875
2018-12-03,673.1500244140625,679.0,665.9500122070312,670.3499755859375,8260890.0,0,3,12,10869.5,13.04998779296875
2018-12-04,672.5499877929688,688.25,671.2999877929688,685.25,7827923.0,1,4,12,10782.900390625,16.95001220703125
2018-12-05,683.0,683.6500244140625,672.5,681.4000244140625,5177288.0,2,5,12,10601.150390625,11.1500244140625
2018-12-06,676.0999755859375,685.4500122070312,664.5499877929688,668.5,8039771.0,3,6,12,10693.7001953125,20.9000244140625
2018-12-07,672.0,685.75,665.5999755859375,682.7999877929688,5553948.0,4,7,12,10488.4501953125,20.1500244140625
2018-12-10,669.9000244140625,683.7999877929688,665.2000122070312,669.2000122070312,5121196.0,0,10,12,10549.150390625,18.5999755859375
2018-12-11,669.2000122070312,681.9000244140625,660.5999755859375,674.5,7120933.0,1,11,12,10737.599609375,21.300048828125
2018-12-12,677.0999755859375,680.6500244140625,670.5999755859375,678.5,6926183.0,2,12,12,10791.5498046875,10.050048828125
2018-12-13,682.0,700.0,680.0,697.75,7521474.0,3,13,12,10805.4501953125,20.0
2018-12-14,697.4500122070312,713.7000122070312,694.4000244140625,706.0499877929688,9560576.0,4,14,12,10888.349609375,19.29998779296875
2018-12-17,711.8499755859375,711.8499755859375,692.75,694.4000244140625,4778465.0,0,17,12,10908.7001953125,19.0999755859375
2018-12-18,686.5,686.5,674.5499877929688,676.5999755859375,8021298.0,1,18,12,10967.2998046875,11.95001220703125
2018-12-19,671.5499877929688,671.5499877929688,661.0999755859375,664.8499755859375,8295459.0,2,19,12,10951.7001953125,10.45001220703125
2018-12-20,660.0,671.5499877929688,656.4000244140625,667.0499877929688,11705260.0,3,20,12,10754.0,15.14996337890625
2018-12-21,659.5,659.5,643.4500122070312,646.2000122070312,12802132.0,4,21,12,10663.5,16.04998779296875
2018-12-24,657.0,658.7999877929688,647.5999755859375,649.0,8379825.0,0,24,12,10729.849609375,11.20001220703125
2018-12-26,647.0,647.0,637.3499755859375,644.0499877929688,6178552.0,2,26,12,10779.7998046875,9.6500244140625
2018-12-27,652.75,663.25,649.0,656.7999877929688,15333902.0,3,27,12,10859.900390625,14.25
2018-12-28,663.3499755859375,663.5,653.2999877929688,656.9500122070312,4736598.0,4,28,12,10862.5498046875,10.20001220703125
2019-01-01,660.9500122070312,666.2999877929688,654.1500244140625,665.0499877929688,2943390.0,1,1,1,10792.5,12.14996337890625
2019-01-02,666.0,674.0,662.0499877929688,669.0499877929688,7416655.0,2,2,1,10672.25,11.95001220703125
2019-01-03,672.0,677.0,663.0999755859375,669.1500244140625,6827249.0,3,3,1,10727.349609375,13.9000244140625
2019-01-04,671.75,673.9000244140625,651.0,661.0499877929688,7889310.0,4,4,1,10771.7998046875,22.9000244140625
2019-01-07,665.0,673.5999755859375,661.5,671.7000122070312,8046340.0,0,7,1,10802.150390625,12.0999755859375
2019-01-08,674.9500122070312,677.4500122070312,668.5499877929688,670.0499877929688,8621545.0,1,8,1,10855.150390625,8.9000244140625
2019-01-09,686.2000122070312,689.7999877929688,664.0,676.0999755859375,18130292.0,2,9,1,10821.599609375,25.79998779296875
2019-01-10,681.5999755859375,682.0,672.5499877929688,679.7000122070312,9572493.0,3,10,1,10794.9501953125,9.45001220703125
2019-01-11,680.2000122070312,685.5,672.5,683.5,12281903.0,4,11,1,10737.599609375,13.0
2019-01-14,707.0,710.2000122070312,695.9500122070312,701.9000244140625,19312937.0,0,14,1,10886.7998046875,14.25
2019-01-15,707.2000122070312,730.0,707.2000122070312,726.5999755859375,19671304.0,1,15,1,10890.2998046875,22.79998779296875
2019-01-16,729.9000244140625,737.7999877929688,728.5,736.7999877929688,9658944.0,2,16,1,10905.2001953125,9.29998779296875
2019-01-17,735.7999877929688,739.0,729.0999755859375,733.3499755859375,6903771.0,3,17,1,10906.9501953125,9.9000244140625
2019-01-18,730.0,736.2000122070312,726.2999877929688,730.9500122070312,5902151.0,4,18,1,10961.849609375,9.9000244140625
2019-01-21,738.2000122070312,751.0,734.0,745.0,8129422.0,0,21,1,10922.75,17.0
2019-01-22,741.25,749.0,734.0,745.3499755859375,6723375.0,1,22,1,10831.5,15.0
2019-01-23,742.3499755859375,742.5999755859375,729.2000122070312,731.6500244140625,7212099.0,2,23,1,10849.7998046875,13.39996337890625
2019-01-24,728.0999755859375,736.0999755859375,721.0,732.0,7429783.0,3,24,1,10780.5498046875,15.0999755859375
2019-01-25,728.0,737.9000244140625,724.25,730.3499755859375,5543112.0,4,25,1,10661.5498046875,13.6500244140625
2019-01-28,731.0,732.5999755859375,719.0,727.9500122070312,7944693.0,0,28,1,10652.2001953125,13.5999755859375
2019-01-29,725.5,732.8499755859375,716.5,727.9000244140625,6760819.0,1,29,1,10651.7998046875,16.3499755859375
2019-01-30,727.9000244140625,734.7999877929688,721.0999755859375,725.9000244140625,5763026.0,2,30,1,10830.9501953125,13.70001220703125
2019-01-31,726.0,751.2999877929688,726.0,749.5499877929688,13825233.0,3,31,1,10893.650390625,25.29998779296875
2019-02-01,751.3499755859375,762.5,744.5,757.0499877929688,6276585.0,4,1,2,10912.25,18.0
2019-02-04,757.0,762.5,749.2000122070312,755.9000244140625,3945391.0,0,4,2,10934.349609375,13.29998779296875
2019-02-05,747.0,759.9500122070312,747.0,754.8499755859375,4694366.0,1,5,2,11062.4501953125,12.95001220703125
2019-02-06,755.5499877929688,766.9500122070312,754.3499755859375,763.2999877929688,5880482.0,2,6,2,11069.400390625,12.60003662109375
2019-02-07,763.0499877929688,769.4500122070312,761.0,764.0,3961797.0,3,7,2,10943.599609375,8.45001220703125
2019-02-08,760.0,772.25,754.9000244140625,760.9000244140625,5915169.0,4,8,2,10888.7998046875,17.3499755859375
2019-02-11,766.9000244140625,768.75,759.0,762.7999877929688,5500216.0,0,11,2,10831.400390625,9.75
2019-02-12,760.3499755859375,760.3499755859375,741.0,750.4500122070312,7310690.0,1,12,2,10746.0498046875,19.3499755859375
2019-02-14,751.0,753.0,737.25,740.0499877929688,4610535.0,3,14,2,10724.400390625,15.75
2019-02-15,742.2999877929688,746.5,732.5999755859375,741.9500122070312,5586389.0,4,15,2,10640.9501953125,13.9000244140625
2019-02-18,742.3499755859375,747.6500244140625,736.0,741.0499877929688,5346825.0,0,18,2,10604.349609375,11.6500244140625
2019-02-19,739.0999755859375,740.5499877929688,721.2999877929688,724.2999877929688,9401334.0,1,19,2,10735.4501953125,19.25
2019-02-20,727.0,743.0,726.0499877929688,740.7000122070312,5210675.0,2,20,2,10789.849609375,16.95001220703125
2019-02-21,738.0,738.0,727.0999755859375,733.4500122070312,7202786.0,3,21,2,10791.650390625,10.9000244140625
2019-02-22,732.5,738.2000122070312,728.0,734.9500122070312,3750833.0,4,22,2,10880.099609375,10.20001220703125
2019-02-25,735.5499877929688,758.0,735.5499877929688,754.9000244140625,6547552.0,0,25,2,10835.2998046875,22.45001220703125
2019-02-26,748.5999755859375,752.5999755859375,740.1500244140625,742.5,8319610.0,1,26,2,10806.650390625,12.449951171875
2019-02-27,745.0,746.4000244140625,732.75,735.25,5936354.0,2,27,2,10792.5,13.6500244140625
2019-02-28,738.7000122070312,742.4000244140625,732.2999877929688,734.2999877929688,8559921.0,3,28,2,10863.5,10.10003662109375
2019-03-01,735.5,743.4000244140625,735.5,741.9000244140625,3998826.0,4,1,3,10987.4501953125,7.9000244140625
2019-03-05,740.5,742.5,730.25,732.5,4826505.0,1,5,3,11053.0,12.25
2019-03-06,736.0999755859375,736.0999755859375,727.0,732.5,6076668.0,2,6,3,11058.2001953125,9.0999755859375
2019-03-07,734.0,734.5,720.5499877929688,722.9500122070312,5951551.0,3,7,3,11035.400390625,13.95001220703125
2019-03-08,722.9500122070312,722.9500122070312,710.6500244140625,712.3499755859375,7193994.0,4,8,3,11168.0498046875,12.29998779296875
2019-03-11,713.2999877929688,718.5,709.4000244140625,711.25,9932198.0,0,11,3,11301.2001953125,9.0999755859375
2019-03-12,709.0,714.9500122070312,705.5999755859375,706.9500122070312,11997387.0,1,12,3,11341.7001953125,9.35003662109375
2019-03-13,710.0,718.5999755859375,706.2999877929688,708.4500122070312,11348867.0,2,13,3,11343.25,12.29998779296875
2019-03-14,714.0,714.9000244140625,706.2000122070312,708.3499755859375,6415187.0,3,14,3,11426.849609375,8.70001220703125
2019-03-15,712.0,723.75,709.5999755859375,718.5499877929688,14638664.0,4,15,3,11462.2001953125,14.1500244140625
2019-03-18,721.5499877929688,723.7000122070312,705.3499755859375,710.2000122070312,8065544.0,0,18,3,11532.400390625,18.35003662109375
2019-03-19,712.7999877929688,726.5,707.4000244140625,722.25,8917337.0,1,19,3,11521.0498046875,19.0999755859375
2019-03-20,727.25,742.2999877929688,727.1500244140625,738.9500122070312,13471173.0,2,20,3,11456.900390625,15.14996337890625
2019-03-22,745.0,746.3499755859375,732.2999877929688,743.0999755859375,8883260.0,4,22,3,11354.25,14.04998779296875
2019-03-25,742.4000244140625,742.4000244140625,730.5499877929688,735.25,7644966.0,0,25,3,11483.25,11.85003662109375
2019-03-26,735.25,735.25,719.0999755859375,727.75,9406261.0,1,26,3,11445.0498046875,16.1500244140625
2019-03-27,730.0,732.2999877929688,727.1500244140625,729.7000122070312,7387487.0,2,27,3,11570.0,5.14996337890625
2019-03-28,730.0,745.0,730.0,737.7999877929688,9277241.0,3,28,3,11669.150390625,15.0
2019-04-01,742.0,760.0,742.0,755.0999755859375,6584982.0,0,1,4,11713.2001953125,18.0
2019-04-02,759.0,765.7999877929688,754.5999755859375,759.4000244140625,7283600.0,1,2,4,11643.9501953125,11.20001220703125
2019-04-03,756.0,758.5,746.7999877929688,753.2999877929688,6897127.0,2,3,4,11598.0,11.70001220703125
2019-04-04,751.4000244140625,753.7999877929688,745.0999755859375,747.9000244140625,7688525.0,3,4,4,11665.9501953125,8.70001220703125
2019-04-05,750.9000244140625,760.9500122070312,748.0,759.2999877929688,6276040.0,4,5,4,11604.5,12.95001220703125
2019-04-08,763.0499877929688,770.0,755.4000244140625,767.25,4919911.0,0,8,4,11671.9501953125,14.5999755859375
2019-04-09,770.0,773.0,758.2000122070312,760.5999755859375,6730692.0,1,9,4,11584.2998046875,14.79998779296875
2019-04-10,764.0,766.7000122070312,751.2999877929688,752.7000122070312,7031088.0,2,10,4,11596.7001953125,15.4000244140625
2019-04-11,751.75,751.75,740.0499877929688,742.7000122070312,8200995.0,3,11,4,11643.4501953125,11.70001220703125
2019-04-12,743.0999755859375,751.5499877929688,740.5999755859375,747.75,7043212.0,4,12,4,11690.349609375,10.95001220703125
2019-04-15,724.7000122070312,731.3499755859375,712.5999755859375,727.5,31574803.0,0,15,4,11787.150390625,18.75
2019-04-16,727.9000244140625,727.9000244140625,714.0999755859375,724.0999755859375,12524411.0,1,16,4,11752.7998046875,13.800048828125
2019-04-18,722.5,722.5,712.75,717.0499877929688,13801105.0,3,18,4,11594.4501953125,9.75
2019-04-22,717.0499877929688,725.75,715.0,721.0499877929688,6455426.0,0,22,4,11575.9501953125,10.75
2019-04-23,723.9000244140625,730.0,718.4000244140625,728.2000122070312,5516668.0,1,23,4,11726.150390625,11.5999755859375
2019-04-24,728.2000122070312,737.9000244140625,724.0,736.4500122070312,8285120.0,2,24,4,11641.7998046875,13.9000244140625
2019-04-25,736.4500122070312,737.6500244140625,727.0499877929688,728.5499877929688,8005235.0,3,25,4,11754.650390625,10.60003662109375
2019-04-26,731.0,739.7999877929688,729.0,738.0,6895168.0,4,26,4,11748.150390625,10.79998779296875
2019-04-30,738.0,753.7999877929688,738.0,751.3499755859375,9920046.0,1,30,4,11724.75,15.79998779296875
2019-05-02,747.0,748.4000244140625,729.5,730.7999877929688,6351352.0,3,2,5,11712.25,18.9000244140625
2019-05-03,722.9000244140625,731.0,718.2000122070312,723.5999755859375,6348116.0,4,3,5,11598.25,12.79998779296875
2019-05-06,715.0,721.7999877929688,710.6500244140625,718.4000244140625,8858265.0,0,6,5,11497.900390625,11.14996337890625
2019-05-07,720.4000244140625,727.9000244140625,718.7000122070312,724.5499877929688,5747536.0,1,7,5,11359.4501953125,9.20001220703125
2019-05-08,721.0,726.0,716.5,719.3499755859375,6247642.0,2,8,5,11301.7998046875,9.5
2019-05-09,719.1500244140625,730.2999877929688,715.7999877929688,721.0499877929688,7396525.0,3,9,5,11278.900390625,14.5
2019-05-10,720.7999877929688,726.0,715.0,716.8499755859375,8352335.0,4,10,5,11148.2001953125,11.0
2019-05-13,716.5499877929688,726.4500122070312,712.0999755859375,719.7000122070312,6808993.0,0,13,5,11222.0498046875,14.35003662109375
2019-05-14,716.5,717.75,703.5999755859375,713.8499755859375,10513001.0,1,14,5,11157.0,14.1500244140625
2019-05-15,714.9000244140625,725.2000122070312,712.5999755859375,716.0999755859375,6668929.0,2,15,5,11257.099609375,12.60003662109375
2019-05-16,720.0,737.0,719.0999755859375,733.0999755859375,6468556.0,3,16,5,11407.150390625,17.9000244140625
2019-05-17,733.1500244140625,735.7999877929688,720.0999755859375,723.9000244140625,8155948.0,4,17,5,11828.25,15.70001220703125
2019-05-20,719.7000122070312,726.4000244140625,706.0,722.4000244140625,11213708.0,0,20,5,11709.099609375,20.4000244140625
2019-05-21,722.6500244140625,722.6500244140625,707.7000122070312,709.2999877929688,8645535.0,1,21,5,11737.900390625,14.95001220703125
2019-05-22,710.0,718.25,707.0,709.75,5795713.0,2,22,5,11657.0498046875,11.25
2019-05-23,715.0,716.7000122070312,697.4500122070312,701.0499877929688,7233736.0,3,23,5,11844.099609375,19.25
2019-05-24,703.7999877929688,711.75,700.4500122070312,709.2000122070312,7016424.0,4,24,5,11924.75,11.29998779296875
2019-05-27,707.4000244140625,713.7999877929688,705.5,708.0999755859375,10247544.0,0,27,5,11928.75,8.29998779296875
2019-05-28,712.0,733.4500122070312,709.7999877929688,728.0999755859375,23860490.0,1,28,5,11861.099609375,23.6500244140625
2019-05-29,725.5,733.6500244140625,723.6500244140625,727.7999877929688,10293077.0,2,29,5,11945.900390625,10.0
2019-05-30,727.0,737.25,722.5499877929688,733.5499877929688,15089296.0,3,30,5,11922.7998046875,14.70001220703125
2019-05-31,736.5,742.9500122070312,733.2000122070312,737.75,8290306.0,4,31,5,12088.5498046875,9.75
2019-06-03,729.7999877929688,750.9000244140625,729.0,744.6500244140625,7744761.0,0,3,6,12021.650390625,21.9000244140625
2019-06-04,737.25,739.4500122070312,733.1500244140625,735.2999877929688,11733702.0,1,4,6,11843.75,6.29998779296875
2019-06-06,736.5,744.6500244140625,733.6500244140625,735.5999755859375,7563925.0,3,6,6,11870.650390625,11.0
2019-06-07,735.8499755859375,743.9500122070312,735.8499755859375,739.0999755859375,3218358.0,4,7,6,11922.7001953125,8.10003662109375
2019-06-10,740.0999755859375,754.0999755859375,740.0999755859375,753.5,4435148.0,0,10,6,11965.599609375,14.0
2019-06-11,755.0,759.0,750.5,754.9000244140625,5733127.0,1,11,6,11906.2001953125,8.5
2019-06-12,756.9500122070312,756.9500122070312,745.0,753.7999877929688,8738342.0,2,12,6,11914.0498046875,11.95001220703125
2019-06-13,740.0,747.2000122070312,740.0,742.6500244140625,4808577.0,3,13,6,11823.2998046875,7.20001220703125
2019-06-14,743.8499755859375,745.5,738.25,740.4500122070312,5556353.0,4,14,6,11672.150390625,7.25
2019-06-17,743.0,744.5,737.7999877929688,740.5499877929688,3085588.0,0,17,6,11691.5,6.70001220703125
2019-06-18,740.2000122070312,752.4500122070312,740.2000122070312,750.1500244140625,6202838.0,1,18,6,11691.4501953125,12.25
2019-06-19,752.5,755.4000244140625,748.5999755859375,751.9000244140625,4596253.0,2,19,6,11831.75,6.800048828125
2019-06-20,737.7999877929688,756.9000244140625,735.9000244140625,754.9000244140625,7148684.0,3,20,6,11724.099609375,21.0
2019-06-21,755.0,755.0,747.1500244140625,750.2000122070312,13200318.0,4,21,6,11699.650390625,7.8499755859375
2019-06-24,751.9000244140625,751.9000244140625,742.6500244140625,745.5,4758178.0,0,24,6,11796.4501953125,9.25
2019-06-25,744.0,750.9000244140625,737.2999877929688,748.0999755859375,3677911.0,1,25,6,11847.5498046875,13.60003662109375
2019-06-26,743.0,751.4500122070312,738.0,739.2000122070312,5447130.0,2,26,6,11841.5498046875,13.45001220703125
2019-06-27,742.0,744.7000122070312,728.1500244140625,730.5499877929688,11122346.0,3,27,6,11788.849609375,16.54998779296875
2019-06-28,735.5,739.5,728.5,732.0,5919494.0,4,28,6,11865.599609375,11.0
2019-07-01,735.0,737.5,729.8499755859375,731.2999877929688,3224968.0,0,1,7,11910.2998046875,7.6500244140625
2019-07-02,734.0,741.6500244140625,730.0999755859375,740.0,4837606.0,1,2,7,11916.75,11.550048828125
2019-07-03,741.0,743.2000122070312,730.0,731.2999877929688,5958379.0,2,3,7,11946.75,13.20001220703125
2019-07-04,729.0,736.4000244140625,728.5999755859375,733.7999877929688,3274064.0,3,4,7,11811.150390625,7.800048828125
2019-07-05,735.0,736.4000244140625,713.5,718.0,4926289.0,4,5,7,11558.599609375,22.9000244140625
2019-07-08,716.4500122070312,724.9500122070312,712.2999877929688,717.5999755859375,7177092.0,0,8,7,11555.900390625,12.6500244140625
2019-07-09,718.0,719.8499755859375,709.0499877929688,715.5,5022638.0,1,9,7,11498.900390625,10.79998779296875
2019-07-10,709.0,722.7000122070312,706.5,717.25,7573816.0,2,10,7,11582.900390625,16.20001220703125
2019-07-11,719.4500122070312,723.5,709.5999755859375,721.5,6252688.0,3,11,7,11552.5,13.9000244140625
2019-07-12,722.5,730.5999755859375,719.5999755859375,726.75,7874441.0,4,12,7,11588.349609375,11.0
2019-07-15,763.0,781.6500244140625,754.2000122070312,779.3499755859375,31064152.0,0,15,7,11662.599609375,27.45001220703125
2019-07-16,777.0,787.7999877929688,776.0,784.8499755859375,9924322.0,1,16,7,11687.5,11.79998779296875
2019-07-17,783.9000244140625,795.0,776.75,794.1500244140625,6754348.0,2,17,7,11596.900390625,18.25
2019-07-18,789.0499877929688,798.5,786.2000122070312,792.7000122070312,6534471.0,3,18,7,11419.25,12.29998779296875
2019-07-19,788.7000122070312,794.5,781.25,785.4000244140625,6812754.0,4,19,7,11346.2001953125,13.25
2019-07-22,785.9500122070312,792.0,782.0499877929688,784.4000244140625,7107151.0,0,22,7,11331.0498046875,9.95001220703125
2019-07-23,787.0,804.0,785.5499877929688,790.0499877929688,10782564.0,1,23,7,11271.2998046875,18.45001220703125
2019-07-24,788.0,793.75,783.5999755859375,786.2999877929688,5745146.0,2,24,7,11252.150390625,10.1500244140625
2019-07-25,788.25,800.2000122070312,787.6500244140625,794.5,9773568.0,3,25,7,11284.2998046875,12.54998779296875
2019-07-26,792.2999877929688,795.0,782.2000122070312,787.0,4941763.0,4,26,7,11189.2001953125,12.79998779296875
2019-07-29,789.5,796.9500122070312,786.2000122070312,791.4500122070312,6244316.0,0,29,7,11085.400390625,10.75
2019-07-30,791.9000244140625,797.7999877929688,788.5499877929688,792.7000122070312,8673253.0,1,30,7,11118.0,9.25
2019-07-31,790.8499755859375,799.7999877929688,781.5999755859375,793.6500244140625,7350584.0,2,31,7,10980.0,18.20001220703125
2019-08-01,786.4500122070312,788.4000244140625,764.4000244140625,768.8499755859375,10066407.0,3,1,8,10997.349609375,24.0
2019-08-02,765.0499877929688,779.9000244140625,762.25,775.5999755859375,10838336.0,4,2,8,10862.599609375,17.6500244140625
2019-08-05,772.5999755859375,785.9000244140625,768.6500244140625,776.7000122070312,9976238.0,0,5,8,10948.25,17.25
2019-08-06,778.7999877929688,783.7000122070312,769.7999877929688,774.4500122070312,9331718.0,1,6,8,10855.5,13.9000244140625
2019-08-07,778.9000244140625,783.4500122070312,772.3499755859375,776.0999755859375,5130457.0,2,7,8,11032.4501953125,11.10003662109375
2019-08-08,782.7000122070312,792.75,781.25,788.75,8009009.0,3,8,8,11109.650390625,11.5
2019-08-09,792.0,796.75,784.7999877929688,789.8499755859375,4362520.0,4,9,8,10925.849609375,11.95001220703125
2019-08-13,784.1500244140625,786.0,760.1500244140625,764.75,7517099.0,1,13,8,11029.400390625,25.8499755859375
2019-08-14,775.0999755859375,778.25,768.0,774.7999877929688,5940968.0,2,14,8,11047.7998046875,10.25
2019-08-16,780.0,780.0499877929688,762.5,774.5499877929688,5128088.0,4,16,8,11053.900390625,17.54998779296875
2019-08-19,775.5999755859375,783.0,773.3499755859375,777.6500244140625,3881451.0,0,19,8,11017.0,9.6500244140625
2019-08-20,785.2000122070312,798.0,783.8499755859375,792.75,8435344.0,1,20,8,10918.7001953125,14.1500244140625
2019-08-21,793.0,803.75,793.0,799.4500122070312,5926896.0,2,21,8,10741.349609375,10.75
2019-08-22,799.9000244140625,801.2999877929688,792.3499755859375,795.7000122070312,5222488.0,3,22,8,10829.349609375,8.95001220703125
2019-08-23,796.4500122070312,809.9500122070312,795.7999877929688,802.2000122070312,6895015.0,4,23,8,11057.849609375,14.1500244140625
2019-08-26,795.9000244140625,806.7999877929688,786.9000244140625,802.5499877929688,5412074.0,0,26,8,11105.349609375,19.89996337890625
2019-08-27,791.0,794.9500122070312,781.0999755859375,784.6500244140625,16061642.0,1,27,8,11046.099609375,13.85003662109375
2019-08-28,787.4000244140625,805.0,786.2999877929688,802.5,5881134.0,2,28,8,10948.2998046875,18.70001220703125
2019-08-29,795.5,809.7000122070312,795.5,806.9500122070312,7830413.0,3,29,8,11023.25,14.20001220703125
2019-08-30,810.0,817.3499755859375,802.0,814.9000244140625,8174186.0,4,30,8,10797.900390625,15.3499755859375
2019-09-03,815.0,822.4000244140625,812.0499877929688,814.25,5647088.0,1,3,9,10844.650390625,10.35003662109375
2019-09-04,810.75,822.4500122070312,810.25,821.2999877929688,6199015.0,2,4,9,10847.900390625,12.20001220703125
2019-09-05,830.0999755859375,837.5,826.6500244140625,834.0499877929688,7926895.0,3,5,9,10946.2001953125,10.8499755859375
2019-09-06,843.2999877929688,847.0,835.0499877929688,840.1500244140625,6106841.0,4,6,9,11003.0498046875,11.95001220703125
2019-09-09,836.7999877929688,840.2999877929688,827.5499877929688,829.0999755859375,4377870.0,0,9,9,11035.7001953125,12.75
2019-09-11,822.2999877929688,828.5499877929688,814.1500244140625,820.0999755859375,7981036.0,2,11,9,10982.7998046875,14.39996337890625
2019-09-12,816.4000244140625,819.8499755859375,810.8499755859375,816.4000244140625,4400017.0,3,12,9,11075.900390625,9.0
2019-09-13,818.0999755859375,831.0499877929688,817.5,829.2999877929688,4832021.0,4,13,9,11003.5,13.54998779296875
2019-09-16,832.0499877929688,837.9500122070312,820.5499877929688,827.7000122070312,4846496.0,0,16,9,10817.599609375,17.4000244140625
2019-09-17,831.5,835.0,820.5499877929688,831.25,5540901.0,1,17,9,10840.650390625,14.45001220703125
2019-09-18,829.9000244140625,832.9500122070312,824.0,829.8499755859375,3199389.0,2,18,9,10704.7998046875,8.95001220703125
2019-09-19,824.8499755859375,827.0,815.2000122070312,820.7000122070312,6601607.0,3,19,9,11274.2001953125,11.79998779296875
2019-09-20,822.9000244140625,835.0,802.0,805.0,22462366.0,4,20,9,11600.2001953125,33.0
2019-09-23,806.9000244140625,806.9000244140625,741.9000244140625,764.3499755859375,17279260.0,0,23,9,11588.2001953125,65.0
2019-09-24,765.0,798.6500244140625,765.0,794.0499877929688,13717998.0,1,24,9,11440.2001953125,33.6500244140625
2019-09-25,787.7000122070312,801.0,781.6500244140625,792.6500244140625,9313576.0,2,25,9,11571.2001953125,19.3499755859375
2019-09-26,787.75,797.0,778.0999755859375,782.5499877929688,18442824.0,3,26,9,11512.400390625,18.9000244140625
2019-09-27,787.0499877929688,794.25,780.0999755859375,782.2000122070312,5087642.0,4,27,9,11474.4501953125,14.1500244140625
2019-09-30,785.0999755859375,808.0,784.1500244140625,805.6500244140625,8178091.0,0,30,9,11359.900390625,23.8499755859375
2019-10-01,807.0,807.5499877929688,791.5499877929688,793.5499877929688,5881438.0,1,1,10,11314.0,16.0
2019-10-03,792.5499877929688,797.8499755859375,784.1500244140625,785.5999755859375,5497672.0,3,3,10,11174.75,13.699951171875
2019-10-04,790.0,797.5999755859375,787.0499877929688,793.4500122070312,8201713.0,4,4,10,11126.400390625,10.54998779296875
2019-10-07,794.8499755859375,802.0,786.0999755859375,789.5499877929688,3679845.0,0,7,10,11313.2998046875,15.9000244140625
2019-10-09,795.4500122070312,795.9000244140625,778.7999877929688,783.6500244140625,6335025.0,2,9,10,11234.5498046875,17.10003662109375
2019-10-10,785.4000244140625,794.7000122070312,776.5999755859375,783.0499877929688,10402917.0,3,10,10,11305.0498046875,18.10003662109375
2019-10-11,781.5,823.7999877929688,776.5999755859375,814.7999877929688,20636344.0,4,11,10,11341.150390625,47.20001220703125
2019-10-14,786.75,797.0,780.0,786.0999755859375,15150858.0,0,14,10,11428.2998046875,17.0
2019-10-15,773.0999755859375,775.9500122070312,765.0,768.2999877929688,13762133.0,1,15,10,11464.0,10.95001220703125
2019-10-16,765.25,775.9500122070312,761.5499877929688,771.4500122070312,10767032.0,2,16,10,11586.349609375,14.4000244140625
2019-10-17,767.0,770.5499877929688,765.0999755859375,769.5,9860495.0,3,17,10,11661.849609375,5.45001220703125
2019-10-18,763.7999877929688,773.7999877929688,760.0,767.8499755859375,10037200.0,4,18,10,11588.349609375,13.79998779296875
2019-10-22,691.0999755859375,691.0999755859375,638.3499755859375,643.5499877929688,90152532.0,1,22,10,11604.099609375,52.75
2019-10-23,630.0,656.6500244140625,615.0999755859375,650.5999755859375,60516887.0,2,23,10,11582.599609375,41.550048828125
2019-10-24,650.0,653.2000122070312,632.0,635.3499755859375,25666433.0,3,24,10,11583.900390625,21.20001220703125
2019-10-29,651.0,653.75,647.0,650.6500244140625,16709764.0,1,29,10,11844.099609375,6.75
2019-10-30,660.4000244140625,671.4000244140625,656.2000122070312,660.5999755859375,22879467.0,2,30,10,11877.4501953125,15.20001220703125
2019-10-31,668.4000244140625,695.4500122070312,666.0999755859375,685.5999755859375,27405901.0,3,31,10,11890.599609375,29.35003662109375
2019-11-01,690.0,694.0,682.5999755859375,687.9000244140625,9713519.0,4,1,11,11941.2998046875,11.4000244140625
2019-11-04,681.7999877929688,732.5,678.1500244140625,709.0,29381982.0,0,4,11,11917.2001953125,54.3499755859375
2019-11-05,708.75,708.75,691.5,696.0999755859375,12897805.0,1,5,11,11966.0498046875,17.25
2019-11-06,695.7999877929688,721.5,692.0,712.2999877929688,21372589.0,2,6,11,12012.0498046875,29.5
2019-11-07,717.0,724.3499755859375,712.0999755859375,720.0999755859375,13733737.0,3,7,11,11908.150390625,12.25
2019-11-08,722.0,724.25,705.5,708.1500244140625,8585630.0,4,8,11,11913.4501953125,18.75
2019-11-11,698.9000244140625,707.2000122070312,698.0,704.4000244140625,6951494.0,0,11,11,11840.4501953125,9.20001220703125
2019-11-13,696.5,700.0,687.75,691.3499755859375,9973690.0,2,13,11,11872.099609375,12.25
2019-11-14,696.3499755859375,709.7999877929688,696.3499755859375,705.2999877929688,10539902.0,3,14,11,11895.4501953125,13.45001220703125
2019-11-15,709.0499877929688,712.9500122070312,702.2999877929688,703.9000244140625,7362623.0,4,15,11,11884.5,10.6500244140625
2019-11-18,705.0,710.0,699.2999877929688,705.2000122070312,7490916.0,0,18,11,11940.099609375,10.70001220703125
2019-11-19,709.9000244140625,714.0,705.0,712.8499755859375,6495885.0,1,19,11,11999.099609375,9.0
2019-11-20,712.7999877929688,715.0,705.0,713.0,6142171.0,2,20,11,11968.400390625,10.0
2019-11-21,715.5,721.4500122070312,710.5,713.25,9692973.0,3,21,11,11914.400390625,10.95001220703125
2019-11-22,711.75,712.0,685.0999755859375,693.2000122070312,14415826.0,4,22,11,12073.75,26.9000244140625
2019-11-25,693.3499755859375,705.1500244140625,693.2000122070312,698.0999755859375,7334511.0,0,25,11,12037.7001953125,11.95001220703125
2019-11-26,705.0,707.25,686.0,690.5999755859375,27253106.0,1,26,11,12100.7001953125,21.25
2019-11-27,694.25,697.6500244140625,690.0999755859375,695.75,3861635.0,2,27,11,12151.150390625,7.550048828125
2019-11-28,699.0999755859375,703.3499755859375,694.0499877929688,701.8499755859375,4837683.0,3,28,11,12056.0498046875,9.29998779296875
2019-11-29,700.9000244140625,702.2999877929688,691.5499877929688,696.3499755859375,4262379.0,4,29,11,12048.2001953125,10.75
2019-12-02,703.0999755859375,704.0,690.2999877929688,692.7000122070312,9383736.0,0,2,12,11994.2001953125,13.70001220703125
2019-12-03,692.7000122070312,699.7000122070312,688.5499877929688,698.3499755859375,5239013.0,1,3,12,12043.2001953125,11.1500244140625
2019-12-04,697.0,710.5,693.3499755859375,708.8499755859375,7427886.0,2,4,12,12018.400390625,17.1500244140625
2019-12-05,706.4500122070312,715.9000244140625,703.7999877929688,714.8499755859375,4814422.0,3,5,12,11921.5,12.10003662109375
2019-12-06,715.9500122070312,720.0,709.5999755859375,715.0999755859375,5226096.0,4,6,12,11937.5,10.4000244140625
2019-12-09,716.0,722.3499755859375,714.25,717.25,6435865.0,0,9,12,11856.7998046875,8.0999755859375
2019-12-10,713.0,718.5,710.0,714.5499877929688,4457939.0,1,10,12,11910.150390625,8.5
2019-12-11,716.5999755859375,722.7000122070312,713.0,721.0499877929688,6043554.0,2,11,12,11971.7998046875,9.70001220703125
2019-12-12,718.5,720.7000122070312,699.5499877929688,702.0999755859375,11112042.0,3,12,12,12086.7001953125,21.1500244140625
2019-12-13,700.3499755859375,712.9000244140625,700.3499755859375,711.2999877929688,10302412.0,4,13,12,12053.9501953125,12.550048828125
2019-12-16,712.2999877929688,720.2000122070312,710.2000122070312,714.0,5616324.0,0,16,12,12165.0,10.0
2019-12-17,719.7000122070312,731.25,715.0,729.7000122070312,10525565.0,1,17,12,12221.650390625,16.25
2019-12-18,731.0,737.2999877929688,722.75,732.4500122070312,12215295.0,2,18,12,12259.7001953125,14.54998779296875
2019-12-19,733.5,735.9500122070312,724.5999755859375,730.8499755859375,7199210.0,3,19,12,12271.7998046875,11.35003662109375
2019-12-20,731.0,735.0,728.25,731.5499877929688,7794167.0,4,20,12,12262.75,6.75
2019-12-23,732.1500244140625,737.2999877929688,731.6500244140625,736.0,4975608.0,0,23,12,12214.5498046875,5.64996337890625
2019-12-24,736.9500122070312,736.9500122070312,728.2999877929688,733.4000244140625,2890759.0,1,24,12,12126.5498046875,8.6500244140625
2019-12-26,732.0,734.5499877929688,726.5499877929688,728.9500122070312,3821806.0,3,26,12,12245.7998046875,8.0
2019-12-27,729.75,737.5,728.8499755859375,736.9500122070312,3399094.0,4,27,12,12255.849609375,8.6500244140625
2019-12-30,736.0999755859375,737.9500122070312,727.25,732.9000244140625,5368416.0,0,30,12,12168.4501953125,10.70001220703125
2019-12-31,729.7000122070312,737.75,725.4500122070312,731.1500244140625,6927885.0,1,31,12,12182.5,12.29998779296875
2020-01-01,735.0,740.0,732.5499877929688,736.8499755859375,2112415.0,2,1,1,12282.2001953125,7.45001220703125
2020-01-02,738.9000244140625,740.7999877929688,730.9000244140625,734.7000122070312,5658200.0,3,2,1,12226.650390625,9.89996337890625
2020-01-03,733.9000244140625,748.0,733.9000244140625,746.0,7882938.0,4,3,1,11993.0498046875,14.0999755859375
2020-01-06,746.0999755859375,753.7999877929688,736.5,738.8499755859375,6519403.0,0,6,1,12052.9501953125,17.29998779296875
2020-01-07,738.0,742.5999755859375,725.0999755859375,727.9000244140625,7899363.0,1,7,1,12025.349609375,17.5
2020-01-08,724.9500122070312,729.0,708.2999877929688,718.2000122070312,8639443.0,2,8,1,12215.900390625,20.70001220703125
2020-01-09,721.7000122070312,731.5,714.2999877929688,727.5499877929688,13521186.0,3,9,1,12256.7998046875,17.20001220703125
2020-01-10,740.4500122070312,742.9000244140625,730.5,738.1500244140625,9341405.0,4,10,1,12329.5498046875,12.4000244140625
2020-01-13,760.0,777.5,755.0,773.5499877929688,36952038.0,0,13,1,12362.2998046875,22.5
2020-01-14,769.9500122070312,776.9500122070312,767.2000122070312,775.6500244140625,11414418.0,1,14,1,12343.2998046875,9.75
2020-01-15,773.8499755859375,773.8499755859375,762.1500244140625,767.5499877929688,6047430.0,2,15,1,12355.5,11.699951171875
2020-01-16,770.7000122070312,772.5,760.25,767.0,5740586.0,3,16,1,12352.349609375,12.25
2020-01-17,770.7000122070312,772.9000244140625,762.25,767.8499755859375,3762957.0,4,17,1,12224.5498046875,10.6500244140625
2020-01-20,771.5999755859375,774.4000244140625,762.9500122070312,768.4500122070312,3887680.0,0,20,1,12169.849609375,11.45001220703125
2020-01-21,768.4500122070312,770.5,760.75,762.5,4448374.0,1,21,1,12106.900390625,9.75
2020-01-22,768.4500122070312,778.0,766.0,770.2000122070312,9733935.0,2,22,1,12180.349609375,12.0
2020-01-23,777.0999755859375,785.5,776.7000122070312,784.3499755859375,12528017.0,3,23,1,12248.25,8.79998779296875
2020-01-24,775.75,786.5,773.5999755859375,782.75,7540490.0,4,24,1,12119.0,12.9000244140625
2020-01-27,779.0499877929688,784.7999877929688,774.4000244140625,778.0999755859375,3741610.0,0,27,1,12055.7998046875,10.39996337890625
2020-01-28,781.0,781.7999877929688,772.0,778.0,5121009.0,1,28,1,12129.5,9.79998779296875
2020-01-29,786.5999755859375,792.7999877929688,784.25,789.7000122070312,6832757.0,2,29,1,12035.7998046875,8.54998779296875
2020-01-30,789.7000122070312,789.7000122070312,778.0,780.7000122070312,3859680.0,3,30,1,11962.099609375,11.70001220703125
2020-01-31,780.5499877929688,784.9500122070312,771.5999755859375,775.9500122070312,6092028.0,4,31,1,11707.900390625,13.35003662109375
2020-02-03,782.0,790.9500122070312,764.5,767.4000244140625,6416745.0,0,3,2,11979.650390625,26.45001220703125
2020-02-04,770.0999755859375,789.9000244140625,770.0999755859375,787.8499755859375,5771311.0,1,4,2,12089.150390625,19.800048828125
2020-02-05,781.0,786.0,774.4000244140625,784.5499877929688,6310409.0,2,5,2,12137.9501953125,11.5999755859375
2020-02-06,784.3499755859375,786.7999877929688,770.0,771.3499755859375,7341622.0,3,6,2,12098.349609375,16.79998779296875
2020-02-07,775.9500122070312,778.8499755859375,771.0,777.2999877929688,2853344.0,4,7,2,12031.5,7.8499755859375
2020-02-10,774.0,778.0,769.75,773.2000122070312,3827682.0,0,10,2,12107.900390625,8.25
2020-02-11,779.0,779.0999755859375,769.2000122070312,773.5499877929688,4312817.0,1,11,2,12201.2001953125,9.89996337890625
2020-02-12,775.7999877929688,783.25,775.0999755859375,781.0499877929688,2948825.0,2,12,2,12174.650390625,8.1500244140625
2020-02-13,785.0,794.0,782.2000122070312,792.25,4387430.0,3,13,2,12113.4501953125,11.79998779296875
2020-02-14,794.5,799.2000122070312,784.5999755859375,786.4500122070312,5321680.0,4,14,2,12045.7998046875,14.60003662109375
2020-02-17,790.2999877929688,793.4500122070312,783.2999877929688,789.4500122070312,2929629.0,0,17,2,11992.5,10.1500244140625
2020-02-18,785.0,799.0499877929688,783.6500244140625,797.6500244140625,5083346.0,1,18,2,12125.900390625,15.39996337890625
2020-02-19,800.0,804.8499755859375,796.1500244140625,800.4500122070312,3985192.0,2,19,2,12080.849609375,8.699951171875
2020-02-20,803.25,806.0999755859375,793.8499755859375,797.0,4564569.0,3,20,2,11829.400390625,12.25
2020-02-24,800.0999755859375,811.5999755859375,792.1500244140625,795.8499755859375,6627536.0,0,24,2,11797.900390625,19.449951171875
2020-02-25,799.0,806.0,795.4000244140625,798.4000244140625,6996695.0,1,25,2,11678.5,10.5999755859375
2020-02-26,793.9500122070312,801.4500122070312,780.5,782.75,8760569.0,2,26,2,11633.2998046875,20.95001220703125
2020-02-27,778.0,780.75,772.2000122070312,777.8499755859375,5223386.0,3,27,2,11201.75,8.54998779296875
2020-02-28,750.0,756.7999877929688,722.0499877929688,731.7000122070312,14123957.0,4,28,2,11132.75,34.75
2020-03-02,737.0,765.9000244140625,733.75,741.0499877929688,9821523.0,0,2,3,11303.2998046875,32.1500244140625
2020-03-03,755.0,759.0,741.25,747.0,7826587.0,1,3,3,11251.0,17.75
2020-03-04,753.9000244140625,761.5,745.5499877929688,758.75,11013444.0,2,4,3,11269.0,15.95001220703125
2020-03-05,763.75,773.5499877929688,751.75,754.5999755859375,7755293.0,3,5,3,10989.4501953125,21.79998779296875
2020-03-06,741.0,744.0,729.0999755859375,738.9500122070312,9216022.0,4,6,3,10451.4501953125,14.9000244140625
2020-03-09,724.5,725.8499755859375,697.0,704.4500122070312,10308654.0,0,9,3,10458.400390625,28.8499755859375
2020-03-11,690.6500244140625,695.9500122070312,669.0499877929688,686.0,16165009.0,2,11,3,9590.150390625,26.9000244140625
2020-03-12,668.0,670.0,627.5,631.2000122070312,13965574.0,3,12,3,9955.2001953125,42.5
2020-03-13,592.0,667.0,570.0,642.3499755859375,16903113.0,4,13,3,9197.400390625,97.0
2020-03-16,622.0,622.1500244140625,580.0,583.1500244140625,19140152.0,0,16,3,8967.0498046875,42.1500244140625
2020-03-17,588.0999755859375,592.0,550.0,554.9500122070312,16059887.0,1,17,3,8468.7998046875,42.0
2020-03-18,568.0,578.0,528.0,534.2999877929688,15390183.0,2,18,3,8263.4501953125,50.0
2020-03-19,509.25,558.0,509.25,545.5499877929688,16583991.0,3,19,3,8745.4501953125,48.75
2020-03-20,549.5,617.4500122070312,548.0,585.2000122070312,21354894.0,4,20,3,7610.25,69.45001220703125
2020-03-23,540.0,560.9500122070312,515.9000244140625,526.4500122070312,17146150.0,0,23,3,7801.0498046875,45.04998779296875
2020-03-24,522.0,601.1500244140625,522.0,589.7999877929688,20027097.0,1,24,3,8317.849609375,79.1500244140625
2020-03-25,597.0,635.0,565.7000122070312,606.2000122070312,18339548.0,2,25,3,8641.4501953125,69.29998779296875
2020-03-26,615.0,650.8499755859375,612.0999755859375,643.0,14843813.0,3,26,3,8660.25,38.75
2020-03-27,665.0499877929688,674.9000244140625,642.25,652.7000122070312,13495283.0,4,27,3,8281.099609375,32.6500244140625
2020-03-30,625.0999755859375,663.5,621.0999755859375,626.7000122070312,14624804.0,0,30,3,8597.75,42.4000244140625
2020-03-31,650.0,662.0,633.7000122070312,641.5,15175521.0,1,31,3,8253.7998046875,28.29998779296875
2020-04-01,634.3499755859375,637.5,594.0,602.7999877929688,13083824.0,2,1,4,8083.7998046875,43.5
2020-04-03,603.5,606.0,582.1500244140625,585.7000122070312,10221655.0,4,3,4,8792.2001953125,23.8499755859375
2020-04-07,615.0,644.25,612.9000244140625,639.0,15145605.0,1,7,4,8748.75,31.3499755859375
2020-04-08,630.0,655.6500244140625,626.3499755859375,631.5999755859375,11806896.0,2,8,4,9111.900390625,29.300048828125
2020-04-09,646.7999877929688,652.7999877929688,632.0999755859375,636.25,11931114.0,3,9,4,8993.849609375,20.70001220703125
2020-04-13,629.0,651.7000122070312,626.0499877929688,637.4000244140625,8330276.0,0,13,4,8925.2998046875,25.6500244140625
2020-04-15,651.4000244140625,653.2999877929688,635.5999755859375,639.0499877929688,11963447.0,2,15,4,8992.7998046875,17.70001220703125
2020-04-16,619.9500122070312,634.9000244140625,603.5,623.8499755859375,17783287.0,3,16,4,9266.75,31.4000244140625
2020-04-17,644.0,646.0,626.0,628.75,8878320.0,4,17,4,9261.849609375,20.0
2020-04-20,640.0,661.0,639.0,653.2999877929688,13322913.0,0,20,4,8981.4501953125,22.0
2020-04-21,627.7999877929688,646.5,627.7999877929688,633.2000122070312,11660575.0,1,21,4,9187.2998046875,18.70001220703125
2020-04-22,633.2000122070312,645.0,628.0499877929688,641.8499755859375,8266728.0,2,22,4,9313.900390625,16.95001220703125
2020-04-23,647.0499877929688,683.6500244140625,638.0999755859375,679.2999877929688,14451289.0,3,23,4,9154.400390625,45.550048828125
2020-04-24,668.5499877929688,675.0,654.7999877929688,658.0,7319940.0,4,24,4,9282.2998046875,20.20001220703125
2020-04-27,661.0499877929688,681.0,661.0499877929688,664.5999755859375,7183306.0,0,27,4,9380.900390625,19.95001220703125
2020-04-28,673.0,677.0,653.0499877929688,660.7000122070312,7296571.0,1,28,4,9553.349609375,23.95001220703125
2020-04-29,666.0,682.0,658.0,676.5499877929688,8639056.0,2,29,4,9859.900390625,24.0
2020-04-30,700.0,720.0,698.0999755859375,715.5,16253821.0,3,30,4,9293.5,21.9000244140625
2020-05-04,689.7999877929688,701.2000122070312,670.3499755859375,673.7000122070312,9122740.0,0,4,5,9205.599609375,30.85003662109375
2020-05-05,681.75,685.5999755859375,670.0,673.7000122070312,6393053.0,1,5,5,9270.900390625,15.5999755859375
2020-05-06,676.9000244140625,681.4500122070312,664.0499877929688,665.9000244140625,7934250.0,2,6,5,9199.0498046875,17.4000244140625
2020-05-07,665.5499877929688,674.3499755859375,662.4500122070312,664.9500122070312,4779548.0,3,7,5,9251.5,11.89996337890625
2020-05-08,672.25,680.9000244140625,668.5,674.2000122070312,8400321.0,4,8,5,9239.2001953125,12.4000244140625
2020-05-11,682.5,698.5499877929688,678.0,682.9000244140625,7370186.0,0,11,5,9196.5498046875,20.54998779296875
2020-05-12,678.5,691.0,675.5,687.6500244140625,7356039.0,1,12,5,9383.5498046875,15.5
2020-05-13,694.7999877929688,699.9000244140625,683.75,694.1500244140625,8287101.0,2,13,5,9142.75,16.1500244140625
2020-05-14,659.0,671.75,652.5999755859375,658.1500244140625,16888262.0,3,14,5,9136.849609375,19.1500244140625
2020-05-15,664.7999877929688,664.7999877929688,646.7000122070312,652.2999877929688,9255353.0,4,15,5,8823.25,18.0999755859375
2020-05-18,659.8499755859375,670.5499877929688,653.0,663.9000244140625,10435442.0,0,18,5,8879.099609375,17.54998779296875
2020-05-19,664.0,674.7999877929688,655.0,668.5999755859375,5902208.0,1,19,5,9066.5498046875,19.79998779296875
2020-05-20,668.5,673.0,659.6500244140625,669.5499877929688,5794636.0,2,20,5,9106.25,13.3499755859375
2020-05-21,666.5,679.4500122070312,665.4000244140625,672.2000122070312,7213225.0,3,21,5,9039.25,14.04998779296875
2020-05-22,675.0,695.8499755859375,673.5,692.3499755859375,11867731.0,4,22,5,9029.0498046875,22.3499755859375
2020-05-26,693.0,699.4500122070312,679.0,680.5499877929688,7099606.0,1,26,5,9314.9501953125,20.45001220703125
2020-05-27,686.0499877929688,709.2000122070312,675.0,705.4500122070312,8774636.0,2,27,5,9490.099609375,34.20001220703125
2020-05-28,707.0,710.0,690.0,707.4000244140625,9440091.0,3,28,5,9580.2998046875,20.0
2020-05-29,692.5,700.7999877929688,674.9500122070312,691.0,28290128.0,4,29,5,9826.150390625,25.8499755859375
2020-06-01,698.75,706.6500244140625,691.5,699.5499877929688,12276438.0,0,1,6,9979.099609375,15.1500244140625
2020-06-02,700.5,711.6500244140625,697.5499877929688,708.0999755859375,7059304.0,1,2,6,10061.5498046875,14.10003662109375
2020-06-03,710.7000122070312,711.9000244140625,696.0,701.5499877929688,11378568.0,2,3,6,10029.099609375,15.9000244140625
2020-06-04,702.0,709.4500122070312,697.5,707.75,10782424.0,3,4,6,10142.150390625,11.95001220703125
2020-06-05,707.0,711.7000122070312,700.5999755859375,703.5499877929688,7718679.0,4,5,6,10167.4501953125,11.10003662109375
2020-06-08,707.6500244140625,725.7999877929688,704.0,720.8499755859375,10719105.0,0,8,6,10046.650390625,21.79998779296875
2020-06-09,720.0,729.5999755859375,715.0499877929688,717.5999755859375,10078029.0,1,9,6,10116.150390625,14.54998779296875
2020-06-10,715.0,719.4500122070312,709.2000122070312,715.8499755859375,7263049.0,2,10,6,9902.0,10.25
2020-06-11,712.0,713.4000244140625,700.25,703.9500122070312,8825715.0,3,11,6,9972.900390625,13.1500244140625
2020-06-12,675.7999877929688,695.1500244140625,675.5,692.0499877929688,9795316.0,4,12,6,9813.7001953125,19.6500244140625
2020-06-15,693.0,704.4000244140625,685.25,687.5499877929688,7857344.0,0,15,6,9914.0,19.1500244140625
2020-06-16,702.0,712.0,699.1500244140625,701.2000122070312,10131760.0,1,16,6,9881.150390625,12.8499755859375
2020-06-17,699.9000244140625,710.2999877929688,698.0,703.6500244140625,7291916.0,2,17,6,10091.650390625,12.29998779296875
2020-06-18,708.2000122070312,716.5999755859375,706.0,713.9000244140625,6670195.0,3,18,6,10244.400390625,10.5999755859375
2020-06-19,709.0,711.9000244140625,701.0,705.5499877929688,22438862.0,4,19,6,10311.2001953125,10.9000244140625
2020-06-22,707.0999755859375,708.7000122070312,700.0,703.7000122070312,7804096.0,0,22,6,10471.0,8.70001220703125
2020-06-23,695.7000122070312,724.5,692.0999755859375,720.6500244140625,12157390.0,1,23,6,10305.2998046875,32.4000244140625
2020-06-24,716.9000244140625,726.7999877929688,709.4000244140625,714.1500244140625,10220838.0,2,24,6,10288.900390625,17.39996337890625
2020-06-25,704.8499755859375,705.5999755859375,693.5,700.5,14945284.0,3,25,6,10383.0,12.0999755859375
2020-06-26,710.2000122070312,751.5999755859375,710.0,748.2000122070312,26030458.0,4,26,6,10312.400390625,41.5999755859375
2020-06-29,735.4000244140625,744.7000122070312,730.0999755859375,731.75,8954428.0,0,29,6,10302.099609375,14.60003662109375
2020-06-30,732.7999877929688,738.9500122070312,724.25,735.9500122070312,10411290.0,1,30,6,10430.0498046875,14.70001220703125
2020-07-01,737.25,742.2999877929688,729.75,731.9000244140625,5477468.0,2,1,7,10551.7001953125,12.54998779296875
2020-07-02,737.3499755859375,765.4500122070312,735.4000244140625,756.5999755859375,17263756.0,3,2,7,10607.349609375,30.04998779296875
2020-07-03,755.0,764.0,752.5,762.7000122070312,7796572.0,4,3,7,10763.650390625,11.5
2020-07-06,765.2000122070312,775.0,761.5,764.0,8810958.0,0,6,7,10799.650390625,13.5
2020-07-07,769.4000244140625,796.9500122070312,765.5499877929688,794.1500244140625,19362533.0,1,7,7,10705.75,31.4000244140625
2020-07-08,784.9000244140625,784.9000244140625,772.2000122070312,774.7000122070312,8476642.0,2,8,7,10813.4501953125,12.70001220703125
2020-07-09,780.0,790.0,775.0,781.7000122070312,6854166.0,3,9,7,10768.0498046875,15.0
2020-07-10,773.5,789.9000244140625,773.5,781.8499755859375,5206452.0,4,10,7,10802.7001953125,16.4000244140625
2020-07-13,788.0,805.3499755859375,786.0499877929688,797.0499877929688,10804688.0,0,13,7,10607.349609375,19.29998779296875
2020-07-14,792.9500122070312,806.4000244140625,781.3499755859375,783.25,8961822.0,1,14,7,10618.2001953125,25.050048828125
2020-07-15,799.0,848.4500122070312,794.7999877929688,830.9500122070312,30060599.0,2,15,7,10739.9501953125,53.6500244140625
2020-07-16,900.0999755859375,955.5,894.25,911.0,90432109.0,3,16,7,10901.7001953125,61.25
2020-07-17,911.0,919.9000244140625,892.1500244140625,903.1500244140625,31682878.0,4,17,7,11022.2001953125,27.75
2020-07-20,908.5,945.0,906.75,934.2999877929688,18421053.0,0,20,7,11162.25,38.25
2020-07-21,945.0,949.7000122070312,929.2000122070312,936.75,12877784.0,1,21,7,11132.599609375,20.5
2020-07-22,938.9500122070312,939.0,910.0,917.9000244140625,14354201.0,2,22,7,11215.4501953125,29.0
2020-07-23,915.6500244140625,915.7999877929688,900.6500244140625,907.9500122070312,13051307.0,3,23,7,11194.150390625,15.14996337890625
2020-07-24,903.25,925.75,903.25,922.8499755859375,18209580.0,4,24,7,11131.7998046875,22.5
2020-07-27,921.5499877929688,952.7999877929688,918.6500244140625,948.4500122070312,16827870.0,0,27,7,11300.5498046875,34.14996337890625
2020-07-28,946.0,967.5499877929688,941.2000122070312,962.8499755859375,15818463.0,1,28,7,11202.849609375,26.3499755859375
2020-07-29,953.25,960.0,943.5999755859375,954.1500244140625,11152710.0,2,29,7,11102.150390625,16.4000244140625
2020-07-30,962.0,972.6500244140625,958.75,961.4500122070312,12492320.0,3,30,7,11073.4501953125,13.9000244140625
2020-07-31,969.25,986.4500122070312,953.2999877929688,966.0,12704346.0,4,31,7,10891.599609375,33.1500244140625
2020-08-03,960.0,965.4000244140625,947.4500122070312,956.9000244140625,8479792.0,0,3,8,11095.25,17.95001220703125
2020-08-04,960.4500122070312,970.7000122070312,940.5499877929688,949.8499755859375,11133170.0,1,4,8,11101.650390625,30.1500244140625
2020-08-05,952.0,960.9500122070312,938.2999877929688,944.7000122070312,9614176.0,2,5,8,11200.150390625,22.6500244140625
2020-08-06,953.5,974.4000244140625,942.5,970.8499755859375,10976491.0,3,6,8,11214.0498046875,31.9000244140625
2020-08-07,969.4500122070312,969.4500122070312,949.0,950.9000244140625,8010948.0,4,7,8,11270.150390625,20.45001220703125
2020-08-10,948.9000244140625,956.7999877929688,945.2999877929688,951.3499755859375,5716319.0,0,10,8,11322.5,11.5
2020-08-11,949.9000244140625,962.0,946.0999755859375,948.4500122070312,6802442.0,1,11,8,11308.400390625,15.9000244140625
2020-08-12,948.0,958.7999877929688,942.2000122070312,954.9500122070312,6908726.0,2,12,8,11300.4501953125,16.5999755859375
2020-08-13,954.7999877929688,968.5,948.25,951.2000122070312,5097703.0,3,13,8,11178.400390625,20.25
2020-08-14,955.8499755859375,963.0,952.0499877929688,953.5999755859375,4663873.0,4,14,8,11247.099609375,10.95001220703125
2020-08-17,954.0999755859375,972.4500122070312,954.0999755859375,957.5,9008210.0,0,17,8,11385.349609375,18.35003662109375
2020-08-18,963.9000244140625,969.2000122070312,958.7000122070312,967.5499877929688,6141761.0,1,18,8,11408.400390625,10.5
2020-08-19,970.9000244140625,971.5499877929688,957.4500122070312,959.2999877929688,6622744.0,2,19,8,11312.2001953125,14.0999755859375
2020-08-20,958.9000244140625,965.5,951.2999877929688,955.1500244140625,5656501.0,3,20,8,11371.599609375,14.20001220703125
2020-08-21,963.0499877929688,963.4500122070312,946.5499877929688,948.7999877929688,6513773.0,4,21,8,11466.4501953125,16.9000244140625
2020-08-24,947.0,952.0,939.2000122070312,947.4000244140625,5798574.0,0,24,8,11472.25,12.79998779296875
2020-08-25,947.5,948.6500244140625,933.5999755859375,938.0999755859375,6233918.0,1,25,8,11549.599609375,15.050048828125
2020-08-26,941.25,954.25,938.4000244140625,950.7999877929688,5153601.0,2,26,8,11559.25,15.8499755859375
2020-08-27,960.0,960.9500122070312,945.2000122070312,947.0499877929688,6154280.0,3,27,8,11647.599609375,15.75
2020-08-28,951.4500122070312,952.5,933.0499877929688,935.25,7593610.0,4,28,8,11387.5,19.45001220703125
2020-08-31,935.25,950.5,914.5999755859375,928.5999755859375,12808355.0,0,31,8,11470.25,35.9000244140625
2020-09-01,926.25,935.0,912.0999755859375,914.1500244140625,6907773.0,1,1,9,11535.0,22.9000244140625
2020-09-02,915.0,926.4000244140625,913.5,924.0,5678118.0,2,2,9,11527.4501953125,12.9000244140625
2020-09-03,926.5,949.4000244140625,924.0,935.5499877929688,8827948.0,3,3,9,11333.849609375,25.4000244140625
2020-09-04,915.0,929.5,914.4500122070312,919.1500244140625,8650342.0,4,4,9,11355.0498046875,15.04998779296875
2020-09-07,918.9000244140625,927.5499877929688,913.0499877929688,925.0499877929688,6700385.0,0,7,9,11317.349609375,14.5
2020-09-08,929.9500122070312,952.0,925.5499877929688,939.2999877929688,12891964.0,1,8,9,11278.0,26.45001220703125
2020-09-09,935.0,946.0,926.0,927.75,5528947.0,2,9,9,11449.25,20.0
2020-09-10,935.2999877929688,942.0,924.7999877929688,940.0499877929688,5171884.0,3,10,9,11464.4501953125,17.20001220703125
2020-09-11,934.9000244140625,954.1500244140625,931.0,945.7000122070312,6671903.0,4,11,9,11440.0498046875,23.1500244140625
2020-09-14,957.0,991.0499877929688,948.2999877929688,978.4000244140625,21871587.0,0,14,9,11521.7998046875,42.75
2020-09-15,979.5,994.0,971.6500244140625,982.4500122070312,11608203.0,1,15,9,11604.5498046875,22.3499755859375
2020-09-16,986.0,1005.6500244140625,982.0,1001.75,10059251.0,2,16,9,11516.099609375,23.6500244140625
2020-09-17,995.0,1021.0,995.0,1011.0,15628241.0,3,17,9,11504.9501953125,26.0
2020-09-18,1011.0,1018.7999877929688,999.0999755859375,1002.1500244140625,12897633.0,4,18,9,11250.5498046875,19.70001220703125
2020-09-21,1001.0,1031.0,1000.5,1009.9000244140625,14140637.0,0,21,9,11153.650390625,30.5
2020-09-22,1009.0,1022.5,991.2000122070312,1007.5,12625762.0,1,22,9,11131.849609375,31.29998779296875
2020-09-23,1020.1500244140625,1037.0,1008.0999755859375,1019.75,13486204.0,2,23,9,10805.5498046875,28.9000244140625
2020-09-24,1003.0,1009.0,970.0,975.4000244140625,14427432.0,3,24,9,11050.25,39.0
2020-09-25,975.7999877929688,1014.9000244140625,975.0,1011.4500122070312,13311078.0,4,25,9,11227.5498046875,39.9000244140625
2020-09-28,1014.7999877929688,1016.1500244140625,998.5,1010.4000244140625,8554526.0,0,28,9,11222.400390625,17.6500244140625
2020-09-29,1018.0,1028.0,1004.0999755859375,1009.0,8708463.0,1,29,9,11247.5498046875,23.9000244140625
2020-09-30,1009.0,1023.9500122070312,1005.0,1008.25,8048817.0,2,30,9,11416.9501953125,18.95001220703125
2020-10-01,1020.5999755859375,1026.5,1011.75,1017.6500244140625,5563358.0,3,1,10,11503.349609375,14.75
2020-10-05,1018.0499877929688,1054.9000244140625,1018.0499877929688,1048.699951171875,14212509.0,0,5,10,11662.400390625,36.85003662109375
2020-10-06,1055.0,1060.0,1031.3499755859375,1055.75,9090819.0,1,6,10,11738.849609375,28.6500244140625
2020-10-07,1044.9000244140625,1072.0,1035.5,1066.550048828125,9284008.0,2,7,10,11834.599609375,36.5
2020-10-08,1090.0,1124.0,1088.4000244140625,1093.699951171875,21482613.0,3,8,10,11914.2001953125,35.5999755859375
2020-10-09,1095.0999755859375,1113.300048828125,1088.449951171875,1106.800048828125,10567867.0,4,9,10,11930.9501953125,24.85009765625
2020-10-12,1123.0,1140.0,1112.0999755859375,1132.0999755859375,14633537.0,0,12,10,11934.5,27.9000244140625
2020-10-13,1135.550048828125,1166.050048828125,1135.550048828125,1157.800048828125,17523825.0,1,13,10,11971.0498046875,30.5
2020-10-14,1162.0,1164.9000244140625,1131.0999755859375,1137.0,16649573.0,2,14,10,11680.349609375,33.800048828125
2020-10-15,1180.0,1186.0,1092.5,1108.25,44288251.0,3,15,10,11762.4501953125,93.5
2020-10-16,1113.8499755859375,1135.949951171875,1096.9000244140625,1127.5,18365685.0,4,16,10,11873.0498046875,39.0499267578125
2020-10-19,1135.0,1139.0,1115.300048828125,1125.9000244140625,12902123.0,0,19,10,11896.7998046875,23.699951171875
2020-10-20,1118.9000244140625,1144.699951171875,1110.0,1137.5,10448776.0,1,20,10,11937.650390625,34.699951171875
2020-10-21,1141.1500244140625,1154.3499755859375,1135.0,1148.3499755859375,19811433.0,2,21,10,11896.4501953125,19.3499755859375
2020-10-22,1142.0,1158.0,1123.800048828125,1129.050048828125,11271335.0,3,22,10,11930.349609375,34.199951171875
2020-10-23,1133.0,1135.0,1120.1500244140625,1122.5,9069862.0,4,23,10,11767.75,14.8499755859375
2020-10-26,1122.25,1129.5999755859375,1103.1500244140625,1112.449951171875,6309368.0,0,26,10,11889.400390625,26.449951171875
2020-10-27,1105.699951171875,1109.699951171875,1077.1500244140625,1090.8499755859375,10172479.0,1,27,10,11729.599609375,32.5499267578125
2020-10-28,1095.5,1104.75,1070.050048828125,1076.550048828125,7608392.0,2,28,10,11670.7998046875,34.699951171875
2020-10-29,1070.0,1082.0,1060.0999755859375,1074.8499755859375,6935616.0,3,29,10,11642.400390625,21.9000244140625
2020-10-30,1072.0,1083.5999755859375,1052.3499755859375,1060.5999755859375,8800386.0,4,30,10,11669.150390625,31.25
2020-11-02,1065.0,1079.949951171875,1051.0999755859375,1072.300048828125,7183119.0,0,2,11,11813.5,28.8499755859375
2020-11-03,1072.0,1079.4000244140625,1057.5,1062.550048828125,7204782.0,1,3,11,11908.5,21.9000244140625
2020-11-04,1068.0,1116.0,1066.800048828125,1093.949951171875,15702690.0,2,4,11,12120.2998046875,49.199951171875
2020-11-05,1109.9000244140625,1123.0,1099.0,1104.0,9568890.0,3,5,11,12263.5498046875,24.0
2020-11-06,1108.0,1121.0999755859375,1091.699951171875,1112.75,8807127.0,4,6,11,12461.0498046875,29.4000244140625
2020-11-09,1129.300048828125,1146.0,1121.1500244140625,1136.550048828125,10160320.0,0,9,11,12631.099609375,24.8499755859375
2020-11-10,1113.8499755859375,1113.8499755859375,1078.0,1091.050048828125,15622869.0,1,10,11,12749.150390625,35.8499755859375
2020-11-11,1096.0,1126.3499755859375,1087.0,1122.5,12514800.0,2,11,11,12690.7998046875,39.3499755859375
2020-11-12,1128.0999755859375,1142.0,1113.75,1117.75,9180976.0,3,12,11,12719.9501953125,28.25
2020-11-17,1144.75,1145.0,1112.6500244140625,1123.699951171875,12813968.0,1,17,11,12938.25,32.3499755859375
2020-11-18,1128.5,1132.699951171875,1101.449951171875,1110.550048828125,9839468.0,2,18,11,12771.7001953125,31.25
2020-11-19,1100.0,1114.699951171875,1093.800048828125,1096.75,10092343.0,3,19,11,12859.0498046875,20.89990234375
2020-11-20,1106.0,1109.0,1091.0999755859375,1103.3499755859375,8063554.0,4,20,11,12926.4501953125,17.9000244140625
2020-11-23,1105.0,1144.800048828125,1101.949951171875,1139.8499755859375,10546363.0,0,23,11,13055.150390625,42.85009765625
2020-11-24,1145.0,1154.9000244140625,1133.3499755859375,1140.050048828125,8515426.0,1,24,11,12858.400390625,21.550048828125
2020-11-25,1137.0,1143.5,1111.25,1115.6500244140625,8958701.0,2,25,11,12987.0,32.25
2020-11-26,1119.949951171875,1119.949951171875,1098.300048828125,1113.199951171875,10962256.0,3,26,11,12968.9501953125,21.64990234375
2020-11-27,1118.0,1121.0,1091.0,1100.0,25306145.0,4,27,11,13109.0498046875,30.0
2020-12-01,1105.050048828125,1140.25,1105.050048828125,1137.8499755859375,8933802.0,1,1,12,13113.75,35.199951171875
2020-12-02,1134.0,1147.449951171875,1121.0,1140.9000244140625,6741637.0,2,2,12,13133.900390625,26.449951171875
2020-12-03,1147.0,1147.0,1122.699951171875,1126.449951171875,16212632.0,3,3,12,13258.5498046875,24.300048828125
2020-12-04,1125.0,1137.0,1115.0,1134.6500244140625,10564055.0,4,4,12,13355.75,22.0
2020-12-07,1147.300048828125,1153.0,1136.0,1143.5,7792141.0,0,7,12,13392.9501953125,17.0
2020-12-08,1145.0,1167.0,1145.0,1153.3499755859375,12308330.0,1,8,12,13529.099609375,22.0
2020-12-09,1168.050048828125,1179.5,1157.0,1175.199951171875,10039346.0,2,9,12,13478.2998046875,22.5
2020-12-10,1157.4000244140625,1171.6500244140625,1150.0,1167.75,9488782.0,3,10,12,13513.849609375,21.6500244140625
2020-12-11,1159.699951171875,1171.949951171875,1155.25,1163.199951171875,10574009.0,4,11,12,13558.150390625,16.699951171875
2020-12-14,1169.4000244140625,1172.5999755859375,1148.199951171875,1164.550048828125,6728187.0,0,14,12,13567.849609375,24.4000244140625
2020-12-15,1156.0,1163.699951171875,1152.0,1154.5999755859375,6905926.0,1,15,12,13682.7001953125,11.699951171875
2020-12-16,1160.0,1168.9000244140625,1153.5999755859375,1165.699951171875,7788404.0,2,16,12,13740.7001953125,15.300048828125
2020-12-17,1165.9000244140625,1168.9000244140625,1156.199951171875,1159.199951171875,6658153.0,3,17,12,13760.5498046875,12.7000732421875
2020-12-18,1182.8499755859375,1195.0,1175.5999755859375,1189.800048828125,15995676.0,4,18,12,13328.400390625,19.4000244140625
2020-12-21,1188.0,1209.75,1152.050048828125,1177.300048828125,10858352.0,0,21,12,13466.2998046875,57.699951171875
2020-12-22,1182.0,1223.8499755859375,1176.0999755859375,1220.5,10901851.0,1,22,12,13601.099609375,47.75
2020-12-23,1238.0,1258.8499755859375,1230.550048828125,1253.050048828125,15878346.0,2,23,12,13749.25,28.2999267578125
2020-12-24,1249.9000244140625,1249.9000244140625,1226.0,1236.050048828125,7313885.0,3,24,12,13873.2001953125,23.9000244140625
2020-12-28,1238.449951171875,1248.0,1236.0,1240.300048828125,4607051.0,0,28,12,13932.599609375,12.0
2020-12-29,1235.0,1254.449951171875,1235.0,1250.300048828125,6878105.0,1,29,12,13981.9501953125,19.449951171875
2020-12-30,1253.0,1253.300048828125,1238.1500244140625,1246.800048828125,5194690.0,2,30,12,13981.75,15.1500244140625
2021-01-01,1257.9000244140625,1265.5,1255.800048828125,1260.449951171875,4253550.0,4,1,1,14132.900390625,9.699951171875
2021-01-04,1269.0,1290.0,1261.1500244140625,1288.25,7208454.0,0,4,1,14199.5,28.8499755859375
2021-01-05,1282.0,1299.0,1275.050048828125,1293.800048828125,8145280.0,1,5,1,14146.25,23.949951171875
2021-01-06,1300.0,1302.0,1268.050048828125,1282.0999755859375,7161715.0,2,6,1,14137.349609375,33.949951171875
2021-01-07,1296.0,1297.6500244140625,1255.5,1262.1500244140625,10954918.0,3,7,1,14347.25,42.1500244140625
2021-01-08,1278.25,1316.800048828125,1278.25,1312.0999755859375,13186251.0,4,8,1,14484.75,38.550048828125
2021-01-11,1342.0999755859375,1383.3499755859375,1340.0,1376.199951171875,20528626.0,0,11,1,14563.4501953125,43.3499755859375
2021-01-12,1378.0,1378.0,1360.0,1371.75,8309868.0,1,12,1,14564.849609375,18.0
2021-01-13,1373.8499755859375,1392.800048828125,1360.0,1387.1500244140625,14442997.0,2,13,1,14595.599609375,32.800048828125
2021-01-14,1360.0,1384.0,1318.449951171875,1370.5,27521697.0,3,14,1,14433.7001953125,65.550048828125
2021-01-15,1360.0,1364.449951171875,1340.0,1344.949951171875,15018441.0,4,15,1,14281.2998046875,24.449951171875
2021-01-18,1338.0,1340.0,1306.0,1312.050048828125,8861765.0,0,18,1,14521.150390625,34.0
2021-01-19,1320.0,1331.0,1312.0,1316.6500244140625,5585744.0,1,19,1,14644.7001953125,19.0
2021-01-20,1320.550048828125,1348.4000244140625,1320.550048828125,1339.449951171875,8225838.0,2,20,1,14590.349609375,27.8499755859375
2021-01-21,1350.0,1361.050048828125,1335.0,1339.699951171875,6142421.0,3,21,1,14371.900390625,26.050048828125
2021-01-22,1327.0,1356.0,1326.550048828125,1340.8499755859375,9646591.0,4,22,1,14238.900390625,29.449951171875
2021-01-25,1345.0,1347.9000244140625,1313.0,1325.0999755859375,6542611.0,0,25,1,13967.5,34.9000244140625
2021-01-27,1319.5999755859375,1327.550048828125,1285.0999755859375,1301.0,8133665.0,2,27,1,13817.5498046875,42.4500732421875
2021-01-28,1291.800048828125,1296.449951171875,1272.550048828125,1276.199951171875,4660690.0,3,28,1,13634.599609375,23.89990234375
2021-01-29,1286.25,1291.1500244140625,1231.0,1239.050048828125,12183519.0,4,29,1,14281.2001953125,60.1500244140625
2021-02-01,1250.550048828125,1277.949951171875,1241.0,1260.9000244140625,8880279.0,0,1,2,14647.849609375,36.949951171875
2021-02-02,1280.0,1294.4000244140625,1263.5999755859375,1271.25,6892490.0,1,2,2,14789.9501953125,30.800048828125
2021-02-03,1277.6500244140625,1304.0,1273.0,1284.6500244140625,8182968.0,2,3,2,14895.650390625,31.0
2021-02-04,1285.0,1293.4000244140625,1272.050048828125,1279.3499755859375,5032240.0,3,4,2,14924.25,21.3499755859375
2021-02-05,1286.4000244140625,1288.75,1262.0,1272.0999755859375,5477481.0,4,5,2,15115.7998046875,26.75
2021-02-08,1285.5,1310.0,1275.5,1303.550048828125,6921922.0,0,8,2,15109.2998046875,34.5
2021-02-09,1306.9000244140625,1332.0,1297.8499755859375,1305.550048828125,7965949.0,1,9,2,15106.5,34.1500244140625
2021-02-10,1295.800048828125,1304.3499755859375,1283.5999755859375,1296.5,5951207.0,2,10,2,15173.2998046875,20.75
2021-02-11,1289.0,1296.0,1283.050048828125,1292.6500244140625,4673317.0,3,11,2,15163.2998046875,12.949951171875
2021-02-12,1305.0,1323.75,1301.550048828125,1309.800048828125,5797875.0,4,12,2,15314.7001953125,22.199951171875
2021-02-15,1320.0,1328.4000244140625,1307.0999755859375,1309.6500244140625,4363513.0,0,15,2,15313.4501953125,21.300048828125
2021-02-16,1314.0,1319.75,1286.0,1290.4000244140625,6896421.0,1,16,2,15208.900390625,33.75
2021-02-17,1290.4000244140625,1294.5,1275.0,1281.300048828125,4575741.0,2,17,2,15118.9501953125,19.5
2021-02-18,1276.0,1306.0,1275.0,1292.449951171875,6437551.0,3,18,2,14981.75,31.0
2021-02-19,1296.0999755859375,1299.5,1276.800048828125,1291.300048828125,5389696.0,4,19,2,14675.7001953125,22.699951171875
2021-02-22,1295.0,1308.550048828125,1260.0,1265.199951171875,7371303.0,0,22,2,14707.7998046875,48.550048828125
2021-02-23,1271.1500244140625,1291.0,1257.550048828125,1266.3499755859375,6612942.0,1,23,2,14982.0,33.449951171875
2021-02-24,1260.050048828125,1276.5999755859375,1252.0,1274.300048828125,4537258.0,2,24,2,15097.349609375,24.5999755859375
2021-02-25,1288.449951171875,1299.75,1272.0,1274.550048828125,8788221.0,3,25,2,14529.150390625,27.75
2021-02-26,1269.0,1274.300048828125,1244.75,1253.300048828125,15132388.0,4,26,2,14761.5498046875,29.550048828125
2021-03-01,1263.300048828125,1284.5,1259.0,1267.0,5756286.0,0,1,3,14919.099609375,25.5
2021-03-02,1282.25,1310.0,1279.199951171875,1304.5,10461434.0,1,2,3,15245.599609375,30.800048828125
2021-03-03,1319.199951171875,1347.0,1308.0,1343.550048828125,9056399.0,2,3,3,15080.75,39.0
2021-03-04,1335.0,1363.8499755859375,1325.9000244140625,1330.3499755859375,12041941.0,3,4,3,14938.099609375,37.949951171875
2021-03-05,1328.5,1340.0,1305.050048828125,1316.699951171875,6486176.0,4,5,3,14956.2001953125,34.949951171875
2021-03-08,1324.800048828125,1346.0999755859375,1317.199951171875,1335.75,5119392.0,0,8,3,15098.400390625,28.9000244140625
2021-03-09,1329.5,1350.449951171875,1318.75,1345.550048828125,6518173.0,1,9,3,15174.7998046875,31.699951171875
2021-03-10,1356.9000244140625,1374.0,1355.0,1368.1500244140625,7925984.0,2,10,3,15030.9501953125,19.0
2021-03-12,1373.0,1391.699951171875,1370.050048828125,1374.8499755859375,9462061.0,4,12,3,14929.5,21.64990234375
2021-03-15,1370.0,1379.9000244140625,1358.5,1373.5999755859375,6658635.0,0,15,3,14910.4501953125,21.4000244140625
2021-03-16,1386.050048828125,1406.0,1380.5,1384.0,9352771.0,1,16,3,14721.2998046875,25.5
2021-03-17,1392.25,1400.0,1382.0,1387.0,7626744.0,2,17,3,14557.849609375,18.0
2021-03-18,1393.75,1393.75,1313.5,1337.0999755859375,10961755.0,3,18,3,14744.0,80.25
2021-03-19,1330.0,1355.199951171875,1318.0,1344.449951171875,12767112.0,4,19,3,14736.400390625,37.199951171875
2021-03-22,1350.0999755859375,1376.0,1336.0999755859375,1370.800048828125,4862758.0,0,22,3,14814.75,39.9000244140625
2021-03-23,1372.449951171875,1383.25,1359.5999755859375,1371.550048828125,7165335.0,1,23,3,14549.400390625,23.6500244140625
2021-03-24,1357.8499755859375,1370.449951171875,1346.25,1353.75,6134303.0,2,24,3,14324.900390625,24.199951171875
2021-03-25,1346.75,1352.5,1327.5999755859375,1333.800048828125,8749994.0,3,25,3,14507.2998046875,24.9000244140625
2021-03-26,1344.699951171875,1356.699951171875,1332.0,1336.199951171875,4922071.0,4,26,3,14845.099609375,24.699951171875
2021-03-30,1346.9000244140625,1400.0,1336.1500244140625,1385.300048828125,10546381.0,1,30,3,14690.7001953125,63.8499755859375
2021-03-31,1382.0,1388.0,1363.300048828125,1368.050048828125,8220987.0,2,31,3,14867.349609375,24.699951171875
2021-04-01,1380.0,1391.5999755859375,1371.0,1385.199951171875,5675155.0,3,1,4,14637.7998046875,20.5999755859375
2021-04-05,1391.0,1425.0,1387.0,1409.9000244140625,9479572.0,0,5,4,14683.5,38.0
2021-04-06,1423.0,1426.0,1406.449951171875,1411.050048828125,5793571.0,1,6,4,14819.0498046875,19.550048828125
2021-04-07,1410.25,1434.949951171875,1406.5999755859375,1430.199951171875,5879234.0,2,7,4,14873.7998046875,28.3499755859375
2021-04-08,1430.0,1451.699951171875,1421.0,1439.8499755859375,5654434.0,3,8,4,14834.849609375,30.699951171875
2021-04-09,1455.0,1455.0,1430.050048828125,1441.050048828125,6052712.0,4,9,4,14310.7998046875,24.949951171875
2021-04-12,1474.0,1477.550048828125,1415.0,1425.75,20384532.0,0,12,4,14504.7998046875,62.550048828125
2021-04-13,1433.0,1435.25,1375.0,1397.1500244140625,14855206.0,1,13,4,14581.4501953125,60.25
2021-04-15,1332.300048828125,1366.4000244140625,1320.0,1360.75,25342491.0,3,15,4,14617.849609375,46.4000244140625
2021-04-16,1365.0,1370.8499755859375,1346.5999755859375,1353.75,10879878.0,4,16,4,14359.4501953125,24.25
2021-04-19,1340.0,1379.699951171875,1332.3499755859375,1362.550048828125,12508028.0,0,19,4,14296.400390625,47.3499755859375
2021-04-20,1379.0,1379.0,1342.4000244140625,1351.3499755859375,8560766.0,1,20,4,14406.150390625,36.5999755859375
2021-04-22,1355.550048828125,1364.800048828125,1345.1500244140625,1351.0999755859375,6622446.0,3,22,4,14341.349609375,19.6500244140625
2021-04-23,1343.0,1348.4000244140625,1331.0,1333.800048828125,7316262.0,4,23,4,14485.0,17.4000244140625
2021-04-26,1332.25,1351.300048828125,1321.0,1343.550048828125,7088606.0,0,26,4,14653.0498046875,30.300048828125
2021-04-27,1346.0,1353.0,1340.1500244140625,1348.5,3636115.0,1,27,4,14864.5498046875,12.8499755859375
2021-04-28,1358.0,1359.5,1344.5999755859375,1356.0,4879234.0,2,28,4,14894.900390625,14.9000244140625
2021-04-29,1368.0,1369.0,1351.4000244140625,1356.3499755859375,5412357.0,3,29,4,14631.099609375,17.5999755859375
2021-04-30,1346.300048828125,1373.9000244140625,1345.9000244140625,1354.3499755859375,8354677.0,4,30,4,14634.150390625,28.0
2021-05-03,1340.800048828125,1361.0,1338.0,1352.050048828125,4560337.0,0,3,5,14496.5,23.0
2021-05-04,1354.0,1354.949951171875,1324.0999755859375,1329.4000244140625,4887060.0,1,4,5,14617.849609375,30.8499755859375
2021-05-05,1341.0999755859375,1343.9000244140625,1327.800048828125,1341.5,3939788.0,2,5,5,14724.7998046875,16.0999755859375
2021-05-06,1345.0,1364.699951171875,1337.4000244140625,1361.5999755859375,4810090.0,3,6,5,14823.150390625,27.2999267578125
2021-05-07,1365.300048828125,1373.050048828125,1348.5,1352.550048828125,4991435.0,4,7,5,14942.349609375,24.550048828125
2021-05-10,1349.8499755859375,1352.9000244140625,1335.050048828125,1339.550048828125,7195348.0,0,10,5,14850.75,17.8499755859375
2021-05-11,1336.9000244140625,1341.0,1325.0999755859375,1330.6500244140625,6420988.0,1,11,5,14696.5,15.9000244140625
2021-05-12,1330.0,1330.0,1314.5,1327.0,5241898.0,2,12,5,14677.7998046875,15.5
2021-05-14,1326.8499755859375,1326.8499755859375,1311.300048828125,1316.4000244140625,4824609.0,4,14,5,14923.150390625,15.5499267578125
2021-05-17,1320.300048828125,1334.949951171875,1320.300048828125,1329.4000244140625,5017129.0,0,17,5,15108.099609375,14.64990234375
2021-05-18,1338.0,1344.5999755859375,1329.5,1340.0,5620150.0,1,18,5,15030.150390625,15.0999755859375
2021-05-19,1342.0,1357.449951171875,1333.25,1337.0,4435878.0,2,19,5,14906.0498046875,24.199951171875
2021-05-20,1348.4000244140625,1349.0999755859375,1335.0,1339.300048828125,4490092.0,3,20,5,15175.2998046875,14.0999755859375
2021-05-21,1347.5,1357.5,1346.3499755859375,1354.5,4969733.0,4,21,5,15197.7001953125,11.1500244140625
2021-05-24,1356.6500244140625,1363.0,1345.0999755859375,1348.050048828125,4225371.0,0,24,5,15208.4501953125,17.9000244140625
2021-05-25,1358.0,1368.0,1354.449951171875,1361.5999755859375,4099340.0,1,25,5,15301.4501953125,13.550048828125
2021-05-26,1367.9000244140625,1400.0,1362.050048828125,1397.25,6850024.0,2,26,5,15337.849609375,37.949951171875
2021-05-27,1404.199951171875,1416.25,1391.699951171875,1402.25,15365391.0,3,27,5,15435.650390625,24.550048828125
2021-05-28,1409.75,1414.0,1396.0999755859375,1405.050048828125,4261312.0,4,28,5,15582.7998046875,17.9000244140625
2021-05-31,1401.5,1401.5,1383.0,1393.75,4429904.0,0,31,5,15574.849609375,18.5
2021-06-01,1400.0,1401.0,1378.6500244140625,1387.199951171875,4791325.0,1,1,6,15576.2001953125,22.3499755859375
2021-06-02,1380.75,1391.949951171875,1365.0,1378.6500244140625,9272276.0,2,2,6,15690.349609375,26.949951171875
2021-06-03,1388.0999755859375,1399.0,1377.050048828125,1389.6500244140625,5115645.0,3,3,6,15670.25,21.949951171875
2021-06-04,1393.949951171875,1396.9000244140625,1377.6500244140625,1385.6500244140625,4194328.0,4,4,6,15751.650390625,19.25
2021-06-07,1391.0,1392.0,1377.300048828125,1389.6500244140625,5154576.0,0,7,6,15740.099609375,14.699951171875
2021-06-08,1396.0,1421.75,1395.550048828125,1412.949951171875,7360630.0,1,8,6,15635.349609375,26.199951171875
2021-06-09,1413.4000244140625,1425.0,1404.5999755859375,1415.300048828125,5394317.0,2,9,6,15737.75,20.4000244140625
2021-06-10,1424.0,1429.0,1419.0,1424.300048828125,3496575.0,3,10,6,15799.349609375,10.0
2021-06-11,1430.0999755859375,1451.5999755859375,1429.449951171875,1446.9000244140625,6140828.0,4,11,6,15811.849609375,22.1500244140625
2021-06-14,1471.0,1477.0,1453.449951171875,1461.800048828125,7132294.0,0,14,6,15869.25,23.550048828125
2021-06-15,1464.0,1476.0,1463.0,1473.9000244140625,5403104.0,1,15,6,15767.5498046875,13.0
2021-06-16,1472.699951171875,1489.449951171875,1467.5,1480.5999755859375,7661710.0,2,16,6,15691.400390625,21.949951171875
2021-06-17,1475.0999755859375,1502.6500244140625,1475.0999755859375,1495.300048828125,7677951.0,3,17,6,15683.349609375,27.550048828125
2021-06-18,1509.0,1515.800048828125,1487.4000244140625,1503.300048828125,13533974.0,4,18,6,15746.5,28.4000244140625
2021-06-21,1493.0,1505.800048828125,1484.199951171875,1500.300048828125,5454052.0,0,21,6,15772.75,21.60009765625
2021-06-22,1509.699951171875,1521.449951171875,1502.0999755859375,1511.8499755859375,6427862.0,1,22,6,15686.9501953125,19.3499755859375
2021-06-23,1525.0,1525.0,1498.6500244140625,1503.1500244140625,5529809.0,2,23,6,15790.4501953125,26.3499755859375
2021-06-24,1517.0,1568.75,1511.199951171875,1559.199951171875,10785137.0,3,24,6,15860.349609375,57.550048828125
2021-06-25,1572.0,1578.0,1543.0,1574.199951171875,9780240.0,4,25,6,15814.7001953125,35.0
2021-06-28,1572.9000244140625,1580.1500244140625,1560.5999755859375,1571.800048828125,5019178.0,0,28,6,15748.4501953125,19.550048828125
2021-06-29,1561.0,1573.6500244140625,1559.199951171875,1563.050048828125,5913567.0,1,29,6,15721.5,14.4500732421875
2021-06-30,1572.050048828125,1591.0,1572.050048828125,1580.800048828125,6058722.0,2,30,6,15680.0,18.949951171875
2021-07-01,1576.8499755859375,1576.8499755859375,1559.050048828125,1560.4000244140625,4814317.0,3,1,7,15722.2001953125,17.7999267578125
2021-07-02,1558.949951171875,1569.449951171875,1542.5999755859375,1567.800048828125,5166064.0,4,2,7,15834.349609375,26.8499755859375
2021-07-05,1569.1500244140625,1585.0,1561.050048828125,1578.949951171875,4058338.0,0,5,7,15818.25,23.949951171875
2021-07-06,1573.699951171875,1586.75,1557.0999755859375,1562.199951171875,4089574.0,1,6,7,15879.650390625,29.6500244140625
2021-07-07,1566.050048828125,1570.550048828125,1544.6500244140625,1564.5999755859375,4797120.0,2,7,7,15727.900390625,25.9000244140625
2021-07-08,1568.0,1576.0,1549.0,1560.75,3326813.0,3,8,7,15689.7998046875,27.0
2021-07-09,1556.0,1569.9000244140625,1551.0,1562.9000244140625,3436594.0,4,9,7,15692.599609375,18.9000244140625
2021-07-12,1570.550048828125,1578.0,1533.75,1547.8499755859375,4588982.0,0,12,7,15812.349609375,44.25
2021-07-13,1556.4000244140625,1556.4000244140625,1536.300048828125,1544.949951171875,4456160.0,1,13,7,15853.9501953125,20.0999755859375
2021-07-14,1554.0,1582.800048828125,1538.0999755859375,1576.9000244140625,5657716.0,2,14,7,15924.2001953125,44.7000732421875
2021-07-15,1557.9000244140625,1596.8499755859375,1556.0,1580.800048828125,10021355.0,3,15,7,15923.400390625,40.8499755859375
2021-07-16,1573.75,1574.6500244140625,1549.5999755859375,1555.449951171875,6265593.0,4,16,7,15752.400390625,25.050048828125
2021-07-19,1544.699951171875,1552.9000244140625,1537.550048828125,1541.699951171875,5669162.0,0,19,7,15632.099609375,15.3499755859375
2021-07-20,1538.300048828125,1557.699951171875,1538.0,1550.050048828125,5069939.0,1,20,7,15824.0498046875,19.699951171875
2021-07-22,1561.4000244140625,1592.8499755859375,1561.4000244140625,1590.199951171875,7854575.0,3,22,7,15856.0498046875,31.449951171875
2021-07-23,1588.550048828125,1598.5,1585.050048828125,1590.449951171875,4179719.0,4,23,7,15824.4501953125,13.449951171875
2021-07-26,1594.0999755859375,1611.6500244140625,1594.0999755859375,1603.9000244140625,4586710.0,0,26,7,15746.4501953125,17.550048828125
2021-07-27,1605.0,1609.300048828125,1597.9000244140625,1602.550048828125,5892859.0,1,27,7,15709.400390625,11.4000244140625
2021-07-28,1605.0999755859375,1607.5999755859375,1585.5,1605.5999755859375,4686788.0,2,28,7,15778.4501953125,22.0999755859375
2021-07-29,1600.0999755859375,1620.0,1600.0999755859375,1617.0,4660873.0,3,29,7,15763.0498046875,19.9000244140625
2021-07-30,1610.0,1623.4000244140625,1606.1500244140625,1610.5,6234257.0,4,30,7,15885.150390625,17.25
2021-08-02,1627.449951171875,1634.75,1619.199951171875,1631.550048828125,5553389.0,0,2,8,16130.75,15.550048828125
2021-08-03,1647.0,1658.6500244140625,1635.5999755859375,1655.199951171875,5513668.0,1,3,8,16258.7998046875,23.050048828125
2021-08-04,1669.0999755859375,1679.9000244140625,1639.050048828125,1649.25,6740391.0,2,4,8,16294.599609375,40.8499755859375
2021-08-05,1649.5,1666.0,1647.050048828125,1653.550048828125,5420536.0,3,5,8,16238.2001953125,18.949951171875
2021-08-06,1657.0,1660.6500244140625,1644.0,1650.199951171875,3754855.0,4,6,8,16258.25,16.6500244140625
2021-08-09,1661.0,1667.449951171875,1646.4000244140625,1663.300048828125,5018477.0,0,9,8,16280.099609375,21.0499267578125
2021-08-10,1668.0,1680.0,1661.050048828125,1677.25,6846517.0,1,10,8,16282.25,18.949951171875
2021-08-11,1674.800048828125,1684.0,1668.0,1677.550048828125,4899639.0,2,11,8,16364.400390625,16.0
2021-08-12,1679.1500244140625,1696.5,1674.0,1689.5999755859375,5659579.0,3,12,8,16529.099609375,22.5
2021-08-13,1697.0,1722.5,1691.300048828125,1712.199951171875,5612790.0,4,13,8,16563.05078125,31.199951171875
2021-08-16,1707.699951171875,1719.949951171875,1690.0999755859375,1704.4000244140625,4564109.0,0,16,8,16614.599609375,29.8499755859375
2021-08-17,1703.9000244140625,1748.9000244140625,1686.550048828125,1741.6500244140625,9510390.0,1,17,8,16568.849609375,62.3499755859375
2021-08-18,1729.0,1755.5,1727.0,1733.449951171875,6686090.0,2,18,8,16450.5,28.5
2021-08-20,1716.0999755859375,1745.0,1716.0999755859375,1732.949951171875,6206972.0,4,20,8,16496.44921875,28.9000244140625
2021-08-23,1735.75,1753.1500244140625,1732.0,1738.75,6189051.0,0,23,8,16624.599609375,21.1500244140625
2021-08-24,1750.0,1757.0,1712.699951171875,1720.8499755859375,7602939.0,1,24,8,16634.650390625,44.300048828125
2021-08-25,1718.0,1746.9000244140625,1718.0,1735.550048828125,6153253.0,2,25,8,16636.900390625,28.9000244140625
2021-08-26,1734.0,1746.0,1720.0,1727.699951171875,5302248.0,3,26,8,16705.19921875,26.0
2021-08-27,1725.0,1727.699951171875,1705.199951171875,1708.800048828125,6698514.0,4,27,8,16931.05078125,22.5
