Date,Open,High,Low,Close,Volume,Day of Week,Day of Month,Month,NIFTY50,Range
2016-01-01,102.88999938964844,103.68000030517578,102.05000305175781,102.69999694824219,4507190.0,4,1,1,7791.2998046875,1.6299972534179688
2016-01-04,102.30000305175781,106.0999984741211,101.83000183105469,104.47000122070312,12127750.0,0,4,1,7784.64990234375,4.269996643066406
2016-01-05,105.61000061035156,109.13500213623047,105.2249984741211,108.30999755859375,14205180.0,1,5,1,7741.0,3.910003662109375
2016-01-06,108.30000305175781,109.69999694824219,105.19999694824219,105.81999969482422,8015450.0,2,6,1,7568.2998046875,4.5
2016-01-07,103.5250015258789,104.5999984741211,102.25499725341797,102.63500213623047,5304630.0,3,7,1,7601.35009765625,2.345001220703125
2016-01-08,103.48999786376953,104.76499938964844,102.5999984741211,104.11499786376953,7315670.0,4,8,1,7563.85009765625,2.1650009155273438
2016-01-11,102.90499877929688,103.2699966430664,100.82499694824219,101.96499633789062,5261390.0,0,11,1,7510.2998046875,2.4449996948242188
2016-01-12,102.48999786376953,103.01499938964844,100.25,101.27999877929688,5909770.0,1,12,1,7562.39990234375,2.7649993896484375
2016-01-13,101.94999694824219,102.48999786376953,98.02999877929688,100.37000274658203,10572110.0,2,13,1,7536.7998046875,4.459999084472656
2016-01-14,98.69999694824219,101.79499816894531,97.43000030517578,100.34500122070312,7062470.0,3,14,1,7437.7998046875,4.364997863769531
2016-01-15,101.0999984741211,101.29000091552734,96.75,97.24500274658203,5723680.0,4,15,1,7351.0,4.540000915527344
2016-01-18,97.3550033569336,101.80000305175781,95.30000305175781,99.09500122070312,9450200.0,0,18,1,7435.10009765625,6.5
2016-01-19,99.69499969482422,101.0,98.29000091552734,99.8550033569336,6397290.0,1,19,1,7309.2998046875,2.7099990844726562
2016-01-20,98.26000213623047,104.48999786376953,97.61499786376953,102.38500213623047,7868100.0,2,20,1,7276.7998046875,6.875
2016-01-21,103.55999755859375,104.44000244140625,99.69999694824219,102.53500366210938,9454590.0,3,21,1,7422.4501953125,4.7400054931640625
2016-01-22,103.5999984741211,107.34500122070312,102.91999816894531,106.80000305175781,8586730.0,4,22,1,7436.14990234375,4.4250030517578125
2016-01-25,107.0,111.4749984741211,106.01000213623047,110.7249984741211,14860730.0,0,25,1,7437.75,5.464996337890625
2016-01-27,110.5,112.69999694824219,110.42500305175781,112.125,15625610.0,2,27,1,7424.64990234375,2.274993896484375
2016-01-28,110.75,111.20500183105469,108.80000305175781,109.22000122070312,16934750.0,3,28,1,7563.5498046875,2.404998779296875
2016-01-29,108.5999984741211,110.19000244140625,104.23999786376953,105.70500183105469,11992530.0,4,29,1,7555.9501953125,5.950004577636719
2016-02-01,104.16000366210938,107.18499755859375,103.27999877929688,105.05500030517578,13325940.0,0,1,2,7455.5498046875,3.904998779296875
2016-02-02,105.20500183105469,106.04499816894531,99.8949966430664,100.33000183105469,9835350.0,1,2,2,7361.7998046875,6.150001525878906
2016-02-03,98.44000244140625,102.9000015258789,95.83499908447266,97.33999633789062,17343230.0,2,3,2,7404.0,7.06500244140625
2016-02-04,97.81999969482422,102.16000366210938,97.05999755859375,101.06999969482422,9921340.0,3,4,2,7489.10009765625,5.100006103515625
2016-02-05,101.625,104.3499984741211,100.80000305175781,103.70500183105469,10015060.0,4,5,2,7387.25,3.5499954223632812
2016-02-08,106.5,108.19999694824219,104.5,105.01000213623047,12200040.0,0,8,2,7298.2001953125,3.6999969482421875
2016-02-09,103.94999694824219,105.5,99.66999816894531,100.0,9116240.0,1,9,2,7215.7001953125,5.8300018310546875
2016-02-10,99.5,103.9749984741211,98.63999938964844,102.25499725341797,12409200.0,2,10,2,6976.35009765625,5.334999084472656
2016-02-11,101.63500213623047,102.80000305175781,98.69999694824219,100.16000366210938,14652880.0,3,11,2,6980.9501953125,4.100006103515625
2016-02-12,101.125,101.63999938964844,95.0,100.55000305175781,14369450.0,4,12,2,7162.9501953125,6.6399993896484375
2016-02-15,101.80000305175781,105.75,101.5999984741211,104.13999938964844,9467880.0,0,15,2,7048.25,4.150001525878906
2016-02-16,105.00499725341797,105.37999725341797,102.4000015258789,103.37000274658203,7094920.0,1,16,2,7108.4501953125,2.9799957275390625
2016-02-17,103.01000213623047,105.46499633789062,99.80999755859375,104.75,7799880.0,2,17,2,7191.75,5.654998779296875
2016-02-18,105.95500183105469,106.19999694824219,103.67500305175781,105.68000030517578,7849790.0,3,18,2,7210.75,2.524993896484375
2016-02-19,105.0,108.75,104.55500030517578,108.3499984741211,8393070.0,4,19,2,7234.5498046875,4.194999694824219
2016-02-22,108.90499877929688,110.5999984741211,107.5199966430664,110.2699966430664,7329730.0,0,22,2,7109.5498046875,3.0800018310546875
2016-02-23,109.5,114.44000244140625,109.5,112.4000015258789,18691170.0,1,23,2,7018.7001953125,4.94000244140625
2016-02-24,111.1050033569336,113.44499969482422,110.5,110.94999694824219,8374110.0,2,24,2,6970.60009765625,2.9449996948242188
2016-02-25,111.19999694824219,113.88999938964844,111.0999984741211,112.56500244140625,28055840.0,3,25,2,7029.75,2.7900009155273438
2016-02-26,112.5,112.5999984741211,109.05999755859375,109.91000366210938,5918270.0,4,26,2,6987.0498046875,3.5400009155273438
2016-02-29,110.4000015258789,114.5,109.9000015258789,112.6449966430664,9054670.0,0,29,2,7222.2998046875,4.599998474121094
2016-03-01,113.0,115.26000213623047,112.5999984741211,114.34500122070312,10282700.0,1,1,3,7368.85009765625,2.660003662109375
2016-03-02,115.19999694824219,116.69999694824219,112.7300033569336,113.32499694824219,9316810.0,2,2,3,7475.60009765625,3.9699935913085938
2016-03-03,114.19999694824219,116.68000030517578,113.62000274658203,115.9800033569336,10701750.0,3,3,3,7485.35009765625,3.05999755859375
2016-03-04,116.11000061035156,119.78500366210938,115.19999694824219,118.54499816894531,12243550.0,4,4,3,7485.2998046875,4.5850067138671875
2016-03-08,119.3949966430664,120.68499755859375,117.5999984741211,118.625,8142290.0,1,8,3,7531.7998046875,3.0849990844726562
2016-03-09,116.50499725341797,118.55000305175781,115.98999786376953,118.00499725341797,6366140.0,2,9,3,7486.14990234375,2.5600051879882812
2016-03-10,118.4000015258789,120.44999694824219,117.58499908447266,118.58999633789062,7841700.0,3,10,3,7510.2001953125,2.8649978637695312
2016-03-11,118.0,119.74500274658203,117.69999694824219,118.3550033569336,6014430.0,4,11,3,7538.75,2.0450057983398438
2016-03-14,118.5999984741211,119.79000091552734,117.5999984741211,118.08999633789062,6132630.0,0,14,3,7460.60009765625,2.19000244140625
2016-03-15,118.0,120.0999984741211,117.30500030517578,119.5,8475230.0,1,15,3,7498.75,2.7949981689453125
2016-03-16,120.0,120.77999877929688,118.5199966430664,120.01000213623047,6420860.0,2,16,3,7512.5498046875,2.2600021362304688
2016-03-17,121.1500015258789,122.08499908447266,119.69999694824219,120.23999786376953,8833900.0,3,17,3,7604.35009765625,2.3850021362304688
2016-03-18,120.5,121.69999694824219,119.9000015258789,121.29000091552734,6627150.0,4,18,3,7704.25,1.7999954223632812
2016-03-21,120.80500030517578,122.19999694824219,119.83499908447266,121.59500122070312,5651120.0,0,21,3,7714.89990234375,2.3649978637695312
2016-03-22,121.0999984741211,123.81999969482422,120.19999694824219,123.01499938964844,6090970.0,1,22,3,7716.5,3.6200027465820312
2016-03-23,123.5,125.31500244140625,122.67500305175781,124.87000274658203,8305560.0,2,23,3,7615.10009765625,2.6399993896484375
2016-03-28,124.0,124.9000015258789,121.7699966430664,122.69000244140625,4161660.0,0,28,3,7597.0,3.1300048828125
2016-03-29,123.0,124.4000015258789,122.16500091552734,123.28500366210938,4893740.0,1,29,3,7735.2001953125,2.2350006103515625
2016-03-30,125.0,127.69999694824219,123.6500015258789,127.16999816894531,6858460.0,2,30,3,7738.39990234375,4.049995422363281
2016-03-31,126.19999694824219,129.39999389648438,125.80000305175781,128.3249969482422,12316520.0,3,31,3,7713.0498046875,3.5999908447265625
2016-04-01,127.13500213623047,127.7300033569336,125.0999984741211,126.26499938964844,6773820.0,4,1,4,7758.7998046875,2.6300048828125
2016-04-04,126.5999984741211,127.07499694824219,124.61000061035156,125.9749984741211,5599150.0,0,4,4,7603.2001953125,2.464996337890625
2016-04-05,125.20999908447266,126.73500061035156,124.0,125.94499969482422,6438010.0,1,5,4,7614.35009765625,2.7350006103515625
2016-04-06,126.0,129.8000030517578,125.5999984741211,129.27000427246094,11183280.0,2,6,4,7546.4501953125,4.200004577636719
2016-04-07,129.5,129.76499938964844,127.51499938964844,127.7300033569336,5239940.0,3,7,4,7555.2001953125,2.25
2016-04-08,127.19999694824219,128.3000030517578,126.51499938964844,127.33999633789062,4714000.0,4,8,4,7671.39990234375,1.785003662109375
2016-04-11,127.73999786376953,130.34500122070312,127.0,129.97500610351562,6883290.0,0,11,4,7708.9501953125,3.345001220703125
2016-04-12,129.9199981689453,130.9949951171875,128.82000732421875,129.77000427246094,7246450.0,1,12,4,7850.4501953125,2.17498779296875
2016-04-13,130.50999450683594,131.89999389648438,129.5749969482422,131.35499572753906,7360250.0,2,13,4,7914.7001953125,2.3249969482421875
2016-04-18,131.22000122070312,133.99000549316406,130.72999572753906,133.4250030517578,5235820.0,0,18,4,7914.75,3.260009765625
2016-04-20,134.6649932861328,136.69000244140625,133.80999755859375,136.16000366210938,8518530.0,2,20,4,7912.0498046875,2.8800048828125
2016-04-21,136.1999969482422,137.1999969482422,134.6699981689453,134.9600067138672,8947070.0,3,21,4,7899.2998046875,2.529998779296875
2016-04-22,135.5,136.39999389648438,134.10000610351562,134.3300018310547,6094560.0,4,22,4,7855.0498046875,2.29998779296875
2016-04-25,134.2100067138672,135.4250030517578,132.52000427246094,134.52000427246094,4835570.0,0,25,4,7962.64990234375,2.904998779296875
2016-04-26,134.60000610351562,137.08999633789062,134.39500427246094,136.7949981689453,7730520.0,1,26,4,7979.89990234375,2.6949920654296875
2016-04-27,136.0,137.13999938964844,135.2100067138672,136.25999450683594,4896120.0,2,27,4,7847.25,1.92999267578125
2016-04-28,136.8000030517578,137.6199951171875,135.35499572753906,136.84500122070312,10075590.0,3,28,4,7849.7998046875,2.2649993896484375
2016-04-29,136.0,138.0,135.22999572753906,137.32000732421875,7211960.0,4,29,4,7805.89990234375,2.7700042724609375
2016-05-02,137.0,137.60000610351562,136.05999755859375,136.47999572753906,5170700.0,0,2,5,7747.0,1.540008544921875
2016-05-03,136.5050048828125,137.41000366210938,135.30999755859375,135.67999267578125,5316260.0,1,3,5,7706.5498046875,2.100006103515625
2016-05-04,134.5,134.89999389648438,131.60000610351562,132.1699981689453,5443950.0,2,4,5,7735.5,3.29998779296875
2016-05-05,132.50999450683594,133.4499969482422,130.9499969482422,131.99000549316406,6319030.0,3,5,5,7733.4501953125,2.5
2016-05-06,131.4149932861328,132.72999572753906,130.91000366210938,132.00999450683594,5152340.0,4,6,5,7866.0498046875,1.8199920654296875
2016-05-09,132.65499877929688,134.0,131.5,132.61500549316406,4928320.0,0,9,5,7887.7998046875,2.5
2016-05-10,132.0,132.5,127.55000305175781,128.77999877929688,6697670.0,1,10,5,7848.85009765625,4.9499969482421875
2016-05-11,127.0,130.05499267578125,126.3550033569336,129.13499450683594,6035740.0,2,11,5,7900.39990234375,3.6999893188476562
2016-05-12,128.88999938964844,129.68499755859375,127.66500091552734,128.27000427246094,4380890.0,3,12,5,7814.89990234375,2.0199966430664062
2016-05-13,127.70500183105469,128.3000030517578,126.30000305175781,126.87000274658203,4275910.0,4,13,5,7860.75,2.0
2016-05-16,126.73999786376953,129.94000244140625,125.3550033569336,129.55999755859375,3966320.0,0,16,5,7890.75,4.584999084472656
2016-05-17,130.0,130.8000030517578,128.3000030517578,129.0,4564720.0,1,17,5,7870.14990234375,2.5
2016-05-18,128.5,132.08999633789062,128.0,130.92999267578125,10606800.0,2,18,5,7783.39990234375,4.089996337890625
2016-05-19,132.4499969482422,134.38999938964844,131.22500610351562,132.02000427246094,10040170.0,3,19,5,7749.7001953125,3.1649932861328125
2016-05-20,131.8000030517578,133.02999877929688,130.10000610351562,130.5,3264840.0,4,20,5,7731.0498046875,2.92999267578125
2016-05-23,131.49000549316406,132.8000030517578,129.39999389648438,131.85499572753906,6613580.0,0,23,5,7748.85009765625,3.4000091552734375
2016-05-24,132.0,132.49000549316406,130.89999389648438,132.01499938964844,5942150.0,1,24,5,7934.89990234375,1.5900115966796875
2016-05-25,132.39999389648438,133.65499877929688,129.71499633789062,130.03500366210938,4941780.0,2,25,5,8069.64990234375,3.94000244140625
2016-05-26,130.6999969482422,132.5,130.10000610351562,131.89500427246094,7608940.0,3,26,5,8156.64990234375,2.399993896484375
2016-05-27,132.3000030517578,138.0,131.30999755859375,137.56500244140625,8752840.0,4,27,5,8178.5,6.69000244140625
2016-05-30,137.8000030517578,139.3000030517578,135.77999877929688,137.19500732421875,5173060.0,0,30,5,8160.10009765625,3.5200042724609375
2016-05-31,137.10000610351562,140.3000030517578,136.1699981689453,138.9149932861328,10605470.0,1,31,5,8179.9501953125,4.1300048828125
2016-06-01,139.60000610351562,140.5,137.0399932861328,137.47999572753906,6472140.0,2,1,6,8218.9501953125,3.4600067138671875
2016-06-02,137.0399932861328,138.89500427246094,135.80999755859375,137.92999267578125,5151900.0,3,2,6,8220.7998046875,3.0850067138671875
2016-06-03,137.9250030517578,138.96499633789062,136.22999572753906,137.02499389648438,4475050.0,4,3,6,8201.0498046875,2.7350006103515625
2016-06-06,137.0,137.88999938964844,135.06500244140625,136.94500732421875,6043950.0,0,6,6,8266.4501953125,2.8249969482421875
2016-06-07,137.5050048828125,138.69500732421875,136.0050048828125,137.71499633789062,6253490.0,1,7,6,8273.0498046875,2.69000244140625
2016-06-08,138.19000244140625,139.98500061035156,137.0399932861328,139.50999450683594,6143090.0,2,8,6,8203.599609375,2.94500732421875
2016-06-09,139.41000366210938,141.97000122070312,138.60000610351562,141.64500427246094,8053350.0,3,9,6,8170.0498046875,3.3699951171875
2016-06-10,141.6300048828125,143.35000610351562,140.5,141.8699951171875,9526200.0,4,10,6,8110.60009765625,2.850006103515625
2016-06-13,139.3000030517578,140.8000030517578,138.8000030517578,140.02499389648438,5986620.0,0,13,6,8108.85009765625,2.0
2016-06-14,139.3000030517578,141.10000610351562,139.10000610351562,140.61500549316406,5847770.0,1,14,6,8206.599609375,2.0
2016-06-15,141.02999877929688,141.38499450683594,139.51499938964844,140.01499938964844,4008120.0,2,15,6,8140.75,1.8699951171875
2016-06-16,140.1999969482422,141.03500366210938,138.0,140.72500610351562,6516040.0,3,16,6,8170.2001953125,3.035003662109375
2016-06-17,141.2100067138672,141.7449951171875,139.00999450683594,139.5050048828125,4379330.0,4,17,6,8238.5,2.7350006103515625
2016-06-20,138.49000549316406,140.64999389648438,138.39999389648438,140.22500610351562,6435910.0,0,20,6,8219.900390625,2.25
2016-06-21,140.1999969482422,140.75,139.2100067138672,140.07000732421875,4076180.0,1,21,6,8203.7001953125,1.5399932861328125
2016-06-22,140.47000122070312,140.47000122070312,138.53500366210938,139.1300048828125,3550710.0,2,22,6,8270.4501953125,1.93499755859375
2016-06-23,139.3699951171875,140.5449981689453,138.16000366210938,140.13499450683594,5073760.0,3,23,6,8088.60009765625,2.3849945068359375
2016-06-24,138.22000122070312,139.43499755859375,133.00999450683594,138.32000732421875,6144190.0,4,24,6,8094.7001953125,6.4250030517578125
2016-06-27,138.7899932861328,139.5,137.74000549316406,138.60000610351562,6207850.0,0,27,6,8127.85009765625,1.7599945068359375
2016-06-28,138.77999877929688,143.25999450683594,138.35499572753906,142.64999389648438,6105900.0,1,28,6,8204.0,4.904998779296875
2016-06-29,142.8000030517578,144.8000030517578,142.72500610351562,144.4600067138672,5371410.0,2,29,6,8287.75,2.0749969482421875
2016-06-30,145.60000610351562,147.5,144.0,146.43499755859375,6928580.0,3,30,6,8328.349609375,3.5
2016-07-01,147.50999450683594,148.5,145.77000427246094,146.3300018310547,6323940.0,4,1,7,8370.7001953125,2.7299957275390625
2016-07-04,146.39999389648438,147.77000427246094,145.0,147.36000061035156,3835820.0,0,4,7,8335.9501953125,2.7700042724609375
2016-07-05,147.5,148.89500427246094,146.52499389648438,148.125,4060940.0,1,5,7,8337.900390625,2.3700103759765625
2016-07-07,147.00999450683594,148.5,145.88999938964844,146.3249969482422,6195050.0,3,7,7,8323.2001953125,2.6100006103515625
2016-07-08,146.8000030517578,148.10000610351562,146.0500030517578,147.69500732421875,4296860.0,4,8,7,8467.900390625,2.0500030517578125
2016-07-11,148.8000030517578,151.16000366210938,148.61000061035156,150.875,4288130.0,0,11,7,8521.0498046875,2.5500030517578125
2016-07-12,151.0,155.0,150.6999969482422,154.1300048828125,5804840.0,1,12,7,8519.5,4.3000030517578125
2016-07-13,154.5500030517578,156.4949951171875,154.39999389648438,155.69500732421875,6177570.0,2,13,7,8565.0,2.095001220703125
2016-07-14,155.69500732421875,158.34500122070312,154.5,157.51499938964844,6235960.0,3,14,7,8541.400390625,3.845001220703125
2016-07-15,158.0,165.3249969482422,157.5050048828125,163.60499572753906,12637690.0,4,15,7,8508.7001953125,7.8199920654296875
2016-07-18,163.27000427246094,165.64500427246094,160.0,160.60499572753906,9572640.0,0,18,7,8528.5498046875,5.6450042724609375
2016-07-19,161.44500732421875,163.44000244140625,160.3300018310547,162.82000732421875,6883550.0,1,19,7,8565.849609375,3.1100006103515625
2016-07-20,163.10000610351562,163.58999633789062,161.6199951171875,161.9499969482422,4359050.0,2,20,7,8510.099609375,1.970001220703125
2016-07-21,162.39999389648438,162.98500061035156,160.625,161.22500610351562,4471900.0,3,21,7,8541.2001953125,2.3600006103515625
2016-07-22,160.5,162.47000122070312,159.00999450683594,161.3000030517578,4085430.0,4,22,7,8635.650390625,3.4600067138671875
2016-07-25,161.0,163.3000030517578,160.5,162.84500122070312,4133130.0,0,25,7,8590.650390625,2.8000030517578125
2016-07-26,162.8000030517578,167.17999267578125,162.8000030517578,165.93499755859375,6885160.0,1,26,7,8615.7998046875,4.3799896240234375
2016-07-27,167.19500732421875,176.1300048828125,166.60000610351562,173.92999267578125,26450020.0,2,27,7,8666.2998046875,9.529998779296875
2016-07-28,173.77000427246094,174.60000610351562,168.10000610351562,168.43499755859375,13103790.0,3,28,7,8638.5,6.5
2016-07-29,169.39999389648438,170.5,166.5,167.52000427246094,5954060.0,4,29,7,8636.5498046875,4.0
2016-08-01,168.5,170.2449951171875,164.3249969482422,168.96499633789062,8365210.0,0,1,8,8622.900390625,5.9199981689453125
2016-08-02,169.3000030517578,170.1999969482422,166.11500549316406,167.49000549316406,6636220.0,1,2,8,8544.849609375,4.084991455078125
2016-08-03,169.6999969482422,171.25,167.5050048828125,168.60000610351562,7183340.0,2,3,8,8551.099609375,3.7449951171875
2016-08-04,169.10000610351562,171.61500549316406,168.60000610351562,170.99000549316406,8495300.0,3,4,8,8683.150390625,3.0149993896484375
2016-08-05,172.1999969482422,174.1999969482422,171.7100067138672,173.77000427246094,7304910.0,4,5,8,8711.349609375,2.489990234375
2016-08-08,174.52499389648438,175.69000244140625,172.24000549316406,172.80999755859375,5382190.0,0,8,8,8678.25,3.4499969482421875
2016-08-09,173.3000030517578,173.97999572753906,169.55999755859375,171.00999450683594,5382460.0,1,9,8,8575.2998046875,4.4199981689453125
2016-08-10,171.0,171.9949951171875,168.27999877929688,170.93499755859375,5905460.0,2,10,8,8592.150390625,3.714996337890625
2016-08-12,171.02000427246094,173.3000030517578,170.86000061035156,172.80499267578125,4220640.0,4,12,8,8642.5498046875,2.44000244140625
2016-08-16,173.19500732421875,175.4149932861328,171.5399932861328,174.8000030517578,6328570.0,1,16,8,8624.0498046875,3.875
2016-08-17,174.85000610351562,177.60000610351562,174.00999450683594,177.34500122070312,6599060.0,2,17,8,8673.25,3.5900115966796875
2016-08-18,177.77499389648438,179.33999633789062,177.0500030517578,178.3800048828125,3484940.0,3,18,8,8666.900390625,2.2899932861328125
2016-08-19,178.6699981689453,179.89999389648438,177.1999969482422,178.80999755859375,5147050.0,4,19,8,8629.150390625,2.6999969482421875
2016-08-22,178.5,179.3699951171875,176.1199951171875,176.78500366210938,3356030.0,0,22,8,8632.599609375,3.25
2016-08-23,176.0,177.55999755859375,173.63999938964844,175.84500122070312,3061860.0,1,23,8,8650.2998046875,3.9199981689453125
2016-08-24,175.77499389648438,176.35499572753906,174.65499877929688,175.96499633789062,2234420.0,2,24,8,8592.2001953125,1.6999969482421875
2016-08-25,176.1999969482422,177.1999969482422,173.91000366210938,174.5399932861328,7090170.0,3,25,8,8572.5498046875,3.2899932861328125
2016-08-26,174.5,176.0500030517578,173.2050018310547,175.60499572753906,3270200.0,4,26,8,8607.4501953125,2.845001220703125
2016-08-29,175.39999389648438,177.6999969482422,174.89999389648438,177.31500244140625,2468480.0,0,29,8,8744.349609375,2.8000030517578125
2016-08-30,177.50999450683594,179.27499389648438,177.39999389648438,178.11500549316406,2542450.0,1,30,8,8786.2001953125,1.875
2016-08-31,177.8000030517578,178.8000030517578,174.6199951171875,175.30999755859375,5023170.0,2,31,8,8774.650390625,4.1800079345703125
2016-09-01,175.21499633789062,177.8000030517578,173.80999755859375,177.27499389648438,3057050.0,3,1,9,8809.650390625,3.9900054931640625
2016-09-02,177.3000030517578,178.77999877929688,176.02000427246094,177.74000549316406,2213810.0,4,2,9,8943.0,2.7599945068359375
2016-09-06,178.1999969482422,187.60000610351562,178.10000610351562,186.2550048828125,6706010.0,1,6,9,8917.9501953125,9.5
2016-09-07,187.41000366210938,187.41000366210938,184.0,185.15499877929688,4570550.0,2,7,9,8952.5,3.410003662109375
2016-09-08,186.39999389648438,188.59500122070312,184.2550048828125,184.8800048828125,3791930.0,3,8,9,8866.7001953125,4.339996337890625
2016-09-09,185.9949951171875,185.9949951171875,181.01499938964844,182.3800048828125,3470300.0,4,9,9,8715.599609375,4.9799957275390625
2016-09-12,180.0,180.0,173.6699981689453,174.5050048828125,5935480.0,0,12,9,8726.599609375,6.3300018310546875
2016-09-14,175.0,176.48500061035156,172.5,175.03500366210938,5218050.0,2,14,9,8742.5498046875,3.9850006103515625
2016-09-15,175.5,176.7949981689453,173.14999389648438,175.375,5740980.0,3,15,9,8779.849609375,3.6450042724609375
2016-09-16,176.60000610351562,176.84500122070312,170.6999969482422,172.55499267578125,15092020.0,4,16,9,8808.400390625,6.1450042724609375
2016-09-19,173.57000732421875,177.5,173.0,176.99000549316406,6165300.0,0,19,9,8775.900390625,4.5
2016-09-20,178.31500244140625,178.39999389648438,175.69500732421875,176.18499755859375,4580740.0,1,20,9,8777.150390625,2.704986572265625
2016-09-21,176.1999969482422,177.39999389648438,174.38499450683594,175.3249969482422,4664240.0,2,21,9,8867.4501953125,3.0149993896484375
2016-09-22,178.0,178.22999572753906,175.3699951171875,176.27000427246094,3632680.0,3,22,9,8831.5498046875,2.8600006103515625
2016-09-23,175.91000366210938,177.49000549316406,174.625,175.6300048828125,4703910.0,4,23,9,8723.0498046875,2.8650054931640625
2016-09-26,175.80999755859375,177.0,175.15499877929688,175.7050018310547,3930440.0,0,26,9,8706.400390625,1.845001220703125
2016-09-27,176.39999389648438,177.1300048828125,174.2550048828125,176.03500366210938,4287110.0,1,27,9,8745.150390625,2.875
2016-09-28,175.32000732421875,178.1999969482422,174.72000122070312,177.5749969482422,5817490.0,2,28,9,8591.25,3.4799957275390625
2016-09-29,178.5,178.74000549316406,165.22500610351562,167.8350067138672,18253280.0,3,29,9,8611.150390625,13.514999389648438
2016-09-30,167.1999969482422,173.89500427246094,166.9250030517578,172.93499755859375,5157750.0,4,30,9,8738.099609375,6.970001220703125
2016-10-03,174.49000549316406,177.43499755859375,174.0050048828125,176.74000549316406,4199180.0,0,3,10,8769.150390625,3.42999267578125
2016-10-04,178.89500427246094,179.6999969482422,176.8000030517578,178.36000061035156,6951110.0,1,4,10,8743.9501953125,2.899993896484375
2016-10-05,180.5,180.5399932861328,177.75,178.77000427246094,6650110.0,2,5,10,8709.5498046875,2.7899932861328125
2016-10-06,180.27999877929688,181.10000610351562,175.09500122070312,176.2550048828125,5759650.0,3,6,10,8697.599609375,6.0050048828125
2016-10-07,176.99000549316406,177.76499938964844,175.10000610351562,177.2100067138672,4042570.0,4,7,10,8708.7998046875,2.6649932861328125
2016-10-10,178.60000610351562,182.5,177.81500244140625,181.47500610351562,7789670.0,0,10,10,8573.349609375,4.68499755859375
2016-10-13,180.8800048828125,180.88999938964844,173.2100067138672,177.22999572753906,10134850.0,3,13,10,8583.400390625,7.67999267578125
2016-10-14,177.60000610351562,178.0,173.7100067138672,174.25,5923880.0,4,14,10,8520.400390625,4.2899932861328125
2016-10-17,174.5,175.89999389648438,171.55499267578125,171.97500610351562,5361000.0,0,17,10,8677.900390625,4.345001220703125
2016-10-18,172.5,179.0,172.1999969482422,178.25999450683594,6121650.0,1,18,10,8659.099609375,6.8000030517578125
2016-10-19,178.10000610351562,178.10000610351562,174.27999877929688,174.88999938964844,5251270.0,2,19,10,8699.400390625,3.82000732421875
2016-10-20,175.5749969482422,177.3800048828125,173.21499633789062,174.0850067138672,7279280.0,3,20,10,8693.0498046875,4.165008544921875
2016-10-21,173.89999389648438,174.77999877929688,171.38999938964844,173.52999877929688,5965690.0,4,21,10,8708.9501953125,3.3899993896484375
2016-10-24,173.1699981689453,174.02999877929688,169.5,171.1699981689453,5789100.0,0,24,10,8691.2998046875,4.529998779296875
2016-10-25,171.49000549316406,172.89999389648438,169.60000610351562,170.94000244140625,6953620.0,1,25,10,8615.25,3.29998779296875
2016-10-26,170.6999969482422,172.91000366210938,166.0,166.8249969482422,8174300.0,2,26,10,8615.25,6.910003662109375
2016-10-27,166.77000427246094,166.9499969482422,161.64999389648438,163.69500732421875,25975610.0,3,27,10,8638.0,5.3000030517578125
2016-10-28,166.0,168.27499389648438,164.3300018310547,165.88499450683594,7736120.0,4,28,10,8626.25,3.9449920654296875
2016-11-01,166.10000610351562,168.5,164.22500610351562,166.2899932861328,6206700.0,1,1,11,8514.0,4.274993896484375
2016-11-02,165.4949951171875,165.4949951171875,162.5,163.39999389648438,5243220.0,2,2,11,8484.9501953125,2.9949951171875
2016-11-03,163.19000244140625,165.0,159.02499389648438,159.9149932861328,7368300.0,3,3,11,8433.75,5.975006103515625
2016-11-04,159.4199981689453,160.89500427246094,156.50999450683594,159.13499450683594,6960320.0,4,4,11,8497.0498046875,4.385009765625
2016-11-07,160.60499572753906,162.0,159.5,160.0500030517578,3886300.0,0,7,11,8543.5498046875,2.5
2016-11-08,160.39999389648438,166.39999389648438,160.33999633789062,165.69000244140625,5874360.0,1,8,11,8432.0,6.05999755859375
2016-11-09,155.00999450683594,170.39999389648438,154.5399932861328,168.0850067138672,8629910.0,2,9,11,8525.75,15.860000610351562
2016-11-10,169.6999969482422,177.8699951171875,169.6999969482422,175.63999938964844,7666490.0,3,10,11,8296.2998046875,8.169998168945312
2016-11-11,173.52000427246094,174.94500732421875,169.125,172.11000061035156,7296950.0,4,11,11,8108.4501953125,5.82000732421875
2016-11-15,170.60000610351562,173.5,167.5500030517578,169.38499450683594,6140900.0,1,15,11,8111.60009765625,5.9499969482421875
2016-11-16,171.85000610351562,173.5,168.13999938964844,169.8300018310547,3579110.0,2,16,11,8079.9501953125,5.3600006103515625
2016-11-17,170.0,172.0,164.3000030517578,165.4550018310547,4809840.0,3,17,11,8074.10009765625,7.6999969482421875
2016-11-18,165.6999969482422,169.8699951171875,165.1999969482422,169.16000366210938,5775610.0,4,18,11,7929.10009765625,4.6699981689453125
2016-11-21,169.61000061035156,170.0850067138672,161.44500732421875,162.17999267578125,5107430.0,0,21,11,8002.2998046875,8.639999389648438
2016-11-22,163.01499938964844,165.69000244140625,161.8800048828125,163.9199981689453,3501810.0,1,22,11,8033.2998046875,3.80999755859375
2016-11-23,164.60000610351562,166.25999450683594,164.1999969482422,165.125,2825900.0,2,23,11,7965.5,2.05999755859375
2016-11-24,164.5,165.61000061035156,160.625,161.47500610351562,16770590.0,3,24,11,8114.2998046875,4.9850006103515625
2016-11-25,162.39999389648438,167.8800048828125,162.10000610351562,167.38499450683594,4443080.0,4,25,11,8126.89990234375,5.779998779296875
2016-11-28,168.0,173.0,166.7050018310547,172.2449951171875,4880370.0,0,28,11,8142.14990234375,6.2949981689453125
2016-11-29,172.69000244140625,173.22500610351562,169.39999389648438,169.7449951171875,4467480.0,1,29,11,8224.5,3.82501220703125
2016-11-30,168.5,173.55499267578125,168.5,172.89999389648438,7408290.0,2,30,11,8192.900390625,5.05499267578125
2016-12-01,172.89999389648438,173.08999633789062,167.2050018310547,167.63499450683594,5346100.0,3,1,12,8086.7998046875,5.8849945068359375
2016-12-02,166.39999389648438,168.0,165.07000732421875,165.6649932861328,5441330.0,4,2,12,8128.75,2.92999267578125
2016-12-05,165.8000030517578,167.17999267578125,162.625,164.85499572753906,6162830.0,0,5,12,8143.14990234375,4.55499267578125
2016-12-06,165.1999969482422,166.1699981689453,163.3000030517578,164.39999389648438,3695870.0,1,6,12,8102.0498046875,2.8699951171875
2016-12-07,165.0,165.59500122070312,163.14999389648438,164.63499450683594,5034030.0,2,7,12,8246.849609375,2.44500732421875
2016-12-08,166.0,167.8000030517578,165.1999969482422,165.68499755859375,4827860.0,3,8,12,8261.75,2.600006103515625
2016-12-09,166.67999267578125,166.89999389648438,164.1999969482422,164.64500427246094,3760900.0,4,9,12,8170.7998046875,2.6999969482421875
2016-12-12,164.60000610351562,164.83999633789062,161.77000427246094,162.23500061035156,4064340.0,0,12,12,8221.7998046875,3.0699920654296875
2016-12-13,162.39999389648438,164.125,160.99000549316406,163.19000244140625,5306210.0,1,13,12,8182.4501953125,3.1349945068359375
2016-12-14,164.10000610351562,164.10000610351562,162.14999389648438,163.01499938964844,4181710.0,2,14,12,8153.60009765625,1.95001220703125
2016-12-15,162.0,165.55499267578125,161.51499938964844,163.06500244140625,4059070.0,3,15,12,8139.4501953125,4.0399932861328125
2016-12-16,164.39999389648438,164.7949981689453,161.1300048828125,161.8300018310547,4632360.0,4,16,12,8104.35009765625,3.6649932861328125
2016-12-19,161.8000030517578,162.43499755859375,159.375,159.89500427246094,3883340.0,0,19,12,8082.39990234375,3.05999755859375
2016-12-20,159.0,160.10000610351562,157.5,159.16000366210938,4756710.0,1,20,12,8061.2998046875,2.600006103515625
2016-12-21,160.0,160.58999633789062,158.10499572753906,158.6199951171875,3908180.0,2,21,12,7979.10009765625,2.4850006103515625
2016-12-22,159.57000732421875,159.7899932861328,155.73500061035156,156.66000366210938,4445390.0,3,22,12,7985.75,4.05499267578125
2016-12-23,155.8000030517578,158.38499450683594,154.2050018310547,156.80499267578125,4666800.0,4,23,12,7908.25,4.17999267578125
2016-12-26,155.39999389648438,156.1699981689453,151.1649932861328,153.27000427246094,6133610.0,0,26,12,8032.85009765625,5.0050048828125
2016-12-27,153.8699951171875,158.7449951171875,153.3000030517578,158.02000427246094,4294580.0,1,27,12,8034.85009765625,5.4449920654296875
2016-12-28,157.9949951171875,159.47000122070312,155.74000549316406,158.51499938964844,6245670.0,2,28,12,8103.60009765625,3.7299957275390625
2016-12-29,158.1199951171875,160.38999938964844,157.125,159.97500610351562,5243210.0,3,29,12,8185.7998046875,3.2649993896484375
2016-12-30,159.89999389648438,163.2449951171875,159.56500244140625,162.75,6205340.0,4,30,12,8179.5,3.67999267578125
2017-01-02,162.8000030517578,164.18499755859375,161.00999450683594,163.42999267578125,4621360.0,0,2,1,8192.25,3.1750030517578125
2017-01-03,164.10000610351562,165.36000061035156,163.10000610351562,164.4550018310547,4530490.0,1,3,1,8190.5,2.2599945068359375
2017-01-04,166.75,166.75,160.60000610351562,163.0500030517578,2378943.0,2,4,1,8273.7998046875,6.149993896484375
2017-01-05,164.0500030517578,176.64999389648438,163.5,175.64999389648438,6510132.0,3,5,1,8243.7998046875,13.149993896484375
2017-01-06,177.35000610351562,178.8000030517578,172.75,175.1999969482422,5500626.0,4,6,1,8236.0498046875,6.0500030517578125
2017-01-09,176.5,179.3000030517578,174.60000610351562,176.0500030517578,2997673.0,0,9,1,8288.599609375,4.6999969482421875
2017-01-10,176.5,179.5,173.60000610351562,178.4499969482422,3701710.0,1,10,1,8380.650390625,5.899993896484375
2017-01-11,179.3000030517578,195.39999389648438,179.0,187.5500030517578,19588062.0,2,11,1,8407.2001953125,16.399993896484375
2017-01-12,188.25,190.6999969482422,184.1999969482422,188.5,6001012.0,3,12,1,8400.349609375,6.5
2017-01-13,189.5,191.10000610351562,185.10000610351562,188.89999389648438,5494453.0,4,13,1,8412.7998046875,6.0
2017-01-16,189.64999389648438,192.5,186.75,189.35000610351562,3993046.0,0,16,1,8398.0,5.75
2017-01-17,191.89999389648438,192.10000610351562,185.4499969482422,186.6999969482422,4433742.0,1,17,1,8417.0,6.6500091552734375
2017-01-18,187.0500030517578,192.5,187.0500030517578,191.10000610351562,5651544.0,2,18,1,8435.099609375,5.4499969482421875
2017-01-19,191.0,193.9499969482422,189.8000030517578,192.64999389648438,5325171.0,3,19,1,8349.349609375,4.149993896484375
2017-01-20,191.9499969482422,193.5,184.60000610351562,185.64999389648438,5221394.0,4,20,1,8391.5,8.899993896484375
2017-01-23,186.39999389648438,194.8000030517578,186.0,194.14999389648438,5915206.0,0,23,1,8475.7998046875,8.800003051757812
2017-01-24,194.5500030517578,195.6999969482422,192.14999389648438,193.9499969482422,3567556.0,1,24,1,8602.75,3.5500030517578125
2017-01-25,195.1999969482422,199.6999969482422,193.14999389648438,196.14999389648438,8514459.0,2,25,1,8641.25,6.5500030517578125
2017-01-27,196.35000610351562,199.0,193.14999389648438,195.35000610351562,3724559.0,4,27,1,8632.75,5.850006103515625
2017-01-30,195.0,199.0,193.14999389648438,196.5,3886010.0,0,30,1,8561.2998046875,5.850006103515625
2017-01-31,197.10000610351562,201.39999389648438,195.0,198.14999389648438,9791708.0,1,31,1,8716.400390625,6.399993896484375
2017-02-01,199.5,199.64999389648438,191.10000610351562,197.3000030517578,7991260.0,2,1,2,8734.25,8.54998779296875
2017-02-02,197.4499969482422,198.0,192.39999389648438,193.89999389648438,4882873.0,3,2,2,8740.9501953125,5.600006103515625
2017-02-03,193.0,196.39999389648438,188.75,191.64999389648438,7158596.0,4,3,2,8801.0498046875,7.649993896484375
2017-02-06,193.64999389648438,194.39999389648438,190.5,192.35000610351562,3509746.0,0,6,2,8768.2998046875,3.899993896484375
2017-02-07,192.8000030517578,195.0,187.9499969482422,189.0,4271007.0,1,7,2,8769.0498046875,7.0500030517578125
2017-02-08,190.9499969482422,191.6999969482422,188.3000030517578,189.3000030517578,4093024.0,2,8,2,8778.400390625,3.399993896484375
2017-02-09,190.1999969482422,194.0,185.85000610351562,193.64999389648438,4280685.0,3,9,2,8793.5498046875,8.149993896484375
2017-02-10,194.10000610351562,195.0,191.39999389648438,193.25,2393140.0,4,10,2,8805.0498046875,3.600006103515625
2017-02-13,194.60000610351562,195.25,178.3000030517578,187.75,5882506.0,0,13,2,8792.2998046875,16.949996948242188
2017-02-14,187.75,189.4499969482422,180.39999389648438,181.85000610351562,5326799.0,1,14,2,8724.7001953125,9.050003051757812
2017-02-15,182.89999389648438,184.4499969482422,178.75,183.3000030517578,4927878.0,2,15,2,8778.0,5.6999969482421875
2017-02-16,184.0500030517578,188.0,182.25,187.4499969482422,2742051.0,3,16,2,8821.7001953125,5.75
2017-02-17,188.10000610351562,189.10000610351562,184.10000610351562,184.89999389648438,2679540.0,4,17,2,8879.2001953125,5.0
2017-02-20,184.9499969482422,189.8000030517578,183.60000610351562,188.3000030517578,3116627.0,0,20,2,8907.849609375,6.1999969482421875
2017-02-21,189.0,191.75,185.64999389648438,186.9499969482422,2738266.0,1,21,2,8926.900390625,6.100006103515625
2017-02-22,187.1999969482422,187.64999389648438,182.1999969482422,185.0,3420915.0,2,22,2,8939.5,5.4499969482421875
2017-02-23,185.60000610351562,187.5500030517578,184.10000610351562,186.9499969482422,3565755.0,3,23,2,8896.7001953125,3.4499969482421875
2017-02-27,187.0,189.89999389648438,185.0,185.3000030517578,2479199.0,0,27,2,8879.599609375,4.899993896484375
2017-02-28,185.3000030517578,188.0500030517578,185.0,186.9499969482422,2568373.0,1,28,2,8945.7998046875,3.0500030517578125
2017-03-01,188.0500030517578,192.60000610351562,186.75,189.8000030517578,6984828.0,2,1,3,8899.75,5.850006103515625
2017-03-02,190.5500030517578,190.89999389648438,181.89999389648438,183.5,5014563.0,3,2,3,8897.5498046875,9.0
2017-03-03,183.0,185.3000030517578,181.9499969482422,184.0,3072562.0,4,3,3,8963.4501953125,3.350006103515625
2017-03-06,184.0500030517578,186.3000030517578,183.14999389648438,184.85000610351562,2405448.0,0,6,3,8946.900390625,3.1500091552734375
2017-03-07,185.39999389648438,185.64999389648438,181.0,181.4499969482422,2337750.0,1,7,3,8924.2998046875,4.649993896484375
2017-03-08,181.64999389648438,182.14999389648438,177.0,178.0500030517578,5030575.0,2,8,3,8927.0,5.149993896484375
2017-03-09,176.6999969482422,178.85000610351562,175.64999389648438,176.85000610351562,2814093.0,3,9,3,8934.5498046875,3.20001220703125
2017-03-10,177.0,178.89999389648438,175.14999389648438,176.25,1965462.0,4,10,3,9087.0,3.75
2017-03-14,179.9499969482422,183.35000610351562,177.5,181.89999389648438,3552433.0,1,14,3,9084.7998046875,5.850006103515625
2017-03-15,181.89999389648438,184.89999389648438,180.0500030517578,183.5,2518621.0,2,15,3,9153.7001953125,4.8499908447265625
2017-03-16,185.60000610351562,194.3000030517578,185.1999969482422,192.4499969482422,8053833.0,3,16,3,9160.0498046875,9.100006103515625
2017-03-17,194.25,195.89999389648438,190.14999389648438,192.0,5143534.0,4,17,3,9126.849609375,5.75
2017-03-20,192.75,194.75,190.1999969482422,194.10000610351562,2608165.0,0,20,3,9121.5,4.5500030517578125
2017-03-21,194.64999389648438,194.64999389648438,191.0,192.39999389648438,3832639.0,1,21,3,9030.4501953125,3.649993896484375
2017-03-22,189.5,189.5,185.10000610351562,186.6999969482422,3999158.0,2,22,3,9086.2998046875,4.399993896484375
2017-03-23,186.6999969482422,189.0,185.5,186.85000610351562,2749898.0,3,23,3,9108.0,3.5
2017-03-24,186.89999389648438,190.75,186.0,186.8000030517578,3979893.0,4,24,3,9045.2001953125,4.75
2017-03-27,186.8000030517578,187.6999969482422,177.6999969482422,179.4499969482422,8610189.0,0,27,3,9100.7998046875,10.0
2017-03-28,179.3000030517578,183.9499969482422,179.3000030517578,181.60000610351562,8752274.0,1,28,3,9143.7998046875,4.649993896484375
2017-03-29,183.0,184.64999389648438,180.75,183.35000610351562,3043114.0,2,29,3,9173.75,3.899993896484375
2017-03-30,183.5,187.3000030517578,182.64999389648438,185.39999389648438,20910457.0,3,30,3,9173.75,4.6500091552734375
2017-03-31,185.9499969482422,190.25,185.0,188.1999969482422,4542711.0,4,31,3,9237.849609375,5.25
2017-04-03,187.89999389648438,192.35000610351562,187.0,188.89999389648438,4005610.0,0,3,4,9265.150390625,5.350006103515625
2017-04-05,192.0,196.89999389648438,191.64999389648438,195.8000030517578,7046524.0,2,5,4,9261.9501953125,5.25
2017-04-06,195.0,204.8000030517578,192.4499969482422,203.8000030517578,7827353.0,3,6,4,9198.2998046875,12.350006103515625
2017-04-07,202.60000610351562,207.0,196.8000030517578,199.85000610351562,9259489.0,4,7,4,9181.4501953125,10.199996948242188
2017-04-10,199.75,205.0,198.75,203.6999969482422,4077710.0,0,10,4,9237.0,6.25
2017-04-11,206.5,206.89999389648438,197.9499969482422,198.75,6912377.0,1,11,4,9203.4501953125,8.949996948242188
2017-04-12,199.85000610351562,202.1999969482422,195.35000610351562,196.4499969482422,4900126.0,2,12,4,9150.7998046875,6.8499908447265625
2017-04-13,196.9499969482422,196.9499969482422,189.8000030517578,190.75,6831049.0,3,13,4,9139.2998046875,7.149993896484375
2017-04-17,190.5,195.5,190.5,194.14999389648438,5298073.0,0,17,4,9105.150390625,5.0
2017-04-18,194.60000610351562,198.6999969482422,186.5,187.3000030517578,7160819.0,1,18,4,9103.5,12.199996948242188
2017-04-19,187.25,192.1999969482422,185.4499969482422,189.39999389648438,6855099.0,2,19,4,9136.400390625,6.75
2017-04-20,191.5,192.6999969482422,188.0,189.3000030517578,4558278.0,3,20,4,9119.400390625,4.6999969482421875
2017-04-21,191.25,191.75,185.60000610351562,187.25,6017993.0,4,21,4,9217.9501953125,6.149993896484375
2017-04-24,188.0,195.14999389648438,185.1999969482422,192.5,6548580.0,0,24,4,9306.599609375,9.949996948242188
2017-04-25,195.5,196.5,192.39999389648438,194.5,5905853.0,1,25,4,9351.849609375,4.100006103515625
2017-04-26,195.0,202.1999969482422,195.0,198.8000030517578,6575488.0,2,26,4,9342.150390625,7.1999969482421875
2017-04-27,198.4499969482422,201.75,195.6999969482422,198.3000030517578,4349295.0,3,27,4,9304.0498046875,6.0500030517578125
2017-04-28,198.60000610351562,206.39999389648438,197.35000610351562,199.0,8422472.0,4,28,4,9313.7998046875,9.04998779296875
2017-05-02,200.0,201.75,194.5500030517578,195.8000030517578,4080171.0,1,2,5,9311.9501953125,7.1999969482421875
2017-05-03,196.8000030517578,199.1999969482422,192.9499969482422,193.35000610351562,4612307.0,2,3,5,9359.900390625,6.25
2017-05-04,197.0,197.5,191.0,194.0500030517578,5327061.0,3,4,5,9285.2998046875,6.5
2017-05-05,194.0,194.14999389648438,187.25,189.8000030517578,4146159.0,4,5,5,9314.0498046875,6.899993896484375
2017-05-08,190.5,193.25,187.0,191.3000030517578,5024668.0,0,8,5,9316.849609375,6.25
2017-05-09,191.5,194.6999969482422,189.5,192.4499969482422,3989306.0,1,9,5,9407.2998046875,5.1999969482421875
2017-05-10,193.0500030517578,198.89999389648438,192.89999389648438,197.5,4780618.0,2,10,5,9422.400390625,6.0
2017-05-11,198.5,200.0,194.0,194.5,4526903.0,3,11,5,9400.900390625,6.0
2017-05-12,194.5,198.5,191.5,197.14999389648438,7071552.0,4,12,5,9445.400390625,7.0
2017-05-15,198.0,202.64999389648438,196.3000030517578,201.6999969482422,5637368.0,0,15,5,9512.25,6.3499908447265625
2017-05-16,205.0,205.0,200.75,201.64999389648438,7155404.0,1,16,5,9525.75,4.25
2017-05-17,203.64999389648438,209.4499969482422,203.3000030517578,206.6999969482422,15630852.0,2,17,5,9429.4501953125,6.149993896484375
2017-05-18,206.0,209.0,188.14999389648438,191.39999389648438,21476119.0,3,18,5,9427.900390625,20.850006103515625
2017-05-19,194.0,197.6999969482422,189.3000030517578,193.5,10896952.0,4,19,5,9438.25,8.399993896484375
2017-05-22,194.5,196.9499969482422,191.0500030517578,192.14999389648438,6295893.0,0,22,5,9386.150390625,5.899993896484375
2017-05-23,192.39999389648438,195.5,184.10000610351562,193.5500030517578,8867141.0,1,23,5,9360.5498046875,11.399993896484375
2017-05-24,193.35000610351562,194.9499969482422,186.39999389648438,189.60000610351562,5439353.0,2,24,5,9509.75,8.550003051757812
2017-05-25,190.5,193.6999969482422,189.0,192.85000610351562,5977139.0,3,25,5,9595.099609375,4.6999969482421875
2017-05-26,192.64999389648438,202.89999389648438,191.8000030517578,198.85000610351562,12767707.0,4,26,5,9604.900390625,11.099990844726562
2017-05-29,198.9499969482422,202.35000610351562,195.0,195.8000030517578,4551732.0,0,29,5,9624.5498046875,7.350006103515625
2017-05-30,195.0,198.35000610351562,193.5,195.0,4165068.0,1,30,5,9621.25,4.850006103515625
2017-05-31,196.0,199.3000030517578,192.89999389648438,193.85000610351562,6461000.0,2,31,5,9616.099609375,6.4000091552734375
2017-06-01,194.5,196.0,193.10000610351562,195.4499969482422,3515147.0,3,1,6,9653.5,2.899993896484375
2017-06-02,196.5500030517578,197.5,194.0500030517578,194.75,2665134.0,4,2,6,9675.099609375,3.4499969482421875
2017-06-05,196.5,196.5,189.60000610351562,190.5,7041770.0,0,5,6,9637.150390625,6.899993896484375
2017-06-06,190.0,194.39999389648438,189.3000030517578,192.10000610351562,5549087.0,1,6,6,9663.900390625,5.0999908447265625
2017-06-07,192.39999389648438,196.25,192.0,195.39999389648438,6570678.0,2,7,6,9647.25,4.25
2017-06-08,200.0,202.39999389648438,197.25,199.0500030517578,12287394.0,3,8,6,9668.25,5.149993896484375
2017-06-09,199.85000610351562,202.64999389648438,198.3000030517578,202.0,5161130.0,4,9,6,9616.400390625,4.3499908447265625
2017-06-12,199.75,201.8000030517578,198.0,198.8000030517578,2791407.0,0,12,6,9606.900390625,3.8000030517578125
2017-06-13,199.39999389648438,201.4499969482422,197.10000610351562,197.75,4264115.0,1,13,6,9618.150390625,4.3499908447265625
2017-06-14,198.0,200.14999389648438,196.10000610351562,198.25,3710984.0,2,14,6,9578.0498046875,4.04998779296875
2017-06-15,197.8000030517578,199.0,196.0,196.85000610351562,3459648.0,3,15,6,9588.0498046875,3.0
2017-06-16,196.8000030517578,198.0,194.1999969482422,194.85000610351562,3232753.0,4,16,6,9657.5498046875,3.8000030517578125
2017-06-19,195.60000610351562,199.89999389648438,193.85000610351562,199.25,5481847.0,0,19,6,9653.5,6.04998779296875
2017-06-20,200.39999389648438,201.5,198.1999969482422,199.75,4917462.0,1,20,6,9633.599609375,3.3000030517578125
2017-06-21,199.39999389648438,203.85000610351562,197.14999389648438,200.14999389648438,5932691.0,2,21,6,9630.0,6.70001220703125
2017-06-22,200.3000030517578,203.9499969482422,196.14999389648438,197.64999389648438,5970858.0,3,22,6,9574.9501953125,7.8000030517578125
2017-06-23,197.75,198.39999389648438,192.60000610351562,195.6999969482422,4144287.0,4,23,6,9511.400390625,5.79998779296875
2017-06-27,196.8000030517578,197.64999389648438,192.5,194.0500030517578,3228380.0,1,27,6,9491.25,5.149993896484375
2017-06-28,194.25,198.5,192.8000030517578,197.5500030517578,4779335.0,2,28,6,9504.099609375,5.6999969482421875
2017-06-29,199.0,206.0,198.5500030517578,205.35000610351562,9184678.0,3,29,6,9520.900390625,7.4499969482421875
2017-06-30,205.35000610351562,208.8000030517578,202.1999969482422,203.39999389648438,6431412.0,4,30,6,9615.0,6.600006103515625
2017-07-03,203.64999389648438,206.5,203.5,205.0500030517578,4041802.0,0,3,7,9613.2998046875,3.0
2017-07-04,205.89999389648438,209.3000030517578,205.10000610351562,208.35000610351562,5697836.0,1,4,7,9637.599609375,4.1999969482421875
2017-07-05,209.25,212.9499969482422,208.0,212.3000030517578,6906867.0,2,5,7,9674.5498046875,4.9499969482421875
2017-07-06,212.6999969482422,214.14999389648438,210.89999389648438,212.4499969482422,6685243.0,3,6,7,9665.7998046875,3.25
2017-07-07,212.0,217.0,210.35000610351562,216.10000610351562,6452705.0,4,7,7,9771.0498046875,6.649993896484375
2017-07-10,216.5,220.5500030517578,216.0,218.0500030517578,1192167.0,0,10,7,9786.0498046875,4.5500030517578125
2017-07-11,219.89999389648438,219.89999389648438,213.0500030517578,213.60000610351562,3660000.0,1,11,7,9816.099609375,6.8499908447265625
2017-07-12,214.0500030517578,215.10000610351562,210.5,213.89999389648438,4864490.0,2,12,7,9891.7001953125,4.600006103515625
2017-07-13,215.0,217.0,211.64999389648438,213.4499969482422,2485968.0,3,13,7,9886.349609375,5.350006103515625
2017-07-14,213.5500030517578,216.1999969482422,212.10000610351562,215.14999389648438,3484855.0,4,14,7,9915.9501953125,4.0999908447265625
2017-07-17,216.39999389648438,218.5500030517578,215.5500030517578,218.0500030517578,3303597.0,0,17,7,9827.150390625,3.0
2017-07-18,217.4499969482422,219.6999969482422,214.0,216.14999389648438,3631182.0,1,18,7,9899.599609375,5.6999969482421875
2017-07-19,216.5,220.25,215.9499969482422,219.64999389648438,3115273.0,2,19,7,9873.2998046875,4.3000030517578125
2017-07-20,219.64999389648438,220.3000030517578,214.0,214.60000610351562,3219939.0,3,20,7,9915.25,6.3000030517578125
2017-07-21,215.5500030517578,216.14999389648438,212.0,214.75,4633423.0,4,21,7,9966.400390625,4.149993896484375
2017-07-24,214.0,217.5,212.0,213.75,2889831.0,0,24,7,9964.5498046875,5.5
2017-07-25,213.6999969482422,215.85000610351562,213.0,215.10000610351562,2231494.0,1,25,7,10020.650390625,2.850006103515625
2017-07-26,216.0,221.9499969482422,215.60000610351562,219.14999389648438,4579840.0,2,26,7,10020.5498046875,6.3499908447265625
2017-07-27,218.10000610351562,220.60000610351562,212.0,214.8000030517578,10574422.0,3,27,7,10014.5,8.600006103515625
2017-07-28,212.39999389648438,216.6999969482422,211.0,215.8000030517578,2601142.0,4,28,7,10077.099609375,5.6999969482421875
2017-07-31,216.8000030517578,221.89999389648438,215.8000030517578,221.25,5160277.0,0,31,7,10114.650390625,6.0999908447265625
2017-08-01,222.10000610351562,225.35000610351562,220.1999969482422,223.14999389648438,5408688.0,1,1,8,10081.5,5.1500091552734375
2017-08-02,223.89999389648438,223.89999389648438,215.1999969482422,219.75,7699742.0,2,2,8,10013.650390625,8.699996948242188
2017-08-03,219.75,225.0,216.10000610351562,223.35000610351562,6614853.0,3,3,8,10066.400390625,8.899993896484375
2017-08-04,222.0,229.0500030517578,222.0,228.25,5030815.0,4,4,8,10057.400390625,7.0500030517578125
2017-08-07,228.60000610351562,232.0,227.85000610351562,229.0500030517578,3218107.0,0,7,8,9978.5498046875,4.149993896484375
2017-08-08,229.35000610351562,232.9499969482422,225.0500030517578,230.85000610351562,4253146.0,1,8,8,9908.0498046875,7.899993896484375
2017-08-09,230.8000030517578,233.5,228.1999969482422,230.4499969482422,3591242.0,2,9,8,9820.25,5.3000030517578125
2017-08-10,229.0,229.4499969482422,218.4499969482422,222.75,5725478.0,3,10,8,9710.7998046875,11.0
2017-08-11,220.0,226.14999389648438,217.5500030517578,223.5,4613140.0,4,11,8,9794.150390625,8.599990844726562
2017-08-14,225.85000610351562,234.39999389648438,225.5500030517578,232.35000610351562,3508678.0,0,14,8,9897.2998046875,8.849990844726562
2017-08-16,233.3000030517578,238.85000610351562,231.1999969482422,237.75,4106721.0,2,16,8,9904.150390625,7.6500091552734375
2017-08-17,237.0,239.3000030517578,233.4499969482422,234.60000610351562,2586445.0,3,17,8,9837.400390625,5.850006103515625
2017-08-18,233.1999969482422,238.5,232.0,237.0500030517578,3477346.0,4,18,8,9754.349609375,6.5
2017-08-21,238.25,242.6999969482422,232.0,233.6999969482422,3182064.0,0,21,8,9765.5498046875,10.699996948242188
2017-08-22,236.0,237.35000610351562,228.25,231.9499969482422,4446520.0,1,22,8,9852.5,9.100006103515625
2017-08-23,233.39999389648438,240.39999389648438,230.6999969482422,239.75,4271359.0,2,23,8,9857.0498046875,9.699996948242188
2017-08-24,239.10000610351562,248.3000030517578,238.5500030517578,246.0500030517578,4460587.0,3,24,8,9912.7998046875,9.75
2017-08-28,246.0,247.6999969482422,243.0,244.5,3526749.0,0,28,8,9796.0498046875,4.6999969482421875
2017-08-29,245.0,249.1999969482422,242.14999389648438,246.89999389648438,3793852.0,1,29,8,9884.400390625,7.0500030517578125
2017-08-30,249.89999389648438,260.0,248.5,259.04998779296875,6400191.0,2,30,8,9917.900390625,11.5
2017-08-31,259.20001220703125,260.29998779296875,253.14999389648438,254.39999389648438,7429622.0,3,31,8,9974.400390625,7.149993896484375
2017-09-01,255.5,259.8999938964844,252.39999389648438,256.6499938964844,4090265.0,4,1,9,9912.849609375,7.5
2017-09-04,257.3500061035156,257.8999938964844,248.8000030517578,254.8000030517578,2406774.0,0,4,9,9952.2001953125,9.099990844726562
2017-09-05,255.14999389648438,258.0,253.6999969482422,256.25,2047693.0,1,5,9,9916.2001953125,4.3000030517578125
2017-09-06,255.0,264.25,253.25,263.1000061035156,5586361.0,2,6,9,9929.900390625,11.0
2017-09-07,263.70001220703125,266.8999938964844,261.29998779296875,264.1000061035156,4400492.0,3,7,9,9934.7998046875,5.600006103515625
2017-09-08,263.0,270.1000061035156,261.6000061035156,263.45001220703125,6474499.0,4,8,9,10006.0498046875,8.5
2017-09-11,263.45001220703125,268.6499938964844,263.45001220703125,265.8999938964844,3388131.0,0,11,9,10093.0498046875,5.199981689453125
2017-09-12,266.8999938964844,271.70001220703125,266.6499938964844,269.70001220703125,3850430.0,1,12,9,10079.2998046875,5.050018310546875
2017-09-13,269.70001220703125,271.79998779296875,263.04998779296875,264.1499938964844,3488892.0,2,13,9,10086.599609375,8.75
2017-09-14,265.0,269.0,262.6499938964844,265.70001220703125,3046811.0,3,14,9,10085.400390625,6.350006103515625
2017-09-15,264.79998779296875,269.1499938964844,260.5,267.54998779296875,7157745.0,4,15,9,10153.099609375,8.649993896484375
2017-09-18,268.1499938964844,268.1499938964844,261.3999938964844,262.54998779296875,3405906.0,0,18,9,10147.5498046875,6.75
2017-09-19,262.0,265.79998779296875,261.1000061035156,261.6499938964844,3736290.0,1,19,9,10141.150390625,4.699981689453125
2017-09-20,262.0,264.8500061035156,258.20001220703125,259.1499938964844,4209554.0,2,20,9,10121.900390625,6.649993896484375
2017-09-21,258.6000061035156,260.6000061035156,251.89999389648438,254.5,3827420.0,3,21,9,9964.400390625,8.70001220703125
2017-09-22,253.5500030517578,256.20001220703125,246.0500030517578,246.9499969482422,4786338.0,4,22,9,9872.599609375,10.150009155273438
2017-09-25,246.0,247.10000610351562,229.5,236.85000610351562,8013361.0,0,25,9,9871.5,17.600006103515625
2017-09-26,237.25,245.4499969482422,235.35000610351562,242.35000610351562,4724429.0,1,26,9,9735.75,10.099990844726562
2017-09-27,245.6999969482422,245.8000030517578,234.3000030517578,236.64999389648438,4227130.0,2,27,9,9768.9501953125,11.5
2017-09-28,238.0,241.0,233.10000610351562,238.89999389648438,4241681.0,3,28,9,9788.599609375,7.899993896484375
2017-09-29,241.0,249.85000610351562,240.85000610351562,248.4499969482422,4037110.0,4,29,9,9859.5,9.0
2017-10-03,252.0,253.6999969482422,244.25,249.9499969482422,3190108.0,1,3,10,9914.900390625,9.449996948242188
2017-10-04,247.0,250.39999389648438,246.0,248.25,2911505.0,2,4,10,9888.7001953125,4.399993896484375
2017-10-05,250.10000610351562,251.8000030517578,247.6999969482422,249.0500030517578,1613225.0,3,5,10,9979.7001953125,4.100006103515625
2017-10-06,249.0,258.54998779296875,248.9499969482422,257.70001220703125,3541234.0,4,6,10,9988.75,9.599990844726562
2017-10-09,257.3999938964844,260.45001220703125,253.10000610351562,257.3999938964844,2708053.0,0,9,10,10016.9501953125,7.350006103515625
2017-10-10,261.04998779296875,264.04998779296875,256.6499938964844,259.95001220703125,3075575.0,1,10,10,9984.7998046875,7.399993896484375
2017-10-11,261.29998779296875,262.8500061035156,252.5,256.45001220703125,2958994.0,2,11,10,10096.400390625,10.350006103515625
2017-10-12,256.29998779296875,259.79998779296875,252.10000610351562,256.1499938964844,2653904.0,3,12,10,10167.4501953125,7.699981689453125
2017-10-13,259.6000061035156,259.6000061035156,252.60000610351562,254.0500030517578,2598847.0,4,13,10,10230.849609375,7.0
2017-10-16,255.89999389648438,261.95001220703125,255.4499969482422,260.3999938964844,3726642.0,0,16,10,10234.4501953125,6.5000152587890625
2017-10-17,261.0,262.8500061035156,258.20001220703125,260.25,3326442.0,1,17,10,10210.849609375,4.649993896484375
2017-10-18,262.95001220703125,262.95001220703125,257.6499938964844,258.75,3020838.0,2,18,10,10146.5498046875,5.300018310546875
2017-10-19,259.0,259.45001220703125,251.39999389648438,253.6999969482422,934388.0,3,19,10,10184.849609375,8.050018310546875
2017-10-23,254.60000610351562,261.45001220703125,253.35000610351562,260.3999938964844,3983111.0,0,23,10,10207.7001953125,8.100006103515625
2017-10-24,261.0,265.3500061035156,257.8999938964844,259.45001220703125,3594675.0,1,24,10,10295.349609375,7.45001220703125
2017-10-25,261.95001220703125,263.0,255.5500030517578,259.6499938964844,4232416.0,2,25,10,10343.7998046875,7.4499969482421875
2017-10-26,259.6499938964844,265.0,255.0,259.95001220703125,4756796.0,3,26,10,10323.0498046875,10.0
2017-10-27,261.25,269.3500061035156,260.54998779296875,265.29998779296875,3095908.0,4,27,10,10363.650390625,8.800018310546875
2017-10-30,265.95001220703125,269.6499938964844,261.79998779296875,263.8500061035156,4390979.0,0,30,10,10335.2998046875,7.850006103515625
2017-10-31,261.8999938964844,262.5,254.75,258.45001220703125,6701163.0,1,31,10,10440.5,7.75
2017-11-01,265.0,266.8500061035156,260.95001220703125,264.75,4308393.0,2,1,11,10423.7998046875,5.899993896484375
2017-11-02,264.75,268.6499938964844,262.0,266.20001220703125,1850517.0,3,2,11,10452.5,6.649993896484375
2017-11-03,267.0,268.5,263.54998779296875,266.6000061035156,1805553.0,4,3,11,10451.7998046875,4.95001220703125
2017-11-06,264.3999938964844,272.0,262.04998779296875,268.0,2518798.0,0,6,11,10350.150390625,9.95001220703125
2017-11-07,269.04998779296875,270.6499938964844,260.5,264.04998779296875,2538762.0,1,7,11,10303.150390625,10.149993896484375
2017-11-08,265.3500061035156,266.95001220703125,260.1499938964844,262.45001220703125,2332066.0,2,8,11,10308.9501953125,6.800018310546875
2017-11-09,265.0,265.0,259.1000061035156,264.0,2293798.0,3,9,11,10321.75,5.899993896484375
2017-11-10,262.8999938964844,274.5,260.1000061035156,270.79998779296875,3062537.0,4,10,11,10224.9501953125,14.399993896484375
2017-11-13,270.79998779296875,271.95001220703125,262.04998779296875,263.8500061035156,2186042.0,0,13,11,10186.599609375,9.9000244140625
2017-11-14,263.3999938964844,267.25,263.1499938964844,266.54998779296875,1464097.0,1,14,11,10118.0498046875,4.100006103515625
2017-11-15,264.1000061035156,264.70001220703125,253.75,255.4499969482422,3199737.0,2,15,11,10214.75,10.95001220703125
2017-11-16,258.0,259.75,253.10000610351562,258.6499938964844,1768063.0,3,16,11,10283.599609375,6.649993896484375
2017-11-17,260.3500061035156,267.79998779296875,260.1000061035156,266.6000061035156,2241746.0,4,17,11,10298.75,7.699981689453125
2017-11-20,267.95001220703125,267.95001220703125,262.54998779296875,265.95001220703125,1589735.0,0,20,11,10326.900390625,5.4000244140625
2017-11-21,266.95001220703125,270.0,265.79998779296875,268.8500061035156,1814757.0,1,21,11,10342.2998046875,4.20001220703125
2017-11-22,270.20001220703125,270.29998779296875,265.0,268.54998779296875,1320466.0,2,22,11,10348.75,5.29998779296875
2017-11-23,269.29998779296875,273.29998779296875,265.54998779296875,266.8500061035156,2649055.0,3,23,11,10389.7001953125,7.75
2017-11-24,267.8999938964844,267.8999938964844,263.29998779296875,265.20001220703125,1325725.0,4,24,11,10399.5498046875,4.600006103515625
2017-11-27,263.5,265.3999938964844,258.29998779296875,258.8999938964844,3340622.0,0,27,11,10370.25,7.100006103515625
2017-11-28,259.0,261.29998779296875,254.5,255.64999389648438,3948068.0,1,28,11,10361.2998046875,6.79998779296875
2017-11-29,256.5,257.95001220703125,254.5,255.25,1852596.0,2,29,11,10226.5498046875,3.45001220703125
2017-11-30,254.3000030517578,257.3500061035156,254.0,254.85000610351562,4677214.0,3,30,11,10121.7998046875,3.350006103515625
2017-12-01,257.70001220703125,257.70001220703125,249.0,252.0500030517578,3410360.0,4,1,12,10127.75,8.70001220703125
2017-12-04,253.5,254.4499969482422,249.60000610351562,251.85000610351562,1309523.0,0,4,12,10118.25,4.8499908447265625
2017-12-05,250.8000030517578,251.35000610351562,244.5,247.6999969482422,2253438.0,1,5,12,10044.099609375,6.850006103515625
2017-12-06,246.0,246.85000610351562,241.14999389648438,242.14999389648438,3872984.0,2,6,12,10166.7001953125,5.70001220703125
2017-12-07,243.0,252.0,242.8000030517578,250.85000610351562,1934627.0,3,7,12,10265.650390625,9.199996948242188
2017-12-08,252.5,257.3500061035156,249.1999969482422,252.4499969482422,2869536.0,4,8,12,10322.25,8.150009155273438
2017-12-11,253.39999389648438,253.5,248.64999389648438,251.5,2248099.0,0,11,12,10240.150390625,4.850006103515625
2017-12-12,250.9499969482422,254.85000610351562,249.0,249.9499969482422,2208589.0,1,12,12,10192.9501953125,5.850006103515625
2017-12-13,252.0,253.1999969482422,240.10000610351562,244.0,2393737.0,2,13,12,10252.099609375,13.099990844726562
2017-12-14,245.0,247.8000030517578,237.60000610351562,242.4499969482422,3263839.0,3,14,12,10333.25,10.199996948242188
2017-12-15,248.0,252.35000610351562,247.14999389648438,250.89999389648438,3492426.0,4,15,12,10388.75,5.20001220703125
2017-12-18,248.0,258.70001220703125,243.39999389648438,253.9499969482422,2938065.0,0,18,12,10463.2001953125,15.300018310546875
2017-12-19,254.25,259.0,253.0,256.3999938964844,2145809.0,1,19,12,10444.2001953125,6.0
2017-12-20,259.20001220703125,264.5,256.6499938964844,262.1000061035156,2462944.0,2,20,12,10440.2998046875,7.850006103515625
2017-12-21,262.25,266.0,261.1000061035156,265.29998779296875,1328407.0,3,21,12,10493.0,4.899993896484375
2017-12-22,265.5,266.5,262.75,264.5,1765864.0,4,22,12,10531.5,3.75
2017-12-26,264.0,268.6000061035156,264.0,267.3999938964844,2428477.0,1,26,12,10490.75,4.600006103515625
2017-12-27,266.8999938964844,269.3999938964844,263.3999938964844,265.45001220703125,1503466.0,2,27,12,10477.900390625,6.0
2017-12-28,266.70001220703125,275.6000061035156,266.1499938964844,271.29998779296875,4716301.0,3,28,12,10530.7001953125,9.45001220703125
2018-01-01,269.5,271.70001220703125,264.3500061035156,265.79998779296875,1261616.0,0,1,1,10442.2001953125,7.350006103515625
2018-01-02,267.0,268.0,261.70001220703125,264.54998779296875,2277139.0,1,2,1,10443.2001953125,6.29998779296875
2018-01-03,267.8500061035156,272.25,266.3500061035156,268.70001220703125,3279293.0,2,3,1,10504.7998046875,5.899993896484375
2018-01-04,270.75,281.8999938964844,269.5,277.1499938964844,6281682.0,3,4,1,10558.849609375,12.399993896484375
2018-01-05,279.25,289.8999938964844,278.6499938964844,285.1000061035156,8325201.0,4,5,1,10623.599609375,11.25
2018-01-08,286.1000061035156,289.5,283.1000061035156,286.0,2686737.0,0,8,1,10637.0,6.399993896484375
2018-01-09,286.25,289.5,281.0,284.0,2281715.0,1,9,1,10632.2001953125,8.5
2018-01-10,283.20001220703125,285.0,278.45001220703125,282.79998779296875,2748652.0,2,10,1,10651.2001953125,6.54998779296875
2018-01-11,283.70001220703125,285.75,282.0,282.54998779296875,1757575.0,3,11,1,10681.25,3.75
2018-01-12,283.1000061035156,289.75,282.75,286.79998779296875,5118636.0,4,12,1,10741.5498046875,7.0
2018-01-15,287.6000061035156,292.8999938964844,283.75,285.0,3602106.0,0,15,1,10700.4501953125,9.149993896484375
2018-01-16,286.3999938964844,287.3999938964844,276.29998779296875,281.20001220703125,3107547.0,1,16,1,10788.5498046875,11.100006103515625
2018-01-17,282.1000061035156,287.0,279.5,285.04998779296875,3574084.0,2,17,1,10817.0,7.5
2018-01-18,285.79998779296875,289.0,275.3500061035156,279.79998779296875,8128594.0,3,18,1,10894.7001953125,13.649993896484375
2018-01-19,281.1000061035156,283.1000061035156,273.04998779296875,282.1000061035156,3291487.0,4,19,1,10966.2001953125,10.050018310546875
2018-01-22,283.0,283.5,276.6000061035156,278.6499938964844,2143377.0,0,22,1,11083.7001953125,6.899993896484375
2018-01-23,279.3500061035156,299.29998779296875,277.04998779296875,294.04998779296875,8672380.0,1,23,1,11086.0,22.25
2018-01-24,292.3500061035156,296.0,287.04998779296875,288.6499938964844,4037279.0,2,24,1,11069.650390625,8.95001220703125
2018-01-25,292.3500061035156,297.0,288.1000061035156,290.79998779296875,7330584.0,3,25,1,11130.400390625,8.899993896484375
2018-01-29,291.0,300.45001220703125,291.0,293.45001220703125,4673841.0,0,29,1,11049.650390625,9.45001220703125
2018-01-30,292.8999938964844,292.8999938964844,287.75,289.1000061035156,2152791.0,1,30,1,11027.7001953125,5.149993896484375
2018-01-31,289.0,294.0,281.1000061035156,289.95001220703125,6604621.0,2,31,1,11016.900390625,12.899993896484375
2018-02-01,296.0,306.79998779296875,285.3999938964844,302.6499938964844,8031105.0,3,1,2,10760.599609375,21.399993896484375
2018-02-02,298.75,314.3500061035156,293.25,299.0,12354843.0,4,2,2,10666.5498046875,21.100006103515625
2018-02-05,295.0,299.95001220703125,282.8500061035156,291.25,6863987.0,0,5,2,10498.25,17.100006103515625
2018-02-06,278.8500061035156,289.29998779296875,265.6000061035156,283.20001220703125,8006195.0,1,6,2,10476.7001953125,23.699981689453125
2018-02-07,287.8999938964844,294.3999938964844,284.3500061035156,290.0,9691897.0,2,7,2,10576.849609375,10.04998779296875
2018-02-08,290.0,308.3999938964844,290.0,304.20001220703125,8028713.0,3,8,2,10454.9501953125,18.399993896484375
2018-02-09,295.75,311.8500061035156,295.1499938964844,309.3500061035156,6726146.0,4,9,2,10539.75,16.70001220703125
2018-02-12,312.0,315.70001220703125,309.25,310.75,4120075.0,0,12,2,10500.900390625,6.45001220703125
2018-02-14,313.79998779296875,314.45001220703125,308.1499938964844,309.54998779296875,3992497.0,2,14,2,10545.5,6.300018310546875
2018-02-15,311.25,314.25,305.54998779296875,307.79998779296875,3695342.0,3,15,2,10452.2998046875,8.70001220703125
2018-02-16,310.1000061035156,313.75,306.3500061035156,312.3999938964844,5742059.0,4,16,2,10378.400390625,7.399993896484375
2018-02-19,313.79998779296875,313.79998779296875,293.04998779296875,302.70001220703125,6238413.0,0,19,2,10360.400390625,20.75
2018-02-20,303.20001220703125,309.45001220703125,300.5,305.6000061035156,4940505.0,1,20,2,10397.4501953125,8.95001220703125
2018-02-21,307.20001220703125,308.1499938964844,295.0,298.29998779296875,5947856.0,2,21,2,10382.7001953125,13.149993896484375
2018-02-22,299.29998779296875,301.75,295.0,297.70001220703125,11882391.0,3,22,2,10491.0498046875,6.75
2018-02-23,299.0,307.79998779296875,298.54998779296875,306.95001220703125,4641724.0,4,23,2,10582.599609375,9.25
2018-02-26,310.75,316.8999938964844,308.45001220703125,316.1000061035156,5314911.0,0,26,2,10554.2998046875,8.449981689453125
2018-02-27,319.0,320.45001220703125,314.25,318.1000061035156,6081243.0,1,27,2,10492.849609375,6.20001220703125
2018-02-28,313.29998779296875,315.5,310.3500061035156,312.20001220703125,6391843.0,2,28,2,10458.349609375,5.149993896484375
2018-03-01,315.0,317.79998779296875,303.0,305.5,6417443.0,3,1,3,10358.849609375,14.79998779296875
2018-03-05,299.3999938964844,300.1000061035156,289.0,291.6499938964844,9282086.0,0,5,3,10249.25,11.100006103515625
2018-03-06,298.70001220703125,301.8999938964844,292.1000061035156,293.5,9755916.0,1,6,3,10154.2001953125,9.79998779296875
2018-03-07,293.0,293.79998779296875,286.1499938964844,289.5,7208335.0,2,7,3,10242.650390625,7.649993896484375
2018-03-08,294.0,296.29998779296875,284.20001220703125,289.25,5748695.0,3,8,3,10226.849609375,12.0999755859375
2018-03-09,291.0,294.20001220703125,284.70001220703125,291.95001220703125,8084115.0,4,9,3,10421.400390625,9.5
2018-03-12,295.20001220703125,299.8999938964844,291.79998779296875,297.8500061035156,4186325.0,0,12,3,10426.849609375,8.100006103515625
2018-03-13,298.79998779296875,304.6000061035156,295.79998779296875,303.5,4161207.0,1,13,3,10410.900390625,8.800018310546875
2018-03-14,300.20001220703125,303.79998779296875,298.20001220703125,300.45001220703125,3032723.0,2,14,3,10360.150390625,5.5999755859375
2018-03-15,299.79998779296875,300.95001220703125,294.1000061035156,295.1499938964844,3721114.0,3,15,3,10195.150390625,6.850006103515625
2018-03-16,295.0,295.0,288.79998779296875,290.25,7106321.0,4,16,3,10094.25,6.20001220703125
2018-03-19,290.25,290.25,280.04998779296875,283.6000061035156,3716523.0,0,19,3,10124.349609375,10.20001220703125
2018-03-20,280.1000061035156,288.75,279.6499938964844,285.5,5586853.0,1,20,3,10155.25,9.100006103515625
2018-03-21,288.75,291.29998779296875,285.25,288.3999938964844,3943743.0,2,21,3,10114.75,6.04998779296875
2018-03-22,288.0,290.8999938964844,284.8500061035156,286.0,3731255.0,3,22,3,9998.0498046875,6.04998779296875
2018-03-23,279.8999938964844,288.1000061035156,276.3500061035156,286.0,6571245.0,4,23,3,10130.650390625,11.75
2018-03-26,286.0,296.0,285.0,293.8999938964844,3302313.0,0,26,3,10184.150390625,11.0
2018-03-27,299.45001220703125,300.0,295.1000061035156,298.8500061035156,4209223.0,1,27,3,10113.7001953125,4.899993896484375
2018-03-28,296.8999938964844,298.20001220703125,286.3999938964844,288.1499938964844,5122171.0,2,28,3,10211.7998046875,11.800018310546875
2018-04-02,290.0,297.45001220703125,288.25,296.54998779296875,2582307.0,0,2,4,10245.0,9.20001220703125
2018-04-03,294.95001220703125,304.54998779296875,292.29998779296875,303.04998779296875,5214588.0,1,3,4,10128.400390625,12.25
2018-04-04,304.5,307.25,293.6499938964844,295.8500061035156,5561514.0,2,4,4,10325.150390625,13.600006103515625
2018-04-05,301.04998779296875,309.3500061035156,300.6000061035156,308.3999938964844,4210195.0,3,5,4,10331.599609375,8.75
2018-04-06,305.5,309.29998779296875,304.5,308.20001220703125,2787944.0,4,6,4,10379.349609375,4.79998779296875
2018-04-09,308.0,313.0,306.70001220703125,309.3999938964844,3191991.0,0,9,4,10402.25,6.29998779296875
2018-04-10,312.8999938964844,314.75,307.04998779296875,311.3500061035156,3478934.0,1,10,4,10417.150390625,7.70001220703125
2018-04-11,315.95001220703125,318.3999938964844,310.54998779296875,312.20001220703125,6847386.0,2,11,4,10458.650390625,7.850006103515625
2018-04-12,312.0,312.8500061035156,306.75,308.25,2993563.0,3,12,4,10480.599609375,6.100006103515625
2018-04-13,309.5,312.29998779296875,305.5,308.5,4046812.0,4,13,4,10528.349609375,6.79998779296875
2018-04-16,307.3999938964844,310.0,306.0,308.8999938964844,2741849.0,0,16,4,10548.7001953125,4.0
2018-04-17,309.5,311.29998779296875,307.20001220703125,309.1499938964844,2788017.0,1,17,4,10526.2001953125,4.0999755859375
2018-04-18,307.0,312.0,307.0,309.95001220703125,3234140.0,2,18,4,10565.2998046875,5.0
2018-04-19,311.25,327.79998779296875,311.25,322.8500061035156,8395329.0,3,19,4,10564.0498046875,16.54998779296875
2018-04-20,318.8500061035156,326.20001220703125,317.8999938964844,322.8500061035156,5243673.0,4,20,4,10584.7001953125,8.300018310546875
2018-04-23,321.95001220703125,327.45001220703125,319.5,321.79998779296875,3113729.0,0,23,4,10614.349609375,7.95001220703125
2018-04-24,317.5,326.0,316.3500061035156,324.75,4078872.0,1,24,4,10570.5498046875,9.649993896484375
2018-04-25,325.0,326.79998779296875,319.79998779296875,321.70001220703125,3081536.0,2,25,4,10617.7998046875,7.0
2018-04-26,321.5,330.3999938964844,321.25,327.70001220703125,4602880.0,3,26,4,10692.2998046875,9.149993896484375
2018-04-27,328.0,330.3500061035156,325.3999938964844,327.6000061035156,2704711.0,4,27,4,10739.349609375,4.95001220703125
2018-04-30,323.54998779296875,331.20001220703125,323.3500061035156,325.0,2847539.0,0,30,4,10718.0498046875,7.850006103515625
2018-05-02,327.79998779296875,327.79998779296875,314.04998779296875,315.1499938964844,2136023.0,2,2,5,10679.650390625,13.75
2018-05-03,315.8999938964844,320.1499938964844,310.5,319.29998779296875,5122999.0,3,3,5,10618.25,9.649993896484375
2018-05-04,318.5,319.3999938964844,314.70001220703125,317.3999938964844,3147597.0,4,4,5,10715.5,4.699981689453125
2018-05-07,319.95001220703125,327.1000061035156,316.5,325.79998779296875,3285970.0,0,7,5,10717.7998046875,10.600006103515625
2018-05-08,326.70001220703125,328.45001220703125,322.79998779296875,324.04998779296875,2779564.0,1,8,5,10741.7001953125,5.6500244140625
2018-05-09,325.0,326.8999938964844,320.6499938964844,321.75,2987922.0,2,9,5,10716.5498046875,6.25
2018-05-10,323.0,324.95001220703125,318.1000061035156,319.54998779296875,3185014.0,3,10,5,10806.5,6.850006103515625
2018-05-11,320.6000061035156,325.25,319.5,323.75,2208433.0,4,11,5,10806.599609375,5.75
2018-05-14,323.70001220703125,331.45001220703125,321.20001220703125,329.04998779296875,3103900.0,0,14,5,10801.849609375,10.25
2018-05-15,329.5,342.75,327.6000061035156,334.54998779296875,6620191.0,1,15,5,10741.099609375,15.149993896484375
2018-05-16,333.79998779296875,340.0,329.8999938964844,336.6000061035156,5178318.0,2,16,5,10682.7001953125,10.100006103515625
2018-05-17,341.0,341.0,328.1000061035156,332.0,9191526.0,3,17,5,10596.400390625,12.899993896484375
2018-05-18,332.8999938964844,335.75,318.1000061035156,319.45001220703125,4676411.0,4,18,5,10516.7001953125,17.649993896484375
2018-05-21,318.70001220703125,323.45001220703125,307.6499938964844,309.25,5132127.0,0,21,5,10536.7001953125,15.800018310546875
2018-05-22,309.0,320.75,308.75,318.3999938964844,4072023.0,1,22,5,10430.349609375,12.0
2018-05-23,318.8999938964844,322.8999938964844,308.1000061035156,310.0,6090049.0,2,23,5,10513.849609375,14.79998779296875
2018-05-24,313.95001220703125,315.54998779296875,307.3999938964844,314.1499938964844,3276382.0,3,24,5,10605.150390625,8.149993896484375
2018-05-25,315.0,327.5,314.0,326.04998779296875,5183676.0,4,25,5,10688.650390625,13.5
2018-05-28,326.5,330.0,324.25,327.1000061035156,2162396.0,0,28,5,10633.2998046875,5.75
2018-05-29,326.8999938964844,332.45001220703125,323.3500061035156,331.75,4898604.0,1,29,5,10614.349609375,9.100006103515625
2018-05-30,328.79998779296875,333.8999938964844,328.04998779296875,332.54998779296875,3841174.0,2,30,5,10736.150390625,5.850006103515625
2018-05-31,332.0,337.20001220703125,329.6000061035156,331.8999938964844,6771065.0,3,31,5,10696.2001953125,7.600006103515625
2018-06-01,332.1000061035156,337.6000061035156,327.6499938964844,331.8999938964844,5033181.0,4,1,6,10628.5,9.95001220703125
2018-06-04,332.0,334.75,330.0,331.8500061035156,2301143.0,0,4,6,10593.150390625,4.75
2018-06-05,333.1000061035156,333.6000061035156,325.5,329.1000061035156,2804584.0,1,5,6,10684.650390625,8.100006103515625
2018-06-06,329.0,339.1000061035156,328.04998779296875,338.0,3148197.0,2,6,6,10768.349609375,11.050018310546875
2018-06-07,339.6000061035156,346.5,339.5,343.5,3295739.0,3,7,6,10767.650390625,7.0
2018-06-08,343.29998779296875,344.29998779296875,339.0,343.25,2138252.0,4,8,6,10786.9501953125,5.29998779296875
2018-06-11,343.75,345.8999938964844,340.3500061035156,340.95001220703125,1886702.0,0,11,6,10842.849609375,5.54998779296875
2018-06-12,341.3999938964844,345.5,338.5,341.3500061035156,4463946.0,1,12,6,10856.7001953125,7.0
2018-06-13,342.0,345.5,339.1000061035156,343.0,3827972.0,2,13,6,10808.0498046875,6.399993896484375
2018-06-14,342.0,343.8500061035156,336.79998779296875,339.04998779296875,2262462.0,3,14,6,10817.7001953125,7.050018310546875
2018-06-15,336.1000061035156,341.54998779296875,331.6499938964844,332.54998779296875,4407383.0,4,15,6,10799.849609375,9.899993896484375
2018-06-18,331.79998779296875,331.95001220703125,322.1499938964844,327.1499938964844,3093377.0,0,18,6,10710.4501953125,9.800018310546875
2018-06-19,325.25,331.3500061035156,323.0,327.5,3902633.0,1,19,6,10772.0498046875,8.350006103515625
2018-06-20,326.04998779296875,336.1499938964844,326.04998779296875,335.1499938964844,4389564.0,2,20,6,10741.099609375,10.100006103515625
2018-06-21,337.0,337.45001220703125,331.54998779296875,332.8500061035156,3111133.0,3,21,6,10821.849609375,5.9000244140625
2018-06-22,332.3999938964844,338.3500061035156,331.8500061035156,336.95001220703125,3641907.0,4,22,6,10762.4501953125,6.5
2018-06-25,336.8500061035156,338.45001220703125,330.0,332.1000061035156,2725937.0,0,25,6,10769.150390625,8.45001220703125
2018-06-26,329.6499938964844,330.20001220703125,321.54998779296875,322.8500061035156,3431872.0,1,26,6,10671.400390625,8.6500244140625
2018-06-27,324.45001220703125,324.5,316.79998779296875,318.29998779296875,3615558.0,2,27,6,10589.099609375,7.70001220703125
2018-06-28,317.79998779296875,324.3999938964844,313.8999938964844,322.3999938964844,4474045.0,3,28,6,10714.2998046875,10.5
2018-06-29,325.0,328.29998779296875,322.75,326.79998779296875,4176390.0,4,29,6,10657.2998046875,5.54998779296875
2018-07-02,327.0,328.75,311.5,313.3999938964844,3579844.0,0,2,7,10699.900390625,17.25
2018-07-03,313.3999938964844,314.79998779296875,306.0,311.70001220703125,5355915.0,1,3,7,10769.900390625,8.79998779296875
2018-07-04,312.5,315.29998779296875,308.5,312.1499938964844,3838343.0,2,4,7,10749.75,6.79998779296875
2018-07-05,312.0,313.0,308.0,310.45001220703125,4048889.0,3,5,7,10772.650390625,5.0
2018-07-06,307.0,312.8999938964844,300.70001220703125,308.54998779296875,5087790.0,4,6,7,10852.900390625,12.199981689453125
2018-07-09,312.0,314.25,310.1000061035156,312.79998779296875,1833981.0,0,9,7,10947.25,4.149993896484375
2018-07-10,312.0,318.20001220703125,312.0,317.45001220703125,4072677.0,1,10,7,10948.2998046875,6.20001220703125
2018-07-11,316.3500061035156,316.3500061035156,310.5,313.3500061035156,4560851.0,2,11,7,11023.2001953125,5.850006103515625
2018-07-12,314.8999938964844,320.70001220703125,312.70001220703125,317.1000061035156,3468456.0,3,12,7,11018.900390625,8.0
2018-07-13,318.0,320.20001220703125,314.25,316.25,3079114.0,4,13,7,10936.849609375,5.95001220703125
2018-07-16,316.20001220703125,318.5,306.5,307.6499938964844,2316253.0,0,16,7,11008.0498046875,12.0
2018-07-17,305.0,309.6000061035156,302.20001220703125,307.3999938964844,4813085.0,1,17,7,10980.4501953125,7.399993896484375
2018-07-18,309.70001220703125,310.6499938964844,293.54998779296875,296.20001220703125,4530592.0,2,18,7,10957.099609375,17.100006103515625
2018-07-19,297.0,310.25,294.5,303.6000061035156,6510032.0,3,19,7,11010.2001953125,15.75
2018-07-20,304.5,307.25,299.6000061035156,304.1499938964844,4643889.0,4,20,7,11084.75,7.649993896484375
2018-07-23,306.0,307.8500061035156,300.0,306.6499938964844,3849111.0,0,23,7,11134.2998046875,7.850006103515625
2018-07-24,307.0,319.95001220703125,305.04998779296875,318.25,4677454.0,1,24,7,11132.0,14.9000244140625
2018-07-25,322.0,327.3999938964844,310.6000061035156,317.1000061035156,8497446.0,2,25,7,11167.2998046875,16.79998779296875
2018-07-26,316.79998779296875,319.70001220703125,309.0,312.29998779296875,6607347.0,3,26,7,11278.349609375,10.70001220703125
2018-07-27,314.1000061035156,326.1000061035156,314.0,323.25,6865156.0,4,27,7,11319.5498046875,12.100006103515625
2018-07-30,323.25,328.8999938964844,320.8500061035156,327.8500061035156,4368955.0,0,30,7,11356.5,8.04998779296875
2018-07-31,325.54998779296875,332.8500061035156,325.0,330.3999938964844,4863789.0,1,31,7,11346.2001953125,7.850006103515625
2018-08-01,330.95001220703125,332.29998779296875,324.6000061035156,327.54998779296875,3557767.0,2,1,8,11244.7001953125,7.699981689453125
2018-08-02,326.0,334.8500061035156,321.8500061035156,332.04998779296875,4410584.0,3,2,8,11360.7998046875,13.0
2018-08-03,332.8999938964844,338.29998779296875,332.5,337.29998779296875,4714939.0,4,3,8,11387.099609375,5.79998779296875
2018-08-06,338.5,341.5,335.79998779296875,336.95001220703125,2536638.0,0,6,8,11389.4501953125,5.70001220703125
2018-08-07,338.0,342.6000061035156,335.5,340.5,4702600.0,1,7,8,11450.0,7.100006103515625
2018-08-08,342.3500061035156,345.0,339.54998779296875,342.75,3791524.0,2,8,8,11470.7001953125,5.45001220703125
2018-08-09,343.20001220703125,345.5,341.04998779296875,342.95001220703125,3272046.0,3,9,8,11429.5,4.45001220703125
2018-08-10,342.6000061035156,344.5,337.3999938964844,339.8999938964844,3088207.0,4,10,8,11355.75,7.100006103515625
2018-08-13,336.95001220703125,346.3500061035156,335.95001220703125,342.1000061035156,3893115.0,0,13,8,11435.099609375,10.399993896484375
2018-08-14,342.54998779296875,351.0,338.20001220703125,341.1000061035156,6297575.0,1,14,8,11385.0498046875,12.79998779296875
2018-08-16,336.0,337.1000061035156,326.8500061035156,328.1499938964844,6092650.0,3,16,8,11470.75,10.25
2018-08-17,329.8999938964844,335.79998779296875,329.8999938964844,334.0,3729105.0,4,17,8,11551.75,5.899993896484375
2018-08-20,334.1000061035156,342.25,334.0,341.54998779296875,2968742.0,0,20,8,11570.900390625,8.25
2018-08-21,343.20001220703125,344.29998779296875,338.04998779296875,341.8999938964844,2781769.0,1,21,8,11582.75,6.25
2018-08-23,342.8999938964844,343.29998779296875,336.75,339.6000061035156,3317106.0,3,23,8,11557.099609375,6.54998779296875
2018-08-24,336.04998779296875,356.5,336.04998779296875,354.79998779296875,8301916.0,4,24,8,11691.9501953125,20.45001220703125
2018-08-27,359.0,364.6499938964844,352.6499938964844,355.6000061035156,7420600.0,0,27,8,11738.5,12.0
2018-08-28,357.8500061035156,369.0,353.1000061035156,366.20001220703125,6122883.0,1,28,8,11691.900390625,15.899993896484375
2018-08-29,371.3999938964844,408.70001220703125,370.0,399.0,44445933.0,2,29,8,11676.7998046875,38.70001220703125
2018-08-30,398.0,408.79998779296875,393.1499938964844,397.8999938964844,27089981.0,3,30,8,11680.5,15.649993896484375
2018-08-31,399.0,403.29998779296875,392.6000061035156,396.3500061035156,8642458.0,4,31,8,11582.349609375,10.699981689453125
2018-09-03,399.29998779296875,402.5,393.1000061035156,397.0,5615281.0,0,3,9,11520.2998046875,9.399993896484375
2018-09-04,399.6000061035156,399.6000061035156,386.5,390.8500061035156,6611358.0,1,4,9,11476.9501953125,13.100006103515625
2018-09-05,387.0,401.75,387.0,398.3500061035156,7677886.0,2,5,9,11536.900390625,14.75
2018-09-06,404.0,404.1000061035156,396.04998779296875,398.79998779296875,5215140.0,3,6,9,11589.099609375,8.050018310546875
2018-09-07,398.75,409.8999938964844,395.0,406.6000061035156,7367573.0,4,7,9,11438.099609375,14.899993896484375
2018-09-10,411.3999938964844,414.95001220703125,399.0,401.20001220703125,8882946.0,0,10,9,11287.5,15.95001220703125
2018-09-11,403.8999938964844,403.8999938964844,392.3500061035156,395.20001220703125,7125022.0,1,11,9,11369.900390625,11.54998779296875
2018-09-12,395.1000061035156,400.8999938964844,388.04998779296875,399.75,6287959.0,2,12,9,11515.2001953125,12.850006103515625
2018-09-14,402.20001220703125,412.3500061035156,402.20001220703125,408.1000061035156,6622300.0,4,14,9,11377.75,10.149993896484375
2018-09-17,407.0,416.3999938964844,403.1499938964844,411.8500061035156,6327429.0,0,17,9,11278.900390625,13.25
2018-09-18,412.75,415.70001220703125,404.70001220703125,407.1499938964844,5226145.0,1,18,9,11234.349609375,11.0
2018-09-19,410.1000061035156,423.75,410.1000061035156,417.04998779296875,8654507.0,2,19,9,11143.099609375,13.649993896484375
2018-09-21,420.25,427.54998779296875,389.29998779296875,408.0,10218645.0,4,21,9,10967.400390625,38.25
2018-09-24,414.0,414.0,397.1000061035156,400.45001220703125,7568416.0,0,24,9,11067.4501953125,16.899993896484375
2018-09-25,398.0,407.0,389.0,403.6499938964844,6963000.0,1,25,9,11053.7998046875,18.0
2018-09-26,407.0,411.75,401.0,408.1000061035156,3317487.0,2,26,9,10977.5498046875,10.75
2018-09-27,409.8500061035156,412.5,395.79998779296875,400.29998779296875,25412558.0,3,27,9,10930.4501953125,16.70001220703125
2018-09-28,403.8500061035156,407.95001220703125,374.20001220703125,381.6499938964844,13200294.0,4,28,9,11008.2998046875,33.75
2018-10-01,375.0,386.8500061035156,371.1000061035156,380.8500061035156,8910012.0,0,1,10,10858.25,15.75
2018-10-03,380.0,387.5,376.6499938964844,383.3999938964844,7436585.0,2,3,10,10599.25,10.850006103515625
2018-10-04,377.8999938964844,386.5,373.29998779296875,377.6000061035156,7084897.0,3,4,10,10316.4501953125,13.20001220703125
2018-10-05,375.0,379.1499938964844,360.3999938964844,366.6000061035156,7170165.0,4,5,10,10348.0498046875,18.75
2018-10-08,366.0,381.79998779296875,357.1000061035156,376.25,7787200.0,0,8,10,10301.0498046875,24.699981689453125
2018-10-09,379.5,381.79998779296875,363.75,371.3999938964844,7572243.0,1,9,10,10460.099609375,18.04998779296875
2018-10-10,372.0,382.75,371.3999938964844,376.79998779296875,4070161.0,2,10,10,10234.650390625,11.350006103515625
2018-10-11,370.0,372.75,354.8500061035156,361.70001220703125,6973280.0,3,11,10,10472.5,17.899993896484375
2018-10-12,365.0,381.25,363.3500061035156,379.70001220703125,4970667.0,4,12,10,10512.5,17.899993896484375
2018-10-15,380.6499938964844,381.1000061035156,372.6000061035156,376.79998779296875,2563605.0,0,15,10,10584.75,8.5
2018-10-16,377.0,385.20001220703125,369.1000061035156,373.6000061035156,5508232.0,1,16,10,10453.0498046875,16.100006103515625
2018-10-17,376.8999938964844,378.45001220703125,359.1499938964844,361.6499938964844,4061725.0,2,17,10,10303.5498046875,19.300018310546875
2018-10-19,357.75,370.45001220703125,354.6000061035156,363.5,6479303.0,4,19,10,10245.25,15.850006103515625
2018-10-22,367.0,368.8500061035156,353.29998779296875,355.1000061035156,5271275.0,0,22,10,10146.7998046875,15.550018310546875
2018-10-23,353.79998779296875,355.8500061035156,343.25,347.5,4807256.0,1,23,10,10224.75,12.600006103515625
2018-10-24,351.04998779296875,354.1499938964844,345.54998779296875,351.95001220703125,3260414.0,2,24,10,10124.900390625,8.600006103515625
2018-10-25,349.0,355.20001220703125,343.5,353.3999938964844,4891650.0,3,25,10,10030.0,11.70001220703125
2018-10-26,355.79998779296875,355.95001220703125,333.04998779296875,337.45001220703125,7853276.0,4,26,10,10250.849609375,22.9000244140625
2018-10-29,338.0,341.25,329.20001220703125,340.0,4778923.0,0,29,10,10198.400390625,12.04998779296875
2018-10-30,338.29998779296875,341.79998779296875,333.6000061035156,335.79998779296875,3197919.0,1,30,10,10386.599609375,8.199981689453125
2018-10-31,336.95001220703125,341.8999938964844,326.5,339.3999938964844,4571617.0,2,31,10,10380.4501953125,15.399993896484375
2018-11-01,340.6000061035156,346.5,338.04998779296875,342.75,3486300.0,3,1,11,10553.0,8.45001220703125
2018-11-02,346.20001220703125,357.0,345.1000061035156,352.79998779296875,4287077.0,4,2,11,10524.0,11.899993896484375
2018-11-05,351.8999938964844,359.8999938964844,346.54998779296875,353.6499938964844,3683598.0,0,5,11,10530.0,13.350006103515625
2018-11-06,356.0,359.3999938964844,347.6000061035156,350.75,3180370.0,1,6,11,10598.400390625,11.79998779296875
2018-11-07,353.54998779296875,354.8500061035156,350.5,351.6499938964844,295363.0,2,7,11,10585.2001953125,4.350006103515625
2018-11-09,352.0,352.0,342.5,347.5,3642253.0,4,9,11,10482.2001953125,9.5
2018-11-12,346.45001220703125,354.3500061035156,343.04998779296875,344.54998779296875,3905755.0,0,12,11,10582.5,11.300018310546875
2018-11-13,344.0,349.0,342.3999938964844,348.1000061035156,2384372.0,1,13,11,10576.2998046875,6.600006103515625
2018-11-14,351.0,353.75,337.25,339.6000061035156,3540077.0,2,14,11,10616.7001953125,16.5
2018-11-15,340.0,345.8999938964844,338.04998779296875,344.6000061035156,3192589.0,3,15,11,10682.2001953125,7.850006103515625
2018-11-16,344.1000061035156,344.25,332.20001220703125,335.1000061035156,3306643.0,4,16,11,10763.400390625,12.04998779296875
2018-11-19,336.70001220703125,339.54998779296875,333.20001220703125,336.6499938964844,3202842.0,0,19,11,10656.2001953125,6.3499755859375
2018-11-20,334.0,334.25,327.0,328.25,3954871.0,1,20,11,10600.0498046875,7.25
2018-11-21,327.0,329.3999938964844,322.6000061035156,326.04998779296875,4004112.0,2,21,11,10526.75,6.79998779296875
2018-11-22,326.0,327.75,318.1499938964844,319.8999938964844,3648659.0,3,22,11,10628.599609375,9.600006103515625
2018-11-26,320.6499938964844,323.5,311.75,317.6000061035156,4603622.0,0,26,11,10685.599609375,11.75
2018-11-27,313.1499938964844,316.79998779296875,299.5,311.20001220703125,16785515.0,1,27,11,10728.849609375,17.29998779296875
2018-11-28,312.3999938964844,314.75,306.20001220703125,308.8500061035156,7306426.0,2,28,11,10858.7001953125,8.54998779296875
2018-11-29,312.6499938964844,319.5,308.70001220703125,317.45001220703125,6047477.0,3,29,11,10876.75,10.79998779296875
2018-11-30,318.6000061035156,322.79998779296875,313.45001220703125,314.25,5161526.0,4,30,11,10883.75,9.3499755859375
2018-12-03,320.04998779296875,325.0,313.5,314.8999938964844,6549046.0,0,3,12,10869.5,11.5
2018-12-04,314.29998779296875,318.3999938964844,311.3999938964844,313.29998779296875,4089384.0,1,4,12,10782.900390625,7.0
2018-12-05,310.0,311.0,302.25,304.3500061035156,4291892.0,2,5,12,10601.150390625,8.75
2018-12-06,299.0,307.6000061035156,294.20001220703125,305.3999938964844,7026331.0,3,6,12,10693.7001953125,13.399993896484375
2018-12-07,306.1000061035156,308.20001220703125,298.25,302.3999938964844,4667020.0,4,7,12,10488.4501953125,9.95001220703125
2018-12-10,294.5,299.70001220703125,292.3500061035156,294.1000061035156,3612157.0,0,10,12,10549.150390625,7.350006103515625
2018-12-11,287.8999938964844,303.1499938964844,286.29998779296875,300.95001220703125,4328659.0,1,11,12,10737.599609375,16.850006103515625
2018-12-12,303.3999938964844,307.5,299.45001220703125,302.45001220703125,7403789.0,2,12,12,10791.5498046875,8.04998779296875
2018-12-13,305.70001220703125,306.70001220703125,295.5,298.04998779296875,5434548.0,3,13,12,10805.4501953125,11.20001220703125
2018-12-14,297.0,300.8500061035156,291.1499938964844,293.1000061035156,5963531.0,4,14,12,10888.349609375,9.70001220703125
2018-12-17,294.8999938964844,300.5,294.04998779296875,299.8500061035156,4379498.0,0,17,12,10908.7001953125,6.45001220703125
2018-12-18,299.1000061035156,306.70001220703125,298.1000061035156,305.45001220703125,6638364.0,1,18,12,10967.2998046875,8.600006103515625
2018-12-19,308.0,312.3500061035156,304.3999938964844,311.0,5813820.0,2,19,12,10951.7001953125,7.95001220703125
2018-12-20,309.0,310.79998779296875,306.20001220703125,308.70001220703125,5637742.0,3,20,12,10754.0,4.5999755859375
2018-12-21,309.0,312.70001220703125,305.8500061035156,308.0,6808600.0,4,21,12,10663.5,6.850006103515625
2018-12-24,308.0,308.5,291.0,292.20001220703125,7202626.0,0,24,12,10729.849609375,17.5
2018-12-26,290.54998779296875,297.0,288.1000061035156,296.29998779296875,5649890.0,2,26,12,10779.7998046875,8.899993896484375
2018-12-27,299.5,300.6499938964844,292.1000061035156,292.95001220703125,5160751.0,3,27,12,10859.900390625,8.54998779296875
2018-12-28,294.3999938964844,300.6000061035156,294.3999938964844,298.1000061035156,3519635.0,4,28,12,10862.5498046875,6.20001220703125
2019-01-01,308.8999938964844,308.8999938964844,302.5,303.95001220703125,3622654.0,1,1,1,10792.5,6.399993896484375
2019-01-02,296.04998779296875,297.95001220703125,286.6000061035156,288.70001220703125,8855139.0,2,2,1,10672.25,11.350006103515625
2019-01-03,287.5,290.6000061035156,280.29998779296875,282.6499938964844,10003388.0,3,3,1,10727.349609375,10.300018310546875
2019-01-04,281.8999938964844,289.45001220703125,280.70001220703125,287.95001220703125,6070751.0,4,4,1,10771.7998046875,8.75
2019-01-07,292.29998779296875,295.25,288.1499938964844,289.8500061035156,7041362.0,0,7,1,10802.150390625,7.100006103515625
2019-01-08,290.1000061035156,295.8500061035156,288.1000061035156,293.8999938964844,4528899.0,1,8,1,10855.150390625,7.75
2019-01-09,295.0,296.79998779296875,286.54998779296875,290.75,5848215.0,2,9,1,10821.599609375,10.25
2019-01-10,290.0,292.70001220703125,287.6499938964844,289.29998779296875,4352095.0,3,10,1,10794.9501953125,5.050018310546875
2019-01-11,289.75,294.1499938964844,286.45001220703125,288.79998779296875,4483554.0,4,11,1,10737.599609375,7.699981689453125
2019-01-14,288.45001220703125,288.45001220703125,282.04998779296875,283.8999938964844,3756403.0,0,14,1,10886.7998046875,6.4000244140625
2019-01-15,285.0,293.0,282.29998779296875,292.1000061035156,6557577.0,1,15,1,10890.2998046875,10.70001220703125
2019-01-16,292.04998779296875,293.25,285.3500061035156,286.45001220703125,3752082.0,2,16,1,10905.2001953125,7.899993896484375
2019-01-17,287.5,290.54998779296875,285.79998779296875,289.0,4817690.0,3,17,1,10906.9501953125,4.75
2019-01-18,288.3500061035156,291.8500061035156,283.25,285.6000061035156,4210472.0,4,18,1,10961.849609375,8.600006103515625
2019-01-21,285.8999938964844,288.95001220703125,283.95001220703125,284.6000061035156,2854706.0,0,21,1,10922.75,5.0
2019-01-22,284.0,284.6000061035156,274.54998779296875,278.0,5006219.0,1,22,1,10831.5,10.050018310546875
2019-01-23,278.0,284.8999938964844,277.20001220703125,280.8999938964844,4489030.0,2,23,1,10849.7998046875,7.699981689453125
2019-01-24,281.5,284.3999938964844,276.5,283.6499938964844,3705336.0,3,24,1,10780.5498046875,7.899993896484375
2019-01-25,284.6000061035156,285.5,273.25,274.6499938964844,5191436.0,4,25,1,10661.5498046875,12.25
2019-01-28,274.0,274.25,263.04998779296875,267.75,4518237.0,0,28,1,10652.2001953125,11.20001220703125
2019-01-29,267.54998779296875,273.0,265.25,270.95001220703125,4113613.0,1,29,1,10651.7998046875,7.75
2019-01-30,271.5,273.45001220703125,262.20001220703125,268.8999938964844,6941276.0,2,30,1,10830.9501953125,11.25
2019-01-31,271.0,275.8500061035156,266.6000061035156,274.6000061035156,4666551.0,3,31,1,10893.650390625,9.25
2019-02-01,274.25,280.0,266.6499938964844,274.95001220703125,6496209.0,4,1,2,10912.25,13.350006103515625
2019-02-04,275.45001220703125,276.45001220703125,267.6499938964844,273.5,4804512.0,0,4,2,10934.349609375,8.800018310546875
2019-02-05,272.0,277.6499938964844,270.6499938964844,273.54998779296875,4726380.0,1,5,2,11062.4501953125,7.0
2019-02-06,274.3999938964844,282.8999938964844,271.5,279.29998779296875,5746435.0,2,6,2,11069.400390625,11.399993896484375
2019-02-07,278.0,281.3999938964844,272.0,273.1000061035156,6252085.0,3,7,2,10943.599609375,9.399993896484375
2019-02-08,271.6000061035156,273.0,260.3500061035156,262.8500061035156,5765740.0,4,8,2,10888.7998046875,12.649993896484375
2019-02-11,264.0,266.0,256.6000061035156,261.6000061035156,5228180.0,0,11,2,10831.400390625,9.399993896484375
2019-02-12,261.54998779296875,274.5,257.5,271.75,12748459.0,1,12,2,10746.0498046875,17.0
2019-02-14,269.3999938964844,282.5,264.04998779296875,280.6499938964844,9767547.0,3,14,2,10724.400390625,18.45001220703125
2019-02-15,279.95001220703125,279.95001220703125,265.45001220703125,266.8999938964844,10241930.0,4,15,2,10640.9501953125,14.5
2019-02-18,268.0,269.95001220703125,261.0,261.8999938964844,6612006.0,0,18,2,10604.349609375,8.95001220703125
2019-02-19,262.6000061035156,271.75,261.0,266.8500061035156,8114832.0,1,19,2,10735.4501953125,10.75
2019-02-20,267.8500061035156,276.20001220703125,267.5,274.04998779296875,10302096.0,2,20,2,10789.849609375,8.70001220703125
2019-02-21,276.0,279.0,273.3999938964844,277.04998779296875,8238650.0,3,21,2,10791.650390625,5.600006103515625
2019-02-22,276.0,286.79998779296875,271.79998779296875,285.8500061035156,10779149.0,4,22,2,10880.099609375,15.0
2019-02-25,286.3500061035156,293.79998779296875,286.3500061035156,287.79998779296875,12551599.0,0,25,2,10835.2998046875,7.449981689453125
2019-02-26,279.0,286.79998779296875,277.1000061035156,284.5,8622676.0,1,26,2,10806.650390625,9.699981689453125
2019-02-27,287.3999938964844,291.45001220703125,282.0,284.0,7076524.0,2,27,2,10792.5,9.45001220703125
2019-02-28,285.5,290.0,279.79998779296875,281.1000061035156,9337518.0,3,28,2,10863.5,10.20001220703125
2019-03-01,284.3999938964844,285.1000061035156,280.70001220703125,282.1000061035156,7362711.0,4,1,3,10987.4501953125,4.399993896484375
2019-03-05,284.95001220703125,292.1000061035156,282.0,291.20001220703125,11469935.0,1,5,3,11053.0,10.100006103515625
2019-03-06,292.70001220703125,294.0,286.75,289.95001220703125,6718322.0,2,6,3,11058.2001953125,7.25
2019-03-07,290.3999938964844,294.0,285.3999938964844,289.70001220703125,7010707.0,3,7,3,11035.400390625,8.600006103515625
2019-03-08,288.20001220703125,289.3999938964844,284.20001220703125,286.3999938964844,5961633.0,4,8,3,11168.0498046875,5.199981689453125
2019-03-11,289.3999938964844,294.6499938964844,287.1499938964844,292.6499938964844,7863518.0,0,11,3,11301.2001953125,7.5
2019-03-12,294.04998779296875,298.0,290.04998779296875,291.79998779296875,8891811.0,1,12,3,11341.7001953125,7.95001220703125
2019-03-13,290.0,290.3999938964844,282.1000061035156,286.25,9122437.0,2,13,3,11343.25,8.29998779296875
2019-03-14,286.3500061035156,289.79998779296875,284.0,286.8999938964844,5351600.0,3,14,3,11426.849609375,5.79998779296875
2019-03-15,287.3999938964844,291.25,285.29998779296875,288.45001220703125,7053371.0,4,15,3,11462.2001953125,5.95001220703125
2019-03-18,290.0,296.0,286.54998779296875,294.95001220703125,7431744.0,0,18,3,11532.400390625,9.45001220703125
2019-03-19,296.1000061035156,296.75,287.3500061035156,288.5,7444759.0,1,19,3,11521.0498046875,9.399993896484375
2019-03-20,290.0,290.0,281.04998779296875,282.29998779296875,9165038.0,2,20,3,11456.900390625,8.95001220703125
2019-03-22,284.79998779296875,289.54998779296875,283.0,285.75,7325504.0,4,22,3,11354.25,6.54998779296875
2019-03-25,282.0,282.0,276.0,278.79998779296875,6778846.0,0,25,3,11483.25,6.0
2019-03-26,277.95001220703125,282.3999938964844,276.5,281.3500061035156,6247666.0,1,26,3,11445.0498046875,5.899993896484375
2019-03-27,283.0,289.25,281.5,287.5,6490731.0,2,27,3,11570.0,7.75
2019-03-28,286.0,290.0,284.0,288.25,21745652.0,3,28,3,11669.150390625,6.0
2019-04-01,297.45001220703125,300.0,290.5,292.29998779296875,7766553.0,0,1,4,11713.2001953125,9.5
2019-04-02,295.75,295.75,285.5,287.1000061035156,7105140.0,1,2,4,11643.9501953125,10.25
2019-04-03,290.0,294.5,288.5,289.8999938964844,6899752.0,2,3,4,11598.0,6.0
2019-04-04,289.8500061035156,290.29998779296875,285.20001220703125,287.79998779296875,4338250.0,3,4,4,11665.9501953125,5.0999755859375
2019-04-05,288.45001220703125,295.75,288.1000061035156,294.25,5310432.0,4,5,4,11604.5,7.649993896484375
2019-04-08,297.0,298.6499938964844,289.0,290.3999938964844,5645872.0,0,8,4,11671.9501953125,9.649993896484375
2019-04-09,290.95001220703125,293.0,285.6499938964844,291.54998779296875,3725301.0,1,9,4,11584.2998046875,7.350006103515625
2019-04-10,290.20001220703125,293.75,287.29998779296875,288.54998779296875,5316890.0,2,10,4,11596.7001953125,6.45001220703125
2019-04-11,288.0,289.70001220703125,285.04998779296875,287.0,3147541.0,3,11,4,11643.4501953125,4.6500244140625
2019-04-12,287.0,288.45001220703125,285.0,286.8500061035156,2486341.0,4,12,4,11690.349609375,3.45001220703125
2019-04-15,288.0,293.79998779296875,287.20001220703125,292.1499938964844,4009776.0,0,15,4,11787.150390625,6.5999755859375
2019-04-16,294.0,294.8500061035156,290.3500061035156,291.20001220703125,4394114.0,1,16,4,11752.7998046875,4.5
2019-04-18,291.20001220703125,301.29998779296875,286.5,299.1499938964844,7668228.0,3,18,4,11594.4501953125,14.79998779296875
2019-04-22,298.70001220703125,302.45001220703125,289.25,291.25,6083105.0,0,22,4,11575.9501953125,13.20001220703125
2019-04-23,293.04998779296875,294.6000061035156,287.29998779296875,288.29998779296875,3648863.0,1,23,4,11726.150390625,7.300018310546875
2019-04-24,289.25,293.0,286.3999938964844,292.3500061035156,4200919.0,2,24,4,11641.7998046875,6.600006103515625
2019-04-25,291.5,294.5,285.5,286.6000061035156,4132700.0,3,25,4,11754.650390625,9.0
2019-04-26,288.5,299.0,286.1000061035156,294.0,11729751.0,4,26,4,11748.150390625,12.899993896484375
2019-04-30,294.5,309.8999938964844,290.8500061035156,308.3500061035156,12707875.0,1,30,4,11724.75,19.04998779296875
2019-05-02,309.04998779296875,314.0,303.5,306.6499938964844,10375665.0,3,2,5,11712.25,10.5
2019-05-03,308.0,310.45001220703125,305.1000061035156,308.8500061035156,5705828.0,4,3,5,11598.25,5.350006103515625
2019-05-06,301.0,302.3999938964844,295.0,296.70001220703125,7433027.0,0,6,5,11497.900390625,7.399993896484375
2019-05-07,301.0,302.20001220703125,287.0,288.1000061035156,6762525.0,1,7,5,11359.4501953125,15.20001220703125
2019-05-08,286.45001220703125,292.79998779296875,285.0,289.25,7900967.0,2,8,5,11301.7998046875,7.79998779296875
2019-05-09,288.0,290.5,280.3500061035156,285.45001220703125,7620385.0,3,9,5,11278.900390625,10.149993896484375
2019-05-10,286.0,289.29998779296875,283.0,287.3500061035156,7076251.0,4,10,5,11148.2001953125,6.29998779296875
2019-05-13,286.0,286.8999938964844,273.45001220703125,276.8999938964844,4291656.0,0,13,5,11222.0498046875,13.449981689453125
2019-05-14,275.0,282.95001220703125,272.45001220703125,281.0,5277444.0,1,14,5,11157.0,10.5
2019-05-15,281.0,281.70001220703125,266.95001220703125,268.5,6212125.0,2,15,5,11257.099609375,14.75
2019-05-16,270.0,277.45001220703125,268.5,275.95001220703125,4697435.0,3,16,5,11407.150390625,8.95001220703125
2019-05-17,275.45001220703125,277.70001220703125,271.54998779296875,276.3999938964844,3064045.0,4,17,5,11828.25,6.1500244140625
2019-05-20,283.1000061035156,293.6499938964844,280.79998779296875,285.5,5009313.0,0,20,5,11709.099609375,12.850006103515625
2019-05-21,284.8500061035156,286.5,277.5,279.3999938964844,4196280.0,1,21,5,11737.900390625,9.0
2019-05-22,280.3999938964844,281.25,272.29998779296875,276.95001220703125,5052534.0,2,22,5,11657.0498046875,8.95001220703125
2019-05-23,284.0,289.8999938964844,274.5,275.95001220703125,5355880.0,3,23,5,11844.099609375,15.399993896484375
2019-05-24,279.95001220703125,291.5,273.54998779296875,288.0,9795647.0,4,24,5,11924.75,17.95001220703125
2019-05-27,281.0,289.29998779296875,277.04998779296875,287.75,9081309.0,0,27,5,11928.75,12.25
2019-05-28,287.75,297.5,286.75,292.95001220703125,10338894.0,1,28,5,11861.099609375,10.75
2019-05-29,292.0,295.70001220703125,279.70001220703125,280.54998779296875,7940056.0,2,29,5,11945.900390625,16.0
2019-05-30,281.0,283.25,275.1000061035156,276.6000061035156,7941828.0,3,30,5,11922.7998046875,8.149993896484375
2019-05-31,278.25,279.79998779296875,269.6000061035156,271.70001220703125,7316925.0,4,31,5,12088.5498046875,10.199981689453125
2019-06-03,273.0,276.1000061035156,269.1499938964844,274.54998779296875,6265379.0,0,3,6,12021.650390625,6.95001220703125
2019-06-04,274.0,276.0,272.3999938964844,274.20001220703125,4512003.0,1,4,6,11843.75,3.600006103515625
2019-06-06,274.8999938964844,274.8999938964844,265.29998779296875,266.70001220703125,5090763.0,3,6,6,11870.650390625,9.600006103515625
2019-06-07,267.0,270.0,261.6000061035156,262.3999938964844,5599533.0,4,7,6,11922.7001953125,8.399993896484375
2019-06-10,264.3999938964844,267.8999938964844,262.3500061035156,266.8500061035156,3704937.0,0,10,6,11965.599609375,5.54998779296875
2019-06-11,268.0,274.5,265.29998779296875,273.3500061035156,4208927.0,1,11,6,11906.2001953125,9.20001220703125
2019-06-12,274.45001220703125,277.29998779296875,270.25,271.25,7380929.0,2,12,6,11914.0498046875,7.04998779296875
2019-06-13,272.0,275.0,265.6499938964844,274.3500061035156,5646873.0,3,13,6,11823.2998046875,9.350006103515625
2019-06-14,272.1000061035156,275.3999938964844,267.6000061035156,271.25,4349503.0,4,14,6,11672.150390625,7.79998779296875
2019-06-17,271.0,271.0,259.0,260.20001220703125,8505525.0,0,17,6,11691.5,12.0
2019-06-18,261.0,265.0,254.89999389648438,263.54998779296875,6059478.0,1,18,6,11691.4501953125,10.100006103515625
2019-06-19,264.0,267.6499938964844,256.0,260.54998779296875,7432697.0,2,19,6,11831.75,11.649993896484375
2019-06-20,261.0,270.0,258.25,269.25,5160169.0,3,20,6,11724.099609375,11.75
2019-06-21,265.95001220703125,268.95001220703125,264.25,267.1499938964844,6144176.0,4,21,6,11699.650390625,4.70001220703125
2019-06-24,267.0,268.5,257.1000061035156,257.79998779296875,5807872.0,0,24,6,11796.4501953125,11.399993896484375
2019-06-25,254.39999389648438,268.29998779296875,252.64999389648438,267.04998779296875,9616552.0,1,25,6,11847.5498046875,15.649993896484375
2019-06-26,263.6000061035156,277.79998779296875,263.3500061035156,277.1499938964844,6924967.0,2,26,6,11841.5498046875,14.449981689453125
2019-06-27,276.95001220703125,280.79998779296875,275.54998779296875,277.3500061035156,7806500.0,3,27,6,11788.849609375,5.25
2019-06-28,277.0,278.75,273.1000061035156,276.6000061035156,4088477.0,4,28,6,11865.599609375,5.649993896484375
2019-07-01,278.54998779296875,281.79998779296875,273.8500061035156,275.75,3935030.0,0,1,7,11910.2998046875,7.949981689453125
2019-07-02,275.70001220703125,277.20001220703125,272.1000061035156,276.1499938964844,3233802.0,1,2,7,11916.75,5.100006103515625
2019-07-03,276.0,279.79998779296875,273.75,277.3999938964844,3416371.0,2,3,7,11946.75,6.04998779296875
2019-07-04,277.0,278.0,273.79998779296875,275.04998779296875,3266606.0,3,4,7,11811.150390625,4.20001220703125
2019-07-05,275.75,278.70001220703125,265.04998779296875,266.6499938964844,4112441.0,4,5,7,11558.599609375,13.6500244140625
2019-07-08,262.1000061035156,267.20001220703125,257.8999938964844,262.25,3816891.0,0,8,7,11555.900390625,9.300018310546875
2019-07-09,262.0,265.5,260.5,262.3500061035156,3210950.0,1,9,7,11498.900390625,5.0
2019-07-10,263.5,264.3500061035156,252.0,254.89999389648438,6051189.0,2,10,7,11582.900390625,12.350006103515625
2019-07-11,259.29998779296875,268.1000061035156,257.8500061035156,267.29998779296875,11021639.0,3,11,7,11552.5,10.25
2019-07-12,267.29998779296875,270.8500061035156,261.70001220703125,267.8999938964844,7690461.0,4,12,7,11588.349609375,9.149993896484375
2019-07-15,267.3999938964844,272.75,263.70001220703125,270.95001220703125,4909761.0,0,15,7,11662.599609375,9.04998779296875
2019-07-16,269.95001220703125,275.0,269.0,273.8999938964844,3794706.0,1,16,7,11687.5,6.0
2019-07-17,272.0,275.0,268.79998779296875,271.8999938964844,3290727.0,2,17,7,11596.900390625,6.20001220703125
2019-07-18,270.0,270.75,264.8999938964844,266.1000061035156,3627824.0,3,18,7,11419.25,5.850006103515625
2019-07-19,267.29998779296875,269.20001220703125,258.20001220703125,259.04998779296875,3828583.0,4,19,7,11346.2001953125,11.0
2019-07-22,259.8999938964844,265.5,256.29998779296875,264.3999938964844,3426665.0,0,22,7,11331.0498046875,9.20001220703125
2019-07-23,266.0,266.0,259.79998779296875,263.29998779296875,3534413.0,1,23,7,11271.2998046875,6.20001220703125
2019-07-24,263.0,263.8500061035156,246.75,255.25,10491930.0,2,24,7,11252.150390625,17.100006103515625
2019-07-25,254.8000030517578,257.8999938964844,247.8000030517578,248.64999389648438,6895024.0,3,25,7,11284.2998046875,10.099990844726562
2019-07-26,248.9499969482422,253.35000610351562,247.10000610351562,249.6999969482422,5386836.0,4,26,7,11189.2001953125,6.25
2019-07-29,245.85000610351562,246.25,236.85000610351562,241.39999389648438,7935024.0,0,29,7,11085.400390625,9.399993896484375
2019-07-30,243.0500030517578,248.0,220.0,230.25,8938349.0,1,30,7,11118.0,28.0
2019-07-31,228.35000610351562,238.3000030517578,226.10000610351562,237.4499969482422,5983362.0,2,31,7,10980.0,12.199996948242188
2019-08-01,235.10000610351562,235.8000030517578,222.6999969482422,225.25,7768510.0,3,1,8,10997.349609375,13.100006103515625
2019-08-02,223.0,230.4499969482422,217.8000030517578,225.14999389648438,11444553.0,4,2,8,10862.599609375,12.649993896484375
2019-08-05,220.8000030517578,221.25,212.25,217.6999969482422,7681043.0,0,5,8,10948.25,9.0
2019-08-06,214.60000610351562,221.4499969482422,214.14999389648438,217.5500030517578,6703116.0,1,6,8,10855.5,7.3000030517578125
2019-08-07,217.6999969482422,217.8000030517578,210.60000610351562,212.25,7073513.0,2,7,8,11032.4501953125,7.1999969482421875
2019-08-08,213.3000030517578,222.85000610351562,208.75,221.6999969482422,8752577.0,3,8,8,11109.650390625,14.100006103515625
2019-08-09,221.6999969482422,228.4499969482422,219.3000030517578,220.60000610351562,9077239.0,4,9,8,10925.849609375,9.149993896484375
2019-08-13,217.60000610351562,224.4499969482422,216.4499969482422,220.14999389648438,6628569.0,1,13,8,11029.400390625,8.0
2019-08-14,222.60000610351562,229.89999389648438,220.75,227.75,6940915.0,2,14,8,11047.7998046875,9.149993896484375
2019-08-16,226.35000610351562,228.9499969482422,221.60000610351562,227.14999389648438,6083438.0,4,16,8,11053.900390625,7.3499908447265625
2019-08-19,228.3000030517578,230.85000610351562,224.75,226.1999969482422,4394801.0,0,19,8,11017.0,6.100006103515625
2019-08-20,225.0500030517578,226.10000610351562,221.64999389648438,224.85000610351562,5107078.0,1,20,8,10918.7001953125,4.45001220703125
2019-08-21,223.5,226.0,217.6999969482422,219.0,5016435.0,2,21,8,10741.349609375,8.300003051757812
2019-08-22,215.0,220.39999389648438,212.8000030517578,217.0,6938275.0,3,22,8,10829.349609375,7.5999908447265625
2019-08-23,214.5,223.60000610351562,213.75,220.64999389648438,4978377.0,4,23,8,11057.849609375,9.850006103515625
2019-08-26,222.14999389648438,225.0,206.3000030517578,214.10000610351562,13555325.0,0,26,8,11105.349609375,18.699996948242188
2019-08-27,217.39999389648438,217.5,212.8000030517578,213.39999389648438,12287346.0,1,27,8,11046.099609375,4.6999969482421875
2019-08-28,214.0,214.25,202.8000030517578,205.75,9056214.0,2,28,8,10948.2998046875,11.449996948242188
2019-08-29,203.8000030517578,214.5500030517578,201.75,211.9499969482422,18785875.0,3,29,8,11023.25,12.800003051757812
2019-08-30,215.0,218.9499969482422,211.25,217.4499969482422,10442126.0,4,30,8,10797.900390625,7.6999969482421875
2019-09-03,214.0,215.5,209.3000030517578,210.14999389648438,5563093.0,1,3,9,10844.650390625,6.1999969482421875
2019-09-04,208.85000610351562,216.0500030517578,207.5,214.8000030517578,8097106.0,2,4,9,10847.900390625,8.550003051757812
2019-09-05,217.10000610351562,222.3000030517578,213.5,216.25,10360712.0,3,5,9,10946.2001953125,8.800003051757812
2019-09-06,217.39999389648438,219.35000610351562,212.25,217.9499969482422,8494436.0,4,6,9,11003.0498046875,7.100006103515625
2019-09-09,218.0,224.5,213.85000610351562,219.5,9829589.0,0,9,9,11035.7001953125,10.649993896484375
2019-09-11,220.39999389648438,228.9499969482422,220.14999389648438,227.6999969482422,11404495.0,2,11,9,10982.7998046875,8.800003051757812
2019-09-12,228.0,232.25,221.1999969482422,222.0500030517578,9281462.0,3,12,9,11075.900390625,11.050003051757812
2019-09-13,222.0500030517578,227.60000610351562,219.10000610351562,226.1999969482422,8639132.0,4,13,9,11003.5,8.5
2019-09-16,222.5,227.5,222.5,225.64999389648438,5494139.0,0,16,9,10817.599609375,5.0
2019-09-17,224.39999389648438,229.0,214.8000030517578,216.1999969482422,9403320.0,1,17,9,10840.650390625,14.199996948242188
2019-09-18,217.5500030517578,223.5500030517578,217.25,221.39999389648438,9790812.0,2,18,9,10704.7998046875,6.3000030517578125
2019-09-19,220.14999389648438,221.60000610351562,215.25,219.5500030517578,9020768.0,3,19,9,11274.2001953125,6.350006103515625
2019-09-20,220.64999389648438,240.1999969482422,218.25,238.10000610351562,23899821.0,4,20,9,11600.2001953125,21.949996948242188
2019-09-23,252.9499969482422,252.9499969482422,237.39999389648438,243.6999969482422,13040988.0,0,23,9,11588.2001953125,15.550003051757812
2019-09-24,241.9499969482422,242.0,232.5,233.35000610351562,9073501.0,1,24,9,11440.2001953125,9.5
2019-09-25,233.5,235.75,228.3000030517578,234.39999389648438,7594921.0,2,25,9,11571.2001953125,7.4499969482421875
2019-09-26,236.0,237.8000030517578,231.25,235.4499969482422,8069927.0,3,26,9,11512.400390625,6.5500030517578125
2019-09-27,233.60000610351562,236.5,230.60000610351562,232.1999969482422,7000789.0,4,27,9,11474.4501953125,5.899993896484375
2019-09-30,228.0,231.0,222.5,229.9499969482422,6783701.0,0,30,9,11359.900390625,8.5
2019-10-01,229.10000610351562,231.75,220.39999389648438,222.64999389648438,6026952.0,1,1,10,11314.0,11.350006103515625
2019-10-03,220.9499969482422,225.6999969482422,218.3000030517578,221.5500030517578,5324110.0,3,3,10,11174.75,7.399993896484375
2019-10-04,222.3000030517578,223.89999389648438,212.4499969482422,214.64999389648438,6600815.0,4,4,10,11126.400390625,11.449996948242188
2019-10-07,214.89999389648438,215.8000030517578,207.0,208.0,7420654.0,0,7,10,11313.2998046875,8.800003051757812
2019-10-09,207.3000030517578,213.75,205.9499969482422,212.8000030517578,5958422.0,2,9,10,11234.5498046875,7.8000030517578125
2019-10-10,211.3000030517578,214.89999389648438,209.10000610351562,213.75,6693227.0,3,10,10,11305.0498046875,5.79998779296875
2019-10-11,215.0,220.89999389648438,212.8000030517578,217.25,8965423.0,4,11,10,11341.150390625,8.099990844726562
2019-10-14,218.8000030517578,225.0,218.35000610351562,221.4499969482422,7515730.0,0,14,10,11428.2998046875,6.649993896484375
2019-10-15,221.0,226.89999389648438,214.25,219.64999389648438,14900735.0,1,15,10,11464.0,12.649993896484375
2019-10-16,222.25,223.64999389648438,218.4499969482422,220.3000030517578,7753169.0,2,16,10,11586.349609375,5.1999969482421875
2019-10-17,218.3000030517578,224.6999969482422,214.35000610351562,222.9499969482422,10798747.0,3,17,10,11661.849609375,10.349990844726562
2019-10-18,222.10000610351562,225.1999969482422,220.3000030517578,223.35000610351562,9026105.0,4,18,10,11588.349609375,4.899993896484375
2019-10-22,223.0,225.89999389648438,219.1999969482422,219.6999969482422,8305579.0,1,22,10,11604.099609375,6.6999969482421875
2019-10-23,218.60000610351562,224.8000030517578,215.75,222.6999969482422,8030559.0,2,23,10,11582.599609375,9.050003051757812
2019-10-24,215.1999969482422,225.10000610351562,215.1999969482422,222.85000610351562,15890442.0,3,24,10,11583.900390625,9.900009155273438
2019-10-29,219.60000610351562,236.39999389648438,219.60000610351562,234.25,13887709.0,1,29,10,11844.099609375,16.79998779296875
2019-10-30,236.9499969482422,236.9499969482422,231.25,234.39999389648438,5246865.0,2,30,10,11877.4501953125,5.6999969482421875
2019-10-31,235.6999969482422,236.5,227.0500030517578,228.0,6994856.0,3,31,10,11890.599609375,9.449996948242188
2019-11-01,227.6999969482422,239.5,227.5,237.60000610351562,9208037.0,4,1,11,11941.2998046875,12.0
2019-11-04,238.6999969482422,254.85000610351562,238.6999969482422,250.1999969482422,17613567.0,0,4,11,11917.2001953125,16.150009155273438
2019-11-05,253.35000610351562,254.14999389648438,244.25,246.0500030517578,10394354.0,1,5,11,11966.0498046875,9.899993896484375
2019-11-06,245.9499969482422,251.3000030517578,244.3000030517578,248.25,7121343.0,2,6,11,12012.0498046875,7.0
2019-11-07,250.1999969482422,254.8000030517578,243.10000610351562,252.64999389648438,12103874.0,3,7,11,11908.150390625,11.699996948242188
2019-11-08,252.75,256.5,248.5,250.0,7150985.0,4,8,11,11913.4501953125,8.0
2019-11-11,249.10000610351562,253.25,248.0500030517578,251.89999389648438,5599046.0,0,11,11,11840.4501953125,5.1999969482421875
2019-11-13,251.5,254.6999969482422,247.35000610351562,248.75,6493201.0,2,13,11,11872.099609375,7.3499908447265625
2019-11-14,248.0,249.6999969482422,244.25,245.75,4522524.0,3,14,11,11895.4501953125,5.4499969482421875
2019-11-15,246.0,250.0,242.1999969482422,244.75,5246862.0,4,15,11,11884.5,7.8000030517578125
2019-11-18,245.89999389648438,251.14999389648438,244.8000030517578,249.60000610351562,4846338.0,0,18,11,11940.099609375,6.3499908447265625
2019-11-19,249.39999389648438,250.85000610351562,246.60000610351562,247.89999389648438,4461546.0,1,19,11,11999.099609375,4.25
2019-11-20,247.6999969482422,252.3000030517578,245.9499969482422,248.6999969482422,4799567.0,2,20,11,11968.400390625,6.350006103515625
2019-11-21,248.0,248.9499969482422,244.14999389648438,245.25,3840421.0,3,21,11,11914.400390625,4.8000030517578125
2019-11-22,245.0,253.0,244.3000030517578,251.25,4927891.0,4,22,11,12073.75,8.699996948242188
2019-11-25,252.89999389648438,261.0,252.3000030517578,260.1499938964844,11369913.0,0,25,11,12037.7001953125,8.699996948242188
2019-11-26,261.25,262.79998779296875,251.10000610351562,253.25,12880492.0,1,26,11,12100.7001953125,11.699981689453125
2019-11-27,254.10000610351562,257.8999938964844,251.89999389648438,252.9499969482422,4739906.0,2,27,11,12151.150390625,6.0
2019-11-28,253.60000610351562,264.8999938964844,252.25,263.95001220703125,9945852.0,3,28,11,12056.0498046875,12.649993896484375
2019-11-29,262.6000061035156,269.5,260.04998779296875,261.54998779296875,12038238.0,4,29,11,12048.2001953125,9.45001220703125
2019-12-02,267.5,269.45001220703125,263.25,268.29998779296875,10547869.0,0,2,12,11994.2001953125,6.20001220703125
2019-12-03,267.25,267.5,254.5,257.25,9848751.0,1,3,12,12043.2001953125,13.0
2019-12-04,254.0,264.0,247.75,259.79998779296875,15220113.0,2,4,12,12018.400390625,16.25
2019-12-05,260.75,261.79998779296875,250.10000610351562,251.4499969482422,6962695.0,3,5,12,11921.5,11.699981689453125
2019-12-06,252.89999389648438,256.70001220703125,250.10000610351562,254.10000610351562,7854850.0,4,6,12,11937.5,6.600006103515625
2019-12-09,253.0,259.5,251.85000610351562,258.8500061035156,6291970.0,0,9,12,11856.7998046875,7.649993896484375
2019-12-10,256.29998779296875,259.1499938964844,250.3000030517578,251.0,5357914.0,1,10,12,11910.150390625,8.849990844726562
2019-12-11,251.1999969482422,254.8000030517578,246.5500030517578,249.9499969482422,6247501.0,2,11,12,11971.7998046875,8.25
2019-12-12,252.0,257.6499938964844,250.1999969482422,255.60000610351562,6112551.0,3,12,12,12086.7001953125,7.4499969482421875
2019-12-13,263.0,264.3999938964844,255.5500030517578,257.6000061035156,12372614.0,4,13,12,12053.9501953125,8.849990844726562
2019-12-16,259.20001220703125,260.20001220703125,252.14999389648438,253.10000610351562,5733217.0,0,16,12,12165.0,8.050018310546875
2019-12-17,254.35000610351562,261.6000061035156,253.5500030517578,258.95001220703125,11197549.0,1,17,12,12221.650390625,8.050003051757812
2019-12-18,257.8999938964844,266.3500061035156,256.29998779296875,264.3999938964844,13485427.0,2,18,12,12259.7001953125,10.050018310546875
2019-12-19,263.29998779296875,267.20001220703125,262.29998779296875,264.8500061035156,7841049.0,3,19,12,12271.7998046875,4.9000244140625
2019-12-20,264.5,266.75,262.75,264.70001220703125,7162934.0,4,20,12,12262.75,4.0
2019-12-23,264.3999938964844,270.6000061035156,262.3999938964844,263.70001220703125,8467465.0,0,23,12,12214.5498046875,8.20001220703125
2019-12-24,263.70001220703125,267.79998779296875,262.95001220703125,266.75,5683009.0,1,24,12,12126.5498046875,4.8499755859375
2019-12-26,267.0,272.0,266.70001220703125,269.1499938964844,11054938.0,3,26,12,12245.7998046875,5.29998779296875
2019-12-27,270.1000061035156,271.29998779296875,265.1000061035156,268.8999938964844,7560504.0,4,27,12,12255.849609375,6.199981689453125
2019-12-30,269.5,273.5,266.6000061035156,271.1000061035156,6645670.0,0,30,12,12168.4501953125,6.899993896484375
2019-12-31,270.0,273.0,268.1499938964844,270.04998779296875,5377354.0,1,31,12,12182.5,4.850006103515625
2020-01-01,270.70001220703125,273.5,265.8500061035156,268.1000061035156,6952048.0,2,1,1,12282.2001953125,7.649993896484375
2020-01-02,272.0,277.0,271.54998779296875,276.45001220703125,10780926.0,3,2,1,12226.650390625,5.45001220703125
2020-01-03,276.45001220703125,276.45001220703125,270.75,272.45001220703125,5943349.0,4,3,1,11993.0498046875,5.70001220703125
2020-01-06,270.5,270.75,262.29998779296875,264.25,4529599.0,0,6,1,12052.9501953125,8.45001220703125
2020-01-07,266.1499938964844,270.1499938964844,263.1000061035156,265.25,4465297.0,1,7,1,12025.349609375,7.04998779296875
2020-01-08,261.3999938964844,264.5,257.0,262.5,8088132.0,2,8,1,12215.900390625,7.5
2020-01-09,267.70001220703125,279.20001220703125,267.70001220703125,278.1000061035156,13317832.0,3,9,1,12256.7998046875,11.5
2020-01-10,278.0,280.0,275.0,277.8999938964844,7625227.0,4,10,1,12329.5498046875,5.0
2020-01-13,278.04998779296875,279.8999938964844,275.3999938964844,278.6000061035156,4540953.0,0,13,1,12362.2998046875,4.5
2020-01-14,278.0,284.0,278.0,280.8999938964844,7428691.0,1,14,1,12343.2998046875,6.0
2020-01-15,279.8500061035156,283.3999938964844,276.25,282.5,5538475.0,2,15,1,12355.5,7.149993896484375
2020-01-16,282.5,282.8500061035156,276.1499938964844,277.45001220703125,4791447.0,3,16,1,12352.349609375,6.70001220703125
2020-01-17,276.79998779296875,279.54998779296875,272.8500061035156,273.3500061035156,4733742.0,4,17,1,12224.5498046875,6.699981689453125
2020-01-20,273.5,275.0,268.6499938964844,271.3500061035156,3823115.0,0,20,1,12169.849609375,6.350006103515625
2020-01-21,270.0,270.8999938964844,264.3500061035156,267.25,4799667.0,1,21,1,12106.900390625,6.54998779296875
2020-01-22,268.29998779296875,269.29998779296875,264.75,265.8500061035156,3334351.0,2,22,1,12180.349609375,4.54998779296875
2020-01-23,266.0,268.95001220703125,264.1000061035156,266.6499938964844,3529142.0,3,23,1,12248.25,4.850006103515625
2020-01-24,266.70001220703125,273.8999938964844,265.29998779296875,271.8999938964844,5991335.0,4,24,1,12119.0,8.600006103515625
2020-01-27,265.45001220703125,265.8999938964844,258.29998779296875,262.79998779296875,17151836.0,0,27,1,12055.7998046875,7.600006103515625
2020-01-28,260.79998779296875,261.75,251.60000610351562,255.25,11168567.0,1,28,1,12129.5,10.149993896484375
2020-01-29,259.0,264.6000061035156,258.29998779296875,261.25,7832991.0,2,29,1,12035.7998046875,6.300018310546875
2020-01-30,261.29998779296875,262.1000061035156,255.25,256.95001220703125,5511254.0,3,30,1,11962.099609375,6.850006103515625
2020-01-31,258.1499938964844,259.0,249.10000610351562,250.6999969482422,6329214.0,4,31,1,11707.900390625,9.899993896484375
2020-02-03,245.5,253.0,243.75,251.5,7021154.0,0,3,2,11979.650390625,9.25
2020-02-04,253.25,259.70001220703125,248.6999969482422,258.3500061035156,5839343.0,1,4,2,12089.150390625,11.000015258789062
2020-02-05,259.5,271.6499938964844,256.3500061035156,269.25,7218905.0,2,5,2,12137.9501953125,15.29998779296875
2020-02-06,271.1000061035156,277.5,267.75,276.45001220703125,8567243.0,3,6,2,12098.349609375,9.75
2020-02-07,275.3999938964844,280.0,272.75,279.29998779296875,5258442.0,4,7,2,12031.5,7.25
2020-02-10,276.0,279.79998779296875,273.20001220703125,277.8999938964844,4972983.0,0,10,2,12107.900390625,6.5999755859375
2020-02-11,280.04998779296875,293.5,278.6000061035156,288.75,10958494.0,1,11,2,12201.2001953125,14.899993896484375
2020-02-12,288.6499938964844,295.3999938964844,288.5,293.70001220703125,9119052.0,2,12,2,12174.650390625,6.899993896484375
2020-02-13,292.20001220703125,294.6000061035156,288.3999938964844,293.3500061035156,6220243.0,3,13,2,12113.4501953125,6.20001220703125
2020-02-14,291.6000061035156,296.75,288.29998779296875,289.1499938964844,6086218.0,4,14,2,12045.7998046875,8.45001220703125
2020-02-17,289.1499938964844,290.8999938964844,285.29998779296875,288.1499938964844,6084235.0,0,17,2,11992.5,5.600006103515625
2020-02-18,289.0,289.1499938964844,281.1000061035156,284.79998779296875,5463097.0,1,18,2,12125.900390625,8.04998779296875
2020-02-19,287.20001220703125,290.0,279.8999938964844,280.8500061035156,4952306.0,2,19,2,12080.849609375,10.100006103515625
2020-02-20,280.70001220703125,285.8500061035156,277.0,281.79998779296875,6960354.0,3,20,2,11829.400390625,8.850006103515625
2020-02-24,277.95001220703125,277.95001220703125,256.0,258.95001220703125,10565578.0,0,24,2,11797.900390625,21.95001220703125
2020-02-25,264.0,266.79998779296875,258.3999938964844,262.6000061035156,9928181.0,1,25,2,11678.5,8.399993896484375
2020-02-26,256.0,263.70001220703125,255.5500030517578,260.79998779296875,8111249.0,2,26,2,11633.2998046875,8.150009155273438
2020-02-27,259.0,259.0,248.3000030517578,252.10000610351562,10258174.0,3,27,2,11201.75,10.699996948242188
2020-02-28,245.5,245.5,232.64999389648438,235.6999969482422,10723581.0,4,28,2,11132.75,12.850006103515625
2020-03-02,242.1999969482422,246.5,230.85000610351562,235.0,10865535.0,0,2,3,11303.2998046875,15.649993896484375
2020-03-03,239.25,249.10000610351562,238.64999389648438,246.4499969482422,11580274.0,1,3,3,11251.0,10.45001220703125
2020-03-04,246.5500030517578,248.8000030517578,236.85000610351562,245.60000610351562,10790561.0,2,4,3,11269.0,11.949996948242188
2020-03-05,248.6999969482422,252.75,244.35000610351562,247.14999389648438,7130730.0,3,5,3,10989.4501953125,8.399993896484375
2020-03-06,235.0,240.0,228.1999969482422,238.8000030517578,6850161.0,4,6,3,10451.4501953125,11.800003051757812
2020-03-09,229.0500030517578,231.64999389648438,225.10000610351562,229.0500030517578,7887800.0,0,9,3,10458.400390625,6.54998779296875
2020-03-11,227.0,228.5,220.10000610351562,223.5,10073340.0,2,11,3,9590.150390625,8.399993896484375
2020-03-12,210.0,214.3000030517578,199.0500030517578,203.1999969482422,14114986.0,3,12,3,9955.2001953125,15.25
2020-03-13,188.0,217.9499969482422,175.1999969482422,214.89999389648438,12881845.0,4,13,3,9197.400390625,42.75
2020-03-16,202.0,207.14999389648438,181.5500030517578,186.0,15167010.0,0,16,3,8967.0498046875,25.599990844726562
2020-03-17,188.89999389648438,193.5,175.14999389648438,176.4499969482422,14096751.0,1,17,3,8468.7998046875,18.350006103515625
2020-03-18,180.0500030517578,181.14999389648438,156.4499969482422,164.35000610351562,18950973.0,2,18,3,8263.4501953125,24.699996948242188
2020-03-19,157.8000030517578,168.6999969482422,151.6999969482422,163.3000030517578,12583063.0,3,19,3,8745.4501953125,17.0
2020-03-20,167.0,179.10000610351562,164.64999389648438,175.75,7449395.0,4,20,3,7610.25,14.45001220703125
2020-03-23,158.1999969482422,164.25,136.10000610351562,144.39999389648438,7422289.0,0,23,3,7801.0498046875,28.149993896484375
2020-03-24,149.25,155.0,140.35000610351562,147.10000610351562,6486510.0,1,24,3,8317.849609375,14.649993896484375
2020-03-25,145.0,156.0,142.5500030517578,151.8000030517578,4384696.0,2,25,3,8641.4501953125,13.449996948242188
2020-03-26,151.0,157.4499969482422,144.5,149.8000030517578,8021051.0,3,26,3,8660.25,12.949996948242188
2020-03-27,152.10000610351562,156.4499969482422,146.1999969482422,151.4499969482422,6108830.0,4,27,3,8281.099609375,10.25
2020-03-30,148.4499969482422,148.4499969482422,136.5,142.39999389648438,11851147.0,0,30,3,8597.75,11.949996948242188
2020-03-31,145.9499969482422,152.39999389648438,144.5,146.25,9965166.0,1,31,3,8253.7998046875,7.899993896484375
2020-04-01,145.9499969482422,145.9499969482422,139.0500030517578,143.0,5967259.0,2,1,4,8083.7998046875,6.899993896484375
2020-04-03,143.25,148.14999389648438,132.5,140.6999969482422,18559502.0,4,3,4,8792.2001953125,15.649993896484375
2020-04-07,148.0500030517578,159.85000610351562,145.4499969482422,158.10000610351562,16436897.0,1,7,4,8748.75,14.400009155273438
2020-04-08,155.0,170.75,152.14999389648438,154.60000610351562,15245833.0,2,8,4,9111.900390625,18.600006103515625
2020-04-09,159.0,170.0,158.0,166.3000030517578,15243024.0,3,9,4,8993.849609375,12.0
2020-04-13,167.5,172.39999389648438,161.14999389648438,167.64999389648438,11554107.0,0,13,4,8925.2998046875,11.25
2020-04-15,170.0,174.9499969482422,165.85000610351562,171.39999389648438,17616469.0,2,15,4,8992.7998046875,9.099990844726562
2020-04-16,169.3000030517578,174.60000610351562,167.39999389648438,170.64999389648438,10428942.0,3,16,4,9266.75,7.20001220703125
2020-04-17,175.0,179.85000610351562,170.35000610351562,177.3000030517578,10104652.0,4,17,4,9261.849609375,9.5
2020-04-20,183.0,183.0,166.10000610351562,167.5,12628134.0,0,20,4,8981.4501953125,16.899993896484375
2020-04-21,164.0,164.39999389648438,156.8000030517578,159.60000610351562,10887272.0,1,21,4,9187.2998046875,7.5999908447265625
2020-04-22,158.0,163.0,155.5,161.1999969482422,7765194.0,2,22,4,9313.900390625,7.5
2020-04-23,162.39999389648438,166.3000030517578,158.6999969482422,159.9499969482422,7114844.0,3,23,4,9154.400390625,7.600006103515625
2020-04-24,157.5,159.5,152.60000610351562,153.25,8446858.0,4,24,4,9282.2998046875,6.899993896484375
2020-04-27,156.0,160.64999389648438,155.0,157.3000030517578,9744555.0,0,27,4,9380.900390625,5.649993896484375
2020-04-28,159.39999389648438,160.3000030517578,157.0,159.39999389648438,8025743.0,1,28,4,9553.349609375,3.3000030517578125
2020-04-29,160.8000030517578,166.39999389648438,159.0,164.10000610351562,11842945.0,2,29,4,9859.900390625,7.399993896484375
2020-04-30,168.60000610351562,188.6999969482422,167.5,180.64999389648438,16023029.0,3,30,4,9293.5,21.199996948242188
2020-05-04,170.9499969482422,170.9499969482422,162.35000610351562,163.5500030517578,10645228.0,0,4,5,9205.599609375,8.599990844726562
2020-05-05,167.5,171.64999389648438,162.8000030517578,163.89999389648438,12993334.0,1,5,5,9270.900390625,8.849990844726562
2020-05-06,165.5,169.3000030517578,163.14999389648438,165.8000030517578,8720744.0,2,6,5,9199.0498046875,6.1500091552734375
2020-05-07,164.1999969482422,174.0,162.5,172.1999969482422,11944057.0,3,7,5,9251.5,11.5
2020-05-08,175.5500030517578,176.60000610351562,167.5,168.64999389648438,9042793.0,4,8,5,9239.2001953125,9.100006103515625
2020-05-11,170.0,176.39999389648438,168.75,174.5500030517578,9199262.0,0,11,5,9196.5498046875,7.649993896484375
2020-05-12,172.0,179.60000610351562,167.0500030517578,178.1999969482422,11889650.0,1,12,5,9383.5498046875,12.550003051757812
2020-05-13,189.0,189.0,180.60000610351562,182.35000610351562,10377119.0,2,13,5,9142.75,8.399993896484375
2020-05-14,179.0,180.39999389648438,174.1999969482422,175.1999969482422,5808569.0,3,14,5,9136.849609375,6.1999969482421875
2020-05-15,176.89999389648438,179.39999389648438,173.25,174.3000030517578,11546095.0,4,15,5,8823.25,6.149993896484375
2020-05-18,175.8000030517578,176.1999969482422,162.10000610351562,163.25,8130435.0,0,18,5,8879.099609375,14.099990844726562
2020-05-19,167.0,172.9499969482422,165.89999389648438,169.3000030517578,11001050.0,1,19,5,9066.5498046875,7.0500030517578125
2020-05-20,169.3000030517578,173.0,168.3000030517578,171.0500030517578,10091663.0,2,20,5,9106.25,4.6999969482421875
2020-05-21,172.0,174.85000610351562,168.9499969482422,169.89999389648438,11064338.0,3,21,5,9039.25,5.9000091552734375
2020-05-22,168.39999389648438,169.5,163.5,166.14999389648438,10227598.0,4,22,5,9029.0498046875,6.0
2020-05-26,168.0,178.25,168.0,176.25,30382764.0,1,26,5,9314.9501953125,10.25
2020-05-27,176.0500030517578,189.0,174.14999389648438,184.8000030517578,20403214.0,2,27,5,9490.099609375,14.850006103515625
2020-05-28,186.1999969482422,188.75,183.1999969482422,184.14999389648438,14269347.0,3,28,5,9580.2998046875,5.5500030517578125
2020-05-29,181.0,185.4499969482422,180.0500030517578,184.1999969482422,13458180.0,4,29,5,9826.150390625,5.399993896484375
2020-06-01,188.0,199.39999389648438,187.14999389648438,193.9499969482422,17324552.0,0,1,6,9979.099609375,12.25
2020-06-02,195.0,197.75,190.35000610351562,192.14999389648438,14154998.0,1,2,6,10061.5498046875,7.399993896484375
2020-06-03,195.0,197.8000030517578,191.5500030517578,192.6999969482422,11567639.0,2,3,6,10029.099609375,6.25
2020-06-04,193.0,195.1999969482422,189.8000030517578,192.0,10238125.0,3,4,6,10142.150390625,5.399993896484375
2020-06-05,195.9499969482422,202.39999389648438,194.0500030517578,197.0500030517578,26006706.0,4,5,6,10167.4501953125,8.349990844726562
2020-06-08,202.0,202.0,192.25,194.9499969482422,13522686.0,0,8,6,10046.650390625,9.75
2020-06-09,195.9499969482422,198.89999389648438,188.60000610351562,190.0500030517578,8055125.0,1,9,6,10116.150390625,10.29998779296875
2020-06-10,188.0,191.89999389648438,184.5500030517578,190.9499969482422,11822883.0,2,10,6,9902.0,7.3499908447265625
2020-06-11,188.0,190.85000610351562,183.5500030517578,184.64999389648438,6481949.0,3,11,6,9972.900390625,7.3000030517578125
2020-06-12,177.0,190.1999969482422,175.4499969482422,188.9499969482422,9000374.0,4,12,6,9813.7001953125,14.75
2020-06-15,185.9499969482422,186.4499969482422,179.9499969482422,183.75,12059162.0,0,15,6,9914.0,6.5
2020-06-16,189.0,195.9499969482422,185.75,190.0500030517578,23463976.0,1,16,6,9881.150390625,10.199996948242188
2020-06-17,188.75,194.4499969482422,185.8000030517578,191.85000610351562,11912688.0,2,17,6,10091.650390625,8.649993896484375
2020-06-18,189.0,194.0500030517578,188.0,193.39999389648438,8868682.0,3,18,6,10244.400390625,6.0500030517578125
2020-06-19,195.10000610351562,197.35000610351562,192.6999969482422,194.3000030517578,18204861.0,4,19,6,10311.2001953125,4.6500091552734375
2020-06-22,194.89999389648438,199.89999389648438,193.0,197.9499969482422,11091656.0,0,22,6,10471.0,6.899993896484375
2020-06-23,198.10000610351562,203.89999389648438,198.10000610351562,201.64999389648438,14849653.0,1,23,6,10305.2998046875,5.79998779296875
2020-06-24,206.9499969482422,207.75,192.35000610351562,193.89999389648438,19738813.0,2,24,6,10288.900390625,15.399993896484375
2020-06-25,192.14999389648438,197.35000610351562,191.0,193.5500030517578,9502767.0,3,25,6,10383.0,6.350006103515625
2020-06-26,195.64999389648438,197.5,191.5500030517578,192.64999389648438,6960471.0,4,26,6,10312.400390625,5.9499969482421875
2020-06-29,192.5,192.9499969482422,185.64999389648438,190.6999969482422,7559711.0,0,29,6,10302.099609375,7.3000030517578125
2020-06-30,191.14999389648438,195.60000610351562,187.8000030517578,189.35000610351562,11450924.0,1,30,6,10430.0498046875,7.8000030517578125
2020-07-01,190.3000030517578,193.0500030517578,188.5500030517578,191.4499969482422,8342523.0,2,1,7,10551.7001953125,4.5
2020-07-02,192.35000610351562,195.0,190.0500030517578,194.4499969482422,9164225.0,3,2,7,10607.349609375,4.9499969482421875
2020-07-03,195.6999969482422,196.5,190.5,190.9499969482422,6610447.0,4,3,7,10763.650390625,6.0
2020-07-06,192.14999389648438,195.25,190.5,193.75,10803674.0,0,6,7,10799.650390625,4.75
2020-07-07,194.6999969482422,194.75,190.25,190.85000610351562,6564421.0,1,7,7,10705.75,4.5
2020-07-08,191.0,202.0,191.0,195.35000610351562,22607746.0,2,8,7,10813.4501953125,11.0
2020-07-09,196.35000610351562,202.75,196.10000610351562,197.4499969482422,14801527.0,3,9,7,10768.0498046875,6.649993896484375
2020-07-10,196.0,196.0,191.0,193.3000030517578,10893400.0,4,10,7,10802.7001953125,5.0
2020-07-13,195.39999389648438,199.8000030517578,195.25,198.39999389648438,11050714.0,0,13,7,10607.349609375,4.5500030517578125
2020-07-14,198.0,198.39999389648438,191.64999389648438,194.0500030517578,7233285.0,1,14,7,10618.2001953125,6.75
2020-07-15,196.0,199.85000610351562,193.39999389648438,194.89999389648438,9389574.0,2,15,7,10739.9501953125,6.45001220703125
2020-07-16,194.0,201.89999389648438,192.60000610351562,201.14999389648438,13646627.0,3,16,7,10901.7001953125,9.29998779296875
2020-07-17,203.1999969482422,211.8000030517578,202.64999389648438,206.75,23872563.0,4,17,7,11022.2001953125,9.150009155273438
2020-07-20,207.5,208.85000610351562,204.0,206.8000030517578,6380346.0,0,20,7,11162.25,4.850006103515625
2020-07-21,208.0,210.75,204.14999389648438,209.9499969482422,5671648.0,1,21,7,11132.599609375,6.600006103515625
2020-07-22,211.0,214.0,204.10000610351562,207.0,9323615.0,2,22,7,11215.4501953125,9.899993896484375
2020-07-23,206.89999389648438,210.5,205.4499969482422,209.35000610351562,5251158.0,3,23,7,11194.150390625,5.0500030517578125
2020-07-24,206.0,211.60000610351562,203.25,205.0,8192444.0,4,24,7,11131.7998046875,8.350006103515625
2020-07-27,202.0500030517578,208.5,200.10000610351562,206.9499969482422,10548103.0,0,27,7,11300.5498046875,8.399993896484375
2020-07-28,208.10000610351562,215.75,207.4499969482422,214.89999389648438,9784893.0,1,28,7,11202.849609375,8.300003051757812
2020-07-29,214.0500030517578,220.9499969482422,213.85000610351562,217.5500030517578,11276206.0,2,29,7,11102.150390625,7.0999908447265625
2020-07-30,218.64999389648438,221.9499969482422,213.14999389648438,214.35000610351562,6483799.0,3,30,7,11073.4501953125,8.800003051757812
2020-07-31,214.5,221.25,213.3000030517578,220.25,7306481.0,4,31,7,10891.599609375,7.9499969482421875
2020-08-03,221.0,225.4499969482422,218.64999389648438,220.5500030517578,9865865.0,0,3,8,11095.25,6.8000030517578125
2020-08-04,221.5500030517578,229.25,219.14999389648438,228.10000610351562,9878195.0,1,4,8,11101.650390625,10.100006103515625
2020-08-05,228.5,236.1999969482422,228.14999389648438,235.14999389648438,11076752.0,2,5,8,11200.150390625,8.050003051757812
2020-08-06,235.0,239.9499969482422,232.5,239.5,10772815.0,3,6,8,11214.0498046875,7.4499969482421875
2020-08-07,236.8000030517578,241.0,235.8000030517578,240.1999969482422,6794779.0,4,7,8,11270.150390625,5.1999969482421875
2020-08-10,241.0,246.35000610351562,238.5500030517578,245.1999969482422,6482292.0,0,10,8,11322.5,7.8000030517578125
2020-08-11,246.5,255.5,246.3000030517578,253.75,15124767.0,1,11,8,11308.400390625,9.199996948242188
2020-08-12,252.0,257.8999938964844,249.0500030517578,256.79998779296875,8055411.0,2,12,8,11300.4501953125,8.849990844726562
2020-08-13,258.1000061035156,264.0,255.85000610351562,258.6000061035156,14516343.0,3,13,8,11178.400390625,8.149993896484375
2020-08-14,259.0,267.29998779296875,257.54998779296875,265.3500061035156,13199058.0,4,14,8,11247.099609375,9.75
2020-08-17,266.8999938964844,271.25,263.20001220703125,269.6000061035156,10757867.0,0,17,8,11385.349609375,8.04998779296875
2020-08-18,270.6000061035156,279.20001220703125,267.3500061035156,277.1499938964844,10683637.0,1,18,8,11408.400390625,11.850006103515625
2020-08-19,278.0,279.8999938964844,274.20001220703125,278.54998779296875,10287297.0,2,19,8,11312.2001953125,5.699981689453125
2020-08-20,273.0,284.5,271.1499938964844,282.6499938964844,11325004.0,3,20,8,11371.599609375,13.350006103515625
2020-08-21,284.3500061035156,288.0,280.3500061035156,281.8999938964844,10884069.0,4,21,8,11466.4501953125,7.649993896484375
2020-08-24,284.1499938964844,287.25,282.6000061035156,285.75,9488675.0,0,24,8,11472.25,4.649993896484375
2020-08-25,286.54998779296875,287.25,280.1499938964844,284.8999938964844,7786996.0,1,25,8,11549.599609375,7.100006103515625
2020-08-26,285.5,286.8500061035156,283.1499938964844,286.20001220703125,5278515.0,2,26,8,11559.25,3.70001220703125
2020-08-27,285.3500061035156,290.75,283.79998779296875,289.29998779296875,5930824.0,3,27,8,11647.599609375,6.95001220703125
2020-08-28,285.5,289.75,280.04998779296875,280.70001220703125,11914490.0,4,28,8,11387.5,9.70001220703125
2020-08-31,281.0,281.75,268.45001220703125,269.79998779296875,19774467.0,0,31,8,11470.25,13.29998779296875
2020-09-01,269.79998779296875,288.5,269.04998779296875,286.79998779296875,13679100.0,1,1,9,11535.0,19.45001220703125
2020-09-02,288.5,294.0,285.04998779296875,293.0,11710711.0,2,2,9,11527.4501953125,8.95001220703125
2020-09-03,293.0,295.8500061035156,290.8500061035156,293.3999938964844,6425365.0,3,3,9,11333.849609375,5.0
2020-09-04,286.04998779296875,291.25,280.54998779296875,282.3500061035156,8442924.0,4,4,9,11355.0498046875,10.70001220703125
2020-09-07,281.0,287.75,278.8500061035156,286.5,8634438.0,0,7,9,11317.349609375,8.899993896484375
2020-09-08,286.0,288.3999938964844,278.3999938964844,281.1499938964844,7609074.0,1,8,9,11278.0,10.0
2020-09-09,273.20001220703125,288.5,272.45001220703125,286.8500061035156,14099247.0,2,9,9,11449.25,16.04998779296875
2020-09-10,289.3500061035156,290.25,278.45001220703125,285.3500061035156,9369826.0,3,10,9,11464.4501953125,11.79998779296875
2020-09-11,283.95001220703125,289.0,282.70001220703125,287.79998779296875,6485991.0,4,11,9,11440.0498046875,6.29998779296875
2020-09-14,287.1000061035156,293.95001220703125,285.6000061035156,289.8500061035156,7275752.0,0,14,9,11521.7998046875,8.350006103515625
2020-09-15,290.95001220703125,294.54998779296875,288.75,289.6000061035156,6682205.0,1,15,9,11604.5498046875,5.79998779296875
2020-09-16,289.0,291.70001220703125,286.29998779296875,288.6499938964844,6090447.0,2,16,9,11516.099609375,5.4000244140625
2020-09-17,286.0,288.79998779296875,283.1499938964844,286.8500061035156,5287608.0,3,17,9,11504.9501953125,5.649993896484375
2020-09-18,285.29998779296875,293.54998779296875,284.45001220703125,287.70001220703125,9911089.0,4,18,9,11250.5498046875,9.0999755859375
2020-09-21,289.3999938964844,290.29998779296875,270.04998779296875,271.29998779296875,7522304.0,0,21,9,11153.650390625,20.25
2020-09-22,269.29998779296875,275.1499938964844,262.70001220703125,271.8999938964844,13246981.0,1,22,9,11131.849609375,12.449981689453125
2020-09-23,274.8999938964844,274.8999938964844,263.6499938964844,268.20001220703125,8444204.0,2,23,9,10805.5498046875,11.25
2020-09-24,263.04998779296875,264.95001220703125,257.54998779296875,258.54998779296875,7984409.0,3,24,9,11050.25,7.4000244140625
2020-09-25,261.1000061035156,270.45001220703125,258.79998779296875,268.3500061035156,6842515.0,4,25,9,11227.5498046875,11.6500244140625
2020-09-28,270.95001220703125,278.79998779296875,269.1499938964844,277.0,5470078.0,0,28,9,11222.400390625,9.649993896484375
2020-09-29,277.0,286.79998779296875,276.04998779296875,284.1000061035156,11241924.0,1,29,9,11247.5498046875,10.75
2020-09-30,283.20001220703125,284.95001220703125,275.0,277.75,6288601.0,2,30,9,11416.9501953125,9.95001220703125
2020-10-01,281.45001220703125,286.6499938964844,278.25,282.04998779296875,4873599.0,3,1,10,11503.349609375,8.399993896484375
2020-10-05,284.29998779296875,292.0,282.45001220703125,290.1000061035156,9269669.0,0,5,10,11662.400390625,9.54998779296875
2020-10-06,292.75,295.0,286.70001220703125,291.3500061035156,9592838.0,1,6,10,11738.849609375,8.29998779296875
2020-10-07,290.0,293.79998779296875,287.20001220703125,291.45001220703125,8126574.0,2,7,10,11834.599609375,6.5999755859375
2020-10-08,291.5,298.3999938964844,287.6499938964844,292.95001220703125,11623030.0,3,8,10,11914.2001953125,10.75
2020-10-09,293.1499938964844,298.3500061035156,291.04998779296875,292.0,7301282.0,4,9,10,11930.9501953125,7.300018310546875
2020-10-12,294.8999938964844,294.8999938964844,279.3500061035156,285.1499938964844,10299644.0,0,12,10,11934.5,15.54998779296875
2020-10-13,285.0,291.1000061035156,283.95001220703125,289.95001220703125,7541780.0,1,13,10,11971.0498046875,7.149993896484375
2020-10-14,289.25,292.0,285.5,290.6499938964844,6525759.0,2,14,10,11680.349609375,6.5
2020-10-15,291.79998779296875,297.70001220703125,289.20001220703125,291.54998779296875,10662625.0,3,15,10,11762.4501953125,8.5
2020-10-16,291.5,312.45001220703125,290.75,311.04998779296875,19877043.0,4,16,10,11873.0498046875,21.70001220703125
2020-10-19,314.20001220703125,318.1000061035156,307.70001220703125,313.5,18883894.0,0,19,10,11896.7998046875,10.399993896484375
2020-10-20,310.0,319.79998779296875,308.6000061035156,318.70001220703125,10739805.0,1,20,10,11937.650390625,11.199981689453125
2020-10-21,320.75,324.29998779296875,314.75,322.95001220703125,11914326.0,2,21,10,11896.4501953125,9.54998779296875
2020-10-22,322.0,327.04998779296875,319.5,325.5,8493725.0,3,22,10,11930.349609375,7.54998779296875
2020-10-23,326.0,327.29998779296875,319.8999938964844,321.25,7400810.0,4,23,10,11767.75,7.399993896484375
2020-10-26,314.0,315.79998779296875,304.3500061035156,308.29998779296875,15424673.0,0,26,10,11889.400390625,11.449981689453125
2020-10-27,308.3500061035156,312.45001220703125,303.1499938964844,308.95001220703125,7123842.0,1,27,10,11729.599609375,9.300018310546875
2020-10-28,309.04998779296875,315.1499938964844,304.0,305.8500061035156,8888276.0,2,28,10,11670.7998046875,11.149993896484375
2020-10-29,302.79998779296875,308.54998779296875,299.6000061035156,306.79998779296875,6944768.0,3,29,10,11642.400390625,8.949981689453125
2020-10-30,306.5,312.8999938964844,304.0,309.0,7786860.0,4,30,10,11669.150390625,8.899993896484375
2020-11-02,311.45001220703125,312.0,306.54998779296875,309.3500061035156,7660136.0,0,2,11,11813.5,5.45001220703125
2020-11-03,311.8999938964844,316.1000061035156,311.0,314.75,5951181.0,1,3,11,11908.5,5.100006103515625
2020-11-04,314.75,318.70001220703125,311.75,317.8500061035156,7627927.0,2,4,11,12120.2998046875,6.95001220703125
2020-11-05,322.20001220703125,328.8999938964844,317.70001220703125,327.70001220703125,6640466.0,3,5,11,12263.5498046875,11.199981689453125
2020-11-06,326.8500061035156,330.6499938964844,322.29998779296875,326.45001220703125,6994007.0,4,6,11,12461.0498046875,8.350006103515625
2020-11-09,330.0,334.20001220703125,326.25,333.1000061035156,6297158.0,0,9,11,12631.099609375,7.95001220703125
2020-11-10,333.0,337.6499938964844,330.3500061035156,334.79998779296875,6004813.0,1,10,11,12749.150390625,7.29998779296875
2020-11-11,336.0,344.75,332.0,342.75,9211868.0,2,11,11,12690.7998046875,12.75
2020-11-12,343.75,344.3999938964844,335.0,338.0,5061012.0,3,12,11,12719.9501953125,9.399993896484375
2020-11-17,343.8999938964844,350.5,339.6000061035156,340.95001220703125,7389747.0,1,17,11,12938.25,10.899993896484375
2020-11-18,338.95001220703125,346.0,338.3500061035156,342.6000061035156,4844406.0,2,18,11,12771.7001953125,7.649993896484375
2020-11-19,339.8999938964844,346.3500061035156,329.1499938964844,331.20001220703125,7370265.0,3,19,11,12859.0498046875,17.20001220703125
2020-11-20,332.0,339.0,329.29998779296875,336.1499938964844,5918276.0,4,20,11,12926.4501953125,9.70001220703125
2020-11-23,338.25,342.29998779296875,336.0,337.75,4559744.0,0,23,11,13055.150390625,6.29998779296875
2020-11-24,338.8999938964844,342.25,334.1000061035156,340.8500061035156,5014303.0,1,24,11,12858.400390625,8.149993896484375
2020-11-25,343.5,345.8999938964844,337.0,338.25,6195795.0,2,25,11,12987.0,8.899993896484375
2020-11-26,338.5,362.20001220703125,336.0,359.20001220703125,10967276.0,3,26,11,12968.9501953125,26.20001220703125
2020-11-27,361.29998779296875,362.0,347.6499938964844,350.20001220703125,14338746.0,4,27,11,13109.0498046875,14.350006103515625
2020-12-01,354.5,359.0,351.8500061035156,358.1499938964844,6475456.0,1,1,12,13113.75,7.149993896484375
2020-12-02,357.0,370.75,356.04998779296875,368.3999938964844,11048627.0,2,2,12,13133.900390625,14.70001220703125
2020-12-03,370.0,374.29998779296875,367.70001220703125,370.8500061035156,7385497.0,3,3,12,13258.5498046875,6.5999755859375
2020-12-04,373.0,376.20001220703125,363.20001220703125,370.3999938964844,7570516.0,4,4,12,13355.75,13.0
2020-12-07,370.79998779296875,373.20001220703125,362.29998779296875,365.0,6085158.0,0,7,12,13392.9501953125,10.9000244140625
2020-12-08,366.5,367.20001220703125,357.54998779296875,362.6499938964844,5311652.0,1,8,12,13529.099609375,9.6500244140625
2020-12-09,368.0,368.25,359.1000061035156,361.8500061035156,6923848.0,2,9,12,13478.2998046875,9.149993896484375
2020-12-10,362.0,366.45001220703125,356.29998779296875,362.29998779296875,6429901.0,3,10,12,13513.849609375,10.1500244140625
2020-12-11,363.6000061035156,366.70001220703125,357.6000061035156,359.6499938964844,4518654.0,4,11,12,13558.150390625,9.100006103515625
2020-12-14,363.95001220703125,364.8999938964844,356.29998779296875,357.5,4927085.0,0,14,12,13567.849609375,8.600006103515625
2020-12-15,358.0,367.0,353.5,365.8999938964844,5978528.0,1,15,12,13682.7001953125,13.5
2020-12-16,370.0,372.5,364.5,370.6000061035156,7762252.0,2,16,12,13740.7001953125,8.0
2020-12-17,369.95001220703125,373.3500061035156,364.04998779296875,366.20001220703125,4501529.0,3,17,12,13760.5498046875,9.300018310546875
2020-12-18,368.29998779296875,368.95001220703125,357.70001220703125,364.20001220703125,5666541.0,4,18,12,13328.400390625,11.25
2020-12-21,361.6000061035156,368.3999938964844,344.0,353.5,7345501.0,0,21,12,13466.2998046875,24.399993896484375
2020-12-22,353.75,364.0,346.1499938964844,361.95001220703125,7273802.0,1,22,12,13601.099609375,17.850006103515625
2020-12-23,361.0,367.70001220703125,357.75,366.8500061035156,4499725.0,2,23,12,13749.25,9.95001220703125
2020-12-24,367.8999938964844,378.95001220703125,365.0,366.25,8104991.0,3,24,12,13873.2001953125,13.95001220703125
2020-12-28,369.70001220703125,389.0,368.79998779296875,386.6000061035156,11720459.0,0,28,12,13932.599609375,20.20001220703125
2020-12-29,389.6499938964844,389.6499938964844,378.1000061035156,381.79998779296875,8144640.0,1,29,12,13981.9501953125,11.54998779296875
2020-12-30,382.79998779296875,387.8999938964844,378.6499938964844,386.1000061035156,4637174.0,2,30,12,13981.75,9.25
2021-01-01,387.25,391.5,384.6000061035156,389.70001220703125,4461761.0,4,1,1,14132.900390625,6.899993896484375
2021-01-04,392.0,405.1000061035156,391.1000061035156,403.1000061035156,8872723.0,0,4,1,14199.5,14.0
2021-01-05,400.0,401.0,391.6000061035156,395.25,6190435.0,1,5,1,14146.25,9.399993896484375
2021-01-06,397.20001220703125,407.3500061035156,395.75,401.70001220703125,7910567.0,2,6,1,14137.349609375,11.600006103515625
2021-01-07,404.0,413.1000061035156,403.1499938964844,405.3999938964844,10231006.0,3,7,1,14347.25,9.95001220703125
2021-01-08,410.29998779296875,410.45001220703125,398.5,402.8500061035156,7559664.0,4,8,1,14484.75,11.95001220703125
2021-01-11,402.8500061035156,404.95001220703125,392.6499938964844,399.04998779296875,4822618.0,0,11,1,14563.4501953125,12.300018310546875
2021-01-12,398.95001220703125,412.95001220703125,397.04998779296875,399.54998779296875,6708618.0,1,12,1,14564.849609375,15.9000244140625
2021-01-13,401.54998779296875,407.3999938964844,394.1499938964844,402.95001220703125,6885599.0,2,13,1,14595.599609375,13.25
2021-01-14,404.3500061035156,405.6499938964844,394.0,396.3999938964844,4886430.0,3,14,1,14433.7001953125,11.649993896484375
2021-01-15,398.0,402.54998779296875,391.20001220703125,394.20001220703125,7329969.0,4,15,1,14281.2998046875,11.3499755859375
2021-01-18,393.5,394.0,375.5,383.1000061035156,10605461.0,0,18,1,14521.150390625,18.5
2021-01-19,386.20001220703125,397.75,381.6000061035156,395.3999938964844,5842513.0,1,19,1,14644.7001953125,16.149993896484375
2021-01-20,395.0,402.8999938964844,393.45001220703125,400.8999938964844,5604951.0,2,20,1,14590.349609375,9.449981689453125
2021-01-21,402.5,405.0,388.95001220703125,393.29998779296875,7085945.0,3,21,1,14371.900390625,16.04998779296875
2021-01-22,396.0,397.45001220703125,372.20001220703125,375.3999938964844,8779405.0,4,22,1,14238.900390625,25.25
2021-01-25,388.0,394.95001220703125,371.45001220703125,382.45001220703125,17874949.0,0,25,1,13967.5,23.5
2021-01-27,380.6000061035156,382.0,371.54998779296875,376.25,8576326.0,2,27,1,13817.5498046875,10.45001220703125
2021-01-28,371.0,380.8500061035156,369.6000061035156,376.29998779296875,6969457.0,3,28,1,13634.599609375,11.25
2021-01-29,382.04998779296875,382.54998779296875,363.20001220703125,366.8500061035156,7981367.0,4,29,1,14281.2001953125,19.3499755859375
2021-02-01,366.5,384.3999938964844,363.6499938964844,380.8500061035156,6141212.0,0,1,2,14647.849609375,20.75
2021-02-02,384.6499938964844,391.70001220703125,376.70001220703125,389.0,7450391.0,1,2,2,14789.9501953125,15.0
2021-02-03,386.20001220703125,398.45001220703125,384.70001220703125,392.8999938964844,6063017.0,2,3,2,14895.650390625,13.75
2021-02-04,392.8999938964844,402.0,390.45001220703125,400.29998779296875,6283280.0,3,4,2,14924.25,11.54998779296875
2021-02-05,403.0,406.6000061035156,389.1499938964844,402.20001220703125,9008833.0,4,5,2,15115.7998046875,17.45001220703125
2021-02-08,404.54998779296875,419.25,401.20001220703125,417.6499938964844,9008722.0,0,8,2,15109.2998046875,18.04998779296875
2021-02-09,417.0,420.0,401.8500061035156,406.45001220703125,7961747.0,1,9,2,15106.5,18.149993896484375
2021-02-10,410.0,413.95001220703125,400.0,410.75,8008124.0,2,10,2,15173.2998046875,13.95001220703125
2021-02-11,408.20001220703125,415.5,404.95001220703125,408.8500061035156,3598146.0,3,11,2,15163.2998046875,10.54998779296875
2021-02-12,407.8500061035156,410.8999938964844,402.6000061035156,403.79998779296875,4667663.0,4,12,2,15314.7001953125,8.29998779296875
2021-02-15,405.1000061035156,407.8500061035156,401.0,403.70001220703125,4678133.0,0,15,2,15313.4501953125,6.850006103515625
2021-02-16,403.70001220703125,421.8999938964844,403.70001220703125,407.6499938964844,10594928.0,1,16,2,15208.900390625,18.199981689453125
2021-02-17,406.3500061035156,411.0,401.0,408.70001220703125,5486323.0,2,17,2,15118.9501953125,10.0
2021-02-18,410.0,414.75,406.0,407.6499938964844,5889983.0,3,18,2,14981.75,8.75
2021-02-19,408.1000061035156,408.3999938964844,390.95001220703125,395.6499938964844,4527644.0,4,19,2,14675.7001953125,17.449981689453125
2021-02-22,396.1499938964844,413.8500061035156,396.1499938964844,406.1000061035156,9371697.0,0,22,2,14707.7998046875,17.70001220703125
2021-02-23,410.0,416.20001220703125,406.1000061035156,412.6000061035156,8127742.0,1,23,2,14982.0,10.100006103515625
2021-02-24,415.0,426.6000061035156,400.0,408.1000061035156,10570509.0,2,24,2,15097.349609375,26.600006103515625
2021-02-25,411.0,425.0,410.0,421.75,9051315.0,3,25,2,14529.150390625,15.0
2021-02-26,412.04998779296875,421.29998779296875,392.04998779296875,395.45001220703125,11433748.0,4,26,2,14761.5498046875,29.25
2021-03-01,402.6000061035156,408.45001220703125,393.3500061035156,405.1000061035156,5834233.0,0,1,3,14919.099609375,15.100006103515625
2021-03-02,406.79998779296875,414.95001220703125,401.0,413.29998779296875,5055665.0,1,2,3,15245.599609375,13.95001220703125
2021-03-03,415.29998779296875,435.0,415.29998779296875,428.1499938964844,11903775.0,2,3,3,15080.75,19.70001220703125
2021-03-04,415.1000061035156,421.3999938964844,411.04998779296875,414.1000061035156,8655068.0,3,4,3,14938.099609375,10.350006103515625
2021-03-05,414.1000061035156,414.1000061035156,402.5,406.3999938964844,7045618.0,4,5,3,14956.2001953125,11.600006103515625
2021-03-08,411.95001220703125,415.5,406.5,407.8500061035156,4176709.0,0,8,3,15098.400390625,9.0
2021-03-09,412.0,414.75,396.79998779296875,401.6000061035156,5477847.0,1,9,3,15174.7998046875,17.95001220703125
2021-03-10,406.54998779296875,415.29998779296875,403.5,414.0,6536253.0,2,10,3,15030.9501953125,11.79998779296875
2021-03-12,418.1499938964844,428.45001220703125,414.0,418.75,13448994.0,4,12,3,14929.5,14.45001220703125
2021-03-15,422.8999938964844,431.75,414.8999938964844,429.6499938964844,10146575.0,0,15,3,14910.4501953125,16.850006103515625
2021-03-16,433.95001220703125,433.95001220703125,419.3500061035156,425.95001220703125,8103798.0,1,16,3,14721.2998046875,14.600006103515625
2021-03-17,425.95001220703125,425.95001220703125,417.5,422.5,4738590.0,2,17,3,14557.849609375,8.45001220703125
2021-03-18,427.0,432.6499938964844,420.1000061035156,423.1499938964844,6837030.0,3,18,3,14744.0,12.54998779296875
2021-03-19,420.1000061035156,446.29998779296875,410.0,440.54998779296875,11116495.0,4,19,3,14736.400390625,36.29998779296875
2021-03-22,441.0,449.0,436.79998779296875,445.29998779296875,7010923.0,0,22,3,14814.75,12.20001220703125
2021-03-23,445.0,447.25,439.5,441.79998779296875,5066287.0,1,23,3,14549.400390625,7.75
2021-03-24,437.0,443.1499938964844,431.6000061035156,437.3500061035156,7803892.0,2,24,3,14324.900390625,11.54998779296875
2021-03-25,437.04998779296875,442.20001220703125,428.5,438.0,10870751.0,3,25,3,14507.2998046875,13.70001220703125
2021-03-26,443.6000061035156,452.25,436.20001220703125,445.20001220703125,12165673.0,4,26,3,14845.099609375,16.04998779296875
2021-03-30,455.0,470.20001220703125,452.20001220703125,467.45001220703125,17645414.0,1,30,3,14690.7001953125,18.0
2021-03-31,467.3500061035156,473.79998779296875,461.29998779296875,468.45001220703125,7635784.0,2,31,3,14867.349609375,12.5
2021-04-01,470.54998779296875,512.9500122070312,470.0,508.75,35736230.0,3,1,4,14637.7998046875,42.95001220703125
2021-04-05,513.5,522.0,503.20001220703125,517.5,29711225.0,0,5,4,14683.5,18.79998779296875
2021-04-06,523.0,541.2999877929688,520.6500244140625,537.4500122070312,26533367.0,1,6,4,14819.0498046875,20.64996337890625
2021-04-07,539.25,566.4500122070312,533.2000122070312,562.2999877929688,20024702.0,2,7,4,14873.7998046875,33.25
2021-04-08,572.0,639.0,563.25,614.0999755859375,72006147.0,3,8,4,14834.849609375,75.75
2021-04-09,618.0,630.8499755859375,598.0,621.0,51062079.0,4,9,4,14310.7998046875,32.8499755859375
2021-04-12,609.0,621.75,597.4000244140625,604.1500244140625,27047004.0,0,12,4,14504.7998046875,24.3499755859375
2021-04-13,607.0,632.7999877929688,604.0,630.3499755859375,26091257.0,1,13,4,14581.4501953125,28.79998779296875
2021-04-15,638.0,644.0,616.0,629.0999755859375,24006650.0,3,15,4,14617.849609375,28.0
2021-04-16,631.9000244140625,635.9000244140625,616.9500122070312,619.4000244140625,14389029.0,4,16,4,14359.4501953125,18.95001220703125
2021-04-19,600.0,625.5,595.0999755859375,615.7999877929688,17044636.0,0,19,4,14296.400390625,30.4000244140625
2021-04-20,622.7999877929688,630.0,613.4000244140625,620.5999755859375,13626064.0,1,20,4,14406.150390625,16.5999755859375
2021-04-22,615.7000122070312,651.0,611.5999755859375,640.75,22859059.0,3,22,4,14341.349609375,39.4000244140625
2021-04-23,641.0,652.7999877929688,625.8499755859375,635.4000244140625,17931094.0,4,23,4,14485.0,26.95001220703125
2021-04-26,642.0,660.7000122070312,638.25,655.7999877929688,16506538.0,0,26,4,14653.0498046875,22.45001220703125
2021-04-27,660.6500244140625,670.3499755859375,658.0,665.9000244140625,15799458.0,1,27,4,14864.5498046875,12.3499755859375
2021-04-28,669.75,676.0,650.6500244140625,662.6500244140625,15558949.0,2,28,4,14894.900390625,25.3499755859375
2021-04-29,672.0,728.9000244140625,668.0499877929688,726.5,56816962.0,3,29,4,14631.099609375,60.85003662109375
2021-04-30,719.5999755859375,740.0,711.4500122070312,717.8499755859375,36449711.0,4,30,4,14634.150390625,28.54998779296875
2021-05-03,714.0,730.0,710.5999755859375,723.25,16906171.0,0,3,5,14496.5,19.4000244140625
2021-05-04,727.9500122070312,737.5,711.25,715.4000244140625,13790054.0,1,4,5,14617.849609375,26.25
2021-05-05,723.0,733.0,713.0999755859375,717.7000122070312,12284261.0,2,5,5,14724.7998046875,19.9000244140625
2021-05-06,721.2999877929688,742.0,718.0,729.7999877929688,18365325.0,3,6,5,14823.150390625,24.0
2021-05-07,738.0,766.7000122070312,736.75,756.9500122070312,26586556.0,4,7,5,14942.349609375,29.95001220703125
2021-05-10,765.9000244140625,773.0,756.0499877929688,758.6500244140625,15105182.0,0,10,5,14850.75,16.95001220703125
2021-05-11,741.0,754.7999877929688,730.5499877929688,734.25,16277517.0,1,11,5,14696.5,24.25
2021-05-12,740.0,741.9000244140625,700.0,707.9000244140625,14410802.0,2,12,5,14677.7998046875,41.9000244140625
2021-05-14,709.9500122070312,721.5,679.0499877929688,707.0999755859375,26344309.0,4,14,5,14923.150390625,42.45001220703125
2021-05-17,707.9000244140625,722.4000244140625,694.0499877929688,714.4000244140625,12706884.0,0,17,5,15108.099609375,28.35003662109375
2021-05-18,723.8499755859375,731.0999755859375,711.8499755859375,717.4500122070312,9477286.0,1,18,5,15030.150390625,19.25
2021-05-19,713.0499877929688,720.3499755859375,704.0999755859375,705.8499755859375,6562006.0,2,19,5,14906.0498046875,16.25
2021-05-20,698.0,703.4000244140625,683.2000122070312,694.5,10104850.0,3,20,5,15175.2998046875,20.20001220703125
2021-05-21,701.3499755859375,705.9000244140625,695.0,698.2000122070312,7340528.0,4,21,5,15197.7001953125,10.9000244140625
2021-05-24,697.0,697.0,671.9000244140625,681.4500122070312,22332409.0,0,24,5,15208.4501953125,25.0999755859375
2021-05-25,689.0,714.5,688.0499877929688,700.7999877929688,22058890.0,1,25,5,15301.4501953125,26.45001220703125
2021-05-26,686.2999877929688,691.0,673.5499877929688,682.2000122070312,18721303.0,2,26,5,15337.849609375,17.45001220703125
2021-05-27,684.9000244140625,694.3499755859375,678.0,681.8499755859375,15110958.0,3,27,5,15435.650390625,16.3499755859375
2021-05-28,697.7999877929688,708.7999877929688,686.2000122070312,689.7999877929688,12698590.0,4,28,5,15582.7998046875,22.5999755859375
2021-05-31,694.0,714.2000122070312,685.9500122070312,710.9000244140625,11685565.0,0,31,5,15574.849609375,28.25
2021-06-01,716.5,716.9500122070312,687.5,694.5,14156453.0,1,1,6,15576.2001953125,29.45001220703125
2021-06-02,697.0,709.0499877929688,696.5499877929688,706.0499877929688,9653111.0,2,2,6,15690.349609375,12.5
2021-06-03,710.0,720.8499755859375,703.0499877929688,714.0999755859375,8329454.0,3,3,6,15670.25,17.79998779296875
2021-06-04,708.0499877929688,726.0,703.0499877929688,721.2000122070312,9653847.0,4,4,6,15751.650390625,22.95001220703125
2021-06-07,722.5999755859375,730.75,712.7999877929688,715.75,6872666.0,0,7,6,15740.099609375,17.95001220703125
2021-06-08,714.2999877929688,714.2999877929688,692.0,707.5,8230750.0,1,8,6,15635.349609375,22.29998779296875
2021-06-09,705.0,713.3499755859375,693.5499877929688,697.8499755859375,6922786.0,2,9,6,15737.75,19.79998779296875
2021-06-10,701.2999877929688,719.0,700.0,705.7999877929688,8543092.0,3,10,6,15799.349609375,19.0
2021-06-11,714.0,734.0999755859375,704.75,731.2000122070312,11372473.0,4,11,6,15811.849609375,29.3499755859375
2021-06-14,732.6500244140625,737.2000122070312,714.6500244140625,729.1500244140625,10470356.0,0,14,6,15869.25,22.54998779296875
2021-06-15,728.0,732.4000244140625,717.0,725.0999755859375,5124845.0,1,15,6,15767.5498046875,15.4000244140625
2021-06-16,720.0,728.9000244140625,703.5499877929688,705.4000244140625,9016464.0,2,16,6,15691.400390625,25.35003662109375
2021-06-17,702.0999755859375,711.0,693.4500122070312,696.3499755859375,5639158.0,3,17,6,15683.349609375,17.54998779296875
2021-06-18,695.5,696.4000244140625,656.0999755859375,670.5999755859375,13505600.0,4,18,6,15746.5,40.300048828125
2021-06-21,656.9000244140625,676.2999877929688,646.1500244140625,672.9500122070312,8187341.0,0,21,6,15772.75,30.14996337890625
2021-06-22,676.0,682.5,673.25,675.25,5398107.0,1,22,6,15686.9501953125,9.25
2021-06-23,679.0,685.0,664.1500244140625,665.5,6059813.0,2,23,6,15790.4501953125,20.8499755859375
2021-06-24,669.5999755859375,681.5,664.9000244140625,679.0,6985183.0,3,24,6,15860.349609375,16.5999755859375
2021-06-25,685.0,702.3499755859375,685.0,689.5,9066409.0,4,25,6,15814.7001953125,17.3499755859375
2021-06-28,692.9000244140625,701.3499755859375,682.75,695.3499755859375,5669654.0,0,28,6,15748.4501953125,18.5999755859375
2021-06-29,695.0,696.5,683.5999755859375,685.9000244140625,4377422.0,1,29,6,15721.5,12.9000244140625
2021-06-30,687.0499877929688,698.0,682.6500244140625,683.9000244140625,6112824.0,2,30,6,15680.0,15.3499755859375
2021-07-01,687.7999877929688,690.0,679.5999755859375,680.5499877929688,4133198.0,3,1,7,15722.2001953125,10.4000244140625
2021-07-02,681.0499877929688,682.9500122070312,667.5,671.2999877929688,5499982.0,4,2,7,15834.349609375,15.45001220703125
2021-07-05,673.0,675.0,664.4500122070312,672.75,5427717.0,0,5,7,15818.25,10.54998779296875
2021-07-06,672.75,681.7000122070312,669.4500122070312,673.1500244140625,4790854.0,1,6,7,15879.650390625,12.25
2021-07-07,671.7999877929688,694.0,669.0,690.4000244140625,8536360.0,2,7,7,15727.900390625,25.0
2021-07-08,688.0,691.4500122070312,666.6500244140625,668.25,7099529.0,3,8,7,15689.7998046875,24.79998779296875
2021-07-09,671.0,683.5999755859375,670.0,681.5499877929688,7814242.0,4,9,7,15692.599609375,13.5999755859375
2021-07-12,685.0,703.75,680.8499755859375,694.4500122070312,11632489.0,0,12,7,15812.349609375,22.9000244140625
2021-07-13,698.0,703.5,694.0,701.4000244140625,6832695.0,1,13,7,15853.9501953125,9.5
2021-07-14,704.0,705.8499755859375,694.2000122070312,700.4000244140625,5996797.0,2,14,7,15924.2001953125,11.64996337890625
2021-07-15,700.0,707.9500122070312,696.0499877929688,699.0999755859375,4735495.0,3,15,7,15923.400390625,11.9000244140625
2021-07-16,703.5,707.0,700.7000122070312,703.5999755859375,3590287.0,4,16,7,15752.400390625,6.29998779296875
2021-07-19,697.0,712.3499755859375,694.0,698.4000244140625,5377227.0,0,19,7,15632.099609375,18.3499755859375
2021-07-20,697.6500244140625,698.0,675.4000244140625,682.0,5829609.0,1,20,7,15824.0498046875,22.5999755859375
2021-07-22,689.9000244140625,722.5999755859375,689.0499877929688,716.5499877929688,9472817.0,3,22,7,15856.0498046875,33.54998779296875
2021-07-23,726.9000244140625,727.0,712.0,717.5499877929688,8731309.0,4,23,7,15824.4501953125,15.0
2021-07-26,729.5,729.5,701.0,704.5499877929688,14645713.0,0,26,7,15746.4501953125,28.5
2021-07-27,709.8499755859375,717.9000244140625,703.2999877929688,710.6500244140625,6840353.0,1,27,7,15709.400390625,14.60003662109375
2021-07-28,712.0,725.4000244140625,701.4500122070312,721.7000122070312,8329455.0,2,28,7,15778.4501953125,23.95001220703125
2021-07-29,725.5,758.0999755859375,723.0499877929688,748.4000244140625,18513875.0,3,29,7,15763.0498046875,35.04998779296875
2021-07-30,746.1500244140625,757.8499755859375,733.5499877929688,736.9500122070312,9971622.0,4,30,7,15885.150390625,24.29998779296875
2021-08-02,741.4000244140625,751.4500122070312,733.5,746.7000122070312,6971560.0,0,2,8,16130.75,17.95001220703125
2021-08-03,746.0,746.0,728.4000244140625,740.2999877929688,6939253.0,1,3,8,16258.7998046875,17.5999755859375
2021-08-04,741.0,754.0,736.4000244140625,747.25,6680733.0,2,4,8,16294.599609375,17.5999755859375
2021-08-05,747.25,765.4000244140625,740.5,763.25,8613347.0,3,5,8,16238.2001953125,24.9000244140625
2021-08-06,767.5,776.5,755.7000122070312,757.3499755859375,8973665.0,4,6,8,16258.25,20.79998779296875
2021-08-09,761.8499755859375,762.5,742.4500122070312,747.3499755859375,5119564.0,0,9,8,16280.099609375,20.04998779296875
2021-08-10,748.9000244140625,750.0,719.5999755859375,722.1500244140625,6382357.0,1,10,8,16282.25,30.4000244140625
2021-08-11,727.0,752.0,727.0,749.0999755859375,11909486.0,2,11,8,16364.400390625,25.0
2021-08-12,753.0499877929688,754.2999877929688,741.4000244140625,748.9000244140625,3506281.0,3,12,8,16529.099609375,12.89996337890625
2021-08-13,746.9000244140625,757.5499877929688,732.4000244140625,749.0499877929688,5611264.0,4,13,8,16563.05078125,25.14996337890625
2021-08-16,745.0,770.5999755859375,739.2000122070312,761.6500244140625,9095337.0,0,16,8,16614.599609375,31.39996337890625
2021-08-17,758.5999755859375,762.4500122070312,735.8499755859375,744.25,6482187.0,1,17,8,16568.849609375,26.60003662109375
2021-08-18,748.0,748.9000244140625,732.9000244140625,737.4500122070312,5905871.0,2,18,8,16450.5,16.0
2021-08-20,722.0,722.0,681.5,684.5999755859375,13126219.0,4,20,8,16496.44921875,40.5
2021-08-23,696.0,700.7000122070312,664.0,684.2000122070312,11781361.0,0,23,8,16624.599609375,36.70001220703125
2021-08-24,690.0999755859375,697.0,683.0,691.6500244140625,8283854.0,1,24,8,16634.650390625,14.0
2021-08-25,696.0,701.0,680.0,683.8499755859375,5539409.0,2,25,8,16636.900390625,21.0
2021-08-26,683.0,685.0,669.2999877929688,672.0,5659963.0,3,26,8,16705.19921875,15.70001220703125
2021-08-27,672.9000244140625,681.4000244140625,671.75,677.5,4978277.0,4,27,8,16931.05078125,9.6500244140625
