Date,Open,High,Low,Close,Volume,Day of Week,Day of Month,Month,NIFTY50,Range
2016-01-01,635.9749755859375,639.7249755859375,630.0,632.6749877929688,486818.0,4,1,1,7791.2998046875,9.7249755859375
2016-01-04,631.5,631.5,619.8499755859375,621.25,727368.0,0,4,1,7784.64990234375,11.6500244140625
2016-01-05,623.0,635.9500122070312,619.8499755859375,624.5999755859375,1466066.0,1,5,1,7741.0,16.10003662109375
2016-01-06,620.0499877929688,624.0999755859375,610.0,613.0750122070312,1178150.0,2,6,1,7568.2998046875,14.0999755859375
2016-01-07,609.5,609.5250244140625,587.5,598.7249755859375,1954754.0,3,7,1,7601.35009765625,22.0250244140625
2016-01-08,599.5,604.1749877929688,595.8499755859375,599.0,3530992.0,4,8,1,7563.85009765625,8.32501220703125
2016-01-11,594.0,594.0,577.0499877929688,581.2999877929688,2263750.0,0,11,1,7510.2998046875,16.95001220703125
2016-01-12,582.0,593.4749755859375,578.0250244140625,590.9500122070312,1162522.0,1,12,1,7562.39990234375,15.449951171875
2016-01-13,593.5499877929688,607.2249755859375,588.4500122070312,602.5250244140625,1652518.0,2,13,1,7536.7998046875,18.77496337890625
2016-01-14,596.5499877929688,599.9000244140625,576.2999877929688,594.2750244140625,1620082.0,3,14,1,7437.7998046875,23.60003662109375
2016-01-15,599.0,599.7750244140625,585.0,588.5999755859375,925828.0,4,15,1,7351.0,14.7750244140625
2016-01-18,586.8499755859375,593.5499877929688,578.0750122070312,582.8250122070312,1228894.0,0,18,1,7435.10009765625,15.4749755859375
2016-01-19,583.4000244140625,583.4000244140625,566.7750244140625,576.25,2012000.0,1,19,1,7309.2998046875,16.625
2016-01-20,569.0,580.2999877929688,550.5,575.375,2616840.0,2,20,1,7276.7998046875,29.79998779296875
2016-01-21,577.5,581.7000122070312,566.0999755859375,569.3499755859375,1634526.0,3,21,1,7422.4501953125,15.60003662109375
2016-01-22,571.25,602.5,570.4249877929688,599.4500122070312,1505188.0,4,22,1,7436.14990234375,32.07501220703125
2016-01-25,603.0,609.0250244140625,587.0999755859375,589.1500244140625,1650040.0,0,25,1,7437.75,21.925048828125
2016-01-27,589.7000122070312,598.9000244140625,575.0999755859375,588.3499755859375,2116716.0,2,27,1,7424.64990234375,23.800048828125
2016-01-28,588.75,606.6749877929688,588.75,602.0750122070312,1347616.0,3,28,1,7563.5498046875,17.92498779296875
2016-01-29,606.0,620.0,601.1500244140625,616.625,2034158.0,4,29,1,7555.9501953125,18.8499755859375
2016-02-01,613.0,619.2000122070312,603.9249877929688,613.1749877929688,1027972.0,0,1,2,7455.5498046875,15.2750244140625
2016-02-02,613.9749755859375,620.6500244140625,600.0,603.3250122070312,1032894.0,1,2,2,7361.7998046875,20.6500244140625
2016-02-03,597.4000244140625,614.0,595.0,601.5,1042488.0,2,3,2,7404.0,19.0
2016-02-04,604.0,610.9500122070312,594.5,602.25,887888.0,3,4,2,7489.10009765625,16.45001220703125
2016-02-05,602.0,611.6500244140625,597.3250122070312,609.75,1290006.0,4,5,2,7387.25,14.32501220703125
2016-02-08,614.0,618.8499755859375,596.9500122070312,600.875,1042654.0,0,8,2,7298.2001953125,21.89996337890625
2016-02-09,595.5,608.4000244140625,589.0,591.5999755859375,759394.0,1,9,2,7215.7001953125,19.4000244140625
2016-02-10,590.0,600.9749755859375,580.7249755859375,591.1500244140625,1233280.0,2,10,2,6976.35009765625,20.25
2016-02-11,588.5,590.5,558.9749755859375,563.2999877929688,1382986.0,3,11,2,6980.9501953125,31.5250244140625
2016-02-12,563.25,589.2750244140625,545.625,582.625,4933968.0,4,12,2,7162.9501953125,43.6500244140625
2016-02-15,581.5,615.4749755859375,580.7999877929688,613.4000244140625,1493674.0,0,15,2,7048.25,34.67498779296875
2016-02-16,614.5,620.2000122070312,600.0750122070312,603.0250244140625,1198744.0,1,16,2,7108.4501953125,20.125
2016-02-17,604.0,604.0,592.75,600.2000122070312,1079510.0,2,17,2,7191.75,11.25
2016-02-18,606.25,611.4749755859375,594.1749877929688,606.7999877929688,1406810.0,3,18,2,7210.75,17.29998779296875
2016-02-19,605.0,624.4000244140625,600.7249755859375,615.125,1361338.0,4,19,2,7234.5498046875,23.675048828125
2016-02-22,616.0,624.5,615.9000244140625,618.5250244140625,1101500.0,0,22,2,7109.5498046875,8.5999755859375
2016-02-23,618.5,620.5499877929688,601.8499755859375,604.3499755859375,1709506.0,1,23,2,7018.7001953125,18.70001220703125
2016-02-24,600.0,612.0,597.3499755859375,609.2999877929688,1284148.0,2,24,2,6970.60009765625,14.6500244140625
2016-02-25,608.625,621.3250122070312,608.5250244140625,614.5250244140625,2585106.0,3,25,2,7029.75,12.79998779296875
2016-02-26,619.0,623.9249877929688,613.9749755859375,615.0250244140625,1777842.0,4,26,2,6987.0498046875,9.95001220703125
2016-02-29,612.0999755859375,634.5,607.5250244140625,614.0499877929688,3427866.0,0,29,2,7222.2998046875,26.9749755859375
2016-03-01,608.625,639.8499755859375,604.0499877929688,634.0499877929688,3171988.0,1,1,3,7368.85009765625,35.79998779296875
2016-03-02,635.0,635.0,594.8250122070312,599.5750122070312,4975766.0,2,2,3,7475.60009765625,40.17498779296875
2016-03-03,606.0,614.1500244140625,600.1749877929688,607.6749877929688,2128882.0,3,3,3,7485.35009765625,13.97503662109375
2016-03-04,607.5,614.5,605.2750244140625,608.1749877929688,1402812.0,4,4,3,7485.2998046875,9.2249755859375
2016-03-08,612.5,617.0,607.4749755859375,609.7000122070312,1459818.0,1,8,3,7531.7998046875,9.5250244140625
2016-03-09,607.4500122070312,619.0,605.5999755859375,617.7750244140625,1762268.0,2,9,3,7486.14990234375,13.4000244140625
2016-03-10,616.0,623.7000122070312,610.5,613.1749877929688,1316558.0,3,10,3,7510.2001953125,13.20001220703125
2016-03-11,609.2999877929688,617.8250122070312,608.0,610.25,1353850.0,4,11,3,7538.75,9.82501220703125
2016-03-14,615.0,617.9749755859375,602.5,606.0250244140625,1425720.0,0,14,3,7460.60009765625,15.4749755859375
2016-03-15,607.4500122070312,608.625,598.7999877929688,602.5250244140625,1281014.0,1,15,3,7498.75,9.82501220703125
2016-03-16,602.4500122070312,607.5,592.0,606.0499877929688,970990.0,2,16,3,7512.5498046875,15.5
2016-03-17,609.5499877929688,612.5,595.0,599.2249755859375,1315728.0,3,17,3,7604.35009765625,17.5
2016-03-18,600.0499877929688,613.5999755859375,597.5,611.2750244140625,1669452.0,4,18,3,7704.25,16.0999755859375
2016-03-21,614.5,615.0,608.0750122070312,613.9749755859375,986906.0,0,21,3,7714.89990234375,6.92498779296875
2016-03-22,615.0,632.9249877929688,611.0,626.5750122070312,1927934.0,1,22,3,7716.5,21.92498779296875
2016-03-23,627.5,630.9000244140625,621.1500244140625,624.6749877929688,1591314.0,2,23,3,7615.10009765625,9.75
2016-03-28,631.0,633.0,618.6500244140625,621.9249877929688,2335552.0,0,28,3,7597.0,14.3499755859375
2016-03-29,620.0999755859375,626.5999755859375,613.6749877929688,616.125,1942358.0,1,29,3,7735.2001953125,12.92498779296875
2016-03-30,622.0,624.4249877929688,607.8499755859375,609.875,3656452.0,2,30,3,7738.39990234375,16.57501220703125
2016-03-31,609.5,613.4000244140625,602.0,605.3499755859375,5135346.0,3,31,3,7713.0498046875,11.4000244140625
2016-04-01,603.3499755859375,603.7000122070312,594.0,597.5999755859375,4983622.0,4,1,4,7758.7998046875,9.70001220703125
2016-04-04,598.7249755859375,624.7000122070312,593.3499755859375,622.9500122070312,2898226.0,0,4,4,7603.2001953125,31.35003662109375
2016-04-05,622.9500122070312,623.875,607.0999755859375,607.8499755859375,981922.0,1,5,4,7614.35009765625,16.7750244140625
2016-04-06,610.0,618.4500122070312,607.2999877929688,610.1749877929688,1253168.0,2,6,4,7546.4501953125,11.1500244140625
2016-04-07,612.4500122070312,617.0,604.5,606.3250122070312,824062.0,3,7,4,7555.2001953125,12.5
2016-04-08,607.4500122070312,619.2999877929688,604.3499755859375,616.125,971094.0,4,8,4,7671.39990234375,14.95001220703125
2016-04-11,619.4500122070312,619.7000122070312,605.0250244140625,618.0,998468.0,0,11,4,7708.9501953125,14.67498779296875
2016-04-12,618.5,624.4000244140625,614.5499877929688,619.9749755859375,2127960.0,1,12,4,7850.4501953125,9.85003662109375
2016-04-13,627.0,674.875,625.5499877929688,666.2249755859375,5955162.0,2,13,4,7914.7001953125,49.32501220703125
2016-04-18,665.0,677.3499755859375,658.0499877929688,670.3250122070312,3446600.0,0,18,4,7914.75,19.29998779296875
2016-04-20,672.4749755859375,672.4749755859375,652.1500244140625,663.0250244140625,3542876.0,2,20,4,7912.0498046875,20.324951171875
2016-04-21,667.4749755859375,669.1749877929688,651.0750122070312,654.3250122070312,1693322.0,3,21,4,7899.2998046875,18.0999755859375
2016-04-22,655.0,667.5499877929688,651.3250122070312,663.0,1421344.0,4,22,4,7855.0498046875,16.2249755859375
2016-04-25,662.6500244140625,666.9749755859375,658.625,663.25,1211802.0,0,25,4,7962.64990234375,8.3499755859375
2016-04-26,667.0,683.0,664.0750122070312,676.9249877929688,2435670.0,1,26,4,7979.89990234375,18.92498779296875
2016-04-27,677.0,694.6749877929688,674.5999755859375,692.375,1671196.0,2,27,4,7847.25,20.07501220703125
2016-04-28,694.6749877929688,698.5,670.5,672.25,3997186.0,3,28,4,7849.7998046875,28.0
2016-04-29,672.0,672.8250122070312,659.1500244140625,665.4749755859375,1806098.0,4,29,4,7805.89990234375,13.67498779296875
2016-05-02,659.5,672.5,656.5999755859375,668.2750244140625,1204758.0,0,2,5,7747.0,15.9000244140625
2016-05-03,668.5,676.1500244140625,658.0,662.9249877929688,1916636.0,1,3,5,7706.5498046875,18.1500244140625
2016-05-04,662.9500122070312,664.9500122070312,653.0,660.5,1044784.0,2,4,5,7735.5,11.95001220703125
2016-05-05,662.5,665.5,653.125,660.4249877929688,1343540.0,3,5,5,7733.4501953125,12.375
2016-05-06,655.8499755859375,667.0,653.25,665.4000244140625,1092306.0,4,6,5,7866.0498046875,13.75
2016-05-09,665.5,678.25,665.4500122070312,674.7999877929688,1891170.0,0,9,5,7887.7998046875,12.79998779296875
2016-05-10,673.75,677.4749755859375,666.0,674.9500122070312,1346258.0,1,10,5,7848.85009765625,11.4749755859375
2016-05-11,669.0,675.5,656.0750122070312,674.0999755859375,2414330.0,2,11,5,7900.39990234375,19.42498779296875
2016-05-12,679.1749877929688,681.5999755859375,665.625,667.2000122070312,1287602.0,3,12,5,7814.89990234375,15.9749755859375
2016-05-13,665.5,665.7999877929688,651.0,656.375,1207170.0,4,13,5,7860.75,14.79998779296875
2016-05-16,660.0,660.0,652.75,658.1500244140625,1124564.0,0,16,5,7890.75,7.25
2016-05-17,661.5,675.7000122070312,659.25,670.9749755859375,1869828.0,1,17,5,7870.14990234375,16.45001220703125
2016-05-18,667.4500122070312,667.4500122070312,656.25,663.0,1679064.0,2,18,5,7783.39990234375,11.20001220703125
2016-05-19,663.0,664.6500244140625,652.75,655.5250244140625,1311608.0,3,19,5,7749.7001953125,11.9000244140625
2016-05-20,656.4000244140625,661.0250244140625,644.1500244140625,646.5499877929688,1558094.0,4,20,5,7731.0498046875,16.875
2016-05-23,650.5,650.5250244140625,640.0750122070312,642.4749755859375,732148.0,0,23,5,7748.85009765625,10.45001220703125
2016-05-24,635.875,651.4500122070312,629.625,647.4000244140625,1391044.0,1,24,5,7934.89990234375,21.82501220703125
2016-05-25,650.9500122070312,659.0,650.0,655.875,1755228.0,2,25,5,8069.64990234375,9.0
2016-05-26,658.9749755859375,674.9749755859375,653.0,669.5499877929688,2812820.0,3,26,5,8156.64990234375,21.9749755859375
2016-05-27,669.5,681.0,663.7750244140625,666.8499755859375,1473552.0,4,27,5,8178.5,17.2249755859375
2016-05-30,667.0,675.8499755859375,656.4000244140625,665.4249877929688,4824894.0,0,30,5,8160.10009765625,19.449951171875
2016-05-31,667.3499755859375,672.6500244140625,657.125,661.1500244140625,2957786.0,1,31,5,8179.9501953125,15.5250244140625
2016-06-01,664.5,674.5,663.125,666.875,1890434.0,2,1,6,8218.9501953125,11.375
2016-06-02,671.0,672.9249877929688,665.2999877929688,666.625,1523970.0,3,2,6,8220.7998046875,7.625
2016-06-03,672.5,679.2999877929688,671.375,677.0999755859375,3376508.0,4,3,6,8201.0498046875,7.92498779296875
2016-06-06,681.25,693.2999877929688,680.5250244140625,684.8499755859375,2434724.0,0,6,6,8266.4501953125,12.77496337890625
2016-06-07,687.5,693.4749755859375,686.5,688.9749755859375,3529094.0,1,7,6,8273.0498046875,6.9749755859375
2016-06-08,689.9749755859375,699.0,689.9749755859375,693.1500244140625,2266562.0,2,8,6,8203.599609375,9.0250244140625
2016-06-09,691.5,696.5999755859375,682.5999755859375,686.7000122070312,1386668.0,3,9,6,8170.0498046875,14.0
2016-06-10,684.375,702.4500122070312,681.7750244140625,687.9249877929688,2835080.0,4,10,6,8110.60009765625,20.67498779296875
2016-06-13,679.125,688.25,667.625,678.6749877929688,2380866.0,0,13,6,8108.85009765625,20.625
2016-06-14,680.5,683.4249877929688,674.5499877929688,677.7999877929688,1174906.0,1,14,6,8206.599609375,8.875
2016-06-15,679.0,684.4000244140625,675.0999755859375,677.7750244140625,1365592.0,2,15,6,8140.75,9.300048828125
2016-06-16,678.5,682.0999755859375,669.5999755859375,671.9749755859375,1998934.0,3,16,6,8170.2001953125,12.5
2016-06-17,675.1500244140625,679.9000244140625,669.5999755859375,672.0,1931630.0,4,17,6,8238.5,10.300048828125
2016-06-20,670.0250244140625,677.0,665.0250244140625,675.4249877929688,2144048.0,0,20,6,8219.900390625,11.9749755859375
2016-06-21,677.4000244140625,685.7999877929688,677.4000244140625,683.4249877929688,1986504.0,1,21,6,8203.7001953125,8.39996337890625
2016-06-22,682.9000244140625,690.375,674.5499877929688,679.75,1218652.0,2,22,6,8270.4501953125,15.82501220703125
2016-06-23,681.4249877929688,690.0250244140625,679.25,687.375,1998834.0,3,23,6,8088.60009765625,10.7750244140625
2016-06-24,669.0,698.9000244140625,657.5,694.4500122070312,2768948.0,4,24,6,8094.7001953125,41.4000244140625
2016-06-27,697.5750122070312,700.6500244140625,689.0,695.9000244140625,1746496.0,0,27,6,8127.85009765625,11.6500244140625
2016-06-28,695.0499877929688,707.0,693.4500122070312,704.2999877929688,2010980.0,1,28,6,8204.0,13.54998779296875
2016-06-29,707.25,712.9249877929688,704.0,708.875,2111922.0,2,29,6,8287.75,8.92498779296875
2016-06-30,715.5,718.5,707.75,714.9749755859375,4694178.0,3,30,6,8328.349609375,10.75
2016-07-01,716.5,737.4500122070312,716.25,731.5499877929688,2329862.0,4,1,7,8370.7001953125,21.20001220703125
2016-07-04,736.3499755859375,738.7249755859375,726.2249755859375,732.7000122070312,1728496.0,0,4,7,8335.9501953125,12.5
2016-07-05,736.3499755859375,742.0,727.6500244140625,729.8499755859375,970110.0,1,5,7,8337.900390625,14.3499755859375
2016-07-07,727.5,734.8499755859375,725.0,728.4000244140625,1597782.0,3,7,7,8323.2001953125,9.8499755859375
2016-07-08,727.9500122070312,732.75,723.5250244140625,726.7249755859375,1428498.0,4,8,7,8467.900390625,9.2249755859375
2016-07-11,733.9749755859375,739.7999877929688,730.5,735.9749755859375,1316600.0,0,11,7,8521.0498046875,9.29998779296875
2016-07-12,736.625,740.1500244140625,735.0250244140625,737.5750122070312,940948.0,1,12,7,8519.5,5.125
2016-07-13,737.0,740.0,730.125,732.2249755859375,1505342.0,2,13,7,8565.0,9.875
2016-07-14,727.7750244140625,730.5250244140625,714.8250122070312,723.625,1832622.0,3,14,7,8541.400390625,15.70001220703125
2016-07-15,728.9500122070312,742.5999755859375,724.5499877929688,732.4000244140625,2521152.0,4,15,7,8508.7001953125,18.04998779296875
2016-07-18,735.0,740.8499755859375,731.75,734.3499755859375,1474504.0,0,18,7,8528.5498046875,9.0999755859375
2016-07-19,734.0999755859375,737.5,721.5999755859375,728.2999877929688,1392118.0,1,19,7,8565.849609375,15.9000244140625
2016-07-20,732.0,735.875,729.0499877929688,730.7000122070312,1445068.0,2,20,7,8510.099609375,6.82501220703125
2016-07-21,726.0,727.9500122070312,714.5250244140625,717.4249877929688,2491952.0,3,21,7,8541.2001953125,13.42498779296875
2016-07-22,718.5,723.3250122070312,718.2999877929688,720.2750244140625,2033726.0,4,22,7,8635.650390625,5.0250244140625
2016-07-25,720.0,734.2000122070312,719.125,731.8250122070312,1919612.0,0,25,7,8590.650390625,15.07501220703125
2016-07-26,734.0,734.8499755859375,722.0999755859375,724.4749755859375,2004548.0,1,26,7,8615.7998046875,12.75
2016-07-27,725.2750244140625,731.9249877929688,718.0,726.9000244140625,1342568.0,2,27,7,8666.2998046875,13.92498779296875
2016-07-28,731.5,731.5,723.0750122070312,726.25,3059592.0,3,28,7,8638.5,8.42498779296875
2016-07-29,727.0,739.9500122070312,726.25,733.375,3784502.0,4,29,7,8636.5498046875,13.70001220703125
2016-08-01,736.4500122070312,746.875,728.0250244140625,735.0750122070312,2556022.0,0,1,8,8622.900390625,18.8499755859375
2016-08-02,740.0,744.3499755859375,725.9500122070312,728.9749755859375,1498848.0,1,2,8,8544.849609375,18.39996337890625
2016-08-03,730.8499755859375,734.9500122070312,720.2999877929688,723.25,1345026.0,2,3,8,8551.099609375,14.6500244140625
2016-08-04,729.9000244140625,732.4000244140625,715.5499877929688,717.8499755859375,1361794.0,3,4,8,8683.150390625,16.85003662109375
2016-08-05,722.25,745.0,722.0,742.0,1870776.0,4,5,8,8711.349609375,23.0
2016-08-08,747.5,752.625,736.875,748.9249877929688,3560014.0,0,8,8,8678.25,15.75
2016-08-09,753.5,754.4749755859375,733.9500122070312,740.375,1546836.0,1,9,8,8575.2998046875,20.52496337890625
2016-08-10,744.5,747.0,717.5,724.5750122070312,6602056.0,2,10,8,8592.150390625,29.5
2016-08-12,714.0,738.5,712.0250244140625,725.4249877929688,3848548.0,4,12,8,8642.5498046875,26.4749755859375
2016-08-16,726.125,730.6749877929688,715.6749877929688,721.8250122070312,3017988.0,1,16,8,8624.0498046875,15.0
2016-08-17,721.8250122070312,728.2249755859375,717.8250122070312,725.25,1181104.0,2,17,8,8673.25,10.39996337890625
2016-08-18,728.0499877929688,733.7249755859375,726.375,730.125,1371966.0,3,18,8,8666.900390625,7.3499755859375
2016-08-19,731.0,734.2000122070312,725.7999877929688,729.4749755859375,1527874.0,4,19,8,8629.150390625,8.4000244140625
2016-08-22,730.2000122070312,730.9749755859375,717.5250244140625,721.7750244140625,1207950.0,0,22,8,8632.599609375,13.449951171875
2016-08-23,723.9500122070312,724.375,715.5,721.3499755859375,900824.0,1,23,8,8650.2998046875,8.875
2016-08-24,721.4249877929688,725.7999877929688,716.0999755859375,717.4249877929688,1003038.0,2,24,8,8592.2001953125,9.70001220703125
2016-08-25,722.5,722.5,704.0,706.9249877929688,1965574.0,3,25,8,8572.5498046875,18.5
2016-08-26,709.4500122070312,716.125,707.5999755859375,712.4249877929688,1336100.0,4,26,8,8607.4501953125,8.5250244140625
2016-08-29,714.0,714.4000244140625,706.75,711.2000122070312,1113022.0,0,29,8,8744.349609375,7.6500244140625
2016-08-30,713.9749755859375,719.4749755859375,712.5,718.0,2720064.0,1,30,8,8786.2001953125,6.9749755859375
2016-08-31,721.0,724.1749877929688,715.2249755859375,718.2999877929688,2587538.0,2,31,8,8774.650390625,8.95001220703125
2016-09-01,719.5,732.5,719.0250244140625,726.7750244140625,2331330.0,3,1,9,8809.650390625,13.4749755859375
2016-09-02,730.0,738.0,717.7999877929688,736.7999877929688,2816632.0,4,2,9,8943.0,20.20001220703125
2016-09-06,740.0,747.5,739.5499877929688,744.9249877929688,2300042.0,1,6,9,8917.9501953125,7.95001220703125
2016-09-07,747.5,750.0,740.375,744.375,1940376.0,2,7,9,8952.5,9.625
2016-09-08,747.0,750.0,741.2750244140625,746.0499877929688,1721426.0,3,8,9,8866.7001953125,8.7249755859375
2016-09-09,747.0250244140625,748.5,730.4500122070312,736.2249755859375,1298158.0,4,9,9,8715.599609375,18.04998779296875
2016-09-12,728.25,729.0,708.0,712.9749755859375,1374956.0,0,12,9,8726.599609375,21.0
2016-09-14,716.2000122070312,716.2000122070312,702.9000244140625,705.7750244140625,2284122.0,2,14,9,8742.5498046875,13.29998779296875
2016-09-15,709.4500122070312,711.5499877929688,697.7750244140625,703.125,1365672.0,3,15,9,8779.849609375,13.77496337890625
2016-09-16,706.0,715.5999755859375,700.5250244140625,703.3250122070312,1548846.0,4,16,9,8808.400390625,15.074951171875
2016-09-19,708.9500122070312,714.75,703.5,708.5,1107456.0,0,19,9,8775.900390625,11.25
2016-09-20,711.5,713.3250122070312,702.75,704.9249877929688,1226474.0,1,20,9,8777.150390625,10.57501220703125
2016-09-21,704.0,712.9749755859375,700.5999755859375,703.4500122070312,2095174.0,2,21,9,8867.4501953125,12.375
2016-09-22,710.0,711.25,704.0999755859375,706.7999877929688,1936070.0,3,22,9,8831.5498046875,7.1500244140625
2016-09-23,709.4500122070312,713.5,703.5250244140625,705.0499877929688,1472766.0,4,23,9,8723.0498046875,9.9749755859375
2016-09-26,705.0499877929688,705.0499877929688,688.0,690.0999755859375,1781186.0,0,26,9,8706.400390625,17.04998779296875
2016-09-27,690.0,695.375,684.3250122070312,685.8499755859375,1958762.0,1,27,9,8745.150390625,11.04998779296875
2016-09-28,687.8250122070312,694.9500122070312,685.0,688.375,2085302.0,2,28,9,8591.25,9.95001220703125
2016-09-29,693.4500122070312,707.9749755859375,679.1749877929688,682.2000122070312,5270206.0,3,29,9,8611.150390625,28.79998779296875
2016-09-30,685.25,707.6749877929688,675.0,702.8499755859375,2137750.0,4,30,9,8738.099609375,32.67498779296875
2016-10-03,706.5,726.0,700.0250244140625,721.9249877929688,3603220.0,0,3,10,8769.150390625,25.9749755859375
2016-10-04,725.25,727.375,705.5,707.6749877929688,3167876.0,1,4,10,8743.9501953125,21.875
2016-10-05,712.9500122070312,712.9500122070312,697.4000244140625,699.5999755859375,2300598.0,2,5,10,8709.5498046875,15.54998779296875
2016-10-06,703.9500122070312,703.9500122070312,682.75,686.4500122070312,2127622.0,3,6,10,8697.599609375,21.20001220703125
2016-10-07,687.5,694.0,685.0,687.0,1374730.0,4,7,10,8708.7998046875,9.0
2016-10-10,689.0499877929688,694.0,687.4749755859375,688.4500122070312,729386.0,0,10,10,8573.349609375,6.5250244140625
2016-10-13,680.0250244140625,692.4500122070312,676.5,684.875,1654226.0,3,13,10,8583.400390625,15.95001220703125
2016-10-14,688.5,688.5,676.5499877929688,678.5499877929688,1595846.0,4,14,10,8520.400390625,11.95001220703125
2016-10-17,679.8499755859375,680.2000122070312,654.0250244140625,656.5499877929688,1865522.0,0,17,10,8677.900390625,26.17498779296875
2016-10-18,660.2000122070312,667.4500122070312,658.7750244140625,666.6749877929688,1576968.0,1,18,10,8659.099609375,8.67498779296875
2016-10-19,669.3499755859375,669.3499755859375,656.0250244140625,663.9500122070312,2310602.0,2,19,10,8699.400390625,13.324951171875
2016-10-20,665.0,671.8499755859375,661.5,663.7000122070312,1040256.0,3,20,10,8693.0498046875,10.3499755859375
2016-10-21,663.4500122070312,665.0,660.2000122070312,663.375,812896.0,4,21,10,8708.9501953125,4.79998779296875
2016-10-24,664.25,671.5999755859375,660.1749877929688,669.625,1778610.0,0,24,10,8691.2998046875,11.42498779296875
2016-10-25,670.0,670.4249877929688,649.6500244140625,651.9500122070312,2905508.0,1,25,10,8615.25,20.77496337890625
2016-10-26,650.0499877929688,662.5,646.3250122070312,654.4749755859375,1250544.0,2,26,10,8615.25,16.17498779296875
2016-10-27,655.0,658.0499877929688,646.5,649.875,1908564.0,3,27,10,8638.0,11.54998779296875
2016-10-28,649.0,657.4249877929688,645.0,655.9000244140625,1498016.0,4,28,10,8626.25,12.42498779296875
2016-11-01,660.4500122070312,668.9000244140625,652.0,663.1749877929688,1854896.0,1,1,11,8514.0,16.9000244140625
2016-11-02,659.5,693.25,653.25,684.6500244140625,6050492.0,2,2,11,8484.9501953125,40.0
2016-11-03,680.5250244140625,687.7750244140625,676.5,680.4749755859375,2224808.0,3,3,11,8433.75,11.2750244140625
2016-11-04,680.0,696.0,673.125,686.1749877929688,3198050.0,4,4,11,8497.0498046875,22.875
2016-11-07,692.0,696.6749877929688,685.2999877929688,688.9749755859375,2123570.0,0,7,11,8543.5498046875,11.375
2016-11-08,692.0,694.2999877929688,683.5250244140625,692.2999877929688,884762.0,1,8,11,8432.0,10.77496337890625
2016-11-09,657.0,679.5,626.9249877929688,666.6749877929688,3743020.0,2,9,11,8525.75,52.57501220703125
2016-11-10,678.9749755859375,689.2249755859375,655.0,660.6500244140625,2512840.0,3,10,11,8296.2998046875,34.2249755859375
2016-11-11,650.0,658.5,615.7999877929688,620.0999755859375,4555506.0,4,11,11,8108.4501953125,42.70001220703125
2016-11-15,621.0,628.9749755859375,584.625,619.1500244140625,4130936.0,1,15,11,8111.60009765625,44.3499755859375
2016-11-16,626.0,639.1749877929688,609.7750244140625,618.6749877929688,2696932.0,2,16,11,8079.9501953125,29.39996337890625
2016-11-17,615.0,622.5,605.5,609.8250122070312,1058432.0,3,17,11,8074.10009765625,17.0
2016-11-18,611.125,623.5,610.5,619.9249877929688,1094450.0,4,18,11,7929.10009765625,13.0
2016-11-21,622.2249755859375,622.8499755859375,595.0,599.7000122070312,1510636.0,0,21,11,8002.2998046875,27.8499755859375
2016-11-22,605.0,611.7999877929688,592.5,609.5499877929688,1287998.0,1,22,11,8033.2998046875,19.29998779296875
2016-11-23,612.4749755859375,613.25,593.5499877929688,595.9000244140625,1161412.0,2,23,11,7965.5,19.70001220703125
2016-11-24,594.0,599.9000244140625,579.0,581.8499755859375,3266868.0,3,24,11,8114.2998046875,20.9000244140625
2016-11-25,584.9500122070312,589.25,576.625,586.5,1527176.0,4,25,11,8126.89990234375,12.625
2016-11-28,587.5,591.9749755859375,578.0,581.25,1327884.0,0,28,11,8142.14990234375,13.9749755859375
2016-11-29,580.5,600.5,580.0250244140625,592.9249877929688,2076356.0,1,29,11,8224.5,20.4749755859375
2016-11-30,596.0,598.9500122070312,590.2750244140625,592.5499877929688,1876180.0,2,30,11,8192.900390625,8.67498779296875
2016-12-01,595.0,597.0,578.4500122070312,580.0499877929688,1331604.0,3,1,12,8086.7998046875,18.54998779296875
2016-12-02,579.0,582.0,570.8250122070312,572.7750244140625,2193510.0,4,2,12,8128.75,11.17498779296875
2016-12-05,578.9249877929688,592.7999877929688,575.0,590.6500244140625,1325654.0,0,5,12,8143.14990234375,17.79998779296875
2016-12-06,593.0,596.2249755859375,586.0250244140625,587.7000122070312,1087404.0,1,6,12,8102.0498046875,10.199951171875
2016-12-07,591.4500122070312,597.9500122070312,585.0,591.0,1875400.0,2,7,12,8246.849609375,12.95001220703125
2016-12-08,593.5,607.0999755859375,593.5,604.5999755859375,1803138.0,3,8,12,8261.75,13.5999755859375
2016-12-09,609.5,609.5,591.5,594.1749877929688,1954666.0,4,9,12,8170.7998046875,18.0
2016-12-12,593.5999755859375,597.7000122070312,581.0999755859375,582.7999877929688,1082646.0,0,12,12,8221.7998046875,16.60003662109375
2016-12-13,582.0,587.25,576.5499877929688,583.7000122070312,1501832.0,1,13,12,8182.4501953125,10.70001220703125
2016-12-14,587.4000244140625,592.0,579.5250244140625,586.9749755859375,1104776.0,2,14,12,8153.60009765625,12.4749755859375
2016-12-15,585.0,598.4000244140625,583.0499877929688,593.2750244140625,1923330.0,3,15,12,8139.4501953125,15.35003662109375
2016-12-16,592.5,594.4749755859375,583.9500122070312,590.5,1602460.0,4,16,12,8104.35009765625,10.52496337890625
2016-12-19,591.6500244140625,594.9000244140625,586.0,588.5250244140625,1482614.0,0,19,12,8082.39990234375,8.9000244140625
2016-12-20,589.0499877929688,593.0250244140625,585.0,589.2999877929688,1064722.0,1,20,12,8061.2998046875,8.0250244140625
2016-12-21,593.0,602.3499755859375,587.5,595.2249755859375,1676032.0,2,21,12,7979.10009765625,14.8499755859375
2016-12-22,593.5,596.4500122070312,586.5250244140625,591.7999877929688,1711402.0,3,22,12,7985.75,9.92498779296875
2016-12-23,585.5,590.9000244140625,577.5,585.7999877929688,1540542.0,4,23,12,7908.25,13.4000244140625
2016-12-26,586.0,586.5,572.875,574.3499755859375,2124360.0,0,26,12,8032.85009765625,13.625
2016-12-27,574.5,585.7249755859375,570.7000122070312,583.625,1161856.0,1,27,12,8034.85009765625,15.02496337890625
2016-12-28,585.5499877929688,592.4500122070312,585.0,587.0499877929688,2138830.0,2,28,12,8103.60009765625,7.45001220703125
2016-12-29,588.9000244140625,589.5,584.1749877929688,587.4749755859375,1667556.0,3,29,12,8185.7998046875,5.32501220703125
2016-12-30,589.125,594.4000244140625,586.0,592.3499755859375,1023018.0,4,30,12,8179.5,8.4000244140625
2017-01-02,592.25,616.5,585.125,614.9000244140625,2106528.0,0,2,1,8192.25,31.375
2017-01-03,615.0,616.125,607.5,611.2750244140625,1553022.0,1,3,1,8190.5,8.625
2017-01-04,611.3250122070312,615.375,606.5,610.9749755859375,1130816.0,2,4,1,8273.7998046875,8.875
2017-01-05,612.0,617.5,603.7000122070312,613.6749877929688,2508486.0,3,5,1,8243.7998046875,13.79998779296875
2017-01-06,619.5,619.5,608.5999755859375,610.2249755859375,2254066.0,4,6,1,8236.0498046875,10.9000244140625
2017-01-09,609.6500244140625,611.9749755859375,600.5,602.0,1042782.0,0,9,1,8288.599609375,11.4749755859375
2017-01-10,600.5,608.2999877929688,600.5,606.75,558120.0,1,10,1,8380.650390625,7.79998779296875
2017-01-11,608.625,618.875,606.8250122070312,616.0,1411696.0,2,11,1,8407.2001953125,12.04998779296875
2017-01-12,617.5,617.5750122070312,605.0999755859375,606.7000122070312,655710.0,3,12,1,8400.349609375,12.47503662109375
2017-01-13,610.9000244140625,613.5,607.8250122070312,608.9249877929688,787588.0,4,13,1,8412.7998046875,5.67498779296875
2017-01-16,607.5,613.4000244140625,603.7000122070312,605.5,980302.0,0,16,1,8398.0,9.70001220703125
2017-01-17,605.0,607.25,600.375,602.2249755859375,957954.0,1,17,1,8417.0,6.875
2017-01-18,602.5499877929688,610.2000122070312,601.1500244140625,607.2999877929688,1958376.0,2,18,1,8435.099609375,9.04998779296875
2017-01-19,606.0,606.8250122070312,601.375,605.4000244140625,787858.0,3,19,1,8349.349609375,5.45001220703125
2017-01-20,605.0,608.4000244140625,593.5499877929688,596.0250244140625,1537666.0,4,20,1,8391.5,14.85003662109375
2017-01-23,598.0,602.25,588.6749877929688,594.4500122070312,1086802.0,0,23,1,8475.7998046875,13.57501220703125
2017-01-24,597.4500122070312,612.0999755859375,593.5,610.3499755859375,1587220.0,1,24,1,8602.75,18.5999755859375
2017-01-25,616.5,624.2000122070312,606.0,621.9000244140625,3701216.0,2,25,1,8641.25,18.20001220703125
2017-01-27,621.9000244140625,634.9249877929688,621.75,625.8499755859375,1632060.0,4,27,1,8632.75,13.17498779296875
2017-01-30,625.8499755859375,626.625,617.0250244140625,622.7999877929688,880280.0,0,30,1,8561.2998046875,9.5999755859375
2017-01-31,620.5999755859375,624.2750244140625,615.125,620.0499877929688,1846324.0,1,31,1,8716.400390625,9.1500244140625
2017-02-01,621.0,653.7999877929688,614.0,651.2000122070312,3047124.0,2,1,2,8734.25,39.79998779296875
2017-02-02,648.5,648.7999877929688,629.3250122070312,632.4749755859375,2895658.0,3,2,2,8740.9501953125,19.4749755859375
2017-02-03,632.9749755859375,636.875,626.1500244140625,630.3499755859375,2265052.0,4,3,2,8801.0498046875,10.7249755859375
2017-02-06,631.0,635.5,629.0,632.9500122070312,1710456.0,0,6,2,8768.2998046875,6.5
2017-02-07,632.0750122070312,632.8499755859375,622.4000244140625,629.4749755859375,2674292.0,1,7,2,8769.0498046875,10.449951171875
2017-02-08,630.1749877929688,640.5,630.0499877929688,638.6500244140625,1681180.0,2,8,2,8778.400390625,10.45001220703125
2017-02-09,639.5,647.375,632.25,645.8499755859375,1524034.0,3,9,2,8793.5498046875,15.125
2017-02-10,646.5,653.9249877929688,636.2750244140625,638.8250122070312,3535424.0,4,10,2,8805.0498046875,17.64996337890625
2017-02-13,642.9749755859375,651.4749755859375,606.9000244140625,649.3250122070312,1752192.0,0,13,2,8792.2998046875,44.574951171875
2017-02-14,651.2000122070312,656.9500122070312,642.5,650.9249877929688,1834652.0,1,14,2,8724.7001953125,14.45001220703125
2017-02-15,650.0999755859375,659.4000244140625,649.0499877929688,650.4249877929688,2093830.0,2,15,2,8778.0,10.35003662109375
2017-02-16,650.5,660.7999877929688,650.25,659.9249877929688,1932262.0,3,16,2,8821.7001953125,10.54998779296875
2017-02-17,661.0,664.9249877929688,655.9500122070312,658.5750122070312,1750224.0,4,17,2,8879.2001953125,8.9749755859375
2017-02-20,658.5,662.2750244140625,652.2999877929688,657.9749755859375,940842.0,0,20,2,8907.849609375,9.97503662109375
2017-02-21,658.9749755859375,658.9749755859375,651.5,655.8250122070312,1125370.0,1,21,2,8926.900390625,7.4749755859375
2017-02-22,657.2249755859375,658.0,652.1749877929688,655.5999755859375,1207634.0,2,22,2,8939.5,5.82501220703125
2017-02-23,657.0,657.75,647.25,652.4249877929688,4754094.0,3,23,2,8896.7001953125,10.5
2017-02-27,651.4500122070312,651.4500122070312,640.5,646.9249877929688,1495124.0,0,27,2,8879.599609375,10.95001220703125
2017-02-28,647.4500122070312,658.9000244140625,645.4500122070312,656.0750122070312,1350030.0,1,28,2,8945.7998046875,13.45001220703125
2017-03-01,658.0,679.4000244140625,649.1500244140625,674.375,5875460.0,2,1,3,8899.75,30.25
2017-03-02,677.4500122070312,680.5,656.5,662.5,1599896.0,3,2,3,8897.5498046875,24.0
2017-03-03,661.5,666.0,657.1749877929688,661.0250244140625,714316.0,4,3,3,8963.4501953125,8.82501220703125
2017-03-06,661.0750122070312,669.5,658.0999755859375,664.9000244140625,2634892.0,0,6,3,8946.900390625,11.4000244140625
2017-03-07,661.5499877929688,665.9000244140625,656.3499755859375,660.125,1357652.0,1,7,3,8924.2998046875,9.550048828125
2017-03-08,661.5,661.5250244140625,649.9749755859375,651.7750244140625,1755722.0,2,8,3,8927.0,11.550048828125
2017-03-09,651.0,655.9000244140625,649.0499877929688,651.9749755859375,1947556.0,3,9,3,8934.5498046875,6.85003662109375
2017-03-10,651.9749755859375,660.0,649.6749877929688,651.375,921202.0,4,10,3,9087.0,10.32501220703125
2017-03-14,662.7000122070312,678.6749877929688,657.5999755859375,663.0,1826798.0,1,14,3,9084.7998046875,21.07501220703125
2017-03-15,663.5,669.3250122070312,658.4500122070312,661.7750244140625,2281418.0,2,15,3,9153.7001953125,10.875
2017-03-16,663.2000122070312,666.5,659.2249755859375,660.4500122070312,1868436.0,3,16,3,9160.0498046875,7.2750244140625
2017-03-17,661.5,665.9749755859375,650.0,651.9249877929688,2367164.0,4,17,3,9126.849609375,15.9749755859375
2017-03-20,657.0,658.2249755859375,648.2000122070312,650.0999755859375,1482690.0,0,20,3,9121.5,10.02496337890625
2017-03-21,650.6749877929688,653.0,635.5,647.2000122070312,7791312.0,1,21,3,9030.4501953125,17.5
2017-03-22,644.0,644.0,628.8250122070312,635.4249877929688,2647756.0,2,22,3,9086.2998046875,15.17498779296875
2017-03-23,638.0,640.5,633.7000122070312,637.2750244140625,1991010.0,3,23,3,9108.0,6.79998779296875
2017-03-24,637.0499877929688,643.5,635.6500244140625,637.9000244140625,1450556.0,4,24,3,9045.2001953125,7.8499755859375
2017-03-27,637.5,642.2000122070312,629.5250244140625,632.875,2196248.0,0,27,3,9100.7998046875,12.67498779296875
2017-03-28,636.0499877929688,641.8250122070312,635.0,638.5,1746870.0,1,28,3,9143.7998046875,6.82501220703125
2017-03-29,642.3499755859375,642.3499755859375,631.5,635.3250122070312,2308496.0,2,29,3,9173.75,10.8499755859375
2017-03-30,635.3499755859375,643.6500244140625,630.4749755859375,639.9249877929688,8849392.0,3,30,3,9173.75,13.175048828125
2017-03-31,638.5,647.5,636.25,643.4500122070312,2188282.0,4,31,3,9237.849609375,11.25
2017-04-03,648.7999877929688,652.5,640.0,643.25,1935486.0,0,3,4,9265.150390625,12.5
2017-04-05,643.75,647.0,634.9500122070312,645.375,3975030.0,2,5,4,9261.9501953125,12.04998779296875
2017-04-06,643.9500122070312,646.9500122070312,637.5750122070312,644.4500122070312,1084388.0,3,6,4,9198.2998046875,9.375
2017-04-07,642.0,644.875,634.375,637.7750244140625,1710604.0,4,7,4,9181.4501953125,10.5
2017-04-10,640.0,641.4249877929688,633.75,640.4000244140625,1087208.0,0,10,4,9237.0,7.67498779296875
2017-04-11,638.5,642.9000244140625,635.0250244140625,640.7750244140625,1414324.0,1,11,4,9203.4501953125,7.875
2017-04-12,643.0,643.0,634.4000244140625,639.9749755859375,1663874.0,2,12,4,9150.7998046875,8.5999755859375
2017-04-13,636.5,640.8499755859375,634.5250244140625,640.25,1104418.0,3,13,4,9139.2998046875,6.324951171875
2017-04-17,635.0250244140625,639.2249755859375,632.8250122070312,634.6749877929688,2118848.0,0,17,4,9105.150390625,6.39996337890625
2017-04-18,636.9000244140625,636.9000244140625,629.2999877929688,631.5750122070312,1951614.0,1,18,4,9103.5,7.60003662109375
2017-04-19,632.0,634.4500122070312,626.5,629.7249755859375,1718390.0,2,19,4,9136.400390625,7.95001220703125
2017-04-20,629.0,638.5,629.0,635.8499755859375,1324892.0,3,20,4,9119.400390625,9.5
2017-04-21,635.0,637.3250122070312,627.5499877929688,629.0999755859375,1331830.0,4,21,4,9217.9501953125,9.7750244140625
2017-04-24,629.2999877929688,635.5,629.2999877929688,632.2999877929688,1137378.0,0,24,4,9306.599609375,6.20001220703125
2017-04-25,642.5,655.4500122070312,639.8250122070312,653.7249755859375,11584768.0,1,25,4,9351.849609375,15.625
2017-04-26,658.875,679.7999877929688,657.25,676.375,5752818.0,2,26,4,9342.150390625,22.54998779296875
2017-04-27,676.8499755859375,681.8499755859375,666.0,668.5999755859375,2318584.0,3,27,4,9304.0498046875,15.8499755859375
2017-04-28,668.9000244140625,672.5999755859375,658.8250122070312,667.7750244140625,1052588.0,4,28,4,9313.7998046875,13.77496337890625
2017-05-02,666.5499877929688,676.375,663.1500244140625,670.4749755859375,1634378.0,1,2,5,9311.9501953125,13.2249755859375
2017-05-03,671.0,677.0999755859375,666.9749755859375,674.3250122070312,1811584.0,2,3,5,9359.900390625,10.125
2017-05-04,670.5,675.5,664.8250122070312,667.4500122070312,1479754.0,3,4,5,9285.2998046875,10.67498779296875
2017-05-05,665.5,665.5,653.5,660.625,1791334.0,4,5,5,9314.0498046875,12.0
2017-05-08,661.25,672.8499755859375,656.5,666.6749877929688,1159430.0,0,8,5,9316.849609375,16.3499755859375
2017-05-09,667.8499755859375,675.9500122070312,664.3250122070312,671.8250122070312,1183118.0,1,9,5,9407.2998046875,11.625
2017-05-10,676.0,689.8499755859375,674.0,688.2000122070312,2141724.0,2,10,5,9422.400390625,15.8499755859375
2017-05-11,692.8499755859375,701.0999755859375,681.4000244140625,688.0750122070312,3489420.0,3,11,5,9400.900390625,19.699951171875
2017-05-12,689.0,689.0,680.8499755859375,683.9249877929688,3499498.0,4,12,5,9445.400390625,8.1500244140625
2017-05-15,686.5,693.3250122070312,685.0,687.8250122070312,1116380.0,0,15,5,9512.25,8.32501220703125
2017-05-16,688.5,690.25,681.5499877929688,683.1749877929688,1032024.0,1,16,5,9525.75,8.70001220703125
2017-05-17,681.5,692.1749877929688,680.2000122070312,689.4000244140625,1841768.0,2,17,5,9429.4501953125,11.9749755859375
2017-05-18,684.5,686.0,673.75,676.4249877929688,2435692.0,3,18,5,9427.900390625,12.25
2017-05-19,675.0,678.7999877929688,664.25,666.7000122070312,1953484.0,4,19,5,9438.25,14.54998779296875
2017-05-22,670.0750122070312,670.9749755859375,650.5499877929688,653.125,873594.0,0,22,5,9386.150390625,20.42498779296875
2017-05-23,657.5,669.1749877929688,650.0,665.875,1560364.0,1,23,5,9360.5498046875,19.17498779296875
2017-05-24,665.75,669.4000244140625,650.7249755859375,654.3250122070312,1251366.0,2,24,5,9509.75,18.675048828125
2017-05-25,655.5,667.9500122070312,652.0,663.75,2913396.0,3,25,5,9595.099609375,15.95001220703125
2017-05-26,667.0,674.4500122070312,663.75,670.4249877929688,670446.0,4,26,5,9604.900390625,10.70001220703125
2017-05-29,672.5,687.875,663.7000122070312,680.0250244140625,2117528.0,0,29,5,9624.5498046875,24.17498779296875
2017-05-30,682.0,689.5,671.1500244140625,680.5499877929688,4447770.0,1,30,5,9621.25,18.3499755859375
2017-05-31,696.25,724.25,696.0,708.4749755859375,7883572.0,2,31,5,9616.099609375,28.25
2017-06-01,715.0,720.5,708.0499877929688,712.625,3424678.0,3,1,6,9653.5,12.45001220703125
2017-06-02,715.0,717.375,704.5,709.25,2884778.0,4,2,6,9675.099609375,12.875
2017-06-05,712.4749755859375,716.25,710.5499877929688,711.8499755859375,2303902.0,0,5,6,9637.150390625,5.70001220703125
2017-06-06,711.5250244140625,714.9249877929688,702.0750122070312,705.7249755859375,1607632.0,1,6,6,9663.900390625,12.8499755859375
2017-06-07,711.5750122070312,725.5499877929688,706.7750244140625,715.9500122070312,3809378.0,2,7,6,9647.25,18.77496337890625
2017-06-08,716.75,720.0,705.0499877929688,708.75,1698402.0,3,8,6,9668.25,14.95001220703125
2017-06-09,709.0,717.3499755859375,707.0499877929688,713.3499755859375,1817262.0,4,9,6,9616.400390625,10.29998779296875
2017-06-12,717.5,729.4749755859375,707.5,711.7750244140625,3822974.0,0,12,6,9606.900390625,21.9749755859375
2017-06-13,716.5,719.9249877929688,707.0,708.8250122070312,1966036.0,1,13,6,9618.150390625,12.92498779296875
2017-06-14,715.0,716.4249877929688,700.5499877929688,702.5999755859375,1884770.0,2,14,6,9578.0498046875,15.875
2017-06-15,704.5,707.0,689.4249877929688,693.8250122070312,3134784.0,3,15,6,9588.0498046875,17.57501220703125
2017-06-16,699.0999755859375,704.6749877929688,691.6500244140625,693.6500244140625,3300750.0,4,16,6,9657.5498046875,13.02496337890625
2017-06-19,696.5,702.5,691.875,694.125,2225100.0,0,19,6,9653.5,10.625
2017-06-20,697.2999877929688,699.5,692.5,694.7249755859375,1879408.0,1,20,6,9633.599609375,7.0
2017-06-21,696.3499755859375,697.7000122070312,690.4749755859375,693.5750122070312,2989436.0,2,21,6,9630.0,7.22503662109375
2017-06-22,692.5,703.5999755859375,690.8499755859375,698.1500244140625,2256732.0,3,22,6,9574.9501953125,12.75
2017-06-23,700.0,709.125,685.0499877929688,688.0999755859375,2441604.0,4,23,6,9511.400390625,24.07501220703125
2017-06-27,696.6500244140625,697.25,682.5,685.1500244140625,3336218.0,1,27,6,9491.25,14.75
2017-06-28,685.0,687.5,674.375,678.0250244140625,1655834.0,2,28,6,9504.099609375,13.125
2017-06-29,680.0,689.5499877929688,676.0750122070312,677.8250122070312,1873788.0,3,29,6,9520.900390625,13.4749755859375
2017-06-30,677.5,679.4249877929688,672.5499877929688,674.2999877929688,1909516.0,4,30,6,9615.0,6.875
2017-07-03,678.0,686.0,671.5,683.2249755859375,2047918.0,0,3,7,9613.2998046875,14.5
2017-07-04,682.5,688.5,675.8499755859375,677.5750122070312,860360.0,1,4,7,9637.599609375,12.6500244140625
2017-07-05,682.5,697.7000122070312,680.75,692.5,2433212.0,2,5,7,9674.5498046875,16.95001220703125
2017-07-06,696.8499755859375,696.8499755859375,685.0,688.0250244140625,1561776.0,3,6,7,9665.7998046875,11.8499755859375
2017-07-07,685.2000122070312,696.9249877929688,685.2000122070312,688.0,1316700.0,4,7,7,9771.0498046875,11.7249755859375
2017-07-10,682.5,689.0,679.0,683.7000122070312,866646.0,0,10,7,9786.0498046875,10.0
2017-07-11,687.0,697.5,686.9749755859375,695.0750122070312,4146842.0,1,11,7,9816.099609375,10.5250244140625
2017-07-12,697.5,698.0499877929688,687.5,688.3499755859375,1472052.0,2,12,7,9891.7001953125,10.54998779296875
2017-07-13,684.8499755859375,689.5,683.0250244140625,685.2000122070312,1589676.0,3,13,7,9886.349609375,6.4749755859375
2017-07-14,688.9749755859375,691.2249755859375,684.5,687.7750244140625,1307346.0,4,14,7,9915.9501953125,6.7249755859375
2017-07-17,690.0,702.7000122070312,689.1500244140625,692.2999877929688,2626156.0,0,17,7,9827.150390625,13.54998779296875
2017-07-18,690.9749755859375,700.9749755859375,688.5,690.0750122070312,1645736.0,1,18,7,9899.599609375,12.4749755859375
2017-07-19,694.0,696.5,688.5750122070312,691.2000122070312,3795788.0,2,19,7,9873.2998046875,7.92498779296875
2017-07-20,693.5,698.9000244140625,690.6500244140625,696.7249755859375,1804436.0,3,20,7,9915.25,8.25
2017-07-21,697.0,699.0,682.875,693.0250244140625,1401986.0,4,21,7,9966.400390625,16.125
2017-07-24,692.9000244140625,695.9749755859375,687.5,694.4749755859375,1161322.0,0,24,7,9964.5498046875,8.4749755859375
2017-07-25,695.5999755859375,698.0499877929688,693.1500244140625,694.9000244140625,1441876.0,1,25,7,10020.650390625,4.89996337890625
2017-07-26,695.3499755859375,710.0999755859375,694.5250244140625,706.75,2535586.0,2,26,7,10020.5498046875,15.574951171875
2017-07-27,710.0,711.875,697.5,699.0999755859375,3867130.0,3,27,7,10014.5,14.375
2017-07-28,699.0,699.0,688.125,696.0999755859375,803316.0,4,28,7,10077.099609375,10.875
2017-07-31,696.6500244140625,704.5,690.0499877929688,701.6500244140625,1021808.0,0,31,7,10114.650390625,14.45001220703125
2017-08-01,707.5,716.7000122070312,701.6500244140625,714.625,3883480.0,1,1,8,10081.5,15.04998779296875
2017-08-02,715.2999877929688,716.8250122070312,704.1500244140625,707.2999877929688,952938.0,2,2,8,10013.650390625,12.67498779296875
2017-08-03,709.2000122070312,710.8250122070312,702.0499877929688,708.25,1126038.0,3,3,8,10066.400390625,8.7750244140625
2017-08-04,710.0,712.2000122070312,697.5499877929688,709.0250244140625,4474648.0,4,4,8,10057.400390625,14.6500244140625
2017-08-07,695.0,715.0,692.4749755859375,700.375,2987954.0,0,7,8,9978.5498046875,22.5250244140625
2017-08-08,700.0250244140625,708.2750244140625,695.125,700.0,1705654.0,1,8,8,9908.0498046875,13.1500244140625
2017-08-09,698.75,703.2999877929688,692.2000122070312,696.1500244140625,1542222.0,2,9,8,9820.25,11.0999755859375
2017-08-10,693.0,697.9000244140625,690.0,693.5250244140625,1632346.0,3,10,8,9710.7998046875,7.9000244140625
2017-08-11,690.0,693.0499877929688,670.0,674.0250244140625,2253020.0,4,11,8,9794.150390625,23.04998779296875
2017-08-14,677.3499755859375,685.4500122070312,673.7999877929688,677.875,1370684.0,0,14,8,9897.2998046875,11.6500244140625
2017-08-16,680.9500122070312,688.2249755859375,674.1749877929688,685.5999755859375,1489816.0,2,16,8,9904.150390625,14.04998779296875
2017-08-17,686.0,687.4749755859375,679.2999877929688,683.5,1223074.0,3,17,8,9837.400390625,8.17498779296875
2017-08-18,682.0,689.75,680.3250122070312,685.0,1357710.0,4,18,8,9754.349609375,9.42498779296875
2017-08-21,685.0999755859375,696.4749755859375,685.0750122070312,689.3250122070312,1405084.0,0,21,8,9765.5498046875,11.39996337890625
2017-08-22,691.3499755859375,692.9000244140625,685.5,687.3250122070312,584698.0,1,22,8,9852.5,7.4000244140625
2017-08-23,689.0,693.5,683.5250244140625,687.0999755859375,1578484.0,2,23,8,9857.0498046875,9.9749755859375
2017-08-24,687.5,691.5,683.9000244140625,687.5750122070312,1580092.0,3,24,8,9912.7998046875,7.5999755859375
2017-08-28,690.0,690.2249755859375,683.25,686.5250244140625,2070446.0,0,28,8,9796.0498046875,6.9749755859375
2017-08-29,687.625,689.5,683.5250244140625,688.4749755859375,1075712.0,1,29,8,9884.400390625,5.9749755859375
2017-08-30,692.5,694.2750244140625,676.9249877929688,679.0750122070312,2110352.0,2,30,8,9917.900390625,17.35003662109375
2017-08-31,679.0,680.1500244140625,666.5,672.4000244140625,3116004.0,3,31,8,9974.400390625,13.6500244140625
2017-09-01,672.4000244140625,675.8250122070312,668.4500122070312,673.7999877929688,2174602.0,4,1,9,9912.849609375,7.375
2017-09-04,674.0,674.0,662.0499877929688,664.1500244140625,814606.0,0,4,9,9952.2001953125,11.95001220703125
2017-09-05,664.5250244140625,665.7249755859375,656.7249755859375,662.3250122070312,1547776.0,1,5,9,9916.2001953125,9.0
2017-09-06,660.7000122070312,662.3250122070312,655.0,658.2750244140625,1298532.0,2,6,9,9929.900390625,7.32501220703125
2017-09-07,659.3250122070312,671.5,659.3250122070312,669.9749755859375,2328682.0,3,7,9,9934.7998046875,12.17498779296875
2017-09-08,672.5,673.4249877929688,644.0999755859375,647.7000122070312,3938974.0,4,8,9,10006.0498046875,29.32501220703125
2017-09-11,650.0,665.0,639.0,640.0999755859375,3330838.0,0,11,9,10093.0498046875,26.0
2017-09-12,642.0,652.4500122070312,639.4749755859375,650.375,2122904.0,1,12,9,10079.2998046875,12.97503662109375
2017-09-13,655.0,660.0250244140625,651.5,653.6749877929688,4776058.0,2,13,9,10086.599609375,8.5250244140625
2017-09-14,656.5,656.5,644.125,645.375,1431844.0,3,14,9,10085.400390625,12.375
2017-09-15,645.0,652.0,642.5,647.125,1680374.0,4,15,9,10153.099609375,9.5
2017-09-18,650.5,653.0999755859375,645.5,647.5,1302442.0,0,18,9,10147.5498046875,7.5999755859375
2017-09-19,652.0,652.3499755859375,644.0499877929688,647.375,975052.0,1,19,9,10141.150390625,8.29998779296875
2017-09-20,650.0499877929688,653.0999755859375,644.7999877929688,646.2249755859375,1676474.0,2,20,9,10121.900390625,8.29998779296875
2017-09-21,646.75,648.3250122070312,640.0499877929688,645.7249755859375,970210.0,3,21,9,9964.400390625,8.2750244140625
2017-09-22,644.0,648.5,640.7750244140625,643.5750122070312,1716992.0,4,22,9,9872.599609375,7.7249755859375
2017-09-25,641.2999877929688,646.0,623.0,630.0,2290416.0,0,25,9,9871.5,23.0
2017-09-26,632.6500244140625,632.7249755859375,621.1749877929688,623.5750122070312,1314494.0,1,26,9,9735.75,11.54998779296875
2017-09-27,626.5,627.7000122070312,612.0,616.0,1420550.0,2,27,9,9768.9501953125,15.70001220703125
2017-09-28,616.0,624.5,612.5,615.2750244140625,3082168.0,3,28,9,9788.599609375,12.0
2017-09-29,615.5,630.25,615.5,627.125,2433430.0,4,29,9,9859.5,14.75
2017-10-03,632.5,645.7249755859375,626.375,632.1500244140625,3570708.0,1,3,10,9914.900390625,19.3499755859375
2017-10-04,632.0,645.9000244140625,628.125,644.375,2356486.0,2,4,10,9888.7001953125,17.7750244140625
2017-10-05,655.0,658.0,646.5,650.375,4212796.0,3,5,10,9979.7001953125,11.5
2017-10-06,654.9500122070312,660.5999755859375,649.625,651.5,1825894.0,4,6,10,9988.75,10.9749755859375
2017-10-09,650.5250244140625,656.4500122070312,649.5,652.4249877929688,835364.0,0,9,10,10016.9501953125,6.95001220703125
2017-10-10,659.0,659.5,650.5750122070312,652.5499877929688,1387442.0,1,10,10,9984.7998046875,8.92498779296875
2017-10-11,654.5,665.125,653.0,659.7249755859375,3285560.0,2,11,10,10096.400390625,12.125
2017-10-12,660.125,670.7999877929688,657.0750122070312,669.0750122070312,1648332.0,3,12,10,10167.4501953125,13.7249755859375
2017-10-13,669.0,672.8250122070312,661.5,662.6500244140625,1083280.0,4,13,10,10230.849609375,11.32501220703125
2017-10-16,669.4500122070312,687.9500122070312,665.1500244140625,684.2999877929688,2340580.0,0,16,10,10234.4501953125,22.79998779296875
2017-10-17,686.9500122070312,687.75,671.75,686.6749877929688,2047488.0,1,17,10,10210.849609375,16.0
2017-10-18,686.0,689.25,681.0999755859375,685.2750244140625,1196844.0,2,18,10,10146.5498046875,8.1500244140625
2017-10-19,683.375,689.5,680.0499877929688,687.875,350390.0,3,19,10,10184.849609375,9.45001220703125
2017-10-23,690.0,696.9749755859375,673.2999877929688,683.5250244140625,1199328.0,0,23,10,10207.7001953125,23.67498779296875
2017-10-24,680.2750244140625,682.9500122070312,673.4749755859375,675.3250122070312,781906.0,1,24,10,10295.349609375,9.47503662109375
2017-10-25,677.0,686.7999877929688,674.4749755859375,682.3499755859375,1328304.0,2,25,10,10343.7998046875,12.32501220703125
2017-10-26,687.2249755859375,690.3499755859375,682.25,686.4749755859375,3304178.0,3,26,10,10323.0498046875,8.0999755859375
2017-10-27,686.4749755859375,695.3499755859375,685.7750244140625,693.8499755859375,1549084.0,4,27,10,10363.650390625,9.574951171875
2017-10-30,694.0,696.3250122070312,685.0250244140625,687.375,1126068.0,0,30,10,10335.2998046875,11.29998779296875
2017-10-31,689.0,689.0,671.0499877929688,672.4000244140625,1599456.0,1,31,10,10440.5,17.95001220703125
2017-11-01,673.625,681.5999755859375,668.0,675.375,3930716.0,2,1,11,10423.7998046875,13.5999755859375
2017-11-02,671.5,674.7000122070312,665.5250244140625,667.6749877929688,1740658.0,3,2,11,10452.5,9.17498779296875
2017-11-03,669.5,671.4749755859375,660.0499877929688,665.375,2168762.0,4,3,11,10451.7998046875,11.42498779296875
2017-11-06,673.9249877929688,688.8499755859375,671.6500244140625,683.0750122070312,5150692.0,0,6,11,10350.150390625,17.199951171875
2017-11-07,690.0,691.0,674.0,676.875,4427324.0,1,7,11,10303.150390625,17.0
2017-11-08,680.5,687.5,677.0,683.5,1371018.0,2,8,11,10308.9501953125,10.5
2017-11-09,686.5,690.0250244140625,670.0,680.6500244140625,968514.0,3,9,11,10321.75,20.0250244140625
2017-11-10,681.0499877929688,706.0750122070312,673.5999755859375,696.4749755859375,5939800.0,4,10,11,10224.9501953125,32.47503662109375
2017-11-13,704.0,715.875,704.0,705.5999755859375,6476230.0,0,13,11,10186.599609375,11.875
2017-11-14,709.5,719.0999755859375,707.5250244140625,714.7999877929688,3592110.0,1,14,11,10118.0498046875,11.574951171875
2017-11-15,714.5,714.5,703.5,707.625,1994072.0,2,15,11,10214.75,11.0
2017-11-16,707.5250244140625,713.0,704.0,706.9749755859375,1744892.0,3,16,11,10283.599609375,9.0
2017-11-17,712.5,712.5,706.0,708.375,2896880.0,4,17,11,10298.75,6.5
2017-11-20,709.875,710.0250244140625,700.0499877929688,704.0,2529602.0,0,20,11,10326.900390625,9.97503662109375
2017-11-21,710.0,711.0,704.0999755859375,708.0,1707526.0,1,21,11,10342.2998046875,6.9000244140625
2017-11-22,712.0,720.9000244140625,709.7999877929688,714.75,2879234.0,2,22,11,10348.75,11.10003662109375
2017-11-23,717.2000122070312,717.2000122070312,706.2750244140625,709.3250122070312,980022.0,3,23,11,10389.7001953125,10.92498779296875
2017-11-24,712.5,719.9500122070312,710.0250244140625,717.0499877929688,1933116.0,4,24,11,10399.5498046875,9.92498779296875
2017-11-27,717.5,722.0,712.5250244140625,715.5,1735164.0,0,27,11,10370.25,9.4749755859375
2017-11-28,716.3250122070312,720.7249755859375,713.4000244140625,717.5,1487160.0,1,28,11,10361.2998046875,7.324951171875
2017-11-29,719.4749755859375,721.5499877929688,715.0,716.7000122070312,1383574.0,2,29,11,10226.5498046875,6.54998779296875
2017-11-30,715.0,715.0,700.2750244140625,703.2750244140625,5367350.0,3,30,11,10121.7998046875,14.7249755859375
2017-12-01,707.0,713.4749755859375,703.0,704.7000122070312,2154686.0,4,1,12,10127.75,10.4749755859375
2017-12-04,710.0,710.0,696.375,700.5,2925628.0,0,4,12,10118.25,13.625
2017-12-05,700.0,704.6749877929688,691.5,694.0999755859375,2599242.0,1,5,12,10044.099609375,13.17498779296875
2017-12-06,693.5,696.2000122070312,681.7249755859375,683.7249755859375,2369644.0,2,6,12,10166.7001953125,14.47503662109375
2017-12-07,688.4000244140625,691.25,684.0499877929688,689.7750244140625,3113720.0,3,7,12,10265.650390625,7.20001220703125
2017-12-08,693.3499755859375,696.8250122070312,689.7000122070312,694.0750122070312,2399392.0,4,8,12,10322.25,7.125
2017-12-11,697.9249877929688,713.9249877929688,696.25,709.125,2646642.0,0,11,12,10240.150390625,17.67498779296875
2017-12-12,709.9000244140625,714.25,705.5499877929688,709.5750122070312,2812240.0,1,12,12,10192.9501953125,8.70001220703125
2017-12-13,710.9000244140625,716.0,705.0,706.25,3787148.0,2,13,12,10252.099609375,11.0
2017-12-14,708.5,718.0,706.5,715.7999877929688,5505930.0,3,14,12,10333.25,11.5
2017-12-15,721.25,745.0,720.5,741.7000122070312,7105514.0,4,15,12,10388.75,24.5
2017-12-18,742.0,769.5,727.5,760.7249755859375,8530702.0,0,18,12,10463.2001953125,42.0
2017-12-19,767.5,780.4749755859375,761.0,778.1500244140625,11347974.0,1,19,12,10444.2001953125,19.4749755859375
2017-12-20,780.0,785.7000122070312,766.5499877929688,770.875,9660028.0,2,20,12,10440.2998046875,19.1500244140625
2017-12-21,767.0,767.0,738.9500122070312,742.2000122070312,6803736.0,3,21,12,10493.0,28.04998779296875
2017-12-22,747.0,753.4000244140625,743.0,746.2000122070312,2338232.0,4,22,12,10531.5,10.4000244140625
2017-12-26,748.0,749.9500122070312,736.7000122070312,741.5499877929688,3887128.0,1,26,12,10490.75,13.25
2017-12-27,744.7999877929688,754.9000244140625,739.4500122070312,746.75,2523905.0,2,27,12,10477.900390625,15.45001220703125
2017-12-28,747.0,753.9500122070312,745.3499755859375,749.9500122070312,5643656.0,3,28,12,10530.7001953125,8.60003662109375
2018-01-01,751.0,758.9000244140625,743.0,744.6500244140625,2476302.0,0,1,1,10442.2001953125,15.9000244140625
2018-01-02,754.0,758.0,746.2999877929688,752.9000244140625,3020597.0,1,2,1,10443.2001953125,11.70001220703125
2018-01-03,755.9000244140625,759.0,750.0,754.9000244140625,2256643.0,2,3,1,10504.7998046875,9.0
2018-01-04,761.0,761.0,750.5,756.0,1663380.0,3,4,1,10558.849609375,10.5
2018-01-05,756.0,758.5,753.5999755859375,756.3499755859375,1255982.0,4,5,1,10623.599609375,4.9000244140625
2018-01-08,757.0499877929688,760.0,756.5499877929688,759.9000244140625,2309604.0,0,8,1,10637.0,3.45001220703125
2018-01-09,760.0,766.0,757.2000122070312,762.4500122070312,1947163.0,1,9,1,10632.2001953125,8.79998779296875
2018-01-10,762.0499877929688,765.0,754.2000122070312,759.8499755859375,1275821.0,2,10,1,10651.2001953125,10.79998779296875
2018-01-11,760.2999877929688,768.9500122070312,755.5,766.6500244140625,2291617.0,3,11,1,10681.25,13.45001220703125
2018-01-12,767.0999755859375,769.5,761.75,767.5,1363265.0,4,12,1,10741.5498046875,7.75
2018-01-15,770.0,775.6500244140625,755.6500244140625,759.2000122070312,2127778.0,0,15,1,10700.4501953125,20.0
2018-01-16,759.0,762.5499877929688,741.0,746.7000122070312,1611817.0,1,16,1,10788.5498046875,21.54998779296875
2018-01-17,747.0499877929688,754.0,738.8499755859375,745.3499755859375,1940533.0,2,17,1,10817.0,15.1500244140625
2018-01-18,750.0,765.0,745.0,759.25,2810014.0,3,18,1,10894.7001953125,20.0
2018-01-19,760.0,768.2999877929688,748.2999877929688,765.4000244140625,2005133.0,4,19,1,10966.2001953125,20.0
2018-01-22,762.0999755859375,769.0,756.0,759.5999755859375,934811.0,0,22,1,11083.7001953125,13.0
2018-01-23,761.9500122070312,773.0,761.4000244140625,769.0499877929688,2775928.0,1,23,1,11086.0,11.5999755859375
2018-01-24,769.0499877929688,771.0,752.4000244140625,755.4000244140625,2080315.0,2,24,1,11069.650390625,18.5999755859375
2018-01-25,756.5,762.0,748.3499755859375,757.7999877929688,2878048.0,3,25,1,11130.400390625,13.6500244140625
2018-01-29,757.2999877929688,772.0,757.2999877929688,764.3499755859375,2074165.0,0,29,1,11049.650390625,14.70001220703125
2018-01-30,764.0,768.6500244140625,753.0999755859375,764.9000244140625,1648188.0,1,30,1,11027.7001953125,15.550048828125
2018-01-31,764.7999877929688,771.1500244140625,756.6500244140625,763.0499877929688,2242045.0,2,31,1,11016.900390625,14.5
2018-02-01,768.9000244140625,802.5499877929688,763.0,798.75,6896060.0,3,1,2,10760.599609375,39.54998779296875
2018-02-02,798.75,800.0,765.5499877929688,770.25,3783976.0,4,2,2,10666.5498046875,34.45001220703125
2018-02-05,762.9000244140625,769.75,745.0,760.5,2018332.0,0,5,2,10498.25,24.75
2018-02-06,743.7999877929688,759.9000244140625,730.75,751.7999877929688,5626253.0,1,6,2,10476.7001953125,29.1500244140625
2018-02-07,767.4000244140625,771.9500122070312,743.75,747.0999755859375,1909559.0,2,7,2,10576.849609375,28.20001220703125
2018-02-08,754.0,760.7000122070312,746.0,752.2000122070312,3024010.0,3,8,2,10454.9501953125,14.70001220703125
2018-02-09,747.0,753.2999877929688,742.0,750.0499877929688,2214895.0,4,9,2,10539.75,11.29998779296875
2018-02-12,770.0,770.0,743.0,746.0,2662221.0,0,12,2,10500.900390625,27.0
2018-02-14,751.7999877929688,753.9500122070312,742.0499877929688,746.9500122070312,1207191.0,2,14,2,10545.5,11.9000244140625
2018-02-15,748.0999755859375,751.2999877929688,743.5,749.3499755859375,1652980.0,3,15,2,10452.2998046875,7.79998779296875
2018-02-16,752.6500244140625,753.75,742.0,743.75,1042980.0,4,16,2,10378.400390625,11.75
2018-02-19,744.0,744.7999877929688,716.0499877929688,724.6500244140625,1185926.0,0,19,2,10360.400390625,28.75
2018-02-20,726.7999877929688,733.2000122070312,703.0,709.0,2981323.0,1,20,2,10397.4501953125,30.20001220703125
2018-02-21,716.0,716.0,701.0,708.4000244140625,2290218.0,2,21,2,10382.7001953125,15.0
2018-02-22,702.0,724.5,700.4000244140625,721.9500122070312,3325355.0,3,22,2,10491.0498046875,24.0999755859375
2018-02-23,722.5499877929688,724.0,714.0,718.6500244140625,1648932.0,4,23,2,10582.599609375,10.0
2018-02-26,722.0,737.0,719.25,735.4000244140625,1525511.0,0,26,2,10554.2998046875,17.75
2018-02-27,741.9000244140625,742.0,731.0,739.7999877929688,1429191.0,1,27,2,10492.849609375,11.0
2018-02-28,734.0,734.9500122070312,725.0999755859375,728.3499755859375,1814444.0,2,28,2,10458.349609375,9.85003662109375
2018-03-01,728.0,736.5,727.5,732.5499877929688,1831321.0,3,1,3,10358.849609375,9.0
2018-03-05,727.0,743.0,722.1500244140625,739.5999755859375,2170367.0,0,5,3,10249.25,20.8499755859375
2018-03-06,743.0,743.0,716.0,719.9000244140625,1763292.0,1,6,3,10154.2001953125,27.0
2018-03-07,721.0,725.7999877929688,702.4500122070312,707.7999877929688,2343794.0,2,7,3,10242.650390625,23.3499755859375
2018-03-08,710.5499877929688,729.2000122070312,707.0999755859375,726.6500244140625,2500680.0,3,8,3,10226.849609375,22.10003662109375
2018-03-09,726.9000244140625,739.7000122070312,723.4500122070312,728.5,2191343.0,4,9,3,10421.400390625,16.25
2018-03-12,735.0499877929688,739.25,731.2000122070312,737.0999755859375,1867680.0,0,12,3,10426.849609375,8.04998779296875
2018-03-13,736.9500122070312,741.0,730.4500122070312,733.0,1823994.0,1,13,3,10410.900390625,10.54998779296875
2018-03-14,730.9500122070312,734.2999877929688,723.0999755859375,728.2000122070312,1366237.0,2,14,3,10360.150390625,11.20001220703125
2018-03-15,731.0,737.9000244140625,729.7999877929688,734.8499755859375,1249262.0,3,15,3,10195.150390625,8.10003662109375
2018-03-16,739.0,752.0,735.5499877929688,740.75,4929069.0,4,16,3,10094.25,16.45001220703125
2018-03-19,741.75,749.0,739.0,742.7000122070312,2081202.0,0,19,3,10124.349609375,10.0
2018-03-20,740.4000244140625,744.0,732.0499877929688,740.9500122070312,1248986.0,1,20,3,10155.25,11.95001220703125
2018-03-21,743.0,750.75,739.5,745.3499755859375,2788242.0,2,21,3,10114.75,11.25
2018-03-22,747.0499877929688,748.9000244140625,726.0,730.8499755859375,1877037.0,3,22,3,9998.0498046875,22.9000244140625
2018-03-23,725.0,737.2999877929688,721.2000122070312,732.9000244140625,2276332.0,4,23,3,10130.650390625,16.0999755859375
2018-03-26,734.3499755859375,750.0,727.0499877929688,746.5,1890961.0,0,26,3,10184.150390625,22.95001220703125
2018-03-27,749.0,752.0,741.5999755859375,744.9000244140625,2422064.0,1,27,3,10113.7001953125,10.4000244140625
2018-03-28,744.0,746.0,735.0,738.9000244140625,3301815.0,2,28,3,10211.7998046875,11.0
2018-04-02,748.9000244140625,751.8499755859375,737.2000122070312,748.0499877929688,3567965.0,0,2,4,10245.0,14.64996337890625
2018-04-03,748.0,771.4000244140625,745.0499877929688,770.0999755859375,2500384.0,1,3,4,10128.400390625,26.35003662109375
2018-04-04,773.0,786.75,749.0999755859375,756.5499877929688,3295198.0,2,4,4,10325.150390625,37.6500244140625
2018-04-05,770.0,781.0,766.5999755859375,774.5999755859375,2224647.0,3,5,4,10331.599609375,14.4000244140625
2018-04-06,774.5999755859375,774.5999755859375,764.0499877929688,771.9500122070312,1194886.0,4,6,4,10379.349609375,10.54998779296875
2018-04-09,772.0,788.2000122070312,770.0,786.2000122070312,1813902.0,0,9,4,10402.25,18.20001220703125
2018-04-10,776.5,785.0,768.4000244140625,777.5999755859375,2193150.0,1,10,4,10417.150390625,16.5999755859375
2018-04-11,781.5,790.5999755859375,773.9500122070312,789.0,1448946.0,2,11,4,10458.650390625,16.64996337890625
2018-04-12,789.4500122070312,794.5999755859375,780.6500244140625,787.8499755859375,1146053.0,3,12,4,10480.599609375,13.949951171875
2018-04-13,795.0,795.5,783.1500244140625,789.5999755859375,2183881.0,4,13,4,10528.349609375,12.3499755859375
2018-04-16,783.2000122070312,805.0,783.2000122070312,801.4500122070312,2896629.0,0,16,4,10548.7001953125,21.79998779296875
2018-04-17,816.0,818.7999877929688,806.5,809.3499755859375,4339790.0,1,17,4,10526.2001953125,12.29998779296875
2018-04-18,813.0,813.0,795.7000122070312,798.2999877929688,1503151.0,2,18,4,10565.2998046875,17.29998779296875
2018-04-19,801.4000244140625,804.5,793.7000122070312,801.9000244140625,2590266.0,3,19,4,10564.0498046875,10.79998779296875
2018-04-20,791.9000244140625,804.4500122070312,791.9000244140625,799.5,2561105.0,4,20,4,10584.7001953125,12.54998779296875
2018-04-23,803.9000244140625,833.7999877929688,800.0499877929688,824.2999877929688,2751312.0,0,23,4,10614.349609375,33.75
2018-04-24,823.9000244140625,844.0,822.0999755859375,838.5499877929688,2872669.0,1,24,4,10570.5498046875,21.9000244140625
2018-04-25,842.0,862.5,838.5499877929688,853.8499755859375,3602302.0,2,25,4,10617.7998046875,23.95001220703125
2018-04-26,859.0,868.75,851.0,858.1500244140625,5461957.0,3,26,4,10692.2998046875,17.75
2018-04-27,859.9000244140625,866.7999877929688,851.2000122070312,862.7000122070312,1087577.0,4,27,4,10739.349609375,15.5999755859375
2018-04-30,864.4000244140625,878.9500122070312,864.0999755859375,873.2999877929688,1137366.0,0,30,4,10718.0498046875,14.85003662109375
2018-05-02,879.5,879.7999877929688,861.0,863.1500244140625,1341643.0,2,2,5,10679.650390625,18.79998779296875
2018-05-03,863.0,875.5,851.5999755859375,865.0999755859375,2126154.0,3,3,5,10618.25,23.9000244140625
2018-05-04,864.9500122070312,868.5,852.3499755859375,854.2999877929688,961238.0,4,4,5,10715.5,16.1500244140625
2018-05-07,862.0,887.9000244140625,858.5,885.5999755859375,1916654.0,0,7,5,10717.7998046875,29.4000244140625
2018-05-08,886.0,886.5,859.5,865.2999877929688,1834833.0,1,8,5,10741.7001953125,27.0
2018-05-09,865.0,868.6500244140625,853.75,860.0999755859375,1630905.0,2,9,5,10716.5498046875,14.9000244140625
2018-05-10,860.0,872.75,852.1500244140625,856.5,1369399.0,3,10,5,10806.5,20.5999755859375
2018-05-11,857.9500122070312,872.7999877929688,848.8499755859375,869.0999755859375,1304682.0,4,11,5,10806.599609375,23.95001220703125
2018-05-14,872.0,874.0,850.0,852.6500244140625,1492933.0,0,14,5,10801.849609375,24.0
2018-05-15,853.9000244140625,865.0,837.0999755859375,847.0499877929688,2060487.0,1,15,5,10741.099609375,27.9000244140625
2018-05-16,845.5,857.75,834.2000122070312,853.0999755859375,1559853.0,2,16,5,10682.7001953125,23.54998779296875
2018-05-17,855.0499877929688,859.5,846.0,849.0,1065979.0,3,17,5,10596.400390625,13.5
2018-05-18,848.25,853.7999877929688,828.0499877929688,836.0,1983383.0,4,18,5,10516.7001953125,25.75
2018-05-21,834.0,847.25,821.5999755859375,825.9500122070312,1670673.0,0,21,5,10536.7001953125,25.6500244140625
2018-05-22,822.2000122070312,837.0,812.25,830.2000122070312,1937535.0,1,22,5,10430.349609375,24.75
2018-05-23,828.0999755859375,835.5,820.5499877929688,831.7999877929688,1315364.0,2,23,5,10513.849609375,14.95001220703125
2018-05-24,837.0,847.7999877929688,831.9000244140625,843.0499877929688,1394760.0,3,24,5,10605.150390625,15.89996337890625
2018-05-25,845.0,860.9500122070312,844.0,857.7000122070312,2069467.0,4,25,5,10688.650390625,16.95001220703125
2018-05-28,862.4000244140625,864.6500244140625,845.0499877929688,849.9500122070312,3096495.0,0,28,5,10633.2998046875,19.60003662109375
2018-05-29,854.0,875.7000122070312,850.0,870.25,4666224.0,1,29,5,10614.349609375,25.70001220703125
2018-05-30,879.0,901.0,875.0499877929688,897.9500122070312,8212884.0,2,30,5,10736.150390625,25.95001220703125
2018-05-31,900.0,933.5,891.0,922.9500122070312,9417129.0,3,31,5,10696.2001953125,42.5
2018-06-01,922.5,927.5,897.0499877929688,901.5999755859375,3431462.0,4,1,6,10628.5,30.45001220703125
2018-06-04,908.0,918.3499755859375,906.0,914.5,3364222.0,0,4,6,10593.150390625,12.3499755859375
2018-06-05,912.0,915.9000244140625,898.5,901.2999877929688,1836194.0,1,5,6,10684.650390625,17.4000244140625
2018-06-06,902.4000244140625,917.0999755859375,896.8499755859375,914.2999877929688,2102493.0,2,6,6,10768.349609375,20.25
2018-06-07,919.0,927.9500122070312,916.0,920.2999877929688,2668799.0,3,7,6,10767.650390625,11.95001220703125
2018-06-08,917.0,917.6500244140625,903.0999755859375,911.6500244140625,1335422.0,4,8,6,10786.9501953125,14.550048828125
2018-06-11,912.2000122070312,920.0,910.0,916.8499755859375,1747134.0,0,11,6,10842.849609375,10.0
2018-06-12,920.0,926.4000244140625,914.0499877929688,917.5999755859375,2032546.0,1,12,6,10856.7001953125,12.35003662109375
2018-06-13,918.0,921.4000244140625,914.75,917.6500244140625,1353228.0,2,13,6,10808.0498046875,6.6500244140625
2018-06-14,914.0999755859375,925.0,909.5499877929688,922.0499877929688,1385264.0,3,14,6,10817.7001953125,15.45001220703125
2018-06-15,922.5499877929688,924.4000244140625,902.8499755859375,909.4500122070312,2619109.0,4,15,6,10799.849609375,21.550048828125
2018-06-18,915.0,921.0499877929688,909.0,913.9000244140625,1496081.0,0,18,6,10710.4501953125,12.04998779296875
2018-06-19,915.0,915.0499877929688,886.0,891.4000244140625,1878313.0,1,19,6,10772.0498046875,29.04998779296875
2018-06-20,896.0,908.8499755859375,892.4500122070312,904.4000244140625,2671370.0,2,20,6,10741.099609375,16.39996337890625
2018-06-21,909.7999877929688,909.7999877929688,874.0999755859375,883.5999755859375,4202520.0,3,21,6,10821.849609375,35.70001220703125
2018-06-22,882.7999877929688,912.7000122070312,882.0499877929688,908.2000122070312,4589148.0,4,22,6,10762.4501953125,30.6500244140625
2018-06-25,912.0,914.5,901.0,905.5999755859375,2984963.0,0,25,6,10769.150390625,13.5
2018-06-26,905.0,915.0,891.0999755859375,898.0,2106484.0,1,26,6,10671.400390625,23.9000244140625
2018-06-27,900.0,906.2999877929688,885.5499877929688,892.6500244140625,2168303.0,2,27,6,10589.099609375,20.75
2018-06-28,892.6500244140625,917.7000122070312,891.0499877929688,907.75,4493297.0,3,28,6,10714.2998046875,26.6500244140625
2018-06-29,909.0,914.9000244140625,894.8499755859375,897.7000122070312,2441612.0,4,29,6,10657.2998046875,20.050048828125
2018-07-02,907.0,907.7000122070312,878.6500244140625,886.6500244140625,2180118.0,0,2,7,10699.900390625,29.04998779296875
2018-07-03,886.9000244140625,898.5,879.0499877929688,894.2000122070312,1406654.0,1,3,7,10769.900390625,19.45001220703125
2018-07-04,895.0,902.7000122070312,885.5,900.0999755859375,1457165.0,2,4,7,10749.75,17.20001220703125
2018-07-05,901.5999755859375,916.0,901.5999755859375,912.3499755859375,1935437.0,3,5,7,10772.650390625,14.4000244140625
2018-07-06,914.9500122070312,927.0,902.8499755859375,924.9500122070312,2998570.0,4,6,7,10852.900390625,24.1500244140625
2018-07-09,931.0,940.0,927.5999755859375,932.75,2472960.0,0,9,7,10947.25,12.4000244140625
2018-07-10,937.4000244140625,937.5,926.4000244140625,930.5499877929688,1617650.0,1,10,7,10948.2998046875,11.0999755859375
2018-07-11,928.9500122070312,939.7000122070312,926.4500122070312,931.0,2732003.0,2,11,7,11023.2001953125,13.25
2018-07-12,931.0,931.0,910.0,915.7999877929688,2173358.0,3,12,7,11018.900390625,21.0
2018-07-13,918.5,925.9000244140625,902.0,906.7000122070312,2296504.0,4,13,7,10936.849609375,23.9000244140625
2018-07-16,905.0,915.7000122070312,895.0,900.3499755859375,1901810.0,0,16,7,11008.0498046875,20.70001220703125
2018-07-17,903.0,925.2999877929688,901.0999755859375,922.4500122070312,1791101.0,1,17,7,10980.4501953125,24.20001220703125
2018-07-18,926.5999755859375,929.7999877929688,900.0,902.4500122070312,1442856.0,2,18,7,10957.099609375,29.79998779296875
2018-07-19,906.0,922.4000244140625,906.0,913.0,2040980.0,3,19,7,11010.2001953125,16.4000244140625
2018-07-20,913.0,915.2000122070312,904.0,909.75,1667834.0,4,20,7,11084.75,11.20001220703125
2018-07-23,910.0,913.0,904.0,910.4000244140625,1179253.0,0,23,7,11134.2998046875,9.0
2018-07-24,913.8499755859375,924.9000244140625,911.2000122070312,920.4000244140625,1982289.0,1,24,7,11132.0,13.70001220703125
2018-07-25,924.9000244140625,925.0,908.7000122070312,910.0999755859375,1433236.0,2,25,7,11167.2998046875,16.29998779296875
2018-07-26,914.4000244140625,916.9000244140625,906.0,913.5999755859375,2785063.0,3,26,7,11278.349609375,10.9000244140625
2018-07-27,915.0,915.9000244140625,902.7999877929688,909.8499755859375,1658854.0,4,27,7,11319.5498046875,13.10003662109375
2018-07-30,916.0,935.0,912.0499877929688,933.25,2458481.0,0,30,7,11356.5,22.95001220703125
2018-07-31,935.0,941.7999877929688,924.5499877929688,935.9500122070312,2011316.0,1,31,7,11346.2001953125,17.25
2018-08-01,939.5,943.4000244140625,926.0999755859375,929.75,2000884.0,2,1,8,11244.7001953125,17.300048828125
2018-08-02,925.75,925.75,910.0499877929688,911.2999877929688,1652795.0,3,2,8,11360.7998046875,15.70001220703125
2018-08-03,914.0499877929688,925.0,914.0499877929688,920.6500244140625,1575164.0,4,3,8,11387.099609375,10.95001220703125
2018-08-06,921.9500122070312,935.7999877929688,920.5499877929688,932.4000244140625,1702042.0,0,6,8,11389.4501953125,15.25
2018-08-07,940.9500122070312,944.0,923.2999877929688,927.0,5202007.0,1,7,8,11450.0,20.70001220703125
2018-08-08,936.9000244140625,938.9500122070312,924.0,928.2999877929688,2056171.0,2,8,8,11470.7001953125,14.95001220703125
2018-08-09,929.0,940.0,927.5,933.2000122070312,2452570.0,3,9,8,11429.5,12.5
2018-08-10,932.0,952.7000122070312,929.1500244140625,945.9500122070312,3163115.0,4,10,8,11355.75,23.54998779296875
2018-08-13,944.0,966.4000244140625,938.5999755859375,954.5,4285645.0,0,13,8,11435.099609375,27.800048828125
2018-08-14,958.9000244140625,961.9000244140625,948.0,950.4500122070312,1801054.0,1,14,8,11385.0498046875,13.9000244140625
2018-08-16,945.0,965.25,944.0,951.25,1832039.0,3,16,8,11470.75,21.25
2018-08-17,954.5499877929688,968.7999877929688,950.1500244140625,961.5,2246030.0,4,17,8,11551.75,18.64996337890625
2018-08-20,967.6500244140625,982.25,962.0999755859375,969.5499877929688,1877608.0,0,20,8,11570.900390625,20.1500244140625
2018-08-21,973.0,976.6500244140625,955.5,957.7999877929688,1557070.0,1,21,8,11582.75,21.1500244140625
2018-08-23,960.0,970.0,954.2999877929688,963.0999755859375,1978510.0,3,23,8,11557.099609375,15.70001220703125
2018-08-24,966.2000122070312,972.4000244140625,961.1500244140625,968.2999877929688,1634893.0,4,24,8,11691.9501953125,11.25
2018-08-27,974.2999877929688,983.9000244140625,967.7999877929688,976.4500122070312,1635797.0,0,27,8,11738.5,16.10003662109375
2018-08-28,982.0,987.6500244140625,974.0999755859375,980.5,1460036.0,1,28,8,11691.900390625,13.550048828125
2018-08-29,981.3499755859375,993.0,975.4500122070312,983.8499755859375,1795568.0,2,29,8,11676.7998046875,17.54998779296875
2018-08-30,984.9500122070312,991.5999755859375,977.9000244140625,982.9500122070312,1831626.0,3,30,8,11680.5,13.699951171875
2018-08-31,982.0,988.0,959.1500244140625,965.2999877929688,2243187.0,4,31,8,11582.349609375,28.8499755859375
2018-09-03,974.9000244140625,974.9500122070312,942.0,947.7999877929688,2189450.0,0,3,9,11520.2998046875,32.95001220703125
2018-09-04,952.2000122070312,955.7000122070312,928.0999755859375,931.75,2067396.0,1,4,9,11476.9501953125,27.60003662109375
2018-09-05,930.0,945.0,914.4000244140625,929.4000244140625,2133045.0,2,5,9,11536.900390625,30.5999755859375
2018-09-06,935.0,943.7000122070312,927.5,934.9500122070312,2144816.0,3,6,9,11589.099609375,16.20001220703125
2018-09-07,940.0999755859375,977.6500244140625,935.0499877929688,973.7000122070312,3132025.0,4,7,9,11438.099609375,42.60003662109375
2018-09-10,970.6500244140625,976.1500244140625,934.5999755859375,937.3499755859375,2151834.0,0,10,9,11287.5,41.550048828125
2018-09-11,943.0,961.0,936.2999877929688,943.1500244140625,3909701.0,1,11,9,11369.900390625,24.70001220703125
2018-09-12,948.4500122070312,951.0,912.4000244140625,938.1500244140625,2787531.0,2,12,9,11515.2001953125,38.5999755859375
2018-09-14,941.2000122070312,954.7999877929688,928.0499877929688,951.9000244140625,2803861.0,4,14,9,11377.75,26.75
2018-09-17,947.6500244140625,956.4000244140625,936.5999755859375,950.8499755859375,1978897.0,0,17,9,11278.900390625,19.800048828125
2018-09-18,949.4500122070312,961.0,940.4000244140625,946.5499877929688,2227889.0,1,18,9,11234.349609375,20.5999755859375
2018-09-19,947.0,965.6500244140625,938.2000122070312,948.9000244140625,2083160.0,2,19,9,11143.099609375,27.45001220703125
2018-09-21,963.0,976.7000122070312,870.0,959.9000244140625,4633394.0,4,21,9,10967.400390625,106.70001220703125
2018-09-24,955.0,958.2000122070312,885.0,896.0499877929688,4569708.0,0,24,9,11067.4501953125,73.20001220703125
2018-09-25,896.0,900.0,865.25,893.0,4269089.0,1,25,9,11053.7998046875,34.75
2018-09-26,903.0,917.8499755859375,885.2999877929688,893.3499755859375,2357565.0,2,26,9,10977.5498046875,32.54998779296875
2018-09-27,888.0,895.4500122070312,866.5,877.4500122070312,2588148.0,3,27,9,10930.4501953125,28.95001220703125
2018-09-28,877.4500122070312,880.9500122070312,839.5499877929688,860.9500122070312,4188699.0,4,28,9,11008.2998046875,41.4000244140625
2018-10-01,860.5,864.4500122070312,840.9500122070312,847.5999755859375,3060818.0,0,1,10,10858.25,23.5
2018-10-03,845.5,845.5,787.0,791.5999755859375,6680994.0,2,3,10,10599.25,58.5
2018-10-04,780.1500244140625,800.0,765.4500122070312,794.7000122070312,5036305.0,3,4,10,10316.4501953125,34.54998779296875
2018-10-05,791.0,795.75,752.9000244140625,769.5499877929688,5157618.0,4,5,10,10348.0498046875,42.8499755859375
2018-10-08,768.75,780.9500122070312,753.2999877929688,774.8499755859375,3874262.0,0,8,10,10301.0498046875,27.6500244140625
2018-10-09,775.5499877929688,782.4500122070312,760.2999877929688,764.7999877929688,2933355.0,1,9,10,10460.099609375,22.1500244140625
2018-10-10,768.0,774.5999755859375,750.9000244140625,764.0999755859375,7578601.0,2,10,10,10234.650390625,23.699951171875
2018-10-11,747.0,756.5,715.0,730.1500244140625,6199047.0,3,11,10,10472.5,41.5
2018-10-12,738.5,775.9000244140625,735.5499877929688,768.5,4477653.0,4,12,10,10512.5,40.35003662109375
2018-10-15,775.0,775.4500122070312,738.0,749.0,5282462.0,0,15,10,10584.75,37.45001220703125
2018-10-16,753.5999755859375,780.0,750.0999755859375,777.7000122070312,4357854.0,1,16,10,10453.0498046875,29.9000244140625
2018-10-17,789.2000122070312,790.75,751.2000122070312,759.4000244140625,2634539.0,2,17,10,10303.5498046875,39.54998779296875
2018-10-19,748.0999755859375,758.0,732.0999755859375,741.2000122070312,2985488.0,4,19,10,10245.25,25.9000244140625
2018-10-22,747.0,749.0,731.0,733.75,1842855.0,0,22,10,10146.7998046875,18.0
2018-10-23,730.5,734.4000244140625,716.2000122070312,729.9500122070312,2967082.0,1,23,10,10224.75,18.20001220703125
2018-10-24,740.7999877929688,749.2000122070312,725.6500244140625,736.25,3729119.0,2,24,10,10124.900390625,23.54998779296875
2018-10-25,728.0,744.5,724.0,733.75,3966709.0,3,25,10,10030.0,20.5
2018-10-26,731.0,741.7999877929688,722.7000122070312,728.2000122070312,1813847.0,4,26,10,10250.849609375,19.0999755859375
2018-10-29,728.0,752.8499755859375,728.0,749.5,1954444.0,0,29,10,10198.400390625,24.8499755859375
2018-10-30,751.0,762.75,737.0,746.2999877929688,2756355.0,1,30,10,10386.599609375,25.75
2018-10-31,749.0,769.0999755859375,735.1500244140625,765.9500122070312,3093083.0,2,31,10,10380.4501953125,33.949951171875
2018-11-01,770.5,778.7000122070312,751.0,756.0499877929688,4171044.0,3,1,11,10553.0,27.70001220703125
2018-11-02,765.0499877929688,795.9000244140625,765.0499877929688,783.5499877929688,4117317.0,4,2,11,10524.0,30.85003662109375
2018-11-05,784.0,784.6500244140625,770.0,775.4500122070312,2168486.0,0,5,11,10530.0,14.6500244140625
2018-11-06,780.0,782.0,768.8499755859375,778.4000244140625,1839552.0,1,6,11,10598.400390625,13.1500244140625
2018-11-07,788.0,794.0,783.6500244140625,792.9000244140625,731279.0,2,7,11,10585.2001953125,10.3499755859375
2018-11-09,800.0,805.9000244140625,791.0,795.25,3085813.0,4,9,11,10482.2001953125,14.9000244140625
2018-11-12,798.0,807.7000122070312,778.0999755859375,780.9000244140625,2101138.0,0,12,11,10582.5,29.60003662109375
2018-11-13,775.5,793.7999877929688,773.8499755859375,790.0499877929688,3010295.0,1,13,11,10576.2998046875,19.95001220703125
2018-11-14,793.0999755859375,797.4000244140625,765.5,769.5999755859375,4237768.0,2,14,11,10616.7001953125,31.9000244140625
2018-11-15,774.0,775.7999877929688,755.0,766.5,4315301.0,3,15,11,10682.2001953125,20.79998779296875
2018-11-16,767.6500244140625,776.5,759.75,767.5999755859375,2373384.0,4,16,11,10763.400390625,16.75
2018-11-19,775.2999877929688,783.5999755859375,770.0999755859375,781.3499755859375,2681651.0,0,19,11,10656.2001953125,13.5
2018-11-20,780.0,792.4000244140625,773.3499755859375,782.5999755859375,2902880.0,1,20,11,10600.0498046875,19.050048828125
2018-11-21,787.7999877929688,787.7999877929688,764.7000122070312,769.0999755859375,1851514.0,2,21,11,10526.75,23.0999755859375
2018-11-22,770.0999755859375,772.9500122070312,743.0999755859375,746.0999755859375,2578750.0,3,22,11,10628.599609375,29.85003662109375
2018-11-26,748.0,755.0,739.25,747.9000244140625,2676798.0,0,26,11,10685.599609375,15.75
2018-11-27,747.0,753.9000244140625,738.0999755859375,751.75,2179714.0,1,27,11,10728.849609375,15.800048828125
2018-11-28,754.7000122070312,759.2000122070312,745.5499877929688,748.4000244140625,2007876.0,2,28,11,10858.7001953125,13.6500244140625
2018-11-29,756.0,780.2999877929688,752.0,773.2000122070312,5038807.0,3,29,11,10876.75,28.29998779296875
2018-11-30,778.0,796.0,776.7000122070312,790.9000244140625,5214780.0,4,30,11,10883.75,19.29998779296875
2018-12-03,800.0,800.7999877929688,756.5999755859375,761.0499877929688,5839713.0,0,3,12,10869.5,44.20001220703125
2018-12-04,762.0,762.0,738.5,740.2999877929688,7101096.0,1,4,12,10782.900390625,23.5
2018-12-05,740.2999877929688,740.2999877929688,715.0999755859375,718.0499877929688,4837874.0,2,5,12,10601.150390625,25.20001220703125
2018-12-06,717.5,722.0,706.5,710.9500122070312,3970063.0,3,6,12,10693.7001953125,15.5
2018-12-07,726.7999877929688,726.7999877929688,709.5999755859375,721.0999755859375,2716587.0,4,7,12,10488.4501953125,17.20001220703125
2018-12-10,710.0,725.5,700.0,710.5499877929688,3150111.0,0,10,12,10549.150390625,25.5
2018-12-11,699.9000244140625,729.9000244140625,694.0,722.3499755859375,4383980.0,1,11,12,10737.599609375,35.9000244140625
2018-12-12,725.0,753.0,721.25,750.7999877929688,3460143.0,2,12,12,10791.5498046875,31.75
2018-12-13,755.0,765.0999755859375,746.25,759.2000122070312,3510371.0,3,13,12,10805.4501953125,18.8499755859375
2018-12-14,753.0999755859375,764.0,751.5999755859375,757.25,1760631.0,4,14,12,10888.349609375,12.4000244140625
2018-12-17,760.0,763.0,750.5,756.3499755859375,2022203.0,0,17,12,10908.7001953125,12.5
2018-12-18,755.5999755859375,772.0,752.4000244140625,770.9500122070312,3600834.0,1,18,12,10967.2998046875,19.5999755859375
2018-12-19,775.0,787.0,767.0999755859375,782.6500244140625,3361238.0,2,19,12,10951.7001953125,19.9000244140625
2018-12-20,779.7000122070312,797.0,778.5,795.4500122070312,2707144.0,3,20,12,10754.0,18.5
2018-12-21,795.0,814.0,777.7000122070312,781.1500244140625,6125095.0,4,21,12,10663.5,36.29998779296875
2018-12-24,782.9000244140625,792.5,775.0,788.6500244140625,2034516.0,0,24,12,10729.849609375,17.5
2018-12-26,785.6500244140625,793.5,772.0,787.7000122070312,1683700.0,2,26,12,10779.7998046875,21.5
2018-12-27,794.5,802.0,788.0999755859375,795.6500244140625,3156130.0,3,27,12,10859.900390625,13.9000244140625
2018-12-28,799.3499755859375,807.0,797.0,803.5499877929688,1820270.0,4,28,12,10862.5498046875,10.0
2019-01-01,805.0,805.8499755859375,771.2999877929688,773.3499755859375,3442903.0,1,1,1,10792.5,34.54998779296875
2019-01-02,772.7999877929688,772.7999877929688,735.0999755859375,741.7000122070312,10596260.0,2,2,1,10672.25,37.70001220703125
2019-01-03,743.4000244140625,744.8499755859375,716.2000122070312,718.2999877929688,11084172.0,3,3,1,10727.349609375,28.64996337890625
2019-01-04,720.0,728.2999877929688,712.5,725.5999755859375,5919404.0,4,4,1,10771.7998046875,15.79998779296875
2019-01-07,734.5499877929688,735.9000244140625,723.5499877929688,729.5499877929688,2792255.0,0,7,1,10802.150390625,12.35003662109375
2019-01-08,720.0,733.2000122070312,717.5,723.4000244140625,4764487.0,1,8,1,10855.150390625,15.70001220703125
2019-01-09,729.0,729.9500122070312,720.1500244140625,726.2999877929688,2569424.0,2,9,1,10821.599609375,9.79998779296875
2019-01-10,728.0,734.8499755859375,722.7999877929688,733.2000122070312,2550750.0,3,10,1,10794.9501953125,12.04998779296875
2019-01-11,735.0,735.0,721.25,727.9000244140625,2215240.0,4,11,1,10737.599609375,13.75
2019-01-14,725.0,726.4000244140625,714.2999877929688,724.5499877929688,1713221.0,0,14,1,10886.7998046875,12.10003662109375
2019-01-15,727.5,730.0,723.3499755859375,726.9000244140625,2138402.0,1,15,1,10890.2998046875,6.6500244140625
2019-01-16,727.2999877929688,732.5,724.5499877929688,726.25,1288969.0,2,16,1,10905.2001953125,7.95001220703125
2019-01-17,729.0,740.0,727.9500122070312,734.6500244140625,3318440.0,3,17,1,10906.9501953125,12.04998779296875
2019-01-18,734.5,737.9000244140625,728.0,734.9500122070312,1601885.0,4,18,1,10961.849609375,9.9000244140625
2019-01-21,738.0,738.0,727.3499755859375,730.2999877929688,1341152.0,0,21,1,10922.75,10.6500244140625
2019-01-22,727.7000122070312,727.7000122070312,705.1500244140625,708.5,5097285.0,1,22,1,10831.5,22.54998779296875
2019-01-23,708.5,709.75,693.5999755859375,695.8499755859375,4714919.0,2,23,1,10849.7998046875,16.1500244140625
2019-01-24,699.0,700.0499877929688,686.0499877929688,697.2999877929688,3891245.0,3,24,1,10780.5498046875,14.0
2019-01-25,702.0,703.5,681.0,683.5,3421228.0,4,25,1,10661.5498046875,22.5
2019-01-28,683.5,683.5,667.5,673.0499877929688,5762442.0,0,28,1,10652.2001953125,16.0
2019-01-29,671.9500122070312,676.9000244140625,661.5999755859375,669.6500244140625,4860919.0,1,29,1,10651.7998046875,15.300048828125
2019-01-30,671.9000244140625,680.0,670.2999877929688,678.6500244140625,2738163.0,2,30,1,10830.9501953125,9.70001220703125
2019-01-31,678.0,683.0,672.75,680.0499877929688,3496189.0,3,31,1,10893.650390625,10.25
2019-02-01,689.0,715.4000244140625,680.5499877929688,688.4000244140625,8005192.0,4,1,2,10912.25,34.85003662109375
2019-02-04,688.0,688.4000244140625,670.3499755859375,674.4500122070312,2652101.0,0,4,2,10934.349609375,18.050048828125
2019-02-05,675.25,692.5999755859375,672.6500244140625,684.9000244140625,3550741.0,1,5,2,11062.4501953125,19.949951171875
2019-02-06,687.9000244140625,698.25,682.0499877929688,695.0999755859375,2221744.0,2,6,2,11069.400390625,16.20001220703125
2019-02-07,695.0,708.9000244140625,693.0999755859375,700.9000244140625,2710457.0,3,7,2,10943.599609375,15.800048828125
2019-02-08,702.0,706.7000122070312,678.5499877929688,682.0999755859375,10858152.0,4,8,2,10888.7998046875,28.1500244140625
2019-02-11,669.4000244140625,673.4000244140625,645.2000122070312,647.5499877929688,7931599.0,0,11,2,10831.400390625,28.20001220703125
2019-02-12,647.0,657.7999877929688,644.0,648.7000122070312,3357448.0,1,12,2,10746.0498046875,13.79998779296875
2019-02-14,640.7000122070312,642.4000244140625,632.2999877929688,634.4000244140625,3530468.0,3,14,2,10724.400390625,10.10003662109375
2019-02-15,635.0,636.9000244140625,618.7999877929688,627.5499877929688,5765467.0,4,15,2,10640.9501953125,18.10003662109375
2019-02-18,630.0,630.0,615.5999755859375,624.7000122070312,4750172.0,0,18,2,10604.349609375,14.4000244140625
2019-02-19,627.0,642.0,625.25,632.5999755859375,3526711.0,1,19,2,10735.4501953125,16.75
2019-02-20,637.0,637.2999877929688,628.1500244140625,633.5499877929688,2369483.0,2,20,2,10789.849609375,9.14996337890625
2019-02-21,633.5499877929688,635.9500122070312,625.0,634.2000122070312,2813880.0,3,21,2,10791.650390625,10.95001220703125
2019-02-22,635.0,648.5999755859375,632.25,646.5999755859375,4053346.0,4,22,2,10880.099609375,16.3499755859375
2019-02-25,649.9000244140625,653.9500122070312,642.2999877929688,650.7000122070312,1863303.0,0,25,2,10835.2998046875,11.6500244140625
2019-02-26,644.7999877929688,656.0,640.0,651.2999877929688,3862642.0,1,26,2,10806.650390625,16.0
2019-02-27,654.5,662.0,647.1500244140625,656.1500244140625,3193418.0,2,27,2,10792.5,14.8499755859375
2019-02-28,663.75,663.75,642.5,645.9000244140625,3955320.0,3,28,2,10863.5,21.25
2019-03-01,650.0,652.0,641.0,649.7000122070312,3957539.0,4,1,3,10987.4501953125,11.0
2019-03-05,649.8499755859375,657.9000244140625,642.0499877929688,656.75,6039244.0,1,5,3,11053.0,15.85003662109375
2019-03-06,660.0,664.8499755859375,654.0,658.9000244140625,7495708.0,2,6,3,11058.2001953125,10.8499755859375
2019-03-07,661.7000122070312,677.5,654.2000122070312,671.7999877929688,8703088.0,3,7,3,11035.400390625,23.29998779296875
2019-03-08,672.0,679.7000122070312,666.4000244140625,670.1500244140625,3877059.0,4,8,3,11168.0498046875,13.29998779296875
2019-03-11,671.9500122070312,683.8499755859375,671.5,681.0499877929688,4027884.0,0,11,3,11301.2001953125,12.3499755859375
2019-03-12,686.9000244140625,693.0999755859375,683.3499755859375,687.9000244140625,3876498.0,1,12,3,11341.7001953125,9.75
2019-03-13,688.4000244140625,689.4000244140625,681.25,684.2000122070312,1808059.0,2,13,3,11343.25,8.1500244140625
2019-03-14,683.0,688.0,677.1500244140625,685.9000244140625,1901877.0,3,14,3,11426.849609375,10.8499755859375
2019-03-15,688.25,697.0,687.0,694.5999755859375,5208071.0,4,15,3,11462.2001953125,10.0
2019-03-18,696.0,704.2000122070312,682.0499877929688,684.2000122070312,2600716.0,0,18,3,11532.400390625,22.1500244140625
2019-03-19,686.0,693.7999877929688,675.0999755859375,689.4000244140625,2331409.0,1,19,3,11521.0498046875,18.70001220703125
2019-03-20,689.0,694.3499755859375,676.1500244140625,678.5999755859375,2369729.0,2,20,3,11456.900390625,18.199951171875
2019-03-22,678.7000122070312,684.5,670.0,678.7999877929688,2770303.0,4,22,3,11354.25,14.5
2019-03-25,672.0,675.0,663.4000244140625,664.5999755859375,2337486.0,0,25,3,11483.25,11.5999755859375
2019-03-26,664.6500244140625,672.4000244140625,661.0,669.5999755859375,2434715.0,1,26,3,11445.0498046875,11.4000244140625
2019-03-27,672.0499877929688,672.6500244140625,658.5499877929688,660.0499877929688,2426853.0,2,27,3,11570.0,14.10003662109375
2019-03-28,659.0499877929688,662.75,653.5999755859375,655.9500122070312,3910004.0,3,28,3,11669.150390625,9.1500244140625
2019-04-01,678.1500244140625,689.0,659.0,660.9000244140625,5458057.0,0,1,4,11713.2001953125,30.0
2019-04-02,665.0,670.9000244140625,661.4500122070312,668.5999755859375,3802792.0,1,2,4,11643.9501953125,9.45001220703125
2019-04-03,672.7999877929688,676.75,656.9000244140625,658.4500122070312,2745080.0,2,3,4,11598.0,19.8499755859375
2019-04-04,661.0,662.7000122070312,651.2000122070312,653.3499755859375,3684739.0,3,4,4,11665.9501953125,11.5
2019-04-05,657.5,663.0,654.0,658.2000122070312,2694077.0,4,5,4,11604.5,9.0
2019-04-08,660.4000244140625,668.3499755859375,658.2999877929688,667.0,3413270.0,0,8,4,11671.9501953125,10.04998779296875
2019-04-09,667.7999877929688,669.7999877929688,660.4500122070312,667.8499755859375,2401571.0,1,9,4,11584.2998046875,9.3499755859375
2019-04-10,672.5999755859375,675.0,663.0999755859375,670.25,2499060.0,2,10,4,11596.7001953125,11.9000244140625
2019-04-11,669.2999877929688,679.75,669.2999877929688,672.75,4863931.0,3,11,4,11643.4501953125,10.45001220703125
2019-04-12,674.0,679.5,667.5499877929688,678.2000122070312,3302657.0,4,12,4,11690.349609375,11.95001220703125
2019-04-15,680.0,686.0,673.2999877929688,683.2000122070312,2408677.0,0,15,4,11787.150390625,12.70001220703125
2019-04-16,687.25,695.5,684.7999877929688,688.0999755859375,3002929.0,1,16,4,11752.7998046875,10.70001220703125
2019-04-18,689.5999755859375,691.9500122070312,681.25,684.6500244140625,2996875.0,3,18,4,11594.4501953125,10.70001220703125
2019-04-22,681.0,685.75,670.9000244140625,673.4000244140625,1483513.0,0,22,4,11575.9501953125,14.8499755859375
2019-04-23,671.0,675.8499755859375,663.75,665.75,3248237.0,1,23,4,11726.150390625,12.0999755859375
2019-04-24,668.0,669.2000122070312,662.25,668.1500244140625,2247998.0,2,24,4,11641.7998046875,6.95001220703125
2019-04-25,671.7999877929688,673.0,664.0,665.1500244140625,3169504.0,3,25,4,11754.650390625,9.0
2019-04-26,666.5999755859375,668.4000244140625,651.5,659.4500122070312,3632433.0,4,26,4,11748.150390625,16.9000244140625
2019-04-30,659.7000122070312,662.2000122070312,640.0,645.2999877929688,5042085.0,1,30,4,11724.75,22.20001220703125
2019-05-02,646.0,660.7000122070312,635.2000122070312,645.9000244140625,3007579.0,3,2,5,11712.25,25.5
2019-05-03,645.0499877929688,652.5,642.8499755859375,645.7999877929688,2330580.0,4,3,5,11598.25,9.6500244140625
2019-05-06,640.0,645.0,635.0999755859375,638.5,1498420.0,0,6,5,11497.900390625,9.9000244140625
2019-05-07,641.75,642.9000244140625,634.2000122070312,636.0,3160875.0,1,7,5,11359.4501953125,8.70001220703125
2019-05-08,635.5499877929688,637.0,619.0,621.6500244140625,3853705.0,2,8,5,11301.7998046875,18.0
2019-05-09,620.9000244140625,627.9500122070312,616.0999755859375,625.4500122070312,1366143.0,3,9,5,11278.900390625,11.85003662109375
2019-05-10,626.25,631.8499755859375,619.0,628.75,2093110.0,4,10,5,11148.2001953125,12.8499755859375
2019-05-13,628.7000122070312,628.7000122070312,615.0,617.5999755859375,1463136.0,0,13,5,11222.0498046875,13.70001220703125
2019-05-14,616.9000244140625,620.5499877929688,610.5499877929688,614.25,2756314.0,1,14,5,11157.0,10.0
2019-05-15,618.0,628.4000244140625,606.9500122070312,609.6500244140625,2805369.0,2,15,5,11257.099609375,21.45001220703125
2019-05-16,610.0,612.6500244140625,597.2000122070312,605.25,1940170.0,3,16,5,11407.150390625,15.45001220703125
2019-05-17,607.0,622.5,607.0,619.6500244140625,2599966.0,4,17,5,11828.25,15.5
2019-05-20,635.0,662.5,632.25,653.25,4938702.0,0,20,5,11709.099609375,30.25
2019-05-21,660.0,662.7000122070312,634.4000244140625,639.1500244140625,2150188.0,1,21,5,11737.900390625,28.29998779296875
2019-05-22,643.8499755859375,643.8499755859375,631.25,640.5499877929688,1458607.0,2,22,5,11657.0498046875,12.5999755859375
2019-05-23,650.0,655.0,635.0999755859375,639.5,3161573.0,3,23,5,11844.099609375,19.9000244140625
2019-05-24,644.75,667.5,637.8499755859375,665.4500122070312,3165620.0,4,24,5,11924.75,29.6500244140625
2019-05-27,667.7000122070312,683.0,665.0,679.3499755859375,2987573.0,0,27,5,11928.75,18.0
2019-05-28,680.0,682.25,667.25,670.5499877929688,5411769.0,1,28,5,11861.099609375,15.0
2019-05-29,668.0,677.5,660.8499755859375,672.1500244140625,5418102.0,2,29,5,11945.900390625,16.6500244140625
2019-05-30,660.0,667.5,656.3499755859375,661.7000122070312,5394745.0,3,30,5,11922.7998046875,11.1500244140625
2019-05-31,659.7000122070312,665.9500122070312,645.0999755859375,647.0499877929688,4226041.0,4,31,5,12088.5498046875,20.85003662109375
2019-06-03,647.0499877929688,659.0,635.0499877929688,653.4000244140625,4170532.0,0,3,6,12021.650390625,23.95001220703125
2019-06-04,654.7999877929688,659.4000244140625,647.7999877929688,650.75,1640476.0,1,4,6,11843.75,11.60003662109375
2019-06-06,654.2999877929688,655.5,631.3499755859375,634.0999755859375,3846513.0,3,6,6,11870.650390625,24.1500244140625
2019-06-07,640.0,645.7000122070312,630.0499877929688,644.0499877929688,2173168.0,4,7,6,11922.7001953125,15.6500244140625
2019-06-10,643.4000244140625,649.4000244140625,638.2000122070312,646.9500122070312,2306052.0,0,10,6,11965.599609375,11.20001220703125
2019-06-11,647.9500122070312,647.9500122070312,636.0,636.8499755859375,2274832.0,1,11,6,11906.2001953125,11.95001220703125
2019-06-12,633.0,638.9000244140625,629.4500122070312,632.2000122070312,1734002.0,2,12,6,11914.0498046875,9.45001220703125
2019-06-13,632.0,642.7000122070312,628.0999755859375,641.0499877929688,2141936.0,3,13,6,11823.2998046875,14.60003662109375
2019-06-14,640.0499877929688,641.0,633.4000244140625,637.25,1338649.0,4,14,6,11672.150390625,7.5999755859375
2019-06-17,641.0,641.9500122070312,622.25,625.0499877929688,2647789.0,0,17,6,11691.5,19.70001220703125
2019-06-18,624.0,629.7999877929688,620.0999755859375,625.9000244140625,2252507.0,1,18,6,11691.4501953125,9.70001220703125
2019-06-19,629.8499755859375,632.3499755859375,608.0,615.1500244140625,2316163.0,2,19,6,11831.75,24.3499755859375
2019-06-20,614.7999877929688,630.9500122070312,611.25,627.1500244140625,2283701.0,3,20,6,11724.099609375,19.70001220703125
2019-06-21,627.0,633.4500122070312,622.25,627.4500122070312,2713987.0,4,21,6,11699.650390625,11.20001220703125
2019-06-24,626.0,637.0,626.0,634.8499755859375,2166403.0,0,24,6,11796.4501953125,11.0
2019-06-25,635.0,644.6500244140625,635.0,641.6500244140625,3352119.0,1,25,6,11847.5498046875,9.6500244140625
2019-06-26,640.0,647.5,640.0,643.5,2124949.0,2,26,6,11841.5498046875,7.5
2019-06-27,645.0,660.7999877929688,645.0,657.9000244140625,3744033.0,3,27,6,11788.849609375,15.79998779296875
2019-06-28,659.7999877929688,662.4500122070312,651.5,655.3499755859375,3503838.0,4,28,6,11865.599609375,10.95001220703125
2019-07-01,657.2999877929688,663.4500122070312,654.4500122070312,660.0,3547891.0,0,1,7,11910.2998046875,9.0
2019-07-02,661.0,668.5,656.2999877929688,666.25,2275170.0,1,2,7,11916.75,12.20001220703125
2019-07-03,668.9500122070312,675.0,663.2999877929688,669.25,2615478.0,2,3,7,11946.75,11.70001220703125
2019-07-04,671.5,674.2000122070312,665.2999877929688,672.1500244140625,1777421.0,3,4,7,11811.150390625,8.9000244140625
2019-07-05,672.0,675.2999877929688,638.5,642.0499877929688,3039710.0,4,5,7,11558.599609375,36.79998779296875
2019-07-08,640.3499755859375,645.2000122070312,626.2000122070312,635.8499755859375,3903971.0,0,8,7,11555.900390625,19.0
2019-07-09,632.0,638.5,630.0,632.7000122070312,1260744.0,1,9,7,11498.900390625,8.5
2019-07-10,630.0,636.0999755859375,619.0999755859375,621.6500244140625,2081711.0,2,10,7,11582.900390625,17.0
2019-07-11,625.4000244140625,635.6500244140625,623.5999755859375,634.1500244140625,1399434.0,3,11,7,11552.5,12.050048828125
2019-07-12,634.0999755859375,637.0,628.5,631.9000244140625,1806912.0,4,12,7,11588.349609375,8.5
2019-07-15,632.0499877929688,638.0,625.4500122070312,631.8499755859375,2223638.0,0,15,7,11662.599609375,12.54998779296875
2019-07-16,624.7000122070312,627.9000244140625,618.8499755859375,622.9000244140625,3177195.0,1,16,7,11687.5,9.050048828125
2019-07-17,623.0,626.4500122070312,615.2999877929688,617.9500122070312,1881478.0,2,17,7,11596.900390625,11.1500244140625
2019-07-18,613.9000244140625,616.4500122070312,595.0,597.4000244140625,4915489.0,3,18,7,11419.25,21.45001220703125
2019-07-19,601.1500244140625,601.5,570.0,571.2999877929688,6294798.0,4,19,7,11346.2001953125,31.5
2019-07-22,571.2999877929688,576.7000122070312,559.9000244140625,564.9000244140625,4198301.0,0,22,7,11331.0498046875,16.79998779296875
2019-07-23,566.0999755859375,567.0,555.8499755859375,559.0999755859375,4805198.0,1,23,7,11271.2998046875,11.1500244140625
2019-07-24,557.0,557.9000244140625,546.0,550.0,3041526.0,2,24,7,11252.150390625,11.9000244140625
2019-07-25,550.0,553.0,541.9000244140625,547.5499877929688,4763735.0,3,25,7,11284.2998046875,11.0999755859375
2019-07-26,545.9000244140625,566.4000244140625,545.0,564.4500122070312,5063750.0,4,26,7,11189.2001953125,21.4000244140625
2019-07-29,564.0,565.0,552.1500244140625,553.1500244140625,2984154.0,0,29,7,11085.400390625,12.8499755859375
2019-07-30,551.7999877929688,561.2999877929688,547.5499877929688,548.75,3186153.0,1,30,7,11118.0,13.75
2019-07-31,546.5999755859375,553.7999877929688,541.75,550.0,2986522.0,2,31,7,10980.0,12.04998779296875
2019-08-01,546.0,551.7999877929688,539.2999877929688,548.5499877929688,2737518.0,3,1,8,10997.349609375,12.5
2019-08-02,544.9000244140625,563.8499755859375,542.1500244140625,556.4500122070312,5848740.0,4,2,8,10862.599609375,21.699951171875
2019-08-05,550.4500122070312,554.25,542.3499755859375,545.4500122070312,3152495.0,0,5,8,10948.25,11.9000244140625
2019-08-06,543.0,552.25,543.0,549.4500122070312,2811436.0,1,6,8,10855.5,9.25
2019-08-07,551.5,551.5,515.0,518.2999877929688,8411409.0,2,7,8,11032.4501953125,36.5
2019-08-08,518.5,541.5,516.3499755859375,539.5499877929688,5648169.0,3,8,8,11109.650390625,25.1500244140625
2019-08-09,540.9000244140625,548.2999877929688,530.0,545.5499877929688,4313483.0,4,9,8,10925.849609375,18.29998779296875
2019-08-13,545.0,545.0,510.25,512.4000244140625,3618940.0,1,13,8,11029.400390625,34.75
2019-08-14,515.9000244140625,525.8499755859375,502.54998779296875,523.5499877929688,4641413.0,2,14,8,11047.7998046875,23.29998779296875
2019-08-16,524.7000122070312,531.9000244140625,515.5499877929688,527.8499755859375,3120580.0,4,16,8,11053.900390625,16.35003662109375
2019-08-19,527.0,535.75,518.0,520.5499877929688,2998027.0,0,19,8,11017.0,17.75
2019-08-20,522.9000244140625,535.0,517.5,527.7999877929688,3175896.0,1,20,8,10918.7001953125,17.5
2019-08-21,528.2999877929688,535.5999755859375,518.0999755859375,520.9000244140625,2709407.0,2,21,8,10741.349609375,17.5
2019-08-22,521.5499877929688,523.75,509.8500061035156,511.79998779296875,2516270.0,3,22,8,10829.349609375,13.899993896484375
2019-08-23,511.0,536.2999877929688,509.25,533.25,2807785.0,4,23,8,11057.849609375,27.04998779296875
2019-08-26,552.7000122070312,552.7000122070312,528.9000244140625,544.2999877929688,4036331.0,0,26,8,11105.349609375,23.79998779296875
2019-08-27,547.0,559.0,544.5,554.0499877929688,4144339.0,1,27,8,11046.099609375,14.5
2019-08-28,556.7000122070312,559.9000244140625,534.75,539.7000122070312,3322911.0,2,28,8,10948.2998046875,25.1500244140625
2019-08-29,536.0,544.2000122070312,524.25,528.0,4399017.0,3,29,8,11023.25,19.95001220703125
2019-08-30,530.5999755859375,532.9000244140625,519.0499877929688,528.7999877929688,2929342.0,4,30,8,10797.900390625,13.85003662109375
2019-09-03,518.6500244140625,521.9000244140625,513.0,515.4500122070312,3379359.0,1,3,9,10844.650390625,8.9000244140625
2019-09-04,516.0,519.75,503.1499938964844,505.70001220703125,3431149.0,2,4,9,10847.900390625,16.600006103515625
2019-09-05,506.8500061035156,519.5,506.70001220703125,517.0,2329699.0,3,5,9,10946.2001953125,12.79998779296875
2019-09-06,519.4500122070312,531.0,514.5999755859375,529.5,2670087.0,4,6,9,11003.0498046875,16.4000244140625
2019-09-09,523.6500244140625,536.75,522.0,532.5499877929688,3061953.0,0,9,9,11035.7001953125,14.75
2019-09-11,533.2000122070312,548.25,533.2000122070312,545.75,3224627.0,2,11,9,10982.7998046875,15.04998779296875
2019-09-12,546.0999755859375,551.9500122070312,540.25,543.5999755859375,3726538.0,3,12,9,11075.900390625,11.70001220703125
2019-09-13,542.0,552.7999877929688,541.5,551.25,4358612.0,4,13,9,11003.5,11.29998779296875
2019-09-16,545.0,550.5,535.6500244140625,536.9500122070312,2441611.0,0,16,9,10817.599609375,14.8499755859375
2019-09-17,537.5,539.5,520.0,521.9500122070312,2445056.0,1,17,9,10840.650390625,19.5
2019-09-18,525.0,531.3499755859375,518.2000122070312,527.0,2401637.0,2,18,9,10704.7998046875,13.14996337890625
2019-09-19,529.0,529.4500122070312,513.0,519.2999877929688,2336366.0,3,19,9,11274.2001953125,16.45001220703125
2019-09-20,524.4500122070312,574.0,518.6500244140625,568.9000244140625,14378491.0,4,20,9,11600.2001953125,55.3499755859375
2019-09-23,576.25,602.2000122070312,552.0,565.0,9599883.0,0,23,9,11588.2001953125,50.20001220703125
2019-09-24,563.9000244140625,575.4000244140625,554.5999755859375,558.75,3615703.0,1,24,9,11440.2001953125,20.800048828125
2019-09-25,558.7000122070312,558.7000122070312,528.0,534.7000122070312,5044376.0,2,25,9,11571.2001953125,30.70001220703125
2019-09-26,537.9000244140625,569.75,536.0,566.9500122070312,6270296.0,3,26,9,11512.400390625,33.75
2019-09-27,562.7999877929688,567.7999877929688,549.1500244140625,555.0999755859375,4326078.0,4,27,9,11474.4501953125,18.64996337890625
2019-09-30,557.75,558.5499877929688,540.2999877929688,547.1500244140625,3381186.0,0,30,9,11359.900390625,18.25
2019-10-01,551.0,566.0999755859375,536.5999755859375,556.7000122070312,5664019.0,1,1,10,11314.0,29.5
2019-10-03,558.0,564.9500122070312,547.0999755859375,562.7000122070312,3797753.0,3,3,10,11174.75,17.85003662109375
2019-10-04,565.0499877929688,575.0,555.4500122070312,564.25,4653685.0,4,4,10,11126.400390625,19.54998779296875
2019-10-07,561.0999755859375,562.9000244140625,546.5,552.9500122070312,2367535.0,0,7,10,11313.2998046875,16.4000244140625
2019-10-09,556.0,578.7999877929688,550.9500122070312,576.5499877929688,4863273.0,2,9,10,11234.5498046875,27.8499755859375
2019-10-10,576.0,576.0,559.25,566.0499877929688,2156410.0,3,10,10,11305.0498046875,16.75
2019-10-11,568.5499877929688,574.2999877929688,554.0999755859375,560.0999755859375,3133395.0,4,11,10,11341.150390625,20.20001220703125
2019-10-14,562.9000244140625,572.3499755859375,554.5499877929688,568.6500244140625,2630640.0,0,14,10,11428.2998046875,17.79998779296875
2019-10-15,568.0,586.5499877929688,565.2000122070312,583.4000244140625,4967499.0,1,15,10,11464.0,21.3499755859375
2019-10-16,582.5,586.9000244140625,575.3499755859375,584.25,2279203.0,2,16,10,11586.349609375,11.550048828125
2019-10-17,581.0999755859375,596.3499755859375,578.75,593.2999877929688,3744228.0,3,17,10,11661.849609375,17.5999755859375
2019-10-18,589.0,595.5,583.5999755859375,593.2999877929688,2955289.0,4,18,10,11588.349609375,11.9000244140625
2019-10-22,593.4000244140625,601.2000122070312,587.4500122070312,595.7999877929688,3494913.0,1,22,10,11604.099609375,13.75
2019-10-23,596.9000244140625,599.6500244140625,587.1500244140625,591.8499755859375,2371317.0,2,23,10,11582.599609375,12.5
2019-10-24,592.0,595.5,578.5999755859375,581.0499877929688,2212393.0,3,24,10,11583.900390625,16.9000244140625
2019-10-29,595.4500122070312,618.0,592.5,611.7999877929688,6543163.0,1,29,10,11844.099609375,25.5
2019-10-30,617.2000122070312,619.9000244140625,605.0,616.5499877929688,4296705.0,2,30,10,11877.4501953125,14.9000244140625
2019-10-31,617.5999755859375,621.6500244140625,603.75,606.4500122070312,4595842.0,3,31,10,11890.599609375,17.9000244140625
2019-11-01,609.0,609.75,581.0,589.75,7558094.0,4,1,11,11941.2998046875,28.75
2019-11-04,591.0,594.5499877929688,581.9000244140625,586.4000244140625,3128961.0,0,4,11,11917.2001953125,12.64996337890625
2019-11-05,583.2999877929688,590.5999755859375,577.0999755859375,580.1500244140625,2653917.0,1,5,11,11966.0498046875,13.5
2019-11-06,590.25,590.2999877929688,577.0999755859375,579.7999877929688,2763550.0,2,6,11,12012.0498046875,13.20001220703125
2019-11-07,579.7999877929688,583.5,572.0,580.3499755859375,3279435.0,3,7,11,11908.150390625,11.5
2019-11-08,578.0,596.5,576.8499755859375,580.0,8374614.0,4,8,11,11913.4501953125,19.6500244140625
2019-11-11,581.7000122070312,586.9500122070312,570.0,575.0,3492576.0,0,11,11,11840.4501953125,16.95001220703125
2019-11-13,574.0,580.9000244140625,572.0,574.7000122070312,3342543.0,2,13,11,11872.099609375,8.9000244140625
2019-11-14,575.2000122070312,579.6500244140625,567.75,578.4500122070312,2193683.0,3,14,11,11895.4501953125,11.9000244140625
2019-11-15,583.75,590.8499755859375,579.75,583.0499877929688,3063043.0,4,15,11,11884.5,11.0999755859375
2019-11-18,580.0999755859375,582.5999755859375,571.7999877929688,573.7000122070312,3212994.0,0,18,11,11940.099609375,10.79998779296875
2019-11-19,573.75,575.0,559.6500244140625,560.6500244140625,3208662.0,1,19,11,11999.099609375,15.3499755859375
2019-11-20,562.25,568.4500122070312,557.5,560.4500122070312,2876499.0,2,20,11,11968.400390625,10.95001220703125
2019-11-21,560.5,562.6500244140625,550.2000122070312,551.7999877929688,3346254.0,3,21,11,11914.400390625,12.45001220703125
2019-11-22,554.75,555.0,539.2000122070312,546.0,2798026.0,4,22,11,12073.75,15.79998779296875
2019-11-25,547.5,552.8499755859375,546.25,547.7999877929688,3054435.0,0,25,11,12037.7001953125,6.5999755859375
2019-11-26,550.0,552.9000244140625,536.9500122070312,538.5999755859375,4408905.0,1,26,11,12100.7001953125,15.95001220703125
2019-11-27,542.0,554.5,535.0,539.9500122070312,6630809.0,2,27,11,12151.150390625,19.5
2019-11-28,541.9000244140625,543.2999877929688,536.25,541.9500122070312,2426425.0,3,28,11,12056.0498046875,7.04998779296875
2019-11-29,543.0,543.7999877929688,528.25,530.5499877929688,3328894.0,4,29,11,12048.2001953125,15.54998779296875
2019-12-02,525.0,537.5,523.5,534.1500244140625,4087250.0,0,2,12,11994.2001953125,14.0
2019-12-03,537.25,537.25,522.0,522.9000244140625,3052238.0,1,3,12,12043.2001953125,15.25
2019-12-04,522.7999877929688,529.25,519.1500244140625,525.5499877929688,2612985.0,2,4,12,12018.400390625,10.0999755859375
2019-12-05,525.5499877929688,531.1500244140625,522.0,524.75,2332044.0,3,5,12,11921.5,9.1500244140625
2019-12-06,527.7999877929688,527.9000244140625,508.1000061035156,510.20001220703125,3409528.0,4,6,12,11937.5,19.800018310546875
2019-12-09,510.20001220703125,518.5,510.04998779296875,513.6500244140625,2566094.0,0,9,12,11856.7998046875,8.45001220703125
2019-12-10,514.5999755859375,514.8499755859375,503.75,505.75,2462096.0,1,10,12,11910.150390625,11.0999755859375
2019-12-11,507.6499938964844,511.3999938964844,502.6499938964844,507.75,2148791.0,2,11,12,11971.7998046875,8.75
2019-12-12,511.0,514.25,508.20001220703125,511.8999938964844,2994158.0,3,12,12,12086.7001953125,6.04998779296875
2019-12-13,514.5499877929688,522.7999877929688,513.75,516.2000122070312,4066433.0,4,13,12,12053.9501953125,9.04998779296875
2019-12-16,516.0,519.7999877929688,507.6000061035156,508.8500061035156,2346317.0,0,16,12,12165.0,12.199981689453125
2019-12-17,509.8999938964844,512.75,505.0,505.8500061035156,3521314.0,1,17,12,12221.650390625,7.75
2019-12-18,506.8999938964844,524.9000244140625,506.5,522.6500244140625,10092679.0,2,18,12,12259.7001953125,18.4000244140625
2019-12-19,524.5,538.7999877929688,524.5,535.4000244140625,10732682.0,3,19,12,12271.7998046875,14.29998779296875
2019-12-20,533.5,539.6500244140625,528.5,530.5999755859375,4746509.0,4,20,12,12262.75,11.1500244140625
2019-12-23,529.9500122070312,535.9000244140625,524.7000122070312,525.9000244140625,2963573.0,0,23,12,12214.5498046875,11.20001220703125
2019-12-24,529.0,532.6500244140625,526.2000122070312,527.5,2372038.0,1,24,12,12126.5498046875,6.45001220703125
2019-12-26,530.0,536.2000122070312,527.0499877929688,528.3499755859375,4623580.0,3,26,12,12245.7998046875,9.1500244140625
2019-12-27,529.9000244140625,532.75,525.0499877929688,530.1500244140625,3017840.0,4,27,12,12255.849609375,7.70001220703125
2019-12-30,531.3499755859375,539.8499755859375,531.3499755859375,536.9000244140625,4697710.0,0,30,12,12168.4501953125,8.5
2019-12-31,538.6500244140625,538.6500244140625,530.5999755859375,531.5499877929688,2502181.0,1,31,12,12182.5,8.050048828125
2020-01-01,532.9000244140625,538.0,529.5499877929688,536.5999755859375,2611808.0,2,1,1,12282.2001953125,8.45001220703125
2020-01-02,537.0,541.0,533.5,539.8499755859375,2776519.0,3,2,1,12226.650390625,7.5
2020-01-03,538.9500122070312,539.0,530.4000244140625,532.75,1930883.0,4,3,1,11993.0498046875,8.5999755859375
2020-01-06,529.9000244140625,530.0,520.5,524.5,2059404.0,0,6,1,12052.9501953125,9.5
2020-01-07,528.9000244140625,532.0,523.0499877929688,526.6500244140625,2111349.0,1,7,1,12025.349609375,8.95001220703125
2020-01-08,520.9000244140625,526.4500122070312,519.0,524.6500244140625,1612378.0,2,8,1,12215.900390625,7.45001220703125
2020-01-09,529.8499755859375,542.4500122070312,525.7000122070312,541.25,2897598.0,3,9,1,12256.7998046875,16.75
2020-01-10,544.0999755859375,547.5999755859375,539.25,546.5999755859375,2355888.0,4,10,1,12329.5498046875,8.3499755859375
2020-01-13,548.9000244140625,557.0,546.5999755859375,554.9500122070312,3442869.0,0,13,1,12362.2998046875,10.4000244140625
2020-01-14,554.9500122070312,563.75,554.9500122070312,562.5,2793249.0,1,14,1,12343.2998046875,8.79998779296875
2020-01-15,562.0,571.0,556.7000122070312,569.75,2564513.0,2,15,1,12355.5,14.29998779296875
2020-01-16,569.25,569.7999877929688,564.0499877929688,567.4500122070312,2243200.0,3,16,1,12352.349609375,5.75
2020-01-17,566.7999877929688,574.0,565.1500244140625,569.2999877929688,2646260.0,4,17,1,12224.5498046875,8.8499755859375
2020-01-20,569.0,574.0,564.3499755859375,567.2000122070312,1847978.0,0,20,1,12169.849609375,9.6500244140625
2020-01-21,564.0,564.9000244140625,550.0999755859375,552.7999877929688,3101684.0,1,21,1,12106.900390625,14.800048828125
2020-01-22,553.5,556.5,549.0,553.5999755859375,1862669.0,2,22,1,12180.349609375,7.5
2020-01-23,553.5,567.4000244140625,549.5499877929688,566.5,2113303.0,3,23,1,12248.25,17.85003662109375
2020-01-24,566.0999755859375,572.0,564.0999755859375,567.75,2284717.0,4,24,1,12119.0,7.9000244140625
2020-01-27,565.0,582.5,563.0,578.2999877929688,3654906.0,0,27,1,12055.7998046875,19.5
2020-01-28,581.25,589.75,568.5,572.5,3689004.0,1,28,1,12129.5,21.25
2020-01-29,577.5,580.7000122070312,572.1500244140625,577.75,1934080.0,2,29,1,12035.7998046875,8.54998779296875
2020-01-30,578.0,587.5499877929688,563.8499755859375,567.8499755859375,2901951.0,3,30,1,11962.099609375,23.70001220703125
2020-01-31,570.7999877929688,577.0,565.2999877929688,567.1500244140625,2352196.0,4,31,1,11707.900390625,11.70001220703125
2020-02-03,545.0,565.75,535.2000122070312,558.7000122070312,3818209.0,0,3,2,11979.650390625,30.54998779296875
2020-02-04,562.0,578.7999877929688,558.7999877929688,576.9000244140625,2793702.0,1,4,2,12089.150390625,20.0
2020-02-05,580.25,589.8499755859375,577.4000244140625,584.3499755859375,3320830.0,2,5,2,12137.9501953125,12.449951171875
2020-02-06,585.0,589.1500244140625,576.0499877929688,580.1500244140625,2207104.0,3,6,2,12098.349609375,13.10003662109375
2020-02-07,579.0,581.5,561.2999877929688,569.0999755859375,4083215.0,4,7,2,12031.5,20.20001220703125
2020-02-10,566.7999877929688,567.0,526.0499877929688,528.4000244140625,9648880.0,0,10,2,12107.900390625,40.95001220703125
2020-02-11,533.2000122070312,537.7000122070312,522.7000122070312,524.0499877929688,5404802.0,1,11,2,12201.2001953125,15.0
2020-02-12,526.6500244140625,534.2999877929688,523.9000244140625,531.0,3426829.0,2,12,2,12174.650390625,10.39996337890625
2020-02-13,530.4500122070312,538.0,528.2999877929688,533.5999755859375,3392352.0,3,13,2,12113.4501953125,9.70001220703125
2020-02-14,535.25,536.9500122070312,520.6500244140625,523.0,3507540.0,4,14,2,12045.7998046875,16.29998779296875
2020-02-17,524.0999755859375,525.4000244140625,516.0,522.75,2652464.0,0,17,2,11992.5,9.4000244140625
2020-02-18,520.5,524.9000244140625,514.0999755859375,523.2000122070312,2868873.0,1,18,2,12125.900390625,10.800048828125
2020-02-19,528.1500244140625,529.6500244140625,521.7999877929688,526.4000244140625,1952880.0,2,19,2,12080.849609375,7.85003662109375
2020-02-20,525.9000244140625,533.0,523.0,524.8499755859375,2077458.0,3,20,2,11829.400390625,10.0
2020-02-24,522.0,522.0,511.1000061035156,513.2000122070312,1911411.0,0,24,2,11797.900390625,10.899993896484375
2020-02-25,515.5499877929688,519.5,506.1000061035156,508.95001220703125,2105613.0,1,25,2,11678.5,13.399993896484375
2020-02-26,507.70001220703125,512.4500122070312,500.0,503.0,3058370.0,2,26,2,11633.2998046875,12.45001220703125
2020-02-27,504.0,504.0,487.54998779296875,493.5,6039260.0,3,27,2,11201.75,16.45001220703125
2020-02-28,485.0,485.0,453.6000061035156,457.04998779296875,8613275.0,4,28,2,11132.75,31.399993896484375
2020-03-02,453.54998779296875,472.45001220703125,444.3500061035156,458.29998779296875,9225488.0,0,2,3,11303.2998046875,28.100006103515625
2020-03-03,462.0,471.0,455.25,466.25,4582866.0,1,3,3,11251.0,15.75
2020-03-04,466.04998779296875,477.0,457.5,474.6499938964844,5912943.0,2,4,3,11269.0,19.5
2020-03-05,472.70001220703125,482.5,469.0,479.29998779296875,4081050.0,3,5,3,10989.4501953125,13.5
2020-03-06,458.8500061035156,473.75,456.5,471.0,4502562.0,4,6,3,10451.4501953125,17.25
2020-03-09,453.54998779296875,465.70001220703125,441.0,463.20001220703125,4540694.0,0,9,3,10458.400390625,24.70001220703125
2020-03-11,462.8500061035156,469.6499938964844,449.70001220703125,451.6000061035156,5104905.0,2,11,3,9590.150390625,19.949981689453125
2020-03-12,427.8999938964844,435.95001220703125,399.6499938964844,423.3500061035156,9408350.0,3,12,3,9955.2001953125,36.300018310546875
2020-03-13,400.5,449.75,345.6499938964844,428.8500061035156,6230411.0,4,13,3,9197.400390625,104.10000610351562
2020-03-16,421.0,428.6000061035156,388.79998779296875,391.79998779296875,3156508.0,0,16,3,8967.0498046875,39.800018310546875
2020-03-17,392.0,408.0,369.95001220703125,373.3999938964844,4526913.0,1,17,3,8468.7998046875,38.04998779296875
2020-03-18,379.0,383.70001220703125,339.1000061035156,346.3999938964844,6595508.0,2,18,3,8263.4501953125,44.600006103515625
2020-03-19,331.75,331.79998779296875,302.0,314.20001220703125,10486153.0,3,19,3,8745.4501953125,29.79998779296875
2020-03-20,316.0,328.20001220703125,308.25,322.6000061035156,8819518.0,4,20,3,7610.25,19.95001220703125
2020-03-23,299.0,303.8999938964844,280.6000061035156,293.3999938964844,6001358.0,0,23,3,7801.0498046875,23.29998779296875
2020-03-24,300.0,309.8999938964844,264.3999938964844,269.0,6690908.0,1,24,3,8317.849609375,45.5
2020-03-25,263.3999938964844,288.3500061035156,245.39999389648438,277.8500061035156,9393732.0,2,25,3,8641.4501953125,42.95001220703125
2020-03-26,277.8500061035156,294.0,273.1000061035156,285.5,7557558.0,3,26,3,8660.25,20.899993896484375
2020-03-27,297.0,305.0,280.79998779296875,294.5,9505126.0,4,27,3,8281.099609375,24.20001220703125
2020-03-30,281.70001220703125,284.8500061035156,270.0,274.3999938964844,8942833.0,0,30,3,8597.75,14.850006103515625
2020-03-31,283.8500061035156,287.20001220703125,277.79998779296875,284.95001220703125,6236559.0,1,31,3,8253.7998046875,9.4000244140625
2020-04-01,281.0,283.0,265.5,272.8500061035156,5980392.0,2,1,4,8083.7998046875,17.5
2020-04-03,274.0,290.0,271.3500061035156,280.70001220703125,6961905.0,4,3,4,8792.2001953125,18.649993896484375
2020-04-07,295.5,323.79998779296875,292.75,321.0,10795407.0,1,7,4,8748.75,31.04998779296875
2020-04-08,315.0,350.3999938964844,312.79998779296875,326.3999938964844,8451195.0,2,8,4,9111.900390625,37.600006103515625
2020-04-09,335.75,391.6499938964844,332.3999938964844,381.3999938964844,11027315.0,3,9,4,8993.849609375,59.25
2020-04-13,380.0,380.0,355.0,362.8500061035156,7717484.0,0,13,4,8925.2998046875,25.0
2020-04-15,373.04998779296875,379.8999938964844,349.29998779296875,353.1499938964844,11300538.0,2,15,4,8992.7998046875,30.600006103515625
2020-04-16,343.1000061035156,360.45001220703125,343.0,356.70001220703125,6155773.0,3,16,4,9266.75,17.45001220703125
2020-04-17,370.75,370.75,355.54998779296875,363.20001220703125,6178483.0,4,17,4,9261.849609375,15.20001220703125
2020-04-20,367.0,367.45001220703125,354.0,355.8500061035156,4834154.0,0,20,4,8981.4501953125,13.45001220703125
2020-04-21,349.04998779296875,349.04998779296875,323.5,332.04998779296875,8003757.0,1,21,4,9187.2998046875,25.54998779296875
2020-04-22,327.0,345.75,320.6000061035156,340.20001220703125,9071476.0,2,22,4,9313.900390625,25.149993896484375
2020-04-23,338.0,349.6499938964844,331.54998779296875,347.5,6738333.0,3,23,4,9154.400390625,18.100006103515625
2020-04-24,342.0,344.75,332.0,334.29998779296875,5754928.0,4,24,4,9282.2998046875,12.75
2020-04-27,337.54998779296875,343.3500061035156,328.1499938964844,330.29998779296875,5770537.0,0,27,4,9380.900390625,15.20001220703125
2020-04-28,334.45001220703125,338.0,328.5,335.95001220703125,4244512.0,1,28,4,9553.349609375,9.5
2020-04-29,337.0,351.79998779296875,336.25,348.0,7748491.0,2,29,4,9859.900390625,15.54998779296875
2020-04-30,355.6499938964844,368.0,355.0,366.6499938964844,7422465.0,3,30,4,9293.5,13.0
2020-05-04,350.04998779296875,362.3999938964844,341.1000061035156,357.04998779296875,7125034.0,0,4,5,9205.599609375,21.29998779296875
2020-05-05,363.75,381.79998779296875,361.45001220703125,368.1499938964844,13401536.0,1,5,5,9270.900390625,20.3499755859375
2020-05-06,371.5,393.0,358.25,387.1499938964844,7015473.0,2,6,5,9199.0498046875,34.75
2020-05-07,387.5,403.45001220703125,385.1000061035156,400.6499938964844,12971483.0,3,7,5,9251.5,18.350006103515625
2020-05-08,405.0,407.8999938964844,380.70001220703125,386.70001220703125,9444781.0,4,8,5,9239.2001953125,27.199981689453125
2020-05-11,388.5,402.0,384.3500061035156,390.1000061035156,7658595.0,0,11,5,9196.5498046875,17.649993896484375
2020-05-12,388.8999938964844,395.20001220703125,380.20001220703125,393.04998779296875,4686856.0,1,12,5,9383.5498046875,15.0
2020-05-13,415.0,418.8999938964844,404.25,413.04998779296875,7361621.0,2,13,5,9142.75,14.649993896484375
2020-05-14,401.5,407.5,396.0,400.45001220703125,4765875.0,3,14,5,9136.849609375,11.5
2020-05-15,402.75,403.95001220703125,373.20001220703125,381.29998779296875,14226503.0,4,15,5,8823.25,30.75
2020-05-18,382.1000061035156,383.5,367.25,377.20001220703125,7717665.0,0,18,5,8879.099609375,16.25
2020-05-19,384.0,391.0,371.20001220703125,382.8999938964844,5950003.0,1,19,5,9066.5498046875,19.79998779296875
2020-05-20,382.8999938964844,413.70001220703125,379.70001220703125,405.04998779296875,10608175.0,2,20,5,9106.25,34.0
2020-05-21,400.1499938964844,412.20001220703125,397.79998779296875,408.29998779296875,6249309.0,3,21,5,9039.25,14.4000244140625
2020-05-22,404.0,430.3500061035156,398.70001220703125,426.3500061035156,10016203.0,4,22,5,9029.0498046875,31.649993896484375
2020-05-26,427.0,435.20001220703125,421.6499938964844,429.1499938964844,5895376.0,1,26,5,9314.9501953125,13.550018310546875
2020-05-27,426.5,434.95001220703125,415.0,432.5,7591278.0,2,27,5,9490.099609375,19.95001220703125
2020-05-28,429.5,444.0,423.8500061035156,440.3999938964844,7449375.0,3,28,5,9580.2998046875,20.149993896484375
2020-05-29,434.0,450.0,431.1000061035156,436.3500061035156,9539035.0,4,29,5,9826.150390625,18.899993896484375
2020-06-01,441.8500061035156,470.5,441.5,461.1000061035156,9668047.0,0,1,6,9979.099609375,29.0
2020-06-02,465.1000061035156,478.8500061035156,460.8500061035156,462.8500061035156,8520940.0,1,2,6,10061.5498046875,18.0
2020-06-03,470.0,492.6000061035156,466.5,485.1000061035156,9873294.0,2,3,6,10029.099609375,26.100006103515625
2020-06-04,485.29998779296875,486.25,469.3999938964844,478.45001220703125,5829493.0,3,4,6,10142.150390625,16.850006103515625
2020-06-05,479.0,489.45001220703125,475.3999938964844,484.20001220703125,6265829.0,4,5,6,10167.4501953125,14.050018310546875
2020-06-08,485.5,494.1499938964844,468.25,470.8500061035156,5955200.0,0,8,6,10046.650390625,25.899993896484375
2020-06-09,473.79998779296875,482.79998779296875,463.29998779296875,478.75,7656301.0,1,9,6,10116.150390625,19.5
2020-06-10,476.1499938964844,483.70001220703125,468.8500061035156,472.04998779296875,4849036.0,2,10,6,9902.0,14.850006103515625
2020-06-11,472.0,480.0,469.5,474.54998779296875,4331683.0,3,11,6,9972.900390625,10.5
2020-06-12,457.0,512.9000244140625,456.1000061035156,508.45001220703125,18368009.0,4,12,6,9813.7001953125,56.800018310546875
2020-06-15,505.1499938964844,520.9500122070312,498.70001220703125,508.1499938964844,17605860.0,0,15,6,9914.0,22.25
2020-06-16,517.0999755859375,519.0,501.29998779296875,506.75,6712936.0,1,16,6,9881.150390625,17.70001220703125
2020-06-17,504.8999938964844,504.8999938964844,492.5,497.6000061035156,9273745.0,2,17,6,10091.650390625,12.399993896484375
2020-06-18,496.8999938964844,508.8999938964844,492.0,506.6000061035156,7114752.0,3,18,6,10244.400390625,16.899993896484375
2020-06-19,506.6000061035156,506.6000061035156,496.3999938964844,500.04998779296875,9811021.0,4,19,6,10311.2001953125,10.20001220703125
2020-06-22,501.75,502.25,494.1000061035156,498.75,5149581.0,0,22,6,10471.0,8.149993896484375
2020-06-23,500.0,519.9000244140625,497.6000061035156,516.4000244140625,9132472.0,1,23,6,10305.2998046875,22.300018310546875
2020-06-24,520.0,527.6500244140625,512.5499877929688,515.3499755859375,7568963.0,2,24,6,10288.900390625,15.10003662109375
2020-06-25,509.8999938964844,516.3499755859375,503.3500061035156,507.25,5248401.0,3,25,6,10383.0,12.999969482421875
2020-06-26,515.0,515.25,498.70001220703125,501.3999938964844,4079405.0,4,26,6,10312.400390625,16.54998779296875
2020-06-29,494.1000061035156,510.95001220703125,493.04998779296875,507.45001220703125,4459947.0,0,29,6,10302.099609375,17.9000244140625
2020-06-30,509.0,515.5,507.1000061035156,510.70001220703125,5487685.0,1,30,6,10430.0498046875,8.399993896484375
2020-07-01,513.75,521.4000244140625,494.25,498.95001220703125,8990865.0,2,1,7,10551.7001953125,27.1500244140625
2020-07-02,506.5,532.0,504.3999938964844,529.7000122070312,16513522.0,3,2,7,10607.349609375,27.600006103515625
2020-07-03,531.4000244140625,535.5,524.2000122070312,530.5,7982179.0,4,3,7,10763.650390625,11.29998779296875
2020-07-06,533.6500244140625,573.5499877929688,533.6500244140625,570.5499877929688,16728066.0,0,6,7,10799.650390625,39.89996337890625
2020-07-07,565.0,568.0,551.6500244140625,560.0,9208254.0,1,7,7,10705.75,16.3499755859375
2020-07-08,564.0,568.25,549.0,551.25,5172833.0,2,8,7,10813.4501953125,19.25
2020-07-09,554.0,564.2999877929688,548.0499877929688,560.2999877929688,4123902.0,3,9,7,10768.0498046875,16.25
2020-07-10,555.2999877929688,568.9500122070312,552.0,554.8499755859375,5752443.0,4,10,7,10802.7001953125,16.95001220703125
2020-07-13,560.0,560.5,549.2000122070312,555.8499755859375,3165043.0,0,13,7,10607.349609375,11.29998779296875
2020-07-14,553.0,553.9500122070312,538.0,545.2000122070312,3097258.0,1,14,7,10618.2001953125,15.95001220703125
2020-07-15,550.0,559.7000122070312,542.75,550.1500244140625,5671780.0,2,15,7,10739.9501953125,16.95001220703125
2020-07-16,547.0,574.5,542.5499877929688,570.9000244140625,11751032.0,3,16,7,10901.7001953125,31.95001220703125
2020-07-17,571.9500122070312,591.25,565.5,588.7999877929688,9124092.0,4,17,7,11022.2001953125,25.75
2020-07-20,588.9000244140625,597.5999755859375,582.1500244140625,594.0,5771917.0,0,20,7,11162.25,15.449951171875
2020-07-21,592.8499755859375,597.5,585.5,588.2999877929688,3850519.0,1,21,7,11132.599609375,12.0
2020-07-22,588.5999755859375,612.0,582.0,592.0,11559026.0,2,22,7,11215.4501953125,30.0
2020-07-23,590.9500122070312,609.0,584.5,603.3499755859375,7605913.0,3,23,7,11194.150390625,24.5
2020-07-24,594.0999755859375,600.9500122070312,590.0999755859375,598.7000122070312,3531702.0,4,24,7,11131.7998046875,10.85003662109375
2020-07-27,598.1500244140625,600.0,588.0,594.4000244140625,3345182.0,0,27,7,11300.5498046875,12.0
2020-07-28,591.5999755859375,625.7999877929688,588.75,620.3499755859375,10289416.0,1,28,7,11202.849609375,37.04998779296875
2020-07-29,620.0,624.9000244140625,601.0,604.8499755859375,5182915.0,2,29,7,11102.150390625,23.9000244140625
2020-07-30,606.0,614.7999877929688,596.25,598.3499755859375,4958267.0,3,30,7,11073.4501953125,18.54998779296875
2020-07-31,599.9000244140625,610.8499755859375,592.1500244140625,606.4500122070312,3962668.0,4,31,7,10891.599609375,18.699951171875
2020-08-03,610.0,620.5,594.2000122070312,597.1500244140625,5002825.0,0,3,8,11095.25,26.29998779296875
2020-08-04,597.1500244140625,609.5999755859375,597.1500244140625,602.5999755859375,4889709.0,1,4,8,11101.650390625,12.449951171875
2020-08-05,605.9000244140625,620.0,603.2000122070312,614.25,3834812.0,2,5,8,11200.150390625,16.79998779296875
2020-08-06,618.0,618.0,605.5499877929688,609.6500244140625,3857553.0,3,6,8,11214.0498046875,12.45001220703125
2020-08-07,610.0999755859375,616.5,598.7000122070312,600.4500122070312,7679198.0,4,7,8,11270.150390625,17.79998779296875
2020-08-10,605.0,640.7999877929688,605.0,628.9000244140625,12341769.0,0,10,8,11322.5,35.79998779296875
2020-08-11,630.0,640.5999755859375,622.4000244140625,629.5499877929688,5128836.0,1,11,8,11308.400390625,18.199951171875
2020-08-12,628.0,648.5999755859375,624.3499755859375,634.9500122070312,8891590.0,2,12,8,11300.4501953125,24.25
2020-08-13,635.1500244140625,645.2999877929688,628.4000244140625,631.4500122070312,5773589.0,3,13,8,11178.400390625,16.89996337890625
2020-08-14,634.0,637.8499755859375,607.5499877929688,614.4500122070312,3622823.0,4,14,8,11247.099609375,30.29998779296875
2020-08-17,628.0,632.0,613.7999877929688,623.5999755859375,5687622.0,0,17,8,11385.349609375,18.20001220703125
2020-08-18,625.0,632.75,618.5999755859375,622.6500244140625,3989439.0,1,18,8,11408.400390625,14.1500244140625
2020-08-19,627.0,631.9000244140625,622.0,623.9000244140625,2762486.0,2,19,8,11312.2001953125,9.9000244140625
2020-08-20,620.0,623.0,610.0,612.0499877929688,3165784.0,3,20,8,11371.599609375,13.0
2020-08-21,620.0,620.9500122070312,608.0,609.7999877929688,4191258.0,4,21,8,11466.4501953125,12.95001220703125
2020-08-24,613.0,615.7000122070312,601.0,601.9500122070312,3707968.0,0,24,8,11472.25,14.70001220703125
2020-08-25,605.0,612.4000244140625,601.5,609.3499755859375,4248590.0,1,25,8,11549.599609375,10.9000244140625
2020-08-26,613.0,625.5,610.5,613.3499755859375,5814785.0,2,26,8,11559.25,15.0
2020-08-27,619.1500244140625,639.2999877929688,615.5999755859375,636.75,7637436.0,3,27,8,11647.599609375,23.70001220703125
2020-08-28,642.25,647.0,629.3499755859375,631.4000244140625,7809917.0,4,28,8,11387.5,17.6500244140625
2020-08-31,637.0,640.5,602.0999755859375,606.9000244140625,5012805.0,0,31,8,11470.25,38.4000244140625
2020-09-01,610.0,621.5499877929688,605.0,607.5499877929688,5572232.0,1,1,9,11535.0,16.54998779296875
2020-09-02,608.0,645.9000244140625,602.0499877929688,642.75,7887097.0,2,2,9,11527.4501953125,43.85003662109375
2020-09-03,640.5,656.0,632.0,644.6500244140625,9194655.0,3,3,9,11333.849609375,24.0
2020-09-04,629.0,649.7999877929688,626.2999877929688,632.0,5889085.0,4,4,9,11355.0498046875,23.5
2020-09-07,632.2999877929688,633.8499755859375,605.2999877929688,610.4500122070312,9387992.0,0,7,9,11317.349609375,28.54998779296875
2020-09-08,611.0,624.5,605.2999877929688,608.5999755859375,6825892.0,1,8,9,11278.0,19.20001220703125
2020-09-09,606.7999877929688,617.0,597.4000244140625,613.9000244140625,6589023.0,2,9,9,11449.25,19.5999755859375
2020-09-10,619.5,623.9000244140625,612.9000244140625,615.4500122070312,4699612.0,3,10,9,11464.4501953125,11.0
2020-09-11,614.9000244140625,621.9000244140625,612.0999755859375,614.25,2837723.0,4,11,9,11440.0498046875,9.800048828125
2020-09-14,615.0,629.4000244140625,611.9000244140625,615.2999877929688,4918699.0,0,14,9,11521.7998046875,17.5
2020-09-15,619.25,624.0,611.9500122070312,613.4500122070312,3805649.0,1,15,9,11604.5498046875,12.04998779296875
2020-09-16,616.0,649.7999877929688,616.0,639.4500122070312,18993356.0,2,16,9,11516.099609375,33.79998779296875
2020-09-17,631.0,643.5,627.6500244140625,636.7999877929688,6363964.0,3,17,9,11504.9501953125,15.8499755859375
2020-09-18,640.0,659.4000244140625,634.5499877929688,654.1500244140625,13518207.0,4,18,9,11250.5498046875,24.85003662109375
2020-09-21,657.0,666.5999755859375,615.4500122070312,622.4500122070312,9301954.0,0,21,9,11153.650390625,51.14996337890625
2020-09-22,622.4500122070312,624.25,603.0,615.7999877929688,5369370.0,1,22,9,11131.849609375,21.25
2020-09-23,622.0499877929688,623.3499755859375,603.25,612.5999755859375,4116481.0,2,23,9,10805.5498046875,20.0999755859375
2020-09-24,605.0,606.4000244140625,567.5,575.0999755859375,8991885.0,3,24,9,11050.25,38.9000244140625
2020-09-25,583.9000244140625,595.4500122070312,576.5999755859375,592.2999877929688,5415792.0,4,25,9,11227.5498046875,18.85003662109375
2020-09-28,595.0,618.0,593.0999755859375,615.25,5494528.0,0,28,9,11222.400390625,24.9000244140625
2020-09-29,615.25,626.5,603.0999755859375,613.2000122070312,5747565.0,1,29,9,11247.5498046875,23.4000244140625
2020-09-30,615.9500122070312,623.0,605.5499877929688,607.9000244140625,4990827.0,2,30,9,11416.9501953125,17.45001220703125
2020-10-01,614.7000122070312,621.9000244140625,608.1500244140625,610.1500244140625,3842191.0,3,1,10,11503.349609375,13.75
2020-10-05,615.0,616.25,597.0999755859375,607.0,5977261.0,0,5,10,11662.400390625,19.1500244140625
2020-10-06,611.5999755859375,633.0,609.0,627.4000244140625,9071955.0,1,6,10,11738.849609375,24.0
2020-10-07,629.9000244140625,636.9000244140625,625.0,631.5999755859375,6086867.0,2,7,10,11834.599609375,11.9000244140625
2020-10-08,634.1500244140625,640.9500122070312,627.5999755859375,634.1500244140625,4683786.0,3,8,10,11914.2001953125,13.35003662109375
2020-10-09,634.1500244140625,647.4500122070312,628.2999877929688,633.2000122070312,4972397.0,4,9,10,11930.9501953125,19.1500244140625
2020-10-12,637.9000244140625,639.7000122070312,630.0,634.4000244140625,3247640.0,0,12,10,11934.5,9.70001220703125
2020-10-13,634.3499755859375,642.0,624.3499755859375,627.9000244140625,3769222.0,1,13,10,11971.0498046875,17.6500244140625
2020-10-14,623.4000244140625,627.7999877929688,616.2999877929688,623.8499755859375,2776984.0,2,14,10,11680.349609375,11.5
2020-10-15,620.9500122070312,633.0,614.0999755859375,617.2999877929688,3794955.0,3,15,10,11762.4501953125,18.9000244140625
2020-10-16,617.5,623.9500122070312,602.0499877929688,606.6500244140625,4274910.0,4,16,10,11873.0498046875,21.9000244140625
2020-10-19,612.7000122070312,614.5,595.2000122070312,597.4500122070312,3646287.0,0,19,10,11896.7998046875,19.29998779296875
2020-10-20,597.4000244140625,609.0,590.2999877929688,602.25,4377671.0,1,20,10,11937.650390625,18.70001220703125
2020-10-21,606.9000244140625,610.7999877929688,592.2000122070312,600.8499755859375,3684706.0,2,21,10,11896.4501953125,18.5999755859375
2020-10-22,599.7999877929688,606.9500122070312,594.0999755859375,604.3499755859375,3818694.0,3,22,10,11930.349609375,12.85003662109375
2020-10-23,609.75,628.0,605.3499755859375,625.1500244140625,6421723.0,4,23,10,11767.75,22.6500244140625
2020-10-26,624.9500122070312,625.8499755859375,594.5999755859375,597.1500244140625,4800537.0,0,26,10,11889.400390625,31.25
2020-10-27,600.4000244140625,605.0,593.5,597.1500244140625,5712121.0,1,27,10,11729.599609375,11.5
2020-10-28,599.0,613.0,594.2000122070312,604.1500244140625,6811118.0,2,28,10,11670.7998046875,18.79998779296875
2020-10-29,598.2000122070312,604.1500244140625,590.25,591.9500122070312,3680773.0,3,29,10,11642.400390625,13.9000244140625
2020-10-30,592.5499877929688,601.75,586.7999877929688,594.0,4209087.0,4,30,10,11669.150390625,14.95001220703125
2020-11-02,592.0,599.9000244140625,589.0,596.0499877929688,4085120.0,0,2,11,11813.5,10.9000244140625
2020-11-03,599.2999877929688,605.4500122070312,594.0,595.7999877929688,3669816.0,1,3,11,11908.5,11.45001220703125
2020-11-04,597.7999877929688,603.6500244140625,592.0,596.7999877929688,2475177.0,2,4,11,12120.2998046875,11.6500244140625
2020-11-05,603.2999877929688,607.4000244140625,599.25,602.0999755859375,3794240.0,3,5,11,12263.5498046875,8.1500244140625
2020-11-06,603.0,619.2999877929688,601.7000122070312,613.5999755859375,5908936.0,4,6,11,12461.0498046875,17.5999755859375
2020-11-09,621.0,622.0,610.2000122070312,616.3499755859375,3819808.0,0,9,11,12631.099609375,11.79998779296875
2020-11-10,622.0,627.7000122070312,611.0,619.9500122070312,7876161.0,1,10,11,12749.150390625,16.70001220703125
2020-11-11,625.0,644.5499877929688,622.1500244140625,633.2000122070312,7561527.0,2,11,11,12690.7998046875,22.39996337890625
2020-11-12,633.0499877929688,654.4000244140625,629.5,632.7000122070312,6913788.0,3,12,11,12719.9501953125,24.9000244140625
2020-11-17,639.0,646.0,633.6500244140625,637.25,6173551.0,1,17,11,12938.25,12.3499755859375
2020-11-18,637.2000122070312,709.9500122070312,637.0,705.75,32986476.0,2,18,11,12771.7001953125,72.95001220703125
2020-11-19,699.0,728.4000244140625,692.2999877929688,703.9000244140625,15336768.0,3,19,11,12859.0498046875,36.10003662109375
2020-11-20,710.0,718.5499877929688,697.4000244140625,715.5999755859375,6730897.0,4,20,11,12926.4501953125,21.14996337890625
2020-11-23,716.4000244140625,720.75,699.0,705.4500122070312,4484068.0,0,23,11,13055.150390625,21.75
2020-11-24,710.0,745.5,706.25,729.3499755859375,16121626.0,1,24,11,12858.400390625,39.25
2020-11-25,732.0,732.9500122070312,716.0,719.9500122070312,5423034.0,2,25,11,12987.0,16.95001220703125
2020-11-26,722.0,736.7999877929688,720.0,728.5,6798860.0,3,26,11,12968.9501953125,16.79998779296875
2020-11-27,736.9000244140625,742.9500122070312,711.0,722.0,11302666.0,4,27,11,13109.0498046875,31.95001220703125
2020-12-01,736.4000244140625,736.5,708.0499877929688,734.5499877929688,5710611.0,1,1,12,13113.75,28.45001220703125
2020-12-02,734.0,758.0,730.5499877929688,753.5999755859375,6337698.0,2,2,12,13133.900390625,27.45001220703125
2020-12-03,750.0499877929688,756.3499755859375,743.7000122070312,745.8499755859375,2957787.0,3,3,12,13258.5498046875,12.64996337890625
2020-12-04,749.0999755859375,764.4500122070312,743.2000122070312,750.5499877929688,5356456.0,4,4,12,13355.75,21.25
2020-12-07,750.0,755.8499755859375,744.0499877929688,752.2999877929688,3525945.0,0,7,12,13392.9501953125,11.79998779296875
2020-12-08,753.3499755859375,764.0,743.5499877929688,754.0,4333519.0,1,8,12,13529.099609375,20.45001220703125
2020-12-09,756.7999877929688,762.9500122070312,750.2000122070312,755.0,3213975.0,2,9,12,13478.2998046875,12.75
2020-12-10,745.0,754.9500122070312,731.0499877929688,736.1500244140625,3814006.0,3,10,12,13513.849609375,23.9000244140625
2020-12-11,738.9000244140625,746.7000122070312,722.0999755859375,727.5499877929688,4197494.0,4,11,12,13558.150390625,24.60003662109375
2020-12-14,731.6500244140625,737.4000244140625,710.0,711.7000122070312,4183639.0,0,14,12,13567.849609375,27.4000244140625
2020-12-15,710.0,720.0,701.0,717.9500122070312,5495877.0,1,15,12,13682.7001953125,19.0
2020-12-16,737.0999755859375,746.25,726.2000122070312,731.9500122070312,11262389.0,2,16,12,13740.7001953125,20.04998779296875
2020-12-17,735.0999755859375,738.4500122070312,725.3499755859375,730.6500244140625,3630553.0,3,17,12,13760.5498046875,13.10003662109375
2020-12-18,726.0999755859375,737.9500122070312,722.5499877929688,733.5999755859375,6671658.0,4,18,12,13328.400390625,15.4000244140625
2020-12-21,729.0,730.0,660.25,685.9500122070312,9130116.0,0,21,12,13466.2998046875,69.75
2020-12-22,688.7999877929688,699.3499755859375,667.2999877929688,695.0499877929688,7305751.0,1,22,12,13601.099609375,32.04998779296875
2020-12-23,693.0,715.0,688.25,711.5,4383472.0,2,23,12,13749.25,26.75
2020-12-24,712.5,722.5499877929688,700.0999755859375,710.9000244140625,3373695.0,3,24,12,13873.2001953125,22.45001220703125
2020-12-28,715.4000244140625,718.7999877929688,707.2999877929688,710.9500122070312,2484872.0,0,28,12,13932.599609375,11.5
2020-12-29,714.5,717.0,704.0,707.0499877929688,2808820.0,1,29,12,13981.9501953125,13.0
2020-12-30,710.0,724.2999877929688,704.3499755859375,720.7000122070312,3219036.0,2,30,12,13981.75,19.95001220703125
2021-01-01,725.0,744.75,723.0,732.4500122070312,9543128.0,4,1,1,14132.900390625,21.75
2021-01-04,735.0,751.0,727.25,749.0999755859375,4547027.0,0,4,1,14199.5,23.75
2021-01-05,748.0,748.0,730.0,740.0999755859375,3551554.0,1,5,1,14146.25,18.0
2021-01-06,741.0,746.4500122070312,730.4500122070312,736.0999755859375,3601608.0,2,6,1,14137.349609375,16.0
2021-01-07,743.0,755.0,740.0999755859375,744.4000244140625,4063641.0,3,7,1,14347.25,14.9000244140625
2021-01-08,750.0,772.7999877929688,745.0,770.5,5998381.0,4,8,1,14484.75,27.79998779296875
2021-01-11,773.0499877929688,791.4000244140625,763.2000122070312,789.0999755859375,6643610.0,0,11,1,14563.4501953125,28.20001220703125
2021-01-12,789.9500122070312,796.75,777.4000244140625,779.8499755859375,5532160.0,1,12,1,14564.849609375,19.3499755859375
2021-01-13,784.5999755859375,837.5,782.25,828.3499755859375,19610461.0,2,13,1,14595.599609375,55.25
2021-01-14,828.9000244140625,843.8499755859375,827.3499755859375,829.9000244140625,8576718.0,3,14,1,14433.7001953125,16.5
2021-01-15,828.0,838.0,815.3499755859375,819.6500244140625,4996951.0,4,15,1,14281.2998046875,22.6500244140625
2021-01-18,817.9000244140625,820.7999877929688,797.1500244140625,809.0,3955069.0,0,18,1,14521.150390625,23.64996337890625
2021-01-19,810.0,819.5999755859375,801.5499877929688,808.0499877929688,3991167.0,1,19,1,14644.7001953125,18.04998779296875
2021-01-20,807.0,831.9500122070312,802.0,824.5,4502291.0,2,20,1,14590.349609375,29.95001220703125
2021-01-21,823.0,835.0,800.2999877929688,808.25,4455107.0,3,21,1,14371.900390625,34.70001220703125
2021-01-22,808.0,826.7000122070312,795.0,798.4000244140625,5588252.0,4,22,1,14238.900390625,31.70001220703125
2021-01-25,802.0999755859375,812.9500122070312,784.25,794.5499877929688,3353172.0,0,25,1,13967.5,28.70001220703125
2021-01-27,797.0,817.0,763.4000244140625,769.9500122070312,6585102.0,2,27,1,13817.5498046875,53.5999755859375
2021-01-28,758.0,778.0999755859375,756.0999755859375,765.0,4622634.0,3,28,1,13634.599609375,22.0
2021-01-29,772.5499877929688,799.9500122070312,746.0,749.5999755859375,8761073.0,4,29,1,14281.2001953125,53.95001220703125
2021-02-01,753.0,808.8499755859375,741.5499877929688,795.1500244140625,6592083.0,0,1,2,14647.849609375,67.29998779296875
2021-02-02,810.0,837.4000244140625,802.5999755859375,816.8499755859375,5334431.0,1,2,2,14789.9501953125,34.800048828125
2021-02-03,821.0,858.9000244140625,818.0,833.2000122070312,8802838.0,2,3,2,14895.650390625,40.9000244140625
2021-02-04,835.0,893.5499877929688,835.0,866.5,14706560.0,3,4,2,14924.25,58.54998779296875
2021-02-05,879.9000244140625,881.7000122070312,841.2000122070312,865.5,15668083.0,4,5,2,15115.7998046875,40.5
2021-02-08,891.0,952.0499877929688,891.0,928.4000244140625,21179625.0,0,8,2,15109.2998046875,61.04998779296875
2021-02-09,929.5,939.0,885.2000122070312,895.0,9210613.0,1,9,2,15106.5,53.79998779296875
2021-02-10,899.0,917.0,886.0999755859375,914.1500244140625,6465767.0,2,10,2,15173.2998046875,30.9000244140625
2021-02-11,916.4500122070312,920.0499877929688,902.3499755859375,914.2000122070312,3640848.0,3,11,2,15163.2998046875,17.70001220703125
2021-02-12,916.0,918.5499877929688,905.0,908.5499877929688,2484145.0,4,12,2,15314.7001953125,13.54998779296875
2021-02-15,910.9000244140625,920.0,898.25,911.8499755859375,4178613.0,0,15,2,15313.4501953125,21.75
2021-02-16,915.0,921.75,902.0999755859375,912.2000122070312,4223635.0,1,16,2,15208.900390625,19.6500244140625
2021-02-17,905.0,920.1500244140625,904.5999755859375,914.9500122070312,3903522.0,2,17,2,15118.9501953125,15.550048828125
2021-02-18,914.9500122070312,914.9500122070312,891.6500244140625,894.4500122070312,4616205.0,3,18,2,14981.75,23.29998779296875
2021-02-19,890.0,905.6500244140625,862.8499755859375,879.25,5171996.0,4,19,2,14675.7001953125,42.800048828125
2021-02-22,880.0,882.5,833.0999755859375,837.0999755859375,5960870.0,0,22,2,14707.7998046875,49.4000244140625
2021-02-23,842.0999755859375,856.9500122070312,819.0999755859375,840.9500122070312,7348084.0,1,23,2,14982.0,37.85003662109375
2021-02-24,841.0999755859375,855.9000244140625,840.0,849.5999755859375,3184114.0,2,24,2,15097.349609375,15.9000244140625
2021-02-25,853.0999755859375,866.5999755859375,842.0499877929688,859.0,6134649.0,3,25,2,14529.150390625,24.54998779296875
2021-02-26,848.0499877929688,856.6500244140625,798.5,806.4000244140625,12073749.0,4,26,2,14761.5498046875,58.1500244140625
2021-03-01,821.0,852.7000122070312,816.2000122070312,819.4500122070312,9223619.0,0,1,3,14919.099609375,36.5
2021-03-02,832.9500122070312,868.0,820.0499877929688,860.0499877929688,9706013.0,1,2,3,15245.599609375,47.95001220703125
2021-03-03,866.9500122070312,868.0,847.0499877929688,852.0499877929688,5028771.0,2,3,3,15080.75,20.95001220703125
2021-03-04,841.8499755859375,858.2999877929688,834.7999877929688,845.25,4574138.0,3,4,3,14938.099609375,23.5
2021-03-05,840.0,860.75,838.3499755859375,840.4000244140625,5179108.0,4,5,3,14956.2001953125,22.4000244140625
2021-03-08,847.9500122070312,857.3499755859375,840.0,851.0,3474579.0,0,8,3,15098.400390625,17.3499755859375
2021-03-09,853.0,865.7000122070312,842.0,852.0,3536262.0,1,9,3,15174.7998046875,23.70001220703125
2021-03-10,856.4000244140625,875.0,849.0,863.7999877929688,3971353.0,2,10,3,15030.9501953125,26.0
2021-03-12,869.5,876.2000122070312,844.1500244140625,855.7999877929688,4012449.0,4,12,3,14929.5,32.04998779296875
2021-03-15,862.0,862.0,824.0,844.4000244140625,3069303.0,0,15,3,14910.4501953125,38.0
2021-03-16,852.0,856.5,840.0,842.8499755859375,2996797.0,1,16,3,14721.2998046875,16.5
2021-03-17,847.5999755859375,851.3499755859375,833.7000122070312,836.9500122070312,2034583.0,2,17,3,14557.849609375,17.64996337890625
2021-03-18,842.0,860.5499877929688,834.0,845.6500244140625,5033325.0,3,18,3,14744.0,26.54998779296875
2021-03-19,839.9500122070312,860.0,820.5499877929688,850.2999877929688,7538327.0,4,19,3,14736.400390625,39.45001220703125
2021-03-22,849.7999877929688,859.3499755859375,832.1500244140625,853.0499877929688,2906300.0,0,22,3,14814.75,27.199951171875
2021-03-23,859.9500122070312,865.0,841.5,844.6500244140625,3925212.0,1,23,3,14549.400390625,23.5
2021-03-24,836.25,845.0,808.5999755859375,811.4000244140625,4066262.0,2,24,3,14324.900390625,36.4000244140625
2021-03-25,811.7999877929688,814.0,788.0999755859375,791.7000122070312,4501404.0,3,25,3,14507.2998046875,25.9000244140625
2021-03-26,799.8499755859375,814.6500244140625,792.1500244140625,799.3499755859375,4170972.0,4,26,3,14845.099609375,22.5
2021-03-30,805.5499877929688,805.5499877929688,783.0,795.0,5670999.0,1,30,3,14690.7001953125,22.54998779296875
2021-03-31,795.0999755859375,805.75,790.0999755859375,795.25,3972382.0,2,31,3,14867.349609375,15.6500244140625
2021-04-01,801.5,809.7999877929688,779.75,807.5999755859375,5678798.0,3,1,4,14637.7998046875,30.04998779296875
2021-04-05,808.2999877929688,808.7999877929688,769.25,774.4500122070312,4176802.0,0,5,4,14683.5,39.54998779296875
2021-04-06,784.0,791.5999755859375,775.0,781.0999755859375,2984229.0,1,6,4,14819.0498046875,16.5999755859375
2021-04-07,781.2999877929688,798.5999755859375,775.4000244140625,796.2999877929688,2271095.0,2,7,4,14873.7998046875,23.199951171875
2021-04-08,802.0,811.0,793.0,795.1500244140625,3324494.0,3,8,4,14834.849609375,18.0
2021-04-09,795.0,801.0,785.0,791.1500244140625,2065092.0,4,9,4,14310.7998046875,16.0
2021-04-12,779.0,779.0,738.5499877929688,751.5,4628388.0,0,12,4,14504.7998046875,40.45001220703125
2021-04-13,754.0,817.0,750.7999877929688,811.25,12501628.0,1,13,4,14581.4501953125,66.20001220703125
2021-04-15,805.0,808.9000244140625,785.1500244140625,805.0999755859375,5256004.0,3,15,4,14617.849609375,23.75
2021-04-16,805.0999755859375,837.8499755859375,803.2000122070312,821.6500244140625,6915568.0,4,16,4,14359.4501953125,34.64996337890625
2021-04-19,785.0999755859375,807.0,785.0999755859375,794.9500122070312,4317341.0,0,19,4,14296.400390625,21.9000244140625
2021-04-20,808.0,821.2000122070312,800.5499877929688,811.1500244140625,4830957.0,1,20,4,14406.150390625,20.6500244140625
2021-04-22,795.0,804.8499755859375,785.5,799.7000122070312,4576665.0,3,22,4,14341.349609375,19.3499755859375
2021-04-23,796.0,805.5999755859375,774.0999755859375,777.9000244140625,4796085.0,4,23,4,14485.0,31.5
2021-04-26,780.0,793.2999877929688,775.6500244140625,780.5,3528851.0,0,26,4,14653.0498046875,17.64996337890625
2021-04-27,781.0,787.9500122070312,777.0,778.4000244140625,3624649.0,1,27,4,14864.5498046875,10.95001220703125
2021-04-28,786.0,801.5999755859375,778.8499755859375,782.0999755859375,5214319.0,2,28,4,14894.900390625,22.75
2021-04-29,788.0,792.0499877929688,768.5999755859375,774.5999755859375,3642323.0,3,29,4,14631.099609375,23.45001220703125
2021-04-30,768.4000244140625,778.4000244140625,750.4500122070312,752.5499877929688,4466148.0,4,30,4,14634.150390625,27.95001220703125
2021-05-03,744.9000244140625,766.5499877929688,740.0499877929688,752.9500122070312,3749870.0,0,3,5,14496.5,26.5
2021-05-04,759.0,762.7000122070312,731.0999755859375,741.1500244140625,3820769.0,1,4,5,14617.849609375,31.60003662109375
2021-05-05,743.1500244140625,749.0,737.3499755859375,747.5499877929688,3102424.0,2,5,5,14724.7998046875,11.6500244140625
2021-05-06,751.5,759.5,746.1500244140625,747.4000244140625,3662506.0,3,6,5,14823.150390625,13.3499755859375
2021-05-07,752.0,772.0,751.0,767.4000244140625,4833670.0,4,7,5,14942.349609375,21.0
2021-05-10,772.0,783.7999877929688,768.6500244140625,780.4500122070312,2095644.0,0,10,5,14850.75,15.14996337890625
2021-05-11,770.0,779.7000122070312,766.2000122070312,776.0,2938331.0,1,11,5,14696.5,13.5
2021-05-12,771.5,771.7000122070312,755.1500244140625,759.7000122070312,3480378.0,2,12,5,14677.7998046875,16.54998779296875
2021-05-14,763.0999755859375,763.7000122070312,736.0,741.5,4984389.0,4,14,5,14923.150390625,27.70001220703125
2021-05-17,740.0,756.0,735.4000244140625,753.5499877929688,3479938.0,0,17,5,15108.099609375,20.5999755859375
2021-05-18,761.0,799.9500122070312,754.0,797.7000122070312,8634396.0,1,18,5,15030.150390625,45.95001220703125
2021-05-19,794.0,794.0,778.0,784.7999877929688,4360320.0,2,19,5,14906.0498046875,16.0
2021-05-20,784.0499877929688,809.5499877929688,782.0,803.25,10092542.0,3,20,5,15175.2998046875,27.54998779296875
2021-05-21,804.0,821.0,800.75,818.9500122070312,5721630.0,4,21,5,15197.7001953125,20.25
2021-05-24,821.5,824.0,807.0,810.0,3495533.0,0,24,5,15208.4501953125,17.0
2021-05-25,819.6500244140625,828.0,808.3499755859375,811.25,5044078.0,1,25,5,15301.4501953125,19.6500244140625
2021-05-26,816.0,826.0,813.0,821.2000122070312,3084558.0,2,26,5,15337.849609375,13.0
2021-05-27,825.2999877929688,831.0,816.9000244140625,828.5999755859375,6902630.0,3,27,5,15435.650390625,14.0999755859375
2021-05-28,829.0,853.0,810.5,845.8499755859375,11638455.0,4,28,5,15582.7998046875,42.5
2021-05-31,824.0,824.0,790.0,807.9500122070312,17596018.0,0,31,5,15574.849609375,34.0
2021-06-01,813.0,818.0,800.25,806.2999877929688,7230033.0,1,1,6,15576.2001953125,17.75
2021-06-02,806.2999877929688,812.0,802.2999877929688,806.2000122070312,4244490.0,2,2,6,15690.349609375,9.70001220703125
2021-06-03,812.0,813.2000122070312,798.0999755859375,802.0499877929688,5001405.0,3,3,6,15670.25,15.10003662109375
2021-06-04,814.0,814.0,803.0999755859375,804.5999755859375,5084092.0,4,4,6,15751.650390625,10.9000244140625
2021-06-07,807.9000244140625,811.75,802.5999755859375,803.8499755859375,2994862.0,0,7,6,15740.099609375,9.1500244140625
2021-06-08,804.0999755859375,810.0,797.5,807.8499755859375,2960405.0,1,8,6,15635.349609375,12.5
2021-06-09,808.0,816.75,801.0,804.4500122070312,4176767.0,2,9,6,15737.75,15.75
2021-06-10,808.0,810.9500122070312,803.0499877929688,806.9500122070312,2264605.0,3,10,6,15799.349609375,7.9000244140625
2021-06-11,809.0,815.8499755859375,805.5,809.0,1783272.0,4,11,6,15811.849609375,10.3499755859375
2021-06-14,809.0,809.5,794.0,807.4500122070312,1598770.0,0,14,6,15869.25,15.5
2021-06-15,807.3499755859375,813.5,806.0,808.5999755859375,1640381.0,1,15,6,15767.5498046875,7.5
2021-06-16,808.7999877929688,821.8499755859375,801.5999755859375,806.1500244140625,3863280.0,2,16,6,15691.400390625,20.25
2021-06-17,802.0,809.9000244140625,792.5499877929688,805.7000122070312,1988175.0,3,17,6,15683.349609375,17.35003662109375
2021-06-18,806.0,808.9500122070312,773.0999755859375,781.5499877929688,5793496.0,4,18,6,15746.5,35.85003662109375
2021-06-21,776.0,778.8499755859375,762.3499755859375,776.8499755859375,3024852.0,0,21,6,15772.75,16.5
2021-06-22,780.0999755859375,789.5499877929688,772.7000122070312,775.2000122070312,2925669.0,1,22,6,15686.9501953125,16.8499755859375
2021-06-23,781.9000244140625,786.0,775.0,781.9500122070312,2700327.0,2,23,6,15790.4501953125,11.0
2021-06-24,783.0,794.0,779.0,791.7999877929688,3251137.0,3,24,6,15860.349609375,15.0
2021-06-25,793.2000122070312,801.9000244140625,790.0,794.25,1763201.0,4,25,6,15814.7001953125,11.9000244140625
2021-06-28,795.0,799.0,789.25,793.5,1409432.0,0,28,6,15748.4501953125,9.75
2021-06-29,789.0,792.0,779.4000244140625,781.5999755859375,3167773.0,1,29,6,15721.5,12.5999755859375
2021-06-30,784.9000244140625,789.4000244140625,775.4500122070312,777.7000122070312,2393862.0,2,30,6,15680.0,13.95001220703125
2021-07-01,778.0,798.75,774.9000244140625,779.4500122070312,5697553.0,3,1,7,15722.2001953125,23.8499755859375
2021-07-02,786.0,787.2999877929688,777.0,782.5999755859375,1963778.0,4,2,7,15834.349609375,10.29998779296875
2021-07-05,786.0,793.5,784.5,791.75,1320469.0,0,5,7,15818.25,9.0
2021-07-06,790.5999755859375,795.0,778.7000122070312,781.9000244140625,1420179.0,1,6,7,15879.650390625,16.29998779296875
2021-07-07,777.7999877929688,781.9000244140625,768.5499877929688,778.9000244140625,3004815.0,2,7,7,15727.900390625,13.35003662109375
2021-07-08,777.9500122070312,787.5999755859375,771.0,776.25,2010027.0,3,8,7,15689.7998046875,16.5999755859375
2021-07-09,772.0,776.0,767.0,771.5499877929688,1658120.0,4,9,7,15692.599609375,9.0
2021-07-12,776.0,781.0,768.5,772.8499755859375,2681410.0,0,12,7,15812.349609375,12.5
2021-07-13,777.9000244140625,782.2000122070312,773.6500244140625,781.1500244140625,2189466.0,1,13,7,15853.9501953125,8.54998779296875
2021-07-14,780.0,787.0,777.0499877929688,786.1500244140625,2067565.0,2,14,7,15924.2001953125,9.95001220703125
2021-07-15,781.0,783.9500122070312,775.2000122070312,779.9000244140625,2109663.0,3,15,7,15923.400390625,8.75
2021-07-16,784.0,784.0,776.5,779.7999877929688,845054.0,4,16,7,15752.400390625,7.5
2021-07-19,775.7999877929688,780.7000122070312,770.0,775.7999877929688,1265906.0,0,19,7,15632.099609375,10.70001220703125
2021-07-20,775.0,775.7000122070312,752.3499755859375,760.2000122070312,2179910.0,1,20,7,15824.0498046875,23.35003662109375
2021-07-22,764.2000122070312,767.0999755859375,755.6500244140625,758.4500122070312,2182264.0,3,22,7,15856.0498046875,11.449951171875
2021-07-23,758.5,767.8499755859375,758.25,764.2000122070312,1179241.0,4,23,7,15824.4501953125,9.5999755859375
2021-07-26,763.0,764.0999755859375,752.5,754.2999877929688,1187498.0,0,26,7,15746.4501953125,11.5999755859375
2021-07-27,756.0,760.0,742.6500244140625,745.5499877929688,1732564.0,1,27,7,15709.400390625,17.3499755859375
2021-07-28,750.7000122070312,750.7000122070312,724.6500244140625,728.7000122070312,4016758.0,2,28,7,15778.4501953125,26.04998779296875
2021-07-29,730.0,738.8499755859375,726.0999755859375,731.4500122070312,2489035.0,3,29,7,15763.0498046875,12.75
2021-07-30,735.2000122070312,760.0,731.8499755859375,743.0999755859375,4642619.0,4,30,7,15885.150390625,28.1500244140625
2021-08-02,750.0,759.0499877929688,744.5999755859375,757.7000122070312,2260861.0,0,2,8,16130.75,14.45001220703125
2021-08-03,763.4000244140625,772.7000122070312,755.5,770.8499755859375,3235393.0,1,3,8,16258.7998046875,17.20001220703125
2021-08-04,773.0,775.7999877929688,764.5499877929688,766.25,2659372.0,2,4,8,16294.599609375,11.25
2021-08-05,766.0,766.3499755859375,756.7000122070312,759.3499755859375,1451370.0,3,5,8,16238.2001953125,9.64996337890625
2021-08-06,763.7999877929688,772.2999877929688,755.0,758.25,4471604.0,4,6,8,16258.25,17.29998779296875
2021-08-09,762.0,782.0,761.5,774.9500122070312,6700633.0,0,9,8,16280.099609375,20.5
2021-08-10,776.9500122070312,789.7999877929688,775.1500244140625,786.2999877929688,4724852.0,1,10,8,16282.25,14.64996337890625
2021-08-11,786.2999877929688,789.9500122070312,767.5,778.7000122070312,3147983.0,2,11,8,16364.400390625,22.45001220703125
2021-08-12,781.0,794.6500244140625,773.75,776.2000122070312,3551026.0,3,12,8,16529.099609375,20.9000244140625
2021-08-13,782.9500122070312,789.5,772.5999755859375,778.6500244140625,3391864.0,4,13,8,16563.05078125,16.9000244140625
2021-08-16,780.4000244140625,803.9500122070312,780.25,799.2999877929688,7131928.0,0,16,8,16614.599609375,23.70001220703125
2021-08-17,799.25,803.9500122070312,782.0,790.6500244140625,3835522.0,1,17,8,16568.849609375,21.95001220703125
2021-08-18,793.9000244140625,797.0,786.9000244140625,791.3499755859375,2450964.0,2,18,8,16450.5,10.0999755859375
2021-08-20,788.7999877929688,791.3499755859375,776.25,785.6500244140625,3050982.0,4,20,8,16496.44921875,15.0999755859375
2021-08-23,790.0,793.4500122070312,763.6500244140625,765.9000244140625,2512960.0,0,23,8,16624.599609375,29.79998779296875
2021-08-24,767.0,779.9000244140625,761.5999755859375,778.1500244140625,1662376.0,1,24,8,16634.650390625,18.300048828125
2021-08-25,780.9500122070312,783.0,770.5499877929688,772.0499877929688,1693443.0,2,25,8,16636.900390625,12.45001220703125
2021-08-26,771.0,782.9000244140625,767.25,781.4000244140625,2576883.0,3,26,8,16705.19921875,15.6500244140625
2021-08-27,779.9000244140625,785.0,765.0,775.1500244140625,2907125.0,4,27,8,16931.05078125,20.0
