Date,Open,High,Low,Close,Volume,Day of Week,Day of Month,Month,NIFTY50,Range
2016-01-01,4621.0,4668.0,4602.35009765625,4638.5,243597.0,4,1,1,7791.2998046875,65.64990234375
2016-01-04,4635.0,4657.0,4571.75,4580.64990234375,405501.0,0,4,1,7784.64990234375,85.25
2016-01-05,4599.9501953125,4600.75,4557.25,4566.9501953125,509285.0,1,5,1,7741.0,43.5
2016-01-06,4592.0,4593.0,4468.0,4480.7998046875,593742.0,2,6,1,7568.2998046875,125.0
2016-01-07,4449.7001953125,4449.7001953125,4251.85009765625,4267.89990234375,1200069.0,3,7,1,7601.35009765625,197.85009765625
2016-01-08,4286.2998046875,4325.0,4195.7998046875,4214.75,994652.0,4,8,1,7563.85009765625,129.2001953125
2016-01-11,4190.0,4300.0,4117.0,4272.39990234375,865799.0,0,11,1,7510.2998046875,183.0
2016-01-12,4310.0,4324.7998046875,4260.0,4269.0,481142.0,1,12,1,7562.39990234375,64.7998046875
2016-01-13,4298.0,4310.0,4221.35009765625,4291.25,431206.0,2,13,1,7536.7998046875,88.64990234375
2016-01-14,4239.0,4289.0,4212.7001953125,4248.25,402026.0,3,14,1,7437.7998046875,76.2998046875
2016-01-15,4265.0,4340.0,4254.0,4273.35009765625,592183.0,4,15,1,7351.0,86.0
2016-01-18,4279.0,4289.25,4172.85009765625,4236.2001953125,396124.0,0,18,1,7435.10009765625,116.39990234375
2016-01-19,4241.0,4244.9501953125,4165.0,4198.14990234375,499001.0,1,19,1,7309.2998046875,79.9501953125
2016-01-20,4169.85009765625,4189.9501953125,4028.5,4058.949951171875,679992.0,2,20,1,7276.7998046875,161.4501953125
2016-01-21,4084.949951171875,4084.949951171875,3870.0,3891.699951171875,1212801.0,3,21,1,7422.4501953125,214.949951171875
2016-01-22,3942.949951171875,4119.89990234375,3930.14990234375,4104.9501953125,1063413.0,4,22,1,7436.14990234375,189.75
2016-01-25,4125.9501953125,4172.0,4073.89990234375,4081.35009765625,608634.0,0,25,1,7437.75,98.10009765625
2016-01-27,4131.0,4179.0,4092.0,4111.9501953125,886550.0,2,27,1,7424.64990234375,87.0
2016-01-28,4080.0,4139.89990234375,4031.0,4103.2998046875,1677354.0,3,28,1,7563.5498046875,108.89990234375
2016-01-29,3925.0,4124.0,3923.0,4095.85009765625,2147231.0,4,29,1,7555.9501953125,201.0
2016-02-01,4100.89990234375,4119.0,3933.64990234375,3948.25,1904034.0,0,1,2,7455.5498046875,185.35009765625
2016-02-02,3952.60009765625,3985.0,3851.550048828125,3874.949951171875,902619.0,1,2,2,7361.7998046875,133.449951171875
2016-02-03,3870.0,3870.0,3784.64990234375,3828.35009765625,1101308.0,2,3,2,7404.0,85.35009765625
2016-02-04,3864.0,3881.89990234375,3774.0,3794.64990234375,597800.0,3,4,2,7489.10009765625,107.89990234375
2016-02-05,3784.699951171875,3790.0,3693.300048828125,3723.39990234375,1245857.0,4,5,2,7387.25,96.699951171875
2016-02-08,3749.0,3789.0,3715.050048828125,3732.550048828125,559505.0,0,8,2,7298.2001953125,73.949951171875
2016-02-09,3685.0,3689.0,3620.0,3657.10009765625,657011.0,1,9,2,7215.7001953125,69.0
2016-02-10,3639.85009765625,3718.0,3600.0,3678.550048828125,795377.0,2,10,2,6976.35009765625,118.0
2016-02-11,3651.10009765625,3664.300048828125,3518.5,3541.449951171875,1066224.0,3,11,2,6980.9501953125,145.800048828125
2016-02-12,3570.0,3588.0,3461.0,3549.64990234375,1211696.0,4,12,2,7162.9501953125,127.0
2016-02-15,3605.949951171875,3724.89990234375,3604.39990234375,3711.25,1182286.0,0,15,2,7048.25,120.5
2016-02-16,3725.25,3748.949951171875,3651.199951171875,3705.199951171875,753873.0,1,16,2,7108.4501953125,97.75
2016-02-17,3679.89990234375,3755.0,3661.5,3749.14990234375,652019.0,2,17,2,7191.75,93.5
2016-02-18,3781.25,3796.85009765625,3622.10009765625,3653.25,1243826.0,3,18,2,7210.75,174.75
2016-02-19,3640.0,3640.0,3559.0,3579.14990234375,718677.0,4,19,2,7234.5498046875,81.0
2016-02-22,3539.0,3545.0,3491.550048828125,3520.800048828125,1291463.0,0,22,2,7109.5498046875,53.449951171875
2016-02-23,3530.0,3568.449951171875,3480.0,3487.39990234375,796836.0,1,23,2,7018.7001953125,88.449951171875
2016-02-24,3499.949951171875,3530.0,3480.0,3489.699951171875,605914.0,2,24,2,6970.60009765625,50.0
2016-02-25,3509.64990234375,3510.0,3401.0,3414.14990234375,840542.0,3,25,2,7029.75,109.0
2016-02-26,3452.0,3459.10009765625,3375.10009765625,3409.199951171875,831491.0,4,26,2,6987.0498046875,84.0
2016-02-29,3425.0,3434.949951171875,3193.25,3236.5,2218323.0,0,29,2,7222.2998046875,241.699951171875
2016-03-01,3200.89990234375,3510.0,3200.89990234375,3494.39990234375,1924803.0,1,1,3,7368.85009765625,309.10009765625
2016-03-02,3542.949951171875,3627.699951171875,3540.050048828125,3612.64990234375,1236996.0,2,2,3,7475.60009765625,87.64990234375
2016-03-03,3625.800048828125,3647.0,3578.0,3608.64990234375,742263.0,3,3,3,7485.35009765625,69.0
2016-03-04,3619.0,3619.0,3526.0,3555.10009765625,610234.0,4,4,3,7485.2998046875,93.0
2016-03-08,3552.949951171875,3598.949951171875,3450.60009765625,3462.64990234375,1100041.0,1,8,3,7531.7998046875,148.349853515625
2016-03-09,3454.85009765625,3600.0,3441.10009765625,3576.39990234375,752948.0,2,9,3,7486.14990234375,158.89990234375
2016-03-10,3600.0,3634.699951171875,3573.39990234375,3627.199951171875,1016572.0,3,10,3,7510.2001953125,61.300048828125
2016-03-11,3633.699951171875,3690.0,3616.050048828125,3641.199951171875,1002559.0,4,11,3,7538.75,73.949951171875
2016-03-14,3660.0,3684.0,3627.050048828125,3648.14990234375,483295.0,0,14,3,7460.60009765625,56.949951171875
2016-03-15,3670.0,3679.89990234375,3615.5,3654.550048828125,688839.0,1,15,3,7498.75,64.39990234375
2016-03-16,3650.0,3675.0,3637.5,3667.35009765625,459188.0,2,16,3,7512.5498046875,37.5
2016-03-17,3686.35009765625,3750.0,3620.0,3635.449951171875,710449.0,3,17,3,7604.35009765625,130.0
2016-03-18,3640.0,3649.699951171875,3557.050048828125,3621.39990234375,1073782.0,4,18,3,7704.25,92.64990234375
2016-03-21,3630.10009765625,3678.800048828125,3605.0,3669.550048828125,474712.0,0,21,3,7714.89990234375,73.800048828125
2016-03-22,3669.0,3735.949951171875,3652.0,3699.550048828125,713115.0,1,22,3,7716.5,83.949951171875
2016-03-23,3711.85009765625,3744.0,3666.449951171875,3736.0,586282.0,2,23,3,7615.10009765625,77.550048828125
2016-03-28,3759.0,3777.800048828125,3629.949951171875,3638.949951171875,743468.0,0,28,3,7597.0,147.85009765625
2016-03-29,3649.0,3769.0,3645.0,3729.949951171875,686482.0,1,29,3,7735.2001953125,124.0
2016-03-30,3745.0,3749.89990234375,3684.0,3727.449951171875,872340.0,2,30,3,7738.39990234375,65.89990234375
2016-03-31,3739.5,3748.75,3664.0,3716.300048828125,1223191.0,3,31,3,7713.0498046875,84.75
2016-04-01,3700.449951171875,3764.949951171875,3682.0,3723.199951171875,769731.0,4,1,4,7758.7998046875,82.949951171875
2016-04-04,3735.0,3751.5,3676.0,3683.25,299849.0,0,4,4,7603.2001953125,75.5
2016-04-05,3676.0,3696.89990234375,3536.5,3554.85009765625,826024.0,1,5,4,7614.35009765625,160.39990234375
2016-04-06,3568.0,3607.300048828125,3546.0,3573.050048828125,664480.0,2,6,4,7546.4501953125,61.300048828125
2016-04-07,3556.5,3556.5,3450.0,3471.0,1221608.0,3,7,4,7555.2001953125,106.5
2016-04-08,3460.0,3474.0,3418.5,3430.64990234375,1631533.0,4,8,4,7671.39990234375,55.5
2016-04-11,3437.0,3488.0,3423.0,3478.64990234375,970375.0,0,11,4,7708.9501953125,65.0
2016-04-12,3470.199951171875,3609.85009765625,3465.050048828125,3573.699951171875,1404427.0,1,12,4,7850.4501953125,144.800048828125
2016-04-13,3613.0,3745.35009765625,3606.60009765625,3731.60009765625,1107727.0,2,13,4,7914.7001953125,138.75
2016-04-18,3720.800048828125,3750.0,3680.0,3718.949951171875,999621.0,0,18,4,7914.75,70.0
2016-04-20,3724.35009765625,3724.35009765625,3651.0,3670.050048828125,1830988.0,2,20,4,7912.0498046875,73.35009765625
2016-04-21,3695.0,3737.25,3674.0,3705.300048828125,1928958.0,3,21,4,7899.2998046875,63.25
2016-04-22,3703.0,3833.0,3680.10009765625,3816.050048828125,1165761.0,4,22,4,7855.0498046875,152.89990234375
2016-04-25,3806.10009765625,3842.0,3715.14990234375,3727.949951171875,838216.0,0,25,4,7962.64990234375,126.85009765625
2016-04-26,3704.050048828125,3894.0,3691.89990234375,3871.550048828125,2782566.0,1,26,4,7979.89990234375,202.10009765625
2016-04-27,3841.10009765625,3932.75,3830.25,3859.39990234375,1388262.0,2,27,4,7847.25,102.5
2016-04-28,3819.0,3854.0,3735.10009765625,3747.949951171875,1821236.0,3,28,4,7849.7998046875,118.89990234375
2016-04-29,3742.0,3820.0,3725.0,3794.64990234375,962848.0,4,29,4,7805.89990234375,95.0
2016-05-02,3799.89990234375,3840.0,3751.60009765625,3830.85009765625,762337.0,0,2,5,7747.0,88.39990234375
2016-05-03,3840.800048828125,3879.0,3795.699951171875,3819.949951171875,795697.0,1,3,5,7706.5498046875,83.300048828125
2016-05-04,3800.0,3844.0,3796.050048828125,3811.550048828125,557609.0,2,4,5,7735.5,47.949951171875
2016-05-05,3825.0,3850.0,3802.0,3836.85009765625,485772.0,3,5,5,7733.4501953125,48.0
2016-05-06,3829.949951171875,3835.0,3802.0,3818.949951171875,411877.0,4,6,5,7866.0498046875,33.0
2016-05-09,3830.0,3878.0,3825.0,3846.5,771389.0,0,9,5,7887.7998046875,53.0
2016-05-10,3850.5,3897.050048828125,3835.10009765625,3844.800048828125,1094666.0,1,10,5,7848.85009765625,61.949951171875
2016-05-11,3800.0,3898.0,3790.0,3890.050048828125,679706.0,2,11,5,7900.39990234375,108.0
2016-05-12,3884.85009765625,3909.800048828125,3841.5,3854.199951171875,857976.0,3,12,5,7814.89990234375,68.300048828125
2016-05-13,3856.0,3877.89990234375,3828.0,3846.25,435056.0,4,13,5,7860.75,49.89990234375
2016-05-16,3870.0,3895.0,3840.0,3881.60009765625,878812.0,0,16,5,7890.75,55.0
2016-05-17,3891.050048828125,3969.0,3886.25,3950.699951171875,865028.0,1,17,5,7870.14990234375,82.75
2016-05-18,3928.800048828125,3939.0,3805.050048828125,3914.89990234375,1921044.0,2,18,5,7783.39990234375,133.949951171875
2016-05-19,3900.0,3940.0,3881.0,3926.60009765625,679821.0,3,19,5,7749.7001953125,59.0
2016-05-20,3883.800048828125,3959.0,3881.10009765625,3944.949951171875,485214.0,4,20,5,7731.0498046875,77.89990234375
2016-05-23,3964.0,3968.300048828125,3900.0,3913.85009765625,348354.0,0,23,5,7748.85009765625,68.300048828125
2016-05-24,3913.800048828125,3937.949951171875,3893.14990234375,3924.199951171875,283533.0,1,24,5,7934.89990234375,44.800048828125
2016-05-25,3948.0,4072.0,3940.0,4060.949951171875,842663.0,2,25,5,8069.64990234375,132.0
2016-05-26,4064.0,4125.0,4027.199951171875,4118.0,1074664.0,3,26,5,8156.64990234375,97.800048828125
2016-05-27,4114.7001953125,4162.0,4091.050048828125,4146.60009765625,880888.0,4,27,5,8178.5,70.949951171875
2016-05-30,4132.0,4155.2001953125,4054.0,4071.75,555311.0,0,30,5,8160.10009765625,101.2001953125
2016-05-31,4060.0,4180.0,4055.050048828125,4161.60009765625,775477.0,1,31,5,8179.9501953125,124.949951171875
2016-06-01,4170.7001953125,4199.9501953125,4150.0,4165.35009765625,647041.0,2,1,6,8218.9501953125,49.9501953125
2016-06-02,4150.0,4194.9501953125,4124.0,4186.64990234375,411143.0,3,2,6,8220.7998046875,70.9501953125
2016-06-03,4192.14990234375,4235.0,4180.0,4217.9501953125,591630.0,4,3,6,8201.0498046875,55.0
2016-06-06,4216.0,4217.0,4118.0,4142.0,443085.0,0,6,6,8266.4501953125,99.0
2016-06-07,4175.0,4188.9501953125,4118.0,4135.64990234375,471388.0,1,7,6,8273.0498046875,70.9501953125
2016-06-08,4131.0,4169.7998046875,4124.7001953125,4160.10009765625,417715.0,2,8,6,8203.599609375,45.099609375
2016-06-09,4152.0498046875,4189.75,4140.0,4169.14990234375,305434.0,3,9,6,8170.0498046875,49.75
2016-06-10,4165.10009765625,4197.0,4100.0,4111.5,464892.0,4,10,6,8110.60009765625,97.0
2016-06-13,4074.0,4150.0,4062.0,4134.75,385639.0,0,13,6,8108.85009765625,88.0
2016-06-14,4145.0,4155.89990234375,4096.0,4104.5,403193.0,1,14,6,8206.599609375,59.89990234375
2016-06-15,4125.0,4215.0,4112.10009765625,4209.60009765625,510807.0,2,15,6,8140.75,102.89990234375
2016-06-16,4160.0,4164.0,4062.0,4084.10009765625,1118517.0,3,16,6,8170.2001953125,102.0
2016-06-17,4115.0,4158.0,4093.449951171875,4114.5,951658.0,4,17,6,8238.5,64.550048828125
2016-06-20,4076.550048828125,4144.7998046875,4065.699951171875,4133.2001953125,667114.0,0,20,6,8219.900390625,79.099853515625
2016-06-21,4146.0,4168.10009765625,4109.0,4157.39990234375,512383.0,1,21,6,8203.7001953125,59.10009765625
2016-06-22,4145.0,4180.5,4125.0498046875,4151.35009765625,417540.0,2,22,6,8270.4501953125,55.4501953125
2016-06-23,4151.89990234375,4175.0,4120.4501953125,4168.60009765625,341093.0,3,23,6,8088.60009765625,54.5498046875
2016-06-24,4053.0,4092.10009765625,3866.60009765625,4070.050048828125,1559787.0,4,24,6,8094.7001953125,225.5
2016-06-27,4061.0,4061.0,4004.10009765625,4025.10009765625,836629.0,0,27,6,8127.85009765625,56.89990234375
2016-06-28,4041.10009765625,4081.949951171875,4040.0,4078.699951171875,626447.0,1,28,6,8204.0,41.949951171875
2016-06-29,4100.0,4141.0,4089.199951171875,4131.25,646945.0,2,29,6,8287.75,51.800048828125
2016-06-30,4179.89990234375,4200.0,4145.5498046875,4187.2001953125,770542.0,3,30,6,8328.349609375,54.4501953125
2016-07-01,4188.60009765625,4214.2001953125,4132.0,4165.39990234375,804652.0,4,1,7,8370.7001953125,82.2001953125
2016-07-04,4171.0,4190.5,4155.75,4173.7998046875,343648.0,0,4,7,8335.9501953125,34.75
2016-07-05,4180.0,4202.0,4150.0,4173.35009765625,282439.0,1,5,7,8337.900390625,52.0
2016-07-07,4181.10009765625,4189.89990234375,4125.0,4141.10009765625,325843.0,3,7,7,8323.2001953125,64.89990234375
2016-07-08,4142.0,4175.64990234375,4126.0,4161.7998046875,261295.0,4,8,7,8467.900390625,49.64990234375
2016-07-11,4190.0,4285.89990234375,4189.9501953125,4272.0498046875,518428.0,0,11,7,8521.0498046875,95.94970703125
2016-07-12,4300.0,4382.0,4291.0,4370.39990234375,688921.0,1,12,7,8519.5,91.0
2016-07-13,4350.0,4360.0,4301.0,4321.39990234375,416940.0,2,13,7,8565.0,59.0
2016-07-14,4326.0,4439.0,4326.0,4428.2998046875,637580.0,3,14,7,8541.400390625,113.0
2016-07-15,4450.0,4493.5498046875,4404.5,4472.0498046875,654076.0,4,15,7,8508.7001953125,89.0498046875
2016-07-18,4477.0,4564.39990234375,4432.39990234375,4454.75,684924.0,0,18,7,8528.5498046875,132.0
2016-07-19,4455.2001953125,4499.0,4440.0,4485.7001953125,378788.0,1,19,7,8565.849609375,59.0
2016-07-20,4471.85009765625,4510.0,4452.0498046875,4469.14990234375,357560.0,2,20,7,8510.099609375,57.9501953125
2016-07-21,4489.0,4493.0498046875,4405.25,4413.7001953125,252227.0,3,21,7,8541.2001953125,87.7998046875
2016-07-22,4421.0,4449.0,4405.0,4414.7001953125,339886.0,4,22,7,8635.650390625,44.0
2016-07-25,4427.0,4565.0,4421.0,4550.5498046875,499616.0,0,25,7,8590.650390625,144.0
2016-07-26,4575.14990234375,4584.0,4451.14990234375,4471.2998046875,1828186.0,1,26,7,8615.7998046875,132.85009765625
2016-07-27,4510.2998046875,4628.0,4510.0,4558.14990234375,1212744.0,2,27,7,8666.2998046875,118.0
2016-07-28,4579.0,4784.0,4570.5498046875,4763.5,1879461.0,3,28,7,8638.5,213.4501953125
2016-07-29,4751.0,4824.0,4720.5498046875,4757.60009765625,799265.0,4,29,7,8636.5498046875,103.4501953125
2016-08-01,4798.9501953125,4885.0,4772.25,4866.25,1206974.0,0,1,8,8622.900390625,112.75
2016-08-02,4900.0,5039.0,4880.0,4986.0498046875,1611134.0,1,2,8,8544.849609375,159.0
2016-08-03,5014.89990234375,5020.0,4853.14990234375,4873.85009765625,1019631.0,2,3,8,8551.099609375,166.85009765625
2016-08-04,4945.0,4945.0,4869.35009765625,4889.64990234375,727097.0,3,4,8,8683.150390625,75.64990234375
2016-08-05,4919.0,4965.0,4900.0,4941.64990234375,598288.0,4,5,8,8711.349609375,65.0
2016-08-08,4980.0,5010.0,4960.0498046875,4991.75,474502.0,0,8,8,8678.25,49.9501953125
2016-08-09,5009.89990234375,5021.75,4915.39990234375,4960.85009765625,508711.0,1,9,8,8575.2998046875,106.35009765625
2016-08-10,4975.0,4980.0,4850.0,4861.60009765625,512317.0,2,10,8,8592.150390625,130.0
2016-08-12,4882.0,4940.0,4847.10009765625,4898.60009765625,686072.0,4,12,8,8642.5498046875,92.89990234375
2016-08-16,4948.0,4948.0,4852.0,4864.2001953125,793106.0,1,16,8,8624.0498046875,96.0
2016-08-17,4860.0,4911.2998046875,4849.10009765625,4889.85009765625,498247.0,2,17,8,8673.25,62.19970703125
2016-08-18,4920.85009765625,4950.0,4901.0,4915.85009765625,479572.0,3,18,8,8666.900390625,49.0
2016-08-19,4916.0,4933.2001953125,4889.0498046875,4900.10009765625,426426.0,4,19,8,8629.150390625,44.150390625
2016-08-22,4896.0,4897.0,4828.0,4837.75,292890.0,0,22,8,8632.599609375,69.0
2016-08-23,4835.0498046875,4855.2001953125,4800.0,4833.7998046875,270869.0,1,23,8,8650.2998046875,55.2001953125
2016-08-24,4890.0,4983.7998046875,4886.4501953125,4948.5498046875,952400.0,2,24,8,8592.2001953125,97.349609375
2016-08-25,4973.7998046875,4982.7998046875,4906.25,4933.7001953125,914319.0,3,25,8,8572.5498046875,76.5498046875
2016-08-26,4934.7998046875,4964.89990234375,4910.10009765625,4920.89990234375,337715.0,4,26,8,8607.4501953125,54.7998046875
2016-08-29,4925.0,4955.0,4920.89990234375,4927.39990234375,299611.0,0,29,8,8744.349609375,34.10009765625
2016-08-30,4955.0,5103.89990234375,4951.0,5067.64990234375,996156.0,1,30,8,8786.2001953125,152.89990234375
2016-08-31,5063.89990234375,5103.85009765625,5036.2998046875,5053.64990234375,804288.0,2,31,8,8774.650390625,67.55029296875
2016-09-01,5074.0,5100.0,5019.2998046875,5060.75,870402.0,3,1,9,8809.650390625,80.7001953125
2016-09-02,5078.0,5188.64990234375,5075.0,5160.4501953125,956049.0,4,2,9,8943.0,113.64990234375
2016-09-06,5201.0,5335.0,5201.0,5319.7001953125,970024.0,1,6,9,8917.9501953125,134.0
2016-09-07,5319.0,5362.0,5290.10009765625,5336.0498046875,734051.0,2,7,9,8952.5,71.89990234375
2016-09-08,5321.0,5499.0,5319.0,5489.39990234375,942300.0,3,8,9,8866.7001953125,180.0
2016-09-09,5489.7001953125,5489.9501953125,5377.0498046875,5403.0,547599.0,4,9,9,8715.599609375,112.900390625
2016-09-12,5305.0,5350.0,5251.0,5329.0,795632.0,0,12,9,8726.599609375,99.0
2016-09-14,5330.0498046875,5384.75,5330.0498046875,5363.89990234375,539702.0,2,14,9,8742.5498046875,54.7001953125
2016-09-15,5356.0,5461.0,5349.5498046875,5452.39990234375,704384.0,3,15,9,8779.849609375,111.4501953125
2016-09-16,5473.0,5619.89990234375,5473.0,5573.2998046875,1669960.0,4,16,9,8808.400390625,146.89990234375
2016-09-19,5569.0,5569.0,5485.0,5491.89990234375,632835.0,0,19,9,8775.900390625,84.0
2016-09-20,5525.0,5560.0,5498.35009765625,5514.85009765625,423083.0,1,20,9,8777.150390625,61.64990234375
2016-09-21,5526.0,5542.5,5462.10009765625,5501.25,549370.0,2,21,9,8867.4501953125,80.39990234375
2016-09-22,5565.35009765625,5634.10009765625,5564.9501953125,5597.10009765625,526494.0,3,22,9,8831.5498046875,69.14990234375
2016-09-23,5630.0,5630.0,5565.60009765625,5601.7998046875,559592.0,4,23,9,8723.0498046875,64.39990234375
2016-09-26,5586.0,5625.0,5555.5498046875,5568.89990234375,418297.0,0,26,9,8706.400390625,69.4501953125
2016-09-27,5598.9501953125,5599.9501953125,5500.0,5511.39990234375,427991.0,1,27,9,8745.150390625,99.9501953125
2016-09-28,5510.60009765625,5555.0,5506.0,5521.7998046875,449876.0,2,28,9,8591.25,49.0
2016-09-29,5575.0,5577.0,5395.0,5438.60009765625,693217.0,3,29,9,8611.150390625,182.0
2016-09-30,5420.0,5497.5,5382.60009765625,5477.2998046875,646631.0,4,30,9,8738.099609375,114.89990234375
2016-10-03,5661.0,5720.0,5631.7998046875,5681.0,840940.0,0,3,10,8769.150390625,88.2001953125
2016-10-04,5715.14990234375,5717.9501953125,5650.0,5680.0,464913.0,1,4,10,8743.9501953125,67.9501953125
2016-10-05,5707.0,5767.0,5673.0,5689.2001953125,644731.0,2,5,10,8709.5498046875,94.0
2016-10-06,5700.0,5745.60009765625,5700.0,5710.4501953125,416860.0,3,6,10,8697.599609375,45.60009765625
2016-10-07,5709.4501953125,5717.25,5667.2998046875,5683.7998046875,309473.0,4,7,10,8708.7998046875,49.9501953125
2016-10-10,5724.89990234375,5734.39990234375,5695.9501953125,5712.35009765625,205840.0,0,10,10,8573.349609375,38.44970703125
2016-10-13,5690.0,5752.7998046875,5652.60009765625,5718.5498046875,441169.0,3,13,10,8583.400390625,100.19970703125
2016-10-14,5760.2001953125,5766.9501953125,5669.10009765625,5690.4501953125,352350.0,4,14,10,8520.400390625,97.85009765625
2016-10-17,5699.0,5699.0,5574.60009765625,5599.10009765625,400595.0,0,17,10,8677.900390625,124.39990234375
2016-10-18,5621.0,5645.35009765625,5580.10009765625,5626.7001953125,487798.0,1,18,10,8659.099609375,65.25
2016-10-19,5633.7001953125,5647.89990234375,5593.0498046875,5604.60009765625,384608.0,2,19,10,8699.400390625,54.85009765625
2016-10-20,5615.0,5683.5,5615.0,5644.5,311728.0,3,20,10,8693.0498046875,68.5
2016-10-21,5650.5,5670.0,5616.0,5650.2001953125,224567.0,4,21,10,8708.9501953125,54.0
2016-10-24,5666.0,5748.0,5666.0,5713.89990234375,412403.0,0,24,10,8691.2998046875,82.0
2016-10-25,5734.0,5799.0,5725.64990234375,5781.4501953125,339506.0,1,25,10,8615.25,73.35009765625
2016-10-26,5796.60009765625,5898.0,5785.0,5869.10009765625,590811.0,2,26,10,8615.25,113.0
2016-10-27,5897.0,5948.0,5789.10009765625,5860.14990234375,1864862.0,3,27,10,8638.0,158.89990234375
2016-10-28,5922.0,5928.5498046875,5865.75,5876.14990234375,935542.0,4,28,10,8626.25,62.7998046875
2016-11-01,5919.0,5974.0,5855.2001953125,5878.10009765625,1163831.0,1,1,11,8514.0,118.7998046875
2016-11-02,5805.0,5864.89990234375,5785.0,5794.60009765625,522312.0,2,2,11,8484.9501953125,79.89990234375
2016-11-03,5799.89990234375,5859.89990234375,5780.0,5805.5498046875,585730.0,3,3,11,8433.75,79.89990234375
2016-11-04,5789.0,5789.0,5667.2998046875,5704.85009765625,679821.0,4,4,11,8497.0498046875,121.7001953125
2016-11-07,5763.0,5784.85009765625,5708.0,5715.9501953125,532212.0,0,7,11,8543.5498046875,76.85009765625
2016-11-08,5727.7998046875,5731.0,5581.5,5669.0,684050.0,1,8,11,8432.0,149.5
2016-11-09,5305.0,5553.0,5305.0,5392.9501953125,1299603.0,2,9,11,8525.75,248.0
2016-11-10,5505.5,5517.25,5305.0,5328.5,942971.0,3,10,11,8296.2998046875,212.25
2016-11-11,5290.0,5292.9501953125,5103.0,5134.25,1058491.0,4,11,11,8108.4501953125,189.9501953125
2016-11-15,5101.89990234375,5119.0498046875,4806.39990234375,4846.60009765625,2793900.0,1,15,11,8111.60009765625,312.64990234375
2016-11-16,4924.0,5009.39990234375,4901.5498046875,4990.7998046875,1952224.0,2,16,11,8079.9501953125,107.85009765625
2016-11-17,5030.0,5048.0,4916.2998046875,4925.5498046875,668715.0,3,17,11,8074.10009765625,131.7001953125
2016-11-18,4935.0,4989.89990234375,4887.89990234375,4950.89990234375,699355.0,4,18,11,7929.10009765625,102.0
2016-11-21,4990.0,4990.0,4765.2998046875,4787.4501953125,864696.0,0,21,11,8002.2998046875,224.7001953125
2016-11-22,4830.0,4956.0,4825.5498046875,4934.5498046875,845997.0,1,22,11,8033.2998046875,130.4501953125
2016-11-23,4945.0,4945.0,4860.0,4880.85009765625,757744.0,2,23,11,7965.5,85.0
2016-11-24,4862.0,4883.89990234375,4804.0,4830.14990234375,550368.0,3,24,11,8114.2998046875,79.89990234375
2016-11-25,4849.0,4905.0,4792.4501953125,4873.60009765625,669501.0,4,25,11,8126.89990234375,112.5498046875
2016-11-28,4866.0,4913.0,4833.0,4893.75,1387068.0,0,28,11,8142.14990234375,80.0
2016-11-29,4898.0,5119.0,4896.0,5088.14990234375,874897.0,1,29,11,8224.5,223.0
2016-11-30,5110.5498046875,5282.0,5100.10009765625,5266.0,1270618.0,2,30,11,8192.900390625,181.89990234375
2016-12-01,5266.0,5307.5,5204.25,5252.10009765625,1221883.0,3,1,12,8086.7998046875,103.25
2016-12-02,5220.0,5236.2001953125,5046.0,5068.10009765625,772281.0,4,2,12,8128.75,190.2001953125
2016-12-05,5063.89990234375,5219.89990234375,5055.0,5202.9501953125,578935.0,0,5,12,8143.14990234375,164.89990234375
2016-12-06,5220.0,5261.0,5118.0498046875,5135.2001953125,646660.0,1,6,12,8102.0498046875,142.9501953125
2016-12-07,5150.9501953125,5209.75,5035.0498046875,5116.64990234375,590462.0,2,7,12,8246.849609375,174.7001953125
2016-12-08,5172.0,5269.89990234375,5170.0,5234.60009765625,845955.0,3,8,12,8261.75,99.89990234375
2016-12-09,5290.0,5312.5,5201.2001953125,5235.0,562518.0,4,9,12,8170.7998046875,111.2998046875
2016-12-12,5228.0,5228.0,5120.0498046875,5144.39990234375,357439.0,0,12,12,8221.7998046875,107.9501953125
2016-12-13,5178.75,5207.0,5134.0498046875,5163.14990234375,484291.0,1,13,12,8182.4501953125,72.9501953125
2016-12-14,5179.9501953125,5214.75,5130.2001953125,5141.0498046875,371699.0,2,14,12,8153.60009765625,84.5498046875
2016-12-15,5099.9501953125,5197.0,5080.0,5152.0498046875,457317.0,3,15,12,8139.4501953125,117.0
2016-12-16,5174.5,5207.0,5151.2001953125,5188.64990234375,1170505.0,4,16,12,8104.35009765625,55.7998046875
2016-12-19,5175.0,5195.4501953125,5104.0498046875,5115.0498046875,369118.0,0,19,12,8082.39990234375,91.400390625
2016-12-20,5135.89990234375,5147.5,5072.0,5108.0,377676.0,1,20,12,8061.2998046875,75.5
2016-12-21,5119.39990234375,5160.0,5073.5498046875,5137.85009765625,413072.0,2,21,12,7979.10009765625,86.4501953125
2016-12-22,5144.0,5144.0,5053.0,5084.39990234375,399573.0,3,22,12,7985.75,91.0
2016-12-23,5050.0,5214.0,5041.0,5197.14990234375,589006.0,4,23,12,7908.25,173.0
2016-12-26,5179.0,5257.7998046875,5151.10009765625,5167.35009765625,510998.0,0,26,12,8032.85009765625,106.69970703125
2016-12-27,5185.0,5237.39990234375,5117.2001953125,5224.0,486703.0,1,27,12,8034.85009765625,120.19970703125
2016-12-28,5250.0,5278.0,5219.4501953125,5231.25,595514.0,2,28,12,8103.60009765625,58.5498046875
2016-12-29,5217.2001953125,5349.0,5217.2001953125,5314.7998046875,655325.0,3,29,12,8185.7998046875,131.7998046875
2016-12-30,5347.0,5377.89990234375,5303.0,5319.5498046875,559886.0,4,30,12,8179.5,74.89990234375
2017-01-02,5320.0498046875,5474.2001953125,5267.7998046875,5466.0,651321.0,0,2,1,8192.25,206.400390625
2017-01-03,5466.0,5524.2001953125,5432.60009765625,5508.39990234375,631753.0,1,3,1,8190.5,91.60009765625
2017-01-04,5530.0,5554.7001953125,5494.0,5502.14990234375,679443.0,2,4,1,8273.7998046875,60.7001953125
2017-01-05,5525.10009765625,5649.89990234375,5525.10009765625,5634.9501953125,744210.0,3,5,1,8243.7998046875,124.7998046875
2017-01-06,5650.0,5657.2998046875,5597.0,5615.5498046875,544695.0,4,6,1,8236.0498046875,60.2998046875
2017-01-09,5644.7998046875,5680.0,5610.60009765625,5658.5,345094.0,0,9,1,8288.599609375,69.39990234375
2017-01-10,5680.0,5693.7001953125,5641.0,5674.85009765625,410444.0,1,10,1,8380.650390625,52.7001953125
2017-01-11,5691.0,5772.89990234375,5691.0,5762.35009765625,539326.0,2,11,1,8407.2001953125,81.89990234375
2017-01-12,5770.0,5795.0,5742.0,5777.35009765625,421634.0,3,12,1,8400.349609375,53.0
2017-01-13,5792.0,5794.0,5683.64990234375,5699.5,1086873.0,4,13,1,8412.7998046875,110.35009765625
2017-01-16,5697.9501953125,5725.2001953125,5661.0,5676.89990234375,290142.0,0,16,1,8398.0,64.2001953125
2017-01-17,5690.0,5718.89990234375,5657.0498046875,5669.39990234375,343048.0,1,17,1,8417.0,61.85009765625
2017-01-18,5685.0,5719.0,5665.0,5684.4501953125,308483.0,2,18,1,8435.099609375,54.0
2017-01-19,5675.0,5728.0,5675.0,5718.35009765625,239027.0,3,19,1,8349.349609375,53.0
2017-01-20,5717.0,5749.0,5642.0,5668.9501953125,444280.0,4,20,1,8391.5,107.0
2017-01-23,5668.9501953125,5712.75,5643.7998046875,5700.0,297515.0,0,23,1,8475.7998046875,68.9501953125
2017-01-24,5704.0,5745.75,5688.9501953125,5737.2001953125,301613.0,1,24,1,8602.75,56.7998046875
2017-01-25,5763.89990234375,5834.0,5708.0498046875,5802.5498046875,1148793.0,2,25,1,8641.25,125.9501953125
2017-01-27,5842.0,5927.7001953125,5825.0498046875,5915.89990234375,576906.0,4,27,1,8632.75,102.650390625
2017-01-30,5916.0,5939.0,5885.0,5894.9501953125,323448.0,0,30,1,8561.2998046875,54.0
2017-01-31,5889.0,5934.89990234375,5875.5,5894.25,374637.0,1,31,1,8716.400390625,59.39990234375
2017-02-01,5900.0,6203.5,5886.0,6179.2001953125,1212008.0,2,1,2,8734.25,317.5
2017-02-02,6170.0,6218.35009765625,6130.0,6144.35009765625,745214.0,3,2,2,8740.9501953125,88.35009765625
2017-02-03,6147.89990234375,6156.64990234375,6096.5498046875,6115.4501953125,304078.0,4,3,2,8801.0498046875,60.10009765625
2017-02-06,6157.0,6187.0,6125.0,6149.7001953125,322223.0,0,6,2,8768.2998046875,62.0
2017-02-07,6166.0,6231.5,6144.0,6213.2001953125,456427.0,1,7,2,8769.0498046875,87.5
2017-02-08,6219.7001953125,6233.89990234375,6165.14990234375,6194.64990234375,410369.0,2,8,2,8778.400390625,68.75
2017-02-09,6195.5,6204.0,6111.60009765625,6157.10009765625,511610.0,3,9,2,8793.5498046875,92.39990234375
2017-02-10,6170.0,6173.75,6096.39990234375,6112.25,284471.0,4,10,2,8805.0498046875,77.35009765625
2017-02-13,6092.0,6139.89990234375,6002.0,6022.0,404675.0,0,13,2,8792.2998046875,137.89990234375
2017-02-14,6045.0,6045.0,5928.10009765625,5939.85009765625,439745.0,1,14,2,8724.7001953125,116.89990234375
2017-02-15,5950.0,5961.7998046875,5842.2001953125,5862.7001953125,609791.0,2,15,2,8778.0,119.599609375
2017-02-16,5860.0,6037.9501953125,5860.0,6024.5498046875,576390.0,3,16,2,8821.7001953125,177.9501953125
2017-02-17,6038.0,6055.85009765625,5955.0498046875,5989.75,326378.0,4,17,2,8879.2001953125,100.80029296875
2017-02-20,5989.75,6120.75,5912.2998046875,6093.14990234375,504439.0,0,20,2,8907.849609375,208.4501953125
2017-02-21,6071.10009765625,6090.64990234375,6043.0,6063.14990234375,287864.0,1,21,2,8926.900390625,47.64990234375
2017-02-22,6073.0,6116.14990234375,6040.0,6079.64990234375,431264.0,2,22,2,8939.5,76.14990234375
2017-02-23,6090.0,6092.10009765625,6015.0498046875,6031.0,461009.0,3,23,2,8896.7001953125,77.05029296875
2017-02-27,6005.0,6050.9501953125,5940.0,5951.5,394395.0,0,27,2,8879.599609375,110.9501953125
2017-02-28,5946.2998046875,6000.0,5914.7998046875,5922.5,558820.0,1,28,2,8945.7998046875,85.2001953125
2017-03-01,5960.0,5998.7998046875,5885.14990234375,5919.60009765625,559896.0,2,1,3,8899.75,113.64990234375
2017-03-02,5951.0,5998.7998046875,5900.25,5918.75,473769.0,3,2,3,8897.5498046875,98.5498046875
2017-03-03,5924.0,5928.9501953125,5875.0,5887.75,362057.0,4,3,3,8963.4501953125,53.9501953125
2017-03-06,5925.5,5974.7998046875,5912.0,5934.85009765625,361209.0,0,6,3,8946.900390625,62.7998046875
2017-03-07,5931.0,5954.0,5881.0,5888.5,373103.0,1,7,3,8924.2998046875,73.0
2017-03-08,5895.0,5904.89990234375,5800.0,5864.14990234375,639968.0,2,8,3,8927.0,104.89990234375
2017-03-09,5884.0,5975.0,5864.14990234375,5964.39990234375,598391.0,3,9,3,8934.5498046875,110.85009765625
2017-03-10,5997.0,6008.39990234375,5936.0498046875,5955.60009765625,443986.0,4,10,3,9087.0,72.35009765625
2017-03-14,6060.0,6144.39990234375,6010.0,6132.39990234375,875005.0,1,14,3,9084.7998046875,134.39990234375
2017-03-15,6115.0,6168.7998046875,6092.5,6137.35009765625,384040.0,2,15,3,9153.7001953125,76.2998046875
2017-03-16,6159.60009765625,6186.2998046875,6131.7001953125,6155.4501953125,252721.0,3,16,3,9160.0498046875,54.599609375
2017-03-17,6165.0,6226.7998046875,6150.0,6192.60009765625,1048024.0,4,17,3,9126.849609375,76.7998046875
2017-03-20,6220.0,6220.0,6151.10009765625,6158.89990234375,207710.0,0,20,3,9121.5,68.89990234375
2017-03-21,6164.75,6200.5498046875,6051.85009765625,6076.2998046875,532134.0,1,21,3,9030.4501953125,148.69970703125
2017-03-22,6046.39990234375,6053.39990234375,5977.39990234375,6005.7998046875,462793.0,2,22,3,9086.2998046875,76.0
2017-03-23,6015.89990234375,6069.0,6015.89990234375,6034.7998046875,447530.0,3,23,3,9108.0,53.10009765625
2017-03-24,6047.0,6047.0,5992.10009765625,6004.64990234375,573292.0,4,24,3,9045.2001953125,54.89990234375
2017-03-27,5977.0,6020.0,5965.64990234375,5985.7998046875,340512.0,0,27,3,9100.7998046875,54.35009765625
2017-03-28,5971.2001953125,6049.0,5962.5498046875,5974.25,505962.0,1,28,3,9143.7998046875,86.4501953125
2017-03-29,6008.89990234375,6008.89990234375,5929.35009765625,5944.14990234375,494597.0,2,29,3,9173.75,79.5498046875
2017-03-30,5965.0,6000.89990234375,5935.0498046875,5956.60009765625,898999.0,3,30,3,9173.75,65.85009765625
2017-03-31,5952.0,6041.0,5940.10009765625,6015.7001953125,501939.0,4,31,3,9237.849609375,100.89990234375
2017-04-03,6095.0,6095.0,6030.0,6072.0,378716.0,0,3,4,9265.150390625,65.0
2017-04-05,6110.0,6359.0,6071.0498046875,6342.39990234375,1076674.0,2,5,4,9261.9501953125,287.9501953125
2017-04-06,6335.0,6336.0,6260.0,6291.64990234375,505863.0,3,6,4,9198.2998046875,76.0
2017-04-07,6250.0,6336.0,6236.0498046875,6259.35009765625,467235.0,4,7,4,9181.4501953125,99.9501953125
2017-04-10,6282.0,6307.7998046875,6245.0498046875,6268.85009765625,318486.0,0,10,4,9237.0,62.75
2017-04-11,6274.7998046875,6305.0,6230.0,6247.7998046875,373105.0,1,11,4,9203.4501953125,75.0
2017-04-12,6263.89990234375,6263.89990234375,6126.7001953125,6154.5,415372.0,2,12,4,9150.7998046875,137.19970703125
2017-04-13,6155.0,6175.0,6066.89990234375,6077.9501953125,386820.0,3,13,4,9139.2998046875,108.10009765625
2017-04-17,6070.60009765625,6137.5,6021.0,6115.5498046875,342286.0,0,17,4,9105.150390625,116.5
2017-04-18,6120.0,6234.35009765625,6120.0,6137.14990234375,453391.0,1,18,4,9103.5,114.35009765625
2017-04-19,6131.89990234375,6222.35009765625,6113.7998046875,6196.9501953125,366504.0,2,19,4,9136.400390625,108.55029296875
2017-04-20,6200.0,6303.14990234375,6188.0,6273.5,466934.0,3,20,4,9119.400390625,115.14990234375
2017-04-21,6283.89990234375,6295.0498046875,6177.0,6185.7998046875,294827.0,4,21,4,9217.9501953125,118.0498046875
2017-04-24,6223.2001953125,6335.0,6200.0,6318.35009765625,426893.0,0,24,4,9306.599609375,135.0
2017-04-25,6327.7001953125,6350.0,6282.5,6337.2001953125,384281.0,1,25,4,9351.849609375,67.5
2017-04-26,6335.0,6424.75,6311.0,6406.2998046875,540500.0,2,26,4,9342.150390625,113.75
2017-04-27,6439.0,6450.0,6320.35009765625,6374.0498046875,1087684.0,3,27,4,9304.0498046875,129.64990234375
2017-04-28,6410.0,6589.7998046875,6390.5498046875,6524.85009765625,949573.0,4,28,4,9313.7998046875,199.25
2017-05-02,6676.0,6730.0,6618.0,6705.5,888539.0,1,2,5,9311.9501953125,112.0
2017-05-03,6714.7998046875,6714.9501953125,6631.10009765625,6644.0,370021.0,2,3,5,9359.900390625,83.85009765625
2017-05-04,6662.0,6686.9501953125,6626.0,6639.7998046875,372533.0,3,4,5,9285.2998046875,60.9501953125
2017-05-05,6625.5498046875,6676.39990234375,6602.0,6654.14990234375,337498.0,4,5,5,9314.0498046875,74.39990234375
2017-05-08,6688.0,6703.64990234375,6612.5498046875,6630.5498046875,208481.0,0,8,5,9316.849609375,91.10009765625
2017-05-09,6666.0,6666.0,6615.0,6629.2998046875,215203.0,1,9,5,9407.2998046875,51.0
2017-05-10,6645.0,6754.0,6635.89990234375,6737.75,295859.0,2,10,5,9422.400390625,118.10009765625
2017-05-11,6749.0,6789.39990234375,6711.10009765625,6762.5,259056.0,3,11,5,9400.900390625,78.2998046875
2017-05-12,6798.0,6798.0,6691.0,6730.2001953125,256491.0,4,12,5,9445.400390625,107.0
2017-05-15,6759.39990234375,6839.10009765625,6733.4501953125,6823.89990234375,336356.0,0,15,5,9512.25,105.64990234375
2017-05-16,6850.0,6977.5498046875,6830.0,6953.9501953125,707624.0,1,16,5,9525.75,147.5498046875
2017-05-17,6950.0,6979.0,6885.85009765625,6958.2001953125,445461.0,2,17,5,9429.4501953125,93.14990234375
2017-05-18,6918.2998046875,6948.0,6814.4501953125,6831.0498046875,406814.0,3,18,5,9427.900390625,133.5498046875
2017-05-19,6854.7998046875,6893.89990234375,6691.5498046875,6790.5498046875,552223.0,4,19,5,9438.25,202.35009765625
2017-05-22,6803.9501953125,6843.9501953125,6689.25,6701.7001953125,327493.0,0,22,5,9386.150390625,154.7001953125
2017-05-23,6765.0,6910.0,6743.64990234375,6878.85009765625,956457.0,1,23,5,9360.5498046875,166.35009765625
2017-05-24,6903.0,6912.5498046875,6813.0,6869.64990234375,433647.0,2,24,5,9509.75,99.5498046875
2017-05-25,6879.9501953125,7018.0,6835.0,6985.7001953125,435721.0,3,25,5,9595.099609375,183.0
2017-05-26,6971.14990234375,7085.0498046875,6936.2001953125,7064.7998046875,373937.0,4,26,5,9604.900390625,148.849609375
2017-05-29,7050.0,7197.7998046875,7025.5498046875,7134.4501953125,427378.0,0,29,5,9624.5498046875,172.25
2017-05-30,7134.4501953125,7206.60009765625,7084.14990234375,7147.5,403698.0,1,30,5,9621.25,122.4501953125
2017-05-31,7138.0,7248.0,7134.9501953125,7211.0,650259.0,2,31,5,9616.099609375,113.0498046875
2017-06-01,7242.0,7245.0,7110.10009765625,7146.60009765625,649217.0,3,1,6,9653.5,134.89990234375
2017-06-02,7182.0,7187.7001953125,7100.0,7114.7001953125,310268.0,4,2,6,9675.099609375,87.7001953125
2017-06-05,7139.7998046875,7161.89990234375,7091.10009765625,7125.7001953125,296147.0,0,5,6,9637.150390625,70.7998046875
2017-06-06,7134.0,7154.2998046875,7085.0498046875,7112.10009765625,324579.0,1,6,6,9663.900390625,69.25
2017-06-07,7135.0,7225.0,7107.60009765625,7205.7001953125,518152.0,2,7,6,9647.25,117.39990234375
2017-06-08,7199.0,7274.9501953125,7198.0,7249.5,426525.0,3,8,6,9668.25,76.9501953125
2017-06-09,7271.0,7480.89990234375,7230.0,7464.85009765625,1122640.0,4,9,6,9616.400390625,250.89990234375
2017-06-12,7445.0,7450.0,7355.5,7373.64990234375,454342.0,0,12,6,9606.900390625,94.5
2017-06-13,7394.60009765625,7455.0,7335.0,7348.9501953125,607567.0,1,13,6,9618.150390625,120.0
2017-06-14,7343.0,7392.4501953125,7331.85009765625,7351.0498046875,277472.0,2,14,6,9578.0498046875,60.60009765625
2017-06-15,7348.35009765625,7393.0,7272.14990234375,7312.2998046875,388150.0,3,15,6,9588.0498046875,120.85009765625
2017-06-16,7332.0,7360.0498046875,7250.0,7263.89990234375,547028.0,4,16,6,9657.5498046875,110.0498046875
2017-06-19,7314.0,7322.14990234375,7235.0,7249.25,372747.0,0,19,6,9653.5,87.14990234375
2017-06-20,7265.0,7283.64990234375,7190.2998046875,7207.25,757716.0,1,20,6,9633.599609375,93.35009765625
2017-06-21,7220.0,7284.5,7153.2998046875,7268.2001953125,460423.0,2,21,6,9630.0,131.2001953125
2017-06-22,7291.0,7352.0,7288.0,7316.10009765625,436033.0,3,22,6,9574.9501953125,64.0
2017-06-23,7321.25,7331.64990234375,7205.0,7219.14990234375,355854.0,4,23,6,9511.400390625,126.64990234375
2017-06-27,7239.5,7267.2001953125,7155.10009765625,7183.35009765625,365667.0,1,27,6,9491.25,112.10009765625
2017-06-28,7213.9501953125,7324.0,7205.0,7225.0498046875,637214.0,2,28,6,9504.099609375,119.0
2017-06-29,7254.89990234375,7290.0,7205.0,7224.35009765625,543979.0,3,29,6,9520.900390625,85.0
2017-06-30,7214.7998046875,7233.60009765625,7157.14990234375,7217.60009765625,367886.0,4,30,6,9615.0,76.4501953125
2017-07-03,7238.89990234375,7365.0,7211.2001953125,7354.0,556846.0,0,3,7,9613.2998046875,153.7998046875
2017-07-04,7386.0,7415.0498046875,7340.0,7376.14990234375,428293.0,1,4,7,9637.599609375,75.0498046875
2017-07-05,7374.75,7394.0,7332.0,7377.64990234375,273869.0,2,5,7,9674.5498046875,62.0
2017-07-06,7377.64990234375,7498.0,7376.2001953125,7474.0498046875,416512.0,3,6,7,9665.7998046875,121.7998046875
2017-07-07,7470.0,7474.0498046875,7420.0,7432.7998046875,339803.0,4,7,7,9771.0498046875,54.0498046875
2017-07-10,7458.7998046875,7500.0,6700.0,7430.4501953125,47033.0,0,10,7,9786.0498046875,800.0
2017-07-11,7473.89990234375,7495.0,7400.0,7457.0,423681.0,1,11,7,9816.099609375,95.0
2017-07-12,7485.0,7485.0,7435.10009765625,7476.64990234375,233096.0,2,12,7,9891.7001953125,49.89990234375
2017-07-13,7490.0,7574.5,7465.14990234375,7567.5498046875,472029.0,3,13,7,9886.349609375,109.35009765625
2017-07-14,7574.9501953125,7588.9501953125,7520.0,7557.25,267450.0,4,14,7,9915.9501953125,68.9501953125
2017-07-17,7571.9501953125,7578.0,7504.2998046875,7522.2998046875,289180.0,0,17,7,9827.150390625,73.7001953125
2017-07-18,7525.0,7591.5,7515.0,7549.35009765625,387214.0,1,18,7,9899.599609375,76.5
2017-07-19,7564.25,7584.0,7535.0,7561.5,223986.0,2,19,7,9873.2998046875,49.0
2017-07-20,7580.0,7584.5,7480.0498046875,7490.9501953125,290547.0,3,20,7,9915.25,104.4501953125
2017-07-21,7500.0,7549.89990234375,7445.0,7543.0,434483.0,4,21,7,9966.400390625,104.89990234375
2017-07-24,7554.0,7569.0,7495.0,7554.5498046875,357195.0,0,24,7,9964.5498046875,74.0
2017-07-25,7573.0,7573.0,7493.5498046875,7504.85009765625,323585.0,1,25,7,10020.650390625,79.4501953125
2017-07-26,7539.0,7595.0,7504.0,7565.25,377790.0,2,26,7,10020.5498046875,91.0
2017-07-27,7615.0,7683.39990234375,7536.0,7599.60009765625,1148259.0,3,27,7,10014.5,147.39990234375
2017-07-28,7617.0,7673.60009765625,7584.0,7630.4501953125,459181.0,4,28,7,10077.099609375,89.60009765625
2017-07-31,7664.0,7765.0,7651.0,7750.0498046875,505371.0,0,31,7,10114.650390625,114.0
2017-08-01,7759.89990234375,7920.0,7725.0,7856.10009765625,1096934.0,1,1,8,10081.5,195.0
2017-08-02,7878.89990234375,7880.0,7775.0,7795.5,414448.0,2,2,8,10013.650390625,105.0
2017-08-03,7794.0,7829.0,7711.0,7737.39990234375,287116.0,3,3,8,10066.400390625,118.0
2017-08-04,7750.0,7804.89990234375,7740.0,7770.2998046875,325021.0,4,4,8,10057.400390625,64.89990234375
2017-08-07,7779.5,7892.35009765625,7771.0,7838.64990234375,327318.0,0,7,8,9978.5498046875,121.35009765625
2017-08-08,7849.0,7885.0,7736.89990234375,7755.89990234375,319951.0,1,8,8,9908.0498046875,148.10009765625
2017-08-09,7759.0,7795.0,7639.10009765625,7661.60009765625,285089.0,2,9,8,9820.25,155.89990234375
2017-08-10,7637.35009765625,7640.0,7538.89990234375,7578.75,385730.0,3,10,8,9710.7998046875,101.10009765625
2017-08-11,7501.89990234375,7533.7998046875,7380.0,7457.39990234375,676390.0,4,11,8,9794.150390625,153.7998046875
2017-08-14,7516.0,7647.0,7515.0,7608.4501953125,328598.0,0,14,8,9897.2998046875,132.0
2017-08-16,7649.10009765625,7720.10009765625,7585.0498046875,7701.14990234375,488766.0,2,16,8,9904.150390625,135.05029296875
2017-08-17,7701.0,7708.85009765625,7565.0,7582.4501953125,321296.0,3,17,8,9837.400390625,143.85009765625
2017-08-18,7551.0,7624.0,7531.35009765625,7598.7998046875,332924.0,4,18,8,9754.349609375,92.64990234375
2017-08-21,7629.0,7658.0498046875,7490.0,7501.89990234375,277519.0,0,21,8,9765.5498046875,168.0498046875
2017-08-22,7540.0,7567.5,7475.10009765625,7496.10009765625,278131.0,1,22,8,9852.5,92.39990234375
2017-08-23,7548.0,7590.0,7501.0,7573.0498046875,258051.0,2,23,8,9857.0498046875,89.0
2017-08-24,7536.0,7635.0,7483.60009765625,7612.85009765625,436912.0,3,24,8,9912.7998046875,151.39990234375
2017-08-28,7649.0,7649.0,7568.0498046875,7579.0,391028.0,0,28,8,9796.0498046875,80.9501953125
2017-08-29,7565.0,7575.5498046875,7495.0498046875,7521.5,368309.0,1,29,8,9884.400390625,80.5
2017-08-30,7603.0,7639.35009765625,7532.5,7557.4501953125,471048.0,2,30,8,9917.900390625,106.85009765625
2017-08-31,7564.89990234375,7720.39990234375,7532.0,7700.2998046875,586954.0,3,31,8,9974.400390625,188.39990234375
2017-09-01,7747.5,7834.89990234375,7730.0,7812.2998046875,627407.0,4,1,9,9912.849609375,104.89990234375
2017-09-04,7840.0,7876.0,7756.75,7821.5,362724.0,0,4,9,9952.2001953125,119.25
2017-09-05,7843.0,7855.9501953125,7801.0,7817.2001953125,182518.0,1,5,9,9916.2001953125,54.9501953125
2017-09-06,7800.0,7904.0,7770.0,7846.64990234375,340420.0,2,6,9,9929.900390625,134.0
2017-09-07,7888.0,7949.0,7858.5,7919.2001953125,389478.0,3,7,9,9934.7998046875,90.5
2017-09-08,7940.4501953125,7979.75,7892.0,7970.75,341309.0,4,8,9,10006.0498046875,87.75
2017-09-11,8000.0,8168.0,8000.0,8142.39990234375,547463.0,0,11,9,10093.0498046875,168.0
2017-09-12,8192.0,8192.0,8116.0,8154.5,387447.0,1,12,9,10079.2998046875,76.0
2017-09-13,8161.89990234375,8200.0,8100.14990234375,8122.60009765625,371832.0,2,13,9,10086.599609375,99.85009765625
2017-09-14,8139.9501953125,8164.9501953125,8042.0498046875,8070.25,293890.0,3,14,9,10085.400390625,122.900390625
2017-09-15,8076.9501953125,8119.10009765625,8043.5,8099.75,400099.0,4,15,9,10153.099609375,75.60009765625
2017-09-18,8130.7001953125,8185.0,8130.7001953125,8157.85009765625,219992.0,0,18,9,10147.5498046875,54.2998046875
2017-09-19,8178.0,8184.9501953125,8124.4501953125,8131.7001953125,245577.0,1,19,9,10141.150390625,60.5
2017-09-20,8164.39990234375,8164.39990234375,8109.10009765625,8120.14990234375,185837.0,2,20,9,10121.900390625,55.2998046875
2017-09-21,8101.0,8170.89990234375,8075.10009765625,8144.9501953125,258168.0,3,21,9,9964.400390625,95.7998046875
2017-09-22,8145.0,8175.5,8050.0,8068.2001953125,366359.0,4,22,9,9872.599609375,125.5
2017-09-25,8074.0,8089.0,7855.0498046875,7964.9501953125,626129.0,0,25,9,9871.5,233.9501953125
2017-09-26,7980.0,7980.0498046875,7869.10009765625,7889.89990234375,440508.0,1,26,9,9735.75,110.94970703125
2017-09-27,7949.0,7978.0,7715.0,7739.9501953125,564788.0,2,27,9,9768.9501953125,263.0
2017-09-28,7735.10009765625,7920.0,7651.0,7897.35009765625,768225.0,3,28,9,9788.599609375,269.0
2017-09-29,7960.0,8007.7998046875,7925.0,7978.2001953125,486217.0,4,29,9,9859.5,82.7998046875
2017-10-03,8055.35009765625,8069.0498046875,7855.0,7888.2998046875,516298.0,1,3,10,9914.900390625,214.0498046875
2017-10-04,7894.0,7933.89990234375,7830.60009765625,7847.2001953125,301347.0,2,4,10,9888.7001953125,103.2998046875
2017-10-05,7836.0,7901.0,7807.2001953125,7831.0498046875,272177.0,3,5,10,9979.7001953125,93.7998046875
2017-10-06,7864.9501953125,7919.0,7845.0498046875,7903.2001953125,440453.0,4,6,10,9988.75,73.9501953125
2017-10-09,7909.0,7957.0,7866.7001953125,7896.7001953125,261839.0,0,9,10,10016.9501953125,90.2998046875
2017-10-10,7890.5,7934.89990234375,7885.2998046875,7893.7001953125,224485.0,1,10,10,9984.7998046875,49.60009765625
2017-10-11,7892.0,7898.85009765625,7801.0,7825.14990234375,644166.0,2,11,10,10096.400390625,97.85009765625
2017-10-12,7845.0,7918.0,7830.0,7904.25,396436.0,3,12,10,10167.4501953125,88.0
2017-10-13,7900.0,7940.0,7860.0498046875,7874.14990234375,328108.0,4,13,10,10230.849609375,79.9501953125
2017-10-16,7900.0,7935.0,7814.0,7842.0,502632.0,0,16,10,10234.4501953125,121.0
2017-10-17,7851.0,7902.2998046875,7830.89990234375,7838.89990234375,304861.0,1,17,10,10210.849609375,71.39990234375
2017-10-18,7859.0,7873.0498046875,7748.2001953125,7784.0498046875,489207.0,2,18,10,10146.5498046875,124.849609375
2017-10-19,7803.0,7803.0,7690.0,7731.10009765625,115449.0,3,19,10,10184.849609375,113.0
2017-10-23,7748.7998046875,7860.0,7714.0,7818.5,471496.0,0,23,10,10207.7001953125,146.0
2017-10-24,7865.2998046875,7932.2001953125,7841.60009765625,7875.0,354257.0,1,24,10,10295.349609375,90.60009765625
2017-10-25,7930.0,7945.0,7810.2998046875,7870.2001953125,254379.0,2,25,10,10343.7998046875,134.7001953125
2017-10-26,7900.0,8086.0,7866.2001953125,8068.0498046875,684763.0,3,26,10,10323.0498046875,219.7998046875
2017-10-27,8123.9501953125,8240.0,8062.60009765625,8114.4501953125,1201080.0,4,27,10,10363.650390625,177.39990234375
2017-10-30,8200.0,8279.0,8163.2998046875,8195.25,726605.0,0,30,10,10335.2998046875,115.7001953125
2017-10-31,8195.0,8226.5,8167.2001953125,8211.25,318652.0,1,31,10,10440.5,59.2998046875
2017-11-01,8251.0,8256.4501953125,8160.0,8238.400390625,631375.0,2,1,11,10423.7998046875,96.4501953125
2017-11-02,8250.0,8273.9501953125,8201.0,8225.7998046875,247753.0,3,2,11,10452.5,72.9501953125
2017-11-03,8235.0,8242.900390625,8175.0,8219.400390625,288916.0,4,3,11,10451.7998046875,67.900390625
2017-11-06,8209.5,8370.5498046875,8199.349609375,8310.2001953125,392588.0,0,6,11,10350.150390625,171.2001953125
2017-11-07,8348.0,8348.0,8210.0,8220.2998046875,348296.0,1,7,11,10303.150390625,138.0
2017-11-08,8218.0,8285.0498046875,8204.900390625,8232.0,199176.0,2,8,11,10308.9501953125,80.1494140625
2017-11-09,8273.7001953125,8273.7001953125,8148.7001953125,8204.7998046875,442672.0,3,9,11,10321.75,125.0
2017-11-10,8198.7998046875,8234.900390625,8111.0498046875,8183.5,351694.0,4,10,11,10224.9501953125,123.8505859375
2017-11-13,8185.0,8219.0498046875,8080.0,8109.2001953125,181361.0,0,13,11,10186.599609375,139.0498046875
2017-11-14,8129.0,8186.0,8109.0,8122.9501953125,237427.0,1,14,11,10118.0498046875,77.0
2017-11-15,8100.0,8180.0,8087.0,8127.25,275441.0,2,15,11,10214.75,93.0
2017-11-16,8130.0,8234.849609375,8129.25,8163.7001953125,321844.0,3,16,11,10283.599609375,105.599609375
2017-11-17,8218.0,8362.4501953125,8218.0,8348.349609375,419255.0,4,17,11,10298.75,144.4501953125
2017-11-20,8377.0,8449.0,8350.0,8425.650390625,372037.0,0,20,11,10326.900390625,99.0
2017-11-21,8446.0,8449.4501953125,8401.0,8424.7998046875,255180.0,1,21,11,10342.2998046875,48.4501953125
2017-11-22,8448.0,8525.0,8444.0,8513.150390625,383442.0,2,22,11,10348.75,81.0
2017-11-23,8512.0,8519.0,8443.5,8463.400390625,289808.0,3,23,11,10389.7001953125,75.5
2017-11-24,8463.400390625,8540.0,8463.400390625,8487.9501953125,343432.0,4,24,11,10399.5498046875,76.599609375
2017-11-27,8486.0,8524.2001953125,8445.0,8508.599609375,172254.0,0,27,11,10370.25,79.2001953125
2017-11-28,8490.599609375,8658.0,8476.0498046875,8624.150390625,456041.0,1,28,11,10361.2998046875,181.9501953125
2017-11-29,8649.0,8696.0,8576.0,8671.349609375,382984.0,2,29,11,10226.5498046875,120.0
2017-11-30,8650.0,8676.0,8575.0,8599.099609375,582023.0,3,30,11,10121.7998046875,101.0
2017-12-01,8660.0,8695.0,8593.0,8609.0,436589.0,4,1,12,10127.75,102.0
2017-12-04,8659.75,8659.9501953125,8480.5498046875,8500.7998046875,242191.0,0,4,12,10118.25,179.400390625
2017-12-05,8519.9501953125,8554.9501953125,8476.5,8500.400390625,213998.0,1,5,12,10044.099609375,78.4501953125
2017-12-06,8494.0,8638.75,8450.0498046875,8612.400390625,420876.0,2,6,12,10166.7001953125,188.7001953125
2017-12-07,8615.900390625,8988.25,8614.5498046875,8882.400390625,834850.0,3,7,12,10265.650390625,373.7001953125
2017-12-08,8929.7998046875,9119.0,8899.0,9042.25,1006694.0,4,8,12,10322.25,220.0
2017-12-11,9108.0,9167.0,9089.75,9133.7998046875,564023.0,0,11,12,10240.150390625,77.25
2017-12-12,9150.0,9218.5,9100.0,9131.349609375,491488.0,1,12,12,10192.9501953125,118.5
2017-12-13,9091.0,9176.0,9075.0,9120.650390625,446829.0,2,13,12,10252.099609375,101.0
2017-12-14,9127.0,9146.7998046875,9046.0,9112.75,655484.0,3,14,12,10333.25,100.7998046875
2017-12-15,9170.0,9236.2998046875,9147.2998046875,9165.900390625,620495.0,4,15,12,10388.75,89.0
2017-12-18,9110.0,9344.0,8990.150390625,9309.099609375,658668.0,0,18,12,10463.2001953125,353.849609375
2017-12-19,9345.0,9858.0,9326.0,9801.5,1275759.0,1,19,12,10444.2001953125,532.0
2017-12-20,9966.0,9996.400390625,9700.25,9733.900390625,1216280.0,2,20,12,10440.2998046875,296.150390625
2017-12-21,9788.0,9817.400390625,9610.0498046875,9631.0498046875,849633.0,3,21,12,10493.0,207.3505859375
2017-12-22,9665.0,9824.7998046875,9605.0,9700.0,814330.0,4,22,12,10531.5,219.7998046875
2017-12-26,9741.0,9765.0,9616.2001953125,9679.0,542587.0,1,26,12,10490.75,148.7998046875
2017-12-27,9694.0,9750.7001953125,9629.099609375,9644.099609375,402886.0,2,27,12,10477.900390625,121.6005859375
2017-12-28,9693.5,9693.5,9615.7998046875,9629.2001953125,659995.0,3,28,12,10530.7001953125,77.7001953125
2018-01-01,9749.0,9789.0,9629.7998046875,9651.900390625,426354.0,0,1,1,10442.2001953125,159.2001953125
2018-01-02,9699.0,9718.599609375,9525.0,9554.0498046875,451227.0,1,2,1,10443.2001953125,193.599609375
2018-01-03,9597.0,9598.0,9402.0,9416.599609375,658281.0,2,3,1,10504.7998046875,196.0
2018-01-04,9450.0,9488.0,9367.2001953125,9386.25,562919.0,3,4,1,10558.849609375,120.7998046875
2018-01-05,9458.0,9532.0,9412.5498046875,9433.849609375,732512.0,4,5,1,10623.599609375,119.4501953125
2018-01-08,9488.0,9495.0,9425.0,9448.9501953125,294549.0,0,8,1,10637.0,70.0
2018-01-09,9464.7998046875,9491.4501953125,9361.0,9383.5498046875,427590.0,1,9,1,10632.2001953125,130.4501953125
2018-01-10,9387.7998046875,9454.849609375,9315.900390625,9375.849609375,394826.0,2,10,1,10651.2001953125,138.94921875
2018-01-11,9410.0,9430.0,9326.0,9339.7998046875,368996.0,3,11,1,10681.25,104.0
2018-01-12,9387.0,9494.75,9355.099609375,9459.150390625,685141.0,4,12,1,10741.5498046875,139.650390625
2018-01-15,9499.9501953125,9508.5498046875,9340.0,9358.4501953125,385462.0,0,15,1,10700.4501953125,168.5498046875
2018-01-16,9371.0,9408.650390625,9300.0,9322.0498046875,364816.0,1,16,1,10788.5498046875,108.650390625
2018-01-17,9316.0,9368.7998046875,9256.0,9313.900390625,390461.0,2,17,1,10817.0,112.7998046875
2018-01-18,9350.0,9518.900390625,9332.0,9368.7001953125,686971.0,3,18,1,10894.7001953125,186.900390625
2018-01-19,9325.0,9396.0,9282.0,9323.9501953125,542339.0,4,19,1,10966.2001953125,114.0
2018-01-22,9349.0,9356.75,9271.599609375,9310.099609375,454188.0,0,22,1,11083.7001953125,85.150390625
2018-01-23,9347.0,9429.2998046875,9290.0,9393.400390625,561948.0,1,23,1,11086.0,139.2998046875
2018-01-24,9419.0,9519.9501953125,9340.4501953125,9434.9501953125,568489.0,2,24,1,11069.650390625,179.5
2018-01-25,9485.0,9485.0,9250.0,9278.2001953125,705224.0,3,25,1,11130.400390625,235.0
2018-01-29,9481.0,9714.0,9461.0,9630.7001953125,1546624.0,0,29,1,11049.650390625,253.0
2018-01-30,9620.0,9675.5,9550.0,9571.5498046875,573988.0,1,30,1,11027.7001953125,125.5
2018-01-31,9558.0498046875,9585.0,9458.900390625,9509.7001953125,462650.0,2,31,1,11016.900390625,126.099609375
2018-02-01,9545.0,9563.7001953125,9312.0,9401.849609375,550971.0,3,1,2,10760.599609375,251.7001953125
2018-02-02,9359.0,9359.0,8940.0,8990.599609375,984189.0,4,2,2,10666.5498046875,419.0
2018-02-05,8850.150390625,9120.0,8688.0,9080.599609375,651062.0,0,5,2,10498.25,432.0
2018-02-06,8700.0,9113.5,8661.599609375,8984.599609375,840339.0,1,6,2,10476.7001953125,451.900390625
2018-02-07,9170.0,9170.0,8873.0,8921.7998046875,509440.0,2,7,2,10576.849609375,297.0
2018-02-08,8988.900390625,9060.0,8915.0,9030.7001953125,465683.0,3,8,2,10454.9501953125,145.0
2018-02-09,8906.0,8986.5498046875,8870.0,8936.099609375,364892.0,4,9,2,10539.75,116.5498046875
2018-02-12,8960.0,9150.0,8960.0,9117.849609375,408523.0,0,12,2,10500.900390625,190.0
2018-02-14,9149.900390625,9157.5,8986.0,9001.599609375,357737.0,2,14,2,10545.5,171.5
2018-02-15,9049.0,9090.0,9001.0,9020.25,250781.0,3,15,2,10452.2998046875,89.0
2018-02-16,9039.900390625,9070.0,8806.849609375,8836.9501953125,632659.0,4,16,2,10378.400390625,263.150390625
2018-02-19,8856.0,8865.849609375,8691.650390625,8724.849609375,436138.0,0,19,2,10360.400390625,174.19921875
2018-02-20,8745.0,8768.9501953125,8650.0,8722.650390625,517802.0,1,20,2,10397.4501953125,118.9501953125
2018-02-21,8771.0,8795.0,8708.2001953125,8782.75,471756.0,2,21,2,10382.7001953125,86.7998046875
2018-02-22,8769.0,8769.0,8601.5,8634.0498046875,638857.0,3,22,2,10491.0498046875,167.5
2018-02-23,8665.0,8738.9501953125,8655.0498046875,8698.7998046875,567960.0,4,23,2,10582.599609375,83.900390625
2018-02-26,8758.0,9055.0,8750.0498046875,9005.349609375,869374.0,0,26,2,10554.2998046875,304.9501953125
2018-02-27,9093.0,9114.9501953125,8872.599609375,8891.2001953125,684609.0,1,27,2,10492.849609375,242.3505859375
2018-02-28,8870.0,8934.0,8772.0,8850.9501953125,680125.0,2,28,2,10458.349609375,162.0
2018-03-01,8874.0,8936.0498046875,8811.349609375,8873.4501953125,609369.0,3,1,3,10358.849609375,124.7001953125
2018-03-05,8867.0,8867.0,8775.0,8795.099609375,388180.0,0,5,3,10249.25,92.0
2018-03-06,8855.5498046875,8885.0,8600.0,8616.5,543686.0,1,6,3,10154.2001953125,285.0
2018-03-07,8621.7998046875,8713.849609375,8552.0,8679.099609375,598715.0,2,7,3,10242.650390625,161.849609375
2018-03-08,8700.2001953125,8775.0,8651.0,8729.349609375,533856.0,3,8,3,10226.849609375,124.0
2018-03-09,8760.0,8774.0,8650.0,8660.599609375,323450.0,4,9,3,10421.400390625,124.0
2018-03-12,8719.0,8826.7998046875,8681.099609375,8810.2998046875,438339.0,0,12,3,10426.849609375,145.7001953125
2018-03-13,8810.0,8848.0,8691.0,8756.0498046875,521943.0,1,13,3,10410.900390625,157.0
2018-03-14,8735.0,8874.0,8725.0498046875,8846.2998046875,411769.0,2,14,3,10360.150390625,148.9501953125
2018-03-15,8839.900390625,8875.0,8800.9501953125,8837.5498046875,313431.0,3,15,3,10195.150390625,74.0498046875
2018-03-16,8869.0,8869.0,8649.400390625,8676.5498046875,622932.0,4,16,3,10094.25,219.599609375
2018-03-19,8711.5,8800.0,8703.5498046875,8773.5,571830.0,0,19,3,10124.349609375,96.4501953125
2018-03-20,8764.4501953125,8845.5,8735.0,8802.400390625,408924.0,1,20,3,10155.25,110.5
2018-03-21,8839.900390625,8945.0,8825.0498046875,8874.650390625,516020.0,2,21,3,10114.75,119.9501953125
2018-03-22,8870.0,8910.5,8684.400390625,8696.5498046875,471749.0,3,22,3,9998.0498046875,226.099609375
2018-03-23,8612.5498046875,8640.5,8542.099609375,8607.25,644482.0,4,23,3,10130.650390625,98.400390625
2018-03-26,8607.0,8798.0,8605.0,8765.2998046875,447858.0,0,26,3,10184.150390625,193.0
2018-03-27,8815.0,8887.0,8767.150390625,8852.2998046875,423455.0,1,27,3,10113.7001953125,119.849609375
2018-03-28,8812.0,9084.0,8801.0,8861.099609375,1194227.0,2,28,3,10211.7998046875,283.0
2018-04-02,8990.0,9088.0,8953.25,9008.2001953125,552649.0,0,2,4,10245.0,134.75
2018-04-03,9008.9501953125,9060.0,8955.0,9026.4501953125,339709.0,1,3,4,10128.400390625,105.0
2018-04-04,9078.0,9149.400390625,8980.599609375,9013.5,488280.0,2,4,4,10325.150390625,168.80078125
2018-04-05,9050.0,9157.650390625,9050.0,9132.599609375,236956.0,3,5,4,10331.599609375,107.650390625
2018-04-06,9165.0,9230.0,9042.5498046875,9206.2001953125,429514.0,4,6,4,10379.349609375,187.4501953125
2018-04-09,9220.0,9308.150390625,9184.7001953125,9292.650390625,426170.0,0,9,4,10402.25,123.4501953125
2018-04-10,9290.0,9315.4501953125,9239.0,9273.4501953125,299119.0,1,10,4,10417.150390625,76.4501953125
2018-04-11,9290.0,9350.0,9208.5498046875,9302.5,318010.0,2,11,4,10458.650390625,141.4501953125
2018-04-12,9290.0,9290.0,9181.099609375,9204.4501953125,300797.0,3,12,4,10480.599609375,108.900390625
2018-04-13,9267.0,9267.0,9106.25,9123.9501953125,366224.0,4,13,4,10528.349609375,160.75
2018-04-16,9100.0,9245.0,9065.0,9232.0,271057.0,0,16,4,10548.7001953125,180.0
2018-04-17,9241.0,9242.0,9137.5498046875,9160.349609375,342578.0,1,17,4,10526.2001953125,104.4501953125
2018-04-18,9178.0,9227.4501953125,9095.900390625,9121.5,452854.0,2,18,4,10565.2998046875,131.5498046875
2018-04-19,9144.0,9183.75,9068.0,9077.650390625,256088.0,3,19,4,10564.0498046875,115.75
2018-04-20,9082.0,9108.150390625,9012.9501953125,9025.0,303913.0,4,20,4,10584.7001953125,95.2001953125
2018-04-23,9039.900390625,9125.0,9005.9501953125,9064.849609375,302205.0,0,23,4,10614.349609375,119.0498046875
2018-04-24,9095.0,9142.5498046875,9031.0,9064.650390625,312103.0,1,24,4,10570.5498046875,111.5498046875
2018-04-25,9059.0,9068.7998046875,8908.0,8934.599609375,488641.0,2,25,4,10617.7998046875,160.7998046875
2018-04-26,8949.0,8981.0,8890.0,8946.4501953125,614321.0,3,26,4,10692.2998046875,91.0
2018-04-27,9015.0,9137.0,8715.099609375,8783.349609375,1873816.0,4,27,4,10739.349609375,421.900390625
2018-04-30,8790.0,8904.2001953125,8760.2998046875,8814.9501953125,497504.0,0,30,4,10718.0498046875,143.900390625
2018-05-02,8915.0,8998.0,8725.0,8744.5,806846.0,2,2,5,10679.650390625,273.0
2018-05-03,8765.0,8799.0,8700.0,8755.9501953125,406825.0,3,3,5,10618.25,99.0
2018-05-04,8784.0,8790.0,8665.0,8678.2001953125,490244.0,4,4,5,10715.5,125.0
2018-05-07,8693.0,8770.0,8660.0,8743.7001953125,342702.0,0,7,5,10717.7998046875,110.0
2018-05-08,8785.0,8806.2001953125,8690.0,8775.2001953125,404969.0,1,8,5,10741.7001953125,116.2001953125
2018-05-09,8795.0,8795.0,8705.0,8718.349609375,314057.0,2,9,5,10716.5498046875,90.0
2018-05-10,8758.0,8758.0,8690.0,8704.9501953125,298598.0,3,10,5,10806.5,68.0
2018-05-11,8738.0,8765.0,8702.0498046875,8750.2998046875,264405.0,4,11,5,10806.599609375,62.9501953125
2018-05-14,8751.0,8760.0,8688.099609375,8707.0,276620.0,0,14,5,10801.849609375,71.900390625
2018-05-15,8725.0,8750.349609375,8639.0,8726.599609375,506107.0,1,15,5,10741.099609375,111.349609375
2018-05-16,8675.0,8733.4501953125,8675.0,8695.599609375,288597.0,2,16,5,10682.7001953125,58.4501953125
2018-05-17,8725.0,8766.4501953125,8661.2001953125,8697.5,379606.0,3,17,5,10596.400390625,105.25
2018-05-18,8700.7998046875,8725.0,8496.0,8510.9501953125,603507.0,4,18,5,10516.7001953125,229.0
2018-05-21,8518.0,8524.7998046875,8255.5,8428.5,872463.0,0,21,5,10536.7001953125,269.2998046875
2018-05-22,8416.0,8586.400390625,8371.25,8560.650390625,410467.0,1,22,5,10430.349609375,215.150390625
2018-05-23,8560.0,8564.7998046875,8458.2001953125,8497.400390625,399631.0,2,23,5,10513.849609375,106.599609375
2018-05-24,8500.099609375,8518.2998046875,8400.0,8410.75,292331.0,3,24,5,10605.150390625,118.2998046875
2018-05-25,8412.0,8574.0,8395.150390625,8548.150390625,519151.0,4,25,5,10688.650390625,178.849609375
2018-05-28,8560.0,8785.0,8555.099609375,8709.2998046875,446264.0,0,28,5,10633.2998046875,229.900390625
2018-05-29,8718.0,8840.0,8680.0,8714.900390625,665121.0,1,29,5,10614.349609375,160.0
2018-05-30,8669.0,8669.0,8572.849609375,8588.2001953125,508262.0,2,30,5,10736.150390625,96.150390625
2018-05-31,8639.0,8639.099609375,8515.900390625,8537.2001953125,679959.0,3,31,5,10696.2001953125,123.19921875
2018-06-01,8610.0,8848.400390625,8590.0498046875,8808.849609375,1002010.0,4,1,6,10628.5,258.3505859375
2018-06-04,8840.0,8840.0,8726.0498046875,8749.849609375,380690.0,0,4,6,10593.150390625,113.9501953125
2018-06-05,8750.0,8830.0,8680.0,8810.400390625,400886.0,1,5,6,10684.650390625,150.0
2018-06-06,8829.0,8870.0,8810.0,8842.349609375,328784.0,2,6,6,10768.349609375,60.0
2018-06-07,8874.0,8934.7998046875,8865.0,8911.25,267961.0,3,7,6,10767.650390625,69.7998046875
2018-06-08,8894.0,8950.0,8871.0,8932.4501953125,287823.0,4,8,6,10786.9501953125,79.0
2018-06-11,8960.0,9046.0,8921.5,9022.650390625,337828.0,0,11,6,10842.849609375,124.5
2018-06-12,9039.0,9065.0,8955.0,9016.75,343452.0,1,12,6,10856.7001953125,110.0
2018-06-13,9030.0,9094.9501953125,8943.0,8967.349609375,369407.0,2,13,6,10808.0498046875,151.9501953125
2018-06-14,8932.0498046875,9019.9501953125,8908.0,8958.0,269078.0,3,14,6,10817.7001953125,111.9501953125
2018-06-15,8995.0,8995.0,8901.0,8951.599609375,496572.0,4,15,6,10799.849609375,94.0
2018-06-18,8947.5,9050.400390625,8937.9501953125,8973.4501953125,305144.0,0,18,6,10710.4501953125,112.4501953125
2018-06-19,8970.0,8984.7998046875,8820.0498046875,8862.599609375,350407.0,1,19,6,10772.0498046875,164.75
2018-06-20,8873.0,8970.0,8863.0,8948.2998046875,325981.0,2,20,6,10741.099609375,107.0
2018-06-21,8978.0,8986.0,8852.9501953125,8863.0498046875,313349.0,3,21,6,10821.849609375,133.0498046875
2018-06-22,8865.0,8887.0,8810.0,8874.900390625,319027.0,4,22,6,10762.4501953125,77.0
2018-06-25,8869.0,8869.0,8780.0,8793.0,254954.0,0,25,6,10769.150390625,89.0
2018-06-26,8793.0,8985.349609375,8750.0,8931.349609375,387769.0,1,26,6,10671.400390625,235.349609375
2018-06-27,8935.9501953125,9012.0,8873.0,8898.2998046875,501622.0,2,27,6,10589.099609375,139.0
2018-06-28,8892.0,8894.0498046875,8735.0498046875,8771.2998046875,376404.0,3,28,6,10714.2998046875,159.0
2018-06-29,8750.2998046875,8900.0,8750.2998046875,8825.599609375,458807.0,4,29,6,10657.2998046875,149.7001953125
2018-07-02,8878.0,8935.0,8800.0498046875,8821.0498046875,298529.0,0,2,7,10699.900390625,134.9501953125
2018-07-03,8825.0,8995.0,8750.0,8975.150390625,375718.0,1,3,7,10769.900390625,245.0
2018-07-04,9014.0,9249.25,8952.5,9220.7998046875,656141.0,2,4,7,10749.75,296.75
2018-07-05,9228.0,9395.0,9225.75,9347.0498046875,887919.0,3,5,7,10772.650390625,169.25
2018-07-06,9315.0,9413.9501953125,9260.0,9317.5,508241.0,4,6,7,10852.900390625,153.9501953125
2018-07-09,9395.0,9419.849609375,9350.0,9374.900390625,331872.0,0,9,7,10947.25,69.849609375
2018-07-10,9380.0,9545.900390625,9380.0,9531.0,485745.0,1,10,7,10948.2998046875,165.900390625
2018-07-11,9529.0,9529.349609375,9361.0,9384.7001953125,328446.0,2,11,7,11023.2001953125,168.349609375
2018-07-12,9448.0,9508.0,9325.25,9347.0,336960.0,3,12,7,11018.900390625,182.75
2018-07-13,9408.0,9495.0,9362.25,9431.0498046875,511150.0,4,13,7,10936.849609375,132.75
2018-07-16,9429.0,9498.900390625,9355.0,9385.2998046875,216426.0,0,16,7,11008.0498046875,143.900390625
2018-07-17,9351.150390625,9479.7001953125,9347.0,9445.400390625,457123.0,1,17,7,10980.4501953125,132.7001953125
2018-07-18,9482.2998046875,9534.0,9296.900390625,9366.7998046875,430624.0,2,18,7,10957.099609375,237.099609375
2018-07-19,9408.0,9434.0,9350.0,9389.099609375,199983.0,3,19,7,11010.2001953125,84.0
2018-07-20,9392.0,9464.0,9335.0,9398.9501953125,272916.0,4,20,7,11084.75,129.0
2018-07-23,9448.0,9750.0,9372.0,9701.0,607813.0,0,23,7,11134.2998046875,378.0
2018-07-24,9778.0,9929.0,9725.0,9832.4501953125,749626.0,1,24,7,11132.0,204.0
2018-07-25,9853.0,9875.849609375,9701.0,9758.9501953125,384750.0,2,25,7,11167.2998046875,174.849609375
2018-07-26,9819.7998046875,9831.7001953125,9361.0,9396.25,1261317.0,3,26,7,11278.349609375,470.7001953125
2018-07-27,9402.0,9442.2001953125,9290.0,9310.400390625,672141.0,4,27,7,11319.5498046875,152.2001953125
2018-07-30,9320.0,9404.5,9233.0,9381.900390625,539464.0,0,30,7,11356.5,171.5
2018-07-31,9400.0,9548.849609375,9355.0,9520.5498046875,426388.0,1,31,7,11346.2001953125,193.849609375
2018-08-01,9535.0,9587.75,9300.0,9341.599609375,700719.0,2,1,8,11244.7001953125,287.75
2018-08-02,9327.0,9327.0,9120.0,9142.400390625,875157.0,3,2,8,11360.7998046875,207.0
2018-08-03,9150.0,9230.0,9150.0,9187.0,470958.0,4,3,8,11387.099609375,80.0
2018-08-06,9247.5,9300.0,9200.0,9286.400390625,237693.0,0,6,8,11389.4501953125,100.0
2018-08-07,9316.0,9420.0,9271.0,9411.5,381947.0,1,7,8,11450.0,149.0
2018-08-08,9449.0,9449.0,9183.0498046875,9207.400390625,638498.0,2,8,8,11470.7001953125,265.9501953125
2018-08-09,9239.0,9239.0,9060.0,9146.0498046875,651728.0,3,9,8,11429.5,179.0
2018-08-10,9150.0,9210.0,9105.0,9148.25,427827.0,4,10,8,11355.75,105.0
2018-08-13,9119.4501953125,9185.0,9012.2001953125,9080.849609375,348201.0,0,13,8,11435.099609375,172.7998046875
2018-08-14,9079.0,9158.7998046875,9046.25,9132.599609375,344056.0,1,14,8,11385.0498046875,112.5498046875
2018-08-16,9124.0,9235.9501953125,9085.0,9200.5498046875,465479.0,3,16,8,11470.75,150.9501953125
2018-08-17,9243.0,9286.5,9130.0,9152.099609375,477538.0,4,17,8,11551.75,156.5
2018-08-20,9170.7001953125,9217.7998046875,9062.0,9074.349609375,449317.0,0,20,8,11570.900390625,155.7998046875
2018-08-21,9110.0,9130.0,9050.400390625,9113.2998046875,380824.0,1,21,8,11582.75,79.599609375
2018-08-23,9145.0,9256.0,9100.099609375,9223.2998046875,751705.0,3,23,8,11557.099609375,155.900390625
2018-08-24,9240.0,9279.900390625,9142.099609375,9163.7998046875,401110.0,4,24,8,11691.9501953125,137.80078125
2018-08-27,9209.0,9274.0,9200.0,9245.25,326945.0,0,27,8,11738.5,74.0
2018-08-28,9277.5498046875,9446.5,9215.0,9427.9501953125,684054.0,1,28,8,11691.900390625,231.5
2018-08-29,9421.0,9468.2998046875,9339.650390625,9368.099609375,433440.0,2,29,8,11676.7998046875,128.6494140625
2018-08-30,9370.0,9370.0,9182.650390625,9205.7998046875,674292.0,3,30,8,11680.5,187.349609375
2018-08-31,9208.0,9255.0,9080.2998046875,9096.400390625,634522.0,4,31,8,11582.349609375,174.7001953125
2018-09-03,9100.0,9118.9501953125,8875.0,8902.150390625,992161.0,0,3,9,11520.2998046875,243.9501953125
2018-09-04,8912.0,8999.0,8835.4501953125,8868.5,530967.0,1,4,9,11476.9501953125,163.5498046875
2018-09-05,8871.0,8950.0,8790.599609375,8896.099609375,491163.0,2,5,9,11536.900390625,159.400390625
2018-09-06,8967.7001953125,8967.7001953125,8741.0,8759.849609375,687535.0,3,6,9,11589.099609375,226.7001953125
2018-09-07,8775.0,8789.0,8634.25,8719.2001953125,636918.0,4,7,9,11438.099609375,154.75
2018-09-10,8700.0,8750.0,8625.0,8639.400390625,577299.0,0,10,9,11287.5,125.0
2018-09-11,8668.0,8699.900390625,8479.599609375,8517.0498046875,552622.0,1,11,9,11369.900390625,220.30078125
2018-09-12,8539.0,8539.0,8401.0,8493.9501953125,634678.0,2,12,9,11515.2001953125,138.0
2018-09-14,8593.0,8700.0,8580.349609375,8626.7001953125,754169.0,4,14,9,11377.75,119.650390625
2018-09-17,8587.0,8659.7001953125,8517.0,8537.7998046875,422191.0,0,17,9,11278.900390625,142.7001953125
2018-09-18,8537.7001953125,8596.5,8380.2001953125,8399.150390625,507455.0,1,18,9,11234.349609375,216.2998046875
2018-09-19,8425.5,8448.400390625,8191.0498046875,8210.349609375,959340.0,2,19,9,11143.099609375,257.3505859375
2018-09-21,8260.0,8325.0,7599.64990234375,8040.14990234375,1646047.0,4,21,9,10967.400390625,725.35009765625
2018-09-24,8070.0,8070.0,7590.7001953125,7793.0498046875,1801469.0,0,24,9,11067.4501953125,479.2998046875
2018-09-25,7750.0,8018.25,7680.0,7999.4501953125,1159438.0,1,25,9,11053.7998046875,338.25
2018-09-26,8075.0,8089.89990234375,7822.5498046875,7842.5498046875,754963.0,2,26,9,10977.5498046875,267.35009765625
2018-09-27,7850.0,7878.0,7510.2001953125,7553.0498046875,1594739.0,3,27,9,10930.4501953125,367.7998046875
2018-09-28,7620.0,7648.2001953125,7292.64990234375,7347.9501953125,1413254.0,4,28,9,11008.2998046875,355.55029296875
2018-10-01,7354.0,7485.0,7206.0,7463.9501953125,1034603.0,0,1,10,10858.25,279.0
2018-10-03,7400.0,7410.7001953125,7211.0,7246.0,1148091.0,2,3,10,10599.25,199.7001953125
2018-10-04,7150.0,7288.0,7021.0,7198.75,1104174.0,3,4,10,10316.4501953125,267.0
2018-10-05,7054.7998046875,7220.0,6801.85009765625,6904.35009765625,1481376.0,4,5,10,10348.0498046875,418.14990234375
2018-10-08,6915.0,6989.0,6774.25,6889.75,1393849.0,0,8,10,10301.0498046875,214.75
2018-10-09,6819.75,6940.0,6661.0,6699.4501953125,1079041.0,1,9,10,10460.099609375,279.0
2018-10-10,6748.0,7050.0,6723.25,6985.85009765625,1162309.0,2,10,10,10234.650390625,326.75
2018-10-11,6800.0,6950.0,6705.2001953125,6875.5,869569.0,3,11,10,10472.5,244.7998046875
2018-10-12,6950.0,7326.0,6950.0,7287.2001953125,1053651.0,4,12,10,10512.5,376.0
2018-10-15,7320.0,7340.0,7126.0498046875,7182.0,682234.0,0,15,10,10584.75,213.9501953125
2018-10-16,7214.0,7278.0,7123.7998046875,7150.89990234375,637012.0,1,16,10,10453.0498046875,154.2001953125
2018-10-17,7237.64990234375,7245.0,6853.4501953125,6885.60009765625,1021019.0,2,17,10,10303.5498046875,391.5498046875
2018-10-19,6830.0,6965.0,6715.5,6756.4501953125,903940.0,4,19,10,10245.25,249.5
2018-10-22,6818.0,6905.0,6722.0498046875,6812.2001953125,774016.0,0,22,10,10146.7998046875,182.9501953125
2018-10-23,6779.0,6857.0,6666.0,6771.2998046875,734440.0,1,23,10,10224.75,191.0
2018-10-24,6850.0,6885.0,6690.0,6768.2998046875,681526.0,2,24,10,10124.900390625,195.0
2018-10-25,6700.0,6853.7001953125,6620.2001953125,6723.2001953125,2101936.0,3,25,10,10030.0,233.5
2018-10-26,6750.0,6795.0,6500.0,6717.2998046875,874526.0,4,26,10,10250.849609375,295.0
2018-10-29,6722.0,6810.0,6691.0498046875,6798.7001953125,505428.0,0,29,10,10198.400390625,118.9501953125
2018-10-30,6798.0,6868.9501953125,6675.2001953125,6697.0,771389.0,1,30,10,10386.599609375,193.75
2018-10-31,6760.0,6760.0,6500.0,6616.39990234375,1315746.0,2,31,10,10380.4501953125,260.0
2018-11-01,6648.9501953125,6739.9501953125,6600.0,6711.75,842039.0,3,1,11,10553.0,139.9501953125
2018-11-02,6769.7998046875,7159.0,6750.0498046875,7135.4501953125,1834118.0,4,2,11,10524.0,408.9501953125
2018-11-05,7138.0,7254.7001953125,7060.0498046875,7177.25,1040315.0,0,5,11,10530.0,194.650390625
2018-11-06,7195.0,7238.0,7050.0,7075.0,667413.0,1,6,11,10598.400390625,188.0
2018-11-07,7140.0,7143.0,7090.0,7127.89990234375,127507.0,2,7,11,10585.2001953125,53.0
2018-11-09,7130.0,7315.0,7040.85009765625,7283.5,986090.0,4,9,11,10482.2001953125,274.14990234375
2018-11-12,7300.0,7352.5,7052.0,7087.7998046875,687443.0,0,12,11,10582.5,300.5
2018-11-13,7049.9501953125,7168.75,7021.0,7150.4501953125,572295.0,1,13,11,10576.2998046875,147.75
2018-11-14,7180.10009765625,7409.0,7180.10009765625,7369.0498046875,1112945.0,2,14,11,10616.7001953125,228.89990234375
2018-11-15,7378.89990234375,7515.10009765625,7333.5498046875,7478.2998046875,1048278.0,3,15,11,10682.2001953125,181.55029296875
2018-11-16,7500.0,7544.0498046875,7302.5498046875,7341.2001953125,806420.0,4,16,11,10763.400390625,241.5
2018-11-19,7360.0,7449.0,7290.0,7411.64990234375,577408.0,0,19,11,10656.2001953125,159.0
2018-11-20,7411.64990234375,7444.5,7311.64990234375,7333.9501953125,637243.0,1,20,11,10600.0498046875,132.85009765625
2018-11-21,7340.0,7466.0,7331.5,7424.5,701156.0,2,21,11,10526.75,134.5
2018-11-22,7393.9501953125,7480.0,7361.2001953125,7411.10009765625,668352.0,3,22,11,10628.599609375,118.7998046875
2018-11-26,7425.0,7577.75,7387.2998046875,7554.7001953125,899481.0,0,26,11,10685.599609375,190.4501953125
2018-11-27,7570.0,7657.7998046875,7500.75,7647.60009765625,783389.0,1,27,11,10728.849609375,157.0498046875
2018-11-28,7658.0,7680.5,7549.60009765625,7574.2001953125,686734.0,2,28,11,10858.7001953125,130.89990234375
2018-11-29,7613.0,7642.0,7531.0,7546.75,725583.0,3,29,11,10876.75,111.0
2018-11-30,7574.0,7727.0,7570.0498046875,7661.60009765625,869715.0,4,30,11,10883.75,156.9501953125
2018-12-03,7688.5,7800.0,7630.10009765625,7779.9501953125,772869.0,0,3,12,10869.5,169.89990234375
2018-12-04,7780.0,7784.9501953125,7701.0,7721.64990234375,551195.0,1,4,12,10782.900390625,83.9501953125
2018-12-05,7696.7001953125,7739.89990234375,7520.0,7554.0498046875,704296.0,2,5,12,10601.150390625,219.89990234375
2018-12-06,7450.0498046875,7486.2998046875,7180.0,7209.7001953125,1339030.0,3,6,12,10693.7001953125,306.2998046875
2018-12-07,7244.0,7349.9501953125,7201.0,7313.9501953125,688881.0,4,7,12,10488.4501953125,148.9501953125
2018-12-10,7200.0,7395.0,7170.0,7350.5,785024.0,0,10,12,10549.150390625,225.0
2018-12-11,7240.5,7346.0,7215.5498046875,7305.35009765625,843166.0,1,11,12,10737.599609375,130.4501953125
2018-12-12,7340.0,7507.2998046875,7295.0,7471.85009765625,643037.0,2,12,12,10791.5498046875,212.2998046875
2018-12-13,7477.5,7700.0,7477.5,7670.5,881204.0,3,13,12,10805.4501953125,222.5
2018-12-14,7684.0,7690.0,7545.9501953125,7662.14990234375,676653.0,4,14,12,10888.349609375,144.0498046875
2018-12-17,7691.89990234375,7800.0,7650.0,7734.0498046875,712296.0,0,17,12,10908.7001953125,150.0
2018-12-18,7710.0,7785.0,7655.0,7772.35009765625,658919.0,1,18,12,10967.2998046875,130.0
2018-12-19,7781.0,7949.75,7781.0,7936.0,856358.0,2,19,12,10951.7001953125,168.75
2018-12-20,7850.0,7919.0,7763.64990234375,7807.0498046875,824303.0,3,20,12,10754.0,155.35009765625
2018-12-21,7830.0,7835.0,7515.0,7536.2998046875,1257227.0,4,21,12,10663.5,320.0
2018-12-24,7560.0,7595.64990234375,7470.0,7529.14990234375,611297.0,0,24,12,10729.849609375,125.64990234375
2018-12-26,7488.0,7600.0,7402.0,7569.10009765625,594156.0,2,26,12,10779.7998046875,198.0
2018-12-27,7649.0,7668.85009765625,7479.2998046875,7499.9501953125,704523.0,3,27,12,10859.900390625,189.55029296875
2018-12-28,7548.0,7580.0,7490.0,7505.5498046875,616845.0,4,28,12,10862.5498046875,90.0
2019-01-01,7449.75,7494.0,7395.0,7476.7998046875,625360.0,1,1,1,10792.5,99.0
2019-01-02,7445.0,7460.0,7244.0,7267.85009765625,891844.0,2,2,1,10672.25,216.0
2019-01-03,7280.0,7350.0,7185.60009765625,7203.9501953125,715168.0,3,3,1,10727.349609375,164.39990234375
2019-01-04,7239.0,7309.0,7161.2001953125,7234.5,774445.0,4,4,1,10771.7998046875,147.7998046875
2019-01-07,7310.0,7407.0,7300.0,7362.0498046875,687845.0,0,7,1,10802.150390625,107.0
2019-01-08,7380.0,7454.7998046875,7322.10009765625,7439.5,516841.0,1,8,1,10855.150390625,132.69970703125
2019-01-09,7460.5,7529.0,7414.0,7492.89990234375,740580.0,2,9,1,10821.599609375,115.0
2019-01-10,7500.0,7511.0,7360.14990234375,7391.60009765625,452699.0,3,10,1,10794.9501953125,150.85009765625
2019-01-11,7382.7001953125,7400.0,7282.0,7320.5,488399.0,4,11,1,10737.599609375,118.0
2019-01-14,7330.0,7433.35009765625,7257.0,7408.7001953125,424152.0,0,14,1,10886.7998046875,176.35009765625
2019-01-15,7430.0,7470.0,7317.0,7355.14990234375,491196.0,1,15,1,10890.2998046875,153.0
2019-01-16,7349.5,7384.0,7291.10009765625,7310.25,424769.0,2,16,1,10905.2001953125,92.89990234375
2019-01-17,7339.0,7398.9501953125,7307.5,7336.25,462725.0,3,17,1,10906.9501953125,91.4501953125
2019-01-18,7345.0,7379.9501953125,7318.0,7357.9501953125,334555.0,4,18,1,10961.849609375,61.9501953125
2019-01-21,7358.0,7380.0,7161.0,7208.39990234375,654537.0,0,21,1,10922.75,219.0
2019-01-22,7180.0,7180.0,7054.5,7068.85009765625,896521.0,1,22,1,10831.5,125.5
2019-01-23,7050.0,7132.25,7025.0,7045.39990234375,702474.0,2,23,1,10849.7998046875,107.25
2019-01-24,7059.89990234375,7098.0,7014.39990234375,7040.60009765625,520703.0,3,24,1,10780.5498046875,83.60009765625
2019-01-25,7054.0,7133.0,6410.0,6513.39990234375,3062762.0,4,25,1,10661.5498046875,723.0
2019-01-28,6512.5,6610.0,6317.7001953125,6511.0498046875,2398091.0,0,28,1,10652.2001953125,292.2998046875
2019-01-29,6480.0,6619.14990234375,6447.39990234375,6526.9501953125,1101399.0,1,29,1,10651.7998046875,171.75
2019-01-30,6559.0,6588.0,6508.0,6548.25,583773.0,2,30,1,10830.9501953125,80.0
2019-01-31,6575.0,6660.0498046875,6460.0498046875,6641.14990234375,926270.0,3,31,1,10893.650390625,200.0
2019-02-01,6679.0,7204.0,6652.5498046875,6962.2998046875,2545419.0,4,1,2,10912.25,551.4501953125
2019-02-04,6975.0,7039.0,6851.64990234375,6988.2001953125,658776.0,0,4,2,10934.349609375,187.35009765625
2019-02-05,6995.0,7125.0,6985.39990234375,7093.60009765625,681498.0,1,5,2,11062.4501953125,139.60009765625
2019-02-06,7120.0,7220.0,7067.0,7183.39990234375,567827.0,2,6,2,11069.400390625,153.0
2019-02-07,7201.0,7320.0,7185.10009765625,7302.5498046875,690174.0,3,7,2,10943.599609375,134.89990234375
2019-02-08,7270.0,7300.0,7100.0,7134.25,576159.0,4,8,2,10888.7998046875,200.0
2019-02-11,7150.0,7209.9501953125,7051.10009765625,7177.89990234375,502244.0,0,11,2,10831.400390625,158.85009765625
2019-02-12,7193.0,7230.0,7127.9501953125,7162.5,494592.0,1,12,2,10746.0498046875,102.0498046875
2019-02-14,7036.7001953125,7111.2001953125,6990.0,7017.5,622311.0,3,14,2,10724.400390625,121.2001953125
2019-02-15,7027.39990234375,7058.7001953125,6900.0,6930.0498046875,768798.0,4,15,2,10640.9501953125,158.7001953125
2019-02-18,6964.7001953125,6997.7998046875,6817.0,6842.7001953125,509963.0,0,18,2,10604.349609375,180.7998046875
2019-02-19,6855.0,6915.89990234375,6771.0,6804.5498046875,493861.0,1,19,2,10735.4501953125,144.89990234375
2019-02-20,6842.0,6888.0,6804.39990234375,6849.89990234375,534284.0,2,20,2,10789.849609375,83.60009765625
2019-02-21,6868.9501953125,6879.64990234375,6715.0,6801.5498046875,722938.0,3,21,2,10791.650390625,164.64990234375
2019-02-22,6827.0,6939.0,6819.0498046875,6912.39990234375,764535.0,4,22,2,10880.099609375,119.9501953125
2019-02-25,6948.0,6984.89990234375,6870.0498046875,6924.89990234375,495728.0,0,25,2,10835.2998046875,114.85009765625
2019-02-26,6885.0,6975.0,6812.60009765625,6904.2998046875,673415.0,1,26,2,10806.650390625,162.39990234375
2019-02-27,6943.0,7048.0,6853.2001953125,6968.5,961829.0,2,27,2,10792.5,194.7998046875
2019-02-28,7010.0,7040.0,6801.0,6829.7001953125,1031563.0,3,28,2,10863.5,239.0
2019-03-01,6876.7998046875,6950.0,6827.25,6935.14990234375,768822.0,4,1,3,10987.4501953125,122.75
2019-03-05,6950.0,7158.14990234375,6894.4501953125,7117.75,838538.0,1,5,3,11053.0,263.69970703125
2019-03-06,7137.85009765625,7144.89990234375,7010.0,7056.89990234375,557197.0,2,6,3,11058.2001953125,134.89990234375
2019-03-07,7078.0,7092.5,7002.0,7029.0498046875,396771.0,3,7,3,11035.400390625,90.5
2019-03-08,6975.0,7025.0,6951.0,6967.7001953125,486432.0,4,8,3,11168.0498046875,74.0
2019-03-11,6980.0,7121.60009765625,6975.0,7081.89990234375,720905.0,0,11,3,11301.2001953125,146.60009765625
2019-03-12,7097.0,7232.0,7096.0,7157.2001953125,828847.0,1,12,3,11341.7001953125,136.0
2019-03-13,7177.0,7202.9501953125,7050.0,7091.0498046875,534982.0,2,13,3,11343.25,152.9501953125
2019-03-14,7103.0,7148.0,7047.25,7086.2998046875,584482.0,3,14,3,11426.849609375,100.75
2019-03-15,7109.0,7157.0,7060.0,7084.0,861945.0,4,15,3,11462.2001953125,97.0
2019-03-18,7077.4501953125,7077.4501953125,6776.60009765625,6894.0,1336134.0,0,18,3,11532.400390625,300.85009765625
2019-03-19,6900.0,6901.9501953125,6809.25,6825.2001953125,816763.0,1,19,3,11521.0498046875,92.7001953125
2019-03-20,6860.0,6860.0,6650.0,6673.5498046875,1017560.0,2,20,3,11456.900390625,210.0
2019-03-22,6567.0,6716.2998046875,6532.35009765625,6552.7001953125,1715983.0,4,22,3,11354.25,183.94970703125
2019-03-25,6515.0,6621.0,6491.2001953125,6522.60009765625,1093184.0,0,25,3,11483.25,129.7998046875
2019-03-26,6558.0,6600.0,6480.0,6585.7001953125,909087.0,1,26,3,11445.0498046875,120.0
2019-03-27,6628.0,6640.0,6500.0,6518.0,887601.0,2,27,3,11570.0,140.0
2019-03-28,6535.0,6625.0,6501.2001953125,6596.25,949713.0,3,28,3,11669.150390625,123.7998046875
2019-04-01,6730.7998046875,6870.0,6700.0,6840.7001953125,1142386.0,0,1,4,11713.2001953125,170.0
2019-04-02,6859.4501953125,6900.7001953125,6785.5,6889.7001953125,866805.0,1,2,4,11643.9501953125,115.2001953125
2019-04-03,6896.0,7098.0,6896.0,7072.89990234375,1491021.0,2,3,4,11598.0,202.0
2019-04-04,7120.0,7170.0,7061.64990234375,7113.10009765625,1388375.0,3,4,4,11665.9501953125,108.35009765625
2019-04-05,7095.0,7143.9501953125,7050.0,7107.7001953125,729603.0,4,5,4,11604.5,93.9501953125
2019-04-08,7107.0,7150.0,7044.7001953125,7129.4501953125,498374.0,0,8,4,11671.9501953125,105.2998046875
2019-04-09,7134.0,7235.0,7080.0,7216.5498046875,741669.0,1,9,4,11584.2998046875,155.0
2019-04-10,7218.9501953125,7218.9501953125,7144.60009765625,7186.35009765625,590107.0,2,10,4,11596.7001953125,74.35009765625
2019-04-11,7186.9501953125,7220.0,7150.0,7187.85009765625,609539.0,3,11,4,11643.4501953125,70.0
2019-04-12,7188.89990234375,7357.0,7161.0498046875,7342.85009765625,929935.0,4,12,4,11690.349609375,195.9501953125
2019-04-15,7351.0498046875,7389.9501953125,7295.0,7352.5,585205.0,0,15,4,11787.150390625,94.9501953125
2019-04-16,7369.89990234375,7475.0,7350.0,7458.5498046875,707823.0,1,16,4,11752.7998046875,125.0
2019-04-18,7533.10009765625,7539.35009765625,7434.0498046875,7447.4501953125,713163.0,3,18,4,11594.4501953125,105.30029296875
2019-04-22,7422.0,7424.89990234375,7300.0,7321.25,479609.0,0,22,4,11575.9501953125,124.89990234375
2019-04-23,7327.0,7388.89990234375,7006.0,7048.89990234375,952628.0,1,23,4,11726.150390625,382.89990234375
2019-04-24,7065.0,7101.9501953125,6910.0,7016.7001953125,1063510.0,2,24,4,11641.7998046875,191.9501953125
2019-04-25,7014.75,7144.9501953125,6865.0,6905.25,3075510.0,3,25,4,11754.650390625,279.9501953125
2019-04-26,6805.0,6886.85009765625,6750.0,6842.85009765625,1999920.0,4,26,4,11748.150390625,136.85009765625
2019-04-30,6700.0,6750.0,6630.0,6666.39990234375,1640025.0,1,30,4,11724.75,120.0
2019-05-02,6550.0,6709.9501953125,6525.0,6683.25,1337101.0,3,2,5,11712.25,184.9501953125
2019-05-03,6675.0,6780.0,6675.0,6710.0,795679.0,4,3,5,11598.25,105.0
2019-05-06,6659.0,6732.0,6639.2998046875,6709.64990234375,480317.0,0,6,5,11497.900390625,92.7001953125
2019-05-07,6744.89990234375,6785.25,6680.0,6702.0,586684.0,1,7,5,11359.4501953125,105.25
2019-05-08,6679.0,6693.0,6616.0,6650.14990234375,552749.0,2,8,5,11301.7998046875,77.0
2019-05-09,6637.0,6678.0,6600.0,6624.9501953125,570000.0,3,9,5,11278.900390625,78.0
2019-05-10,6623.0,6664.89990234375,6575.0,6631.60009765625,608669.0,4,10,5,11148.2001953125,89.89990234375
2019-05-13,6626.0,6659.2998046875,6500.0,6543.75,555672.0,0,13,5,11222.0498046875,159.2998046875
2019-05-14,6511.0,6612.0,6450.0,6576.2001953125,843313.0,1,14,5,11157.0,162.0
2019-05-15,6590.0,6640.0,6463.2998046875,6493.75,612357.0,2,15,5,11257.099609375,176.7001953125
2019-05-16,6506.0,6527.2998046875,6441.39990234375,6479.64990234375,555991.0,3,16,5,11407.150390625,85.89990234375
2019-05-17,6497.0,6790.0,6485.0,6706.85009765625,782196.0,4,17,5,11828.25,305.0
2019-05-20,6875.0,7150.0,6860.0,7084.60009765625,1286198.0,0,20,5,11709.099609375,290.0
2019-05-21,7105.0,7137.75,6818.0,6875.35009765625,973836.0,1,21,5,11737.900390625,319.75
2019-05-22,6877.2001953125,6930.5498046875,6841.0,6899.7998046875,645280.0,2,22,5,11657.0498046875,89.5498046875
2019-05-23,6996.0,7049.10009765625,6830.0,6929.25,1364516.0,3,23,5,11844.099609375,219.10009765625
2019-05-24,6964.9501953125,7120.0,6886.75,7093.14990234375,1002742.0,4,24,5,11924.75,233.25
2019-05-27,7095.0,7193.89990234375,6900.0498046875,7068.4501953125,1022289.0,0,27,5,11928.75,293.85009765625
2019-05-28,7067.0,7130.0,7031.5,7054.64990234375,915732.0,1,28,5,11861.099609375,98.5
2019-05-29,7001.0,7009.0,6870.0,6891.4501953125,768022.0,2,29,5,11945.900390625,139.0
2019-05-30,6890.0,6921.0,6825.0,6867.7001953125,850456.0,3,30,5,11922.7998046875,96.0
2019-05-31,6891.0,6961.2998046875,6825.0,6869.85009765625,1084204.0,4,31,5,12088.5498046875,136.2998046875
2019-06-03,6760.0,7055.0,6760.0,7022.89990234375,1157809.0,0,3,6,12021.650390625,295.0
2019-06-04,7000.0,7099.0,6971.75,7051.7998046875,575281.0,1,4,6,11843.75,127.25
2019-06-06,7060.2001953125,7099.0,6928.0,6988.7001953125,720856.0,3,6,6,11870.650390625,171.0
2019-06-07,6990.0,6990.0,6862.64990234375,6948.25,470376.0,4,7,6,11922.7001953125,127.35009765625
2019-06-10,6980.0,7043.2998046875,6922.0,6969.9501953125,395116.0,0,10,6,11965.599609375,121.2998046875
2019-06-11,6989.9501953125,7018.2001953125,6930.0,6978.2998046875,387309.0,1,11,6,11906.2001953125,88.2001953125
2019-06-12,6963.7998046875,6967.9501953125,6825.0498046875,6852.0,494886.0,2,12,6,11914.0498046875,142.900390625
2019-06-13,6843.0,6863.7001953125,6766.2998046875,6784.7001953125,561159.0,3,13,6,11823.2998046875,97.400390625
2019-06-14,6775.0,6839.0,6727.35009765625,6747.39990234375,449930.0,4,14,6,11672.150390625,111.64990234375
2019-06-17,6749.39990234375,6768.0498046875,6560.5,6581.64990234375,567397.0,0,17,6,11691.5,207.5498046875
2019-06-18,6604.5,6649.0,6390.0,6439.0,1048826.0,1,18,6,11691.4501953125,259.0
2019-06-19,6485.0,6560.64990234375,6380.0,6424.64990234375,715496.0,2,19,6,11831.75,180.64990234375
2019-06-20,6390.0,6649.0,6340.25,6616.75,992450.0,3,20,6,11724.099609375,308.75
2019-06-21,6549.0,6549.0,6370.2001953125,6417.25,1345890.0,4,21,6,11699.650390625,178.7998046875
2019-06-24,6411.0,6497.10009765625,6322.85009765625,6459.89990234375,911826.0,0,24,6,11796.4501953125,174.25
2019-06-25,6459.0,6540.0,6427.35009765625,6522.5,580392.0,1,25,6,11847.5498046875,112.64990234375
2019-06-26,6519.0,6557.7998046875,6460.10009765625,6480.2998046875,572239.0,2,26,6,11841.5498046875,97.69970703125
2019-06-27,6496.2001953125,6575.0,6475.0,6486.7001953125,1022011.0,3,27,6,11788.849609375,100.0
2019-06-28,6500.0,6550.0,6475.0,6534.64990234375,618701.0,4,28,6,11865.599609375,75.0
2019-07-01,6600.0,6618.0,6490.0,6507.85009765625,754667.0,0,1,7,11910.2998046875,128.0
2019-07-02,6510.0498046875,6588.7998046875,6482.0,6560.0,518084.0,1,2,7,11916.75,106.7998046875
2019-07-03,6582.0,6590.0,6515.0498046875,6533.7998046875,517709.0,2,3,7,11946.75,74.9501953125
2019-07-04,6540.0,6588.0,6510.2001953125,6544.4501953125,576449.0,3,4,7,11811.150390625,77.7998046875
2019-07-05,6547.2001953125,6579.0,6300.0,6360.0,866460.0,4,5,7,11558.599609375,279.0
2019-07-08,6280.10009765625,6283.14990234375,5985.64990234375,6038.7001953125,1927495.0,0,8,7,11555.900390625,297.5
2019-07-09,6060.0,6070.0,5910.0,5945.4501953125,1337999.0,1,9,7,11498.900390625,160.0
2019-07-10,5959.0,5995.0,5900.0,5927.89990234375,809385.0,2,10,7,11582.900390625,95.0
2019-07-11,5974.0,6050.0,5930.0,6031.2001953125,779113.0,3,11,7,11552.5,120.0
2019-07-12,6017.7001953125,6090.0,5951.9501953125,5971.4501953125,719883.0,4,12,7,11588.349609375,138.0498046875
2019-07-15,5980.0,6096.0,5955.0,6079.7001953125,675004.0,0,15,7,11662.599609375,141.0
2019-07-16,6079.9501953125,6172.0,6056.0,6158.0498046875,627259.0,1,16,7,11687.5,116.0
2019-07-17,6168.0,6174.0,6050.0,6075.7001953125,598778.0,2,17,7,11596.900390625,124.0
2019-07-18,6054.39990234375,6055.7001953125,5857.5,5882.35009765625,1097857.0,3,18,7,11419.25,198.2001953125
2019-07-19,5885.0,5910.9501953125,5710.10009765625,5769.10009765625,1228672.0,4,19,7,11346.2001953125,200.85009765625
2019-07-22,5780.0,5940.0,5745.0498046875,5912.5,897510.0,0,22,7,11331.0498046875,194.9501953125
2019-07-23,5910.0,5972.39990234375,5820.2001953125,5873.75,841517.0,1,23,7,11271.2998046875,152.19970703125
2019-07-24,5865.0,5865.0,5725.2998046875,5768.0,800687.0,2,24,7,11252.150390625,139.7001953125
2019-07-25,5789.10009765625,5844.9501953125,5701.0498046875,5756.75,990461.0,3,25,7,11284.2998046875,143.900390625
2019-07-26,5728.0,5955.0,5683.89990234375,5805.64990234375,2346714.0,4,26,7,11189.2001953125,271.10009765625
2019-07-29,5770.0,5770.0,5540.0,5561.25,1548125.0,0,29,7,11085.400390625,230.0
2019-07-30,5562.0,5644.85009765625,5492.0,5507.14990234375,1189163.0,1,30,7,11118.0,152.85009765625
2019-07-31,5525.7998046875,5582.2998046875,5446.0498046875,5469.7001953125,1053202.0,2,31,7,10980.0,136.25
2019-08-01,5469.7001953125,5615.0,5450.0,5572.60009765625,1134178.0,3,1,8,10997.349609375,165.0
2019-08-02,5539.60009765625,5724.0,5485.0,5689.35009765625,1391678.0,4,2,8,10862.599609375,239.0
2019-08-05,5600.0,5695.0,5452.0,5670.35009765625,1122496.0,0,5,8,10948.25,243.0
2019-08-06,5640.0,5849.0,5640.0,5833.2998046875,1125521.0,1,6,8,10855.5,209.0
2019-08-07,5833.9501953125,5867.0,5735.7001953125,5775.0,955090.0,2,7,8,11032.4501953125,131.2998046875
2019-08-08,5725.0,5947.0,5725.0,5902.25,831725.0,3,8,8,11109.650390625,222.0
2019-08-09,5937.64990234375,6155.0,5927.2001953125,6099.89990234375,1445079.0,4,9,8,10925.849609375,227.7998046875
2019-08-13,6099.7001953125,6123.0,5791.5498046875,5815.4501953125,909354.0,1,13,8,11029.400390625,331.4501953125
2019-08-14,5792.0,5933.39990234375,5710.0,5816.0,1030939.0,2,14,8,11047.7998046875,223.39990234375
2019-08-16,5805.0,5995.0,5590.0,5975.0498046875,1207075.0,4,16,8,11053.900390625,405.0
2019-08-19,5999.0,6024.39990234375,5911.60009765625,5982.5498046875,902389.0,0,19,8,11017.0,112.7998046875
2019-08-20,6003.0,6233.0,5959.0498046875,6190.9501953125,2198337.0,1,20,8,10918.7001953125,273.9501953125
2019-08-21,6223.0,6276.0,6141.0,6228.89990234375,2128640.0,2,21,8,10741.349609375,135.0
2019-08-22,6200.0,6298.5,6168.0,6208.5498046875,1551394.0,3,22,8,10829.349609375,130.5
2019-08-23,6160.0,6279.60009765625,6040.0,6254.35009765625,1232405.0,4,23,8,11057.849609375,239.60009765625
2019-08-26,6460.0,6466.7001953125,6116.14990234375,6255.5498046875,1552155.0,0,26,8,11105.349609375,350.55029296875
2019-08-27,6297.5,6340.0,6256.0,6277.75,1078065.0,1,27,8,11046.099609375,84.0
2019-08-28,6248.0,6248.0,6070.0,6103.39990234375,1242304.0,2,28,8,10948.2998046875,178.0
2019-08-29,6103.39990234375,6198.0,6065.0,6110.2001953125,1006756.0,3,29,8,11023.25,133.0
2019-08-30,6144.0,6159.25,6052.89990234375,6123.75,794518.0,4,30,8,10797.900390625,106.35009765625
2019-09-03,6035.0,6130.0,6002.25,6049.7001953125,1173373.0,1,3,9,10844.650390625,127.75
2019-09-04,6062.0,6076.2001953125,5800.0,5830.75,1964992.0,2,4,9,10847.900390625,276.2001953125
2019-09-05,5805.0,5998.0,5791.25,5968.64990234375,1149196.0,3,5,9,10946.2001953125,206.75
2019-09-06,5997.7001953125,6220.0,5962.10009765625,6186.9501953125,1524051.0,4,6,9,11003.0498046875,257.89990234375
2019-09-09,6085.0,6366.9501953125,6040.0,6335.5,2061193.0,0,9,9,11035.7001953125,326.9501953125
2019-09-11,6330.0,6630.0,6285.10009765625,6597.2998046875,2492039.0,2,11,9,10982.7998046875,344.89990234375
2019-09-12,6565.0,6640.0,6370.0,6392.0498046875,1892862.0,3,12,9,11075.900390625,270.0
2019-09-13,6434.0,6512.7998046875,6340.0,6450.2998046875,1929801.0,4,13,9,11003.5,172.7998046875
2019-09-16,6349.89990234375,6489.0,6340.10009765625,6412.75,1377371.0,0,16,9,10817.599609375,148.89990234375
2019-09-17,6410.0,6445.85009765625,6110.0,6130.39990234375,1706567.0,1,17,9,10840.650390625,335.85009765625
2019-09-18,6165.0,6211.7998046875,5986.60009765625,6095.0498046875,1955137.0,2,18,9,10704.7998046875,225.19970703125
2019-09-19,6139.0,6175.0,5942.39990234375,5971.75,1721431.0,3,19,9,11274.2001953125,232.60009765625
2019-09-20,6015.0,6949.7998046875,5982.4501953125,6591.9501953125,4892962.0,4,20,9,11600.2001953125,967.349609375
2019-09-23,6676.10009765625,7000.0,6676.10009765625,6897.85009765625,3140286.0,0,23,9,11588.2001953125,323.89990234375
2019-09-24,6935.0,7177.89990234375,6855.0,7009.10009765625,2354230.0,1,24,9,11440.2001953125,322.89990234375
2019-09-25,7000.0,7000.0,6602.0,6638.5,2296343.0,2,25,9,11571.2001953125,398.0
2019-09-26,6700.0,6899.89990234375,6681.0498046875,6857.4501953125,1893865.0,3,26,9,11512.400390625,218.85009765625
2019-09-27,6860.0,6915.0,6735.0,6773.7001953125,1457894.0,4,27,9,11474.4501953125,180.0
2019-09-30,6773.0,6809.60009765625,6640.0,6715.7998046875,1264165.0,0,30,9,11359.900390625,169.60009765625
2019-10-01,6720.0,6850.0,6650.0,6782.0,1473158.0,1,1,10,11314.0,200.0
2019-10-03,6786.60009765625,6794.9501953125,6680.0,6754.0498046875,850852.0,3,3,10,11174.75,114.9501953125
2019-10-04,6793.0,6845.89990234375,6618.39990234375,6649.60009765625,1065056.0,4,4,10,11126.400390625,227.5
2019-10-07,6674.7001953125,6699.0,6558.14990234375,6629.85009765625,696713.0,0,7,10,11313.2998046875,140.85009765625
2019-10-09,6628.0,6743.7998046875,6590.0,6719.5498046875,1017731.0,2,9,10,11234.5498046875,153.7998046875
2019-10-10,6700.0,6742.10009765625,6558.25,6605.4501953125,985523.0,3,10,10,11305.0498046875,183.85009765625
2019-10-11,6626.2998046875,6720.0,6626.2998046875,6698.89990234375,835065.0,4,11,10,11341.150390625,93.7001953125
2019-10-14,6697.9501953125,6874.5498046875,6696.0498046875,6821.10009765625,963217.0,0,14,10,11428.2998046875,178.5
2019-10-15,6811.0,7019.0,6809.0,6985.75,1276061.0,1,15,10,11464.0,210.0
2019-10-16,7003.4501953125,7013.89990234375,6895.0,6975.0,876844.0,2,16,10,11586.349609375,118.89990234375
2019-10-17,6977.0,7155.5498046875,6940.0,7123.89990234375,1248295.0,3,17,10,11661.849609375,215.5498046875
2019-10-18,7081.2998046875,7450.0,7061.64990234375,7302.2998046875,1463126.0,4,18,10,11588.349609375,388.35009765625
2019-10-22,7333.0,7392.0,7232.0,7256.25,959552.0,1,22,10,11604.099609375,160.0
2019-10-23,7201.0498046875,7472.0,7200.0,7440.25,1278695.0,2,23,10,11582.599609375,272.0
2019-10-24,7460.0,7475.0,7271.0,7391.39990234375,1658859.0,3,24,10,11583.900390625,204.0
2019-10-29,7416.0,7758.7001953125,7381.85009765625,7721.2998046875,1396732.0,1,29,10,11844.099609375,376.85009765625
2019-10-30,7744.0,7753.64990234375,7539.7001953125,7556.9501953125,1243366.0,2,30,10,11877.4501953125,213.94970703125
2019-10-31,7612.89990234375,7645.0,7502.0,7559.39990234375,1067275.0,3,31,10,11890.599609375,143.0
2019-11-01,7599.9501953125,7649.0,7545.10009765625,7618.64990234375,1151035.0,4,1,11,11941.2998046875,103.89990234375
2019-11-04,7550.0,7625.0,7407.4501953125,7424.0,824953.0,0,4,11,11917.2001953125,217.5498046875
2019-11-05,7429.9501953125,7541.9501953125,7325.0,7389.0,1207089.0,1,5,11,11966.0498046875,216.9501953125
2019-11-06,7395.0,7415.0,7295.0,7311.14990234375,923041.0,2,6,11,12012.0498046875,120.0
2019-11-07,7357.0,7357.0,7241.0,7287.14990234375,877885.0,3,7,11,11908.150390625,116.0
2019-11-08,7286.4501953125,7370.0,7178.0498046875,7200.5498046875,983936.0,4,8,11,11913.4501953125,191.9501953125
2019-11-11,7160.0,7237.4501953125,7074.0,7137.2998046875,864507.0,0,11,11,11840.4501953125,163.4501953125
2019-11-13,7130.0,7169.85009765625,7095.0,7154.60009765625,687017.0,2,13,11,11872.099609375,74.85009765625
2019-11-14,7160.0,7270.0,7160.0,7247.14990234375,802462.0,3,14,11,11895.4501953125,110.0
2019-11-15,7300.0,7359.0,7116.2001953125,7147.2001953125,1049492.0,4,15,11,11884.5,242.7998046875
2019-11-18,7150.0,7177.0,7075.0,7098.4501953125,537228.0,0,18,11,11940.099609375,102.0
2019-11-19,7146.0,7155.0,7032.0,7045.4501953125,755114.0,1,19,11,11999.099609375,123.0
2019-11-20,7120.0,7218.0,7044.0,7152.75,1289948.0,2,20,11,11968.400390625,174.0
2019-11-21,7150.0,7200.0,7004.7998046875,7019.0498046875,763454.0,3,21,11,11914.400390625,195.2001953125
2019-11-22,7034.0,7077.4501953125,7000.0,7060.4501953125,685503.0,4,22,11,12073.75,77.4501953125
2019-11-25,7075.2001953125,7263.5,7040.2998046875,7236.10009765625,952419.0,0,25,11,12037.7001953125,223.2001953125
2019-11-26,7238.0,7274.0,7084.0,7125.0,1249810.0,1,26,11,12100.7001953125,190.0
2019-11-27,7166.60009765625,7300.0,7166.60009765625,7294.39990234375,1070680.0,2,27,11,12151.150390625,133.39990234375
2019-11-28,7299.7998046875,7321.10009765625,7220.9501953125,7261.25,602077.0,3,28,11,12056.0498046875,100.14990234375
2019-11-29,7254.0,7293.85009765625,7132.0,7245.85009765625,792083.0,4,29,11,12048.2001953125,161.85009765625
2019-12-02,7291.0,7294.85009765625,7106.75,7139.35009765625,703838.0,0,2,12,11994.2001953125,188.10009765625
2019-12-03,7142.64990234375,7240.0,7060.0,7138.7998046875,668269.0,1,3,12,12043.2001953125,180.0
2019-12-04,7129.7998046875,7170.0,7052.0,7076.10009765625,737723.0,2,4,12,12018.400390625,118.0
2019-12-05,7090.0,7125.14990234375,6990.5498046875,7012.85009765625,602894.0,3,5,12,11921.5,134.60009765625
2019-12-06,7012.85009765625,7050.0,6864.10009765625,6886.7001953125,770911.0,4,6,12,11937.5,185.89990234375
2019-12-09,7007.0,7108.0,6952.35009765625,6994.75,1479832.0,0,9,12,11856.7998046875,155.64990234375
2019-12-10,7019.0,7048.9501953125,6905.0,6963.64990234375,790378.0,1,10,12,11910.150390625,143.9501953125
2019-12-11,7000.0,7035.0,6955.2001953125,6993.2001953125,603048.0,2,11,12,11971.7998046875,79.7998046875
2019-12-12,7030.39990234375,7045.9501953125,6975.5,6999.7998046875,932863.0,3,12,12,12086.7001953125,70.4501953125
2019-12-13,7043.9501953125,7249.0,7030.14990234375,7214.9501953125,1199360.0,4,13,12,12053.9501953125,218.85009765625
2019-12-16,7240.0,7257.7001953125,7125.0,7140.0498046875,727854.0,0,16,12,12165.0,132.7001953125
2019-12-17,7209.89990234375,7276.5,7166.0,7195.14990234375,939918.0,1,17,12,12221.650390625,110.5
2019-12-18,7220.0,7254.9501953125,7164.0,7240.64990234375,841740.0,2,18,12,12259.7001953125,90.9501953125
2019-12-19,7248.9501953125,7310.0,7166.0,7240.64990234375,1001697.0,3,19,12,12271.7998046875,144.0
2019-12-20,7240.64990234375,7304.35009765625,7227.5,7261.5,679779.0,4,20,12,12262.75,76.85009765625
2019-12-23,7275.0,7378.60009765625,7250.10009765625,7360.89990234375,914067.0,0,23,12,12214.5498046875,128.5
2019-12-24,7397.0,7423.7001953125,7302.0,7327.7998046875,850537.0,1,24,12,12126.5498046875,121.7001953125
2019-12-26,7334.0,7343.4501953125,7222.0,7240.89990234375,556360.0,3,26,12,12245.7998046875,121.4501953125
2019-12-27,7268.0,7368.5,7251.39990234375,7344.89990234375,665383.0,4,27,12,12255.849609375,117.10009765625
2019-12-30,7378.0,7431.9501953125,7341.60009765625,7416.25,739631.0,0,30,12,12168.4501953125,90.35009765625
2019-12-31,7412.5,7412.5,7355.25,7368.60009765625,560622.0,1,31,12,12182.5,57.25
2020-01-01,7377.0,7409.9501953125,7282.0498046875,7311.7001953125,634725.0,2,1,1,12282.2001953125,127.900390625
2020-01-02,7327.60009765625,7368.0,7312.0,7329.85009765625,616838.0,3,2,1,12226.650390625,56.0
2020-01-03,7328.9501953125,7332.0,7226.0,7254.25,571967.0,4,3,1,11993.0498046875,106.0
2020-01-06,7200.0,7210.0,7026.5,7042.39990234375,748516.0,0,6,1,12052.9501953125,183.5
2020-01-07,7100.0,7165.60009765625,7026.39990234375,7073.60009765625,590500.0,1,7,1,12025.349609375,139.2001953125
2020-01-08,7060.0,7116.64990234375,6980.4501953125,7035.2001953125,793313.0,2,8,1,12215.900390625,136.19970703125
2020-01-09,7140.0,7240.0,7102.0,7227.89990234375,798184.0,3,9,1,12256.7998046875,138.0
2020-01-10,7261.39990234375,7349.89990234375,7234.39990234375,7330.5,747847.0,4,10,1,12329.5498046875,115.5
2020-01-13,7332.0,7370.0,7279.7998046875,7352.7001953125,537399.0,0,13,1,12362.2998046875,90.2001953125
2020-01-14,7355.0,7412.39990234375,7325.60009765625,7386.7998046875,548522.0,1,14,1,12343.2998046875,86.7998046875
2020-01-15,7388.9501953125,7505.0,7353.0,7482.9501953125,692726.0,2,15,1,12355.5,152.0
2020-01-16,7456.5,7521.0,7421.2001953125,7462.64990234375,640207.0,3,16,1,12352.349609375,99.7998046875
2020-01-17,7469.0,7569.89990234375,7432.5498046875,7520.14990234375,750738.0,4,17,1,12224.5498046875,137.35009765625
2020-01-20,7521.25,7529.5,7421.0498046875,7449.60009765625,407828.0,0,20,1,12169.849609375,108.4501953125
2020-01-21,7411.5,7434.64990234375,7287.7998046875,7302.64990234375,442561.0,1,21,1,12106.900390625,146.85009765625
2020-01-22,7340.0,7374.9501953125,7107.9501953125,7135.60009765625,1048435.0,2,22,1,12180.349609375,267.0
2020-01-23,7145.39990234375,7220.0,7123.14990234375,7147.10009765625,589326.0,3,23,1,12248.25,96.85009765625
2020-01-24,7148.7998046875,7210.0,7111.25,7128.4501953125,645723.0,4,24,1,12119.0,98.75
2020-01-27,7101.5,7225.0,7061.0,7148.7998046875,573149.0,0,27,1,12055.7998046875,164.0
2020-01-28,7179.9501953125,7219.9501953125,6963.0,6997.0498046875,1614448.0,1,28,1,12129.5,256.9501953125
2020-01-29,7010.0,7116.25,6975.0,7010.2998046875,1001252.0,2,29,1,12035.7998046875,141.25
2020-01-30,7020.0,7049.0,6981.0,7020.4501953125,579174.0,3,30,1,11962.099609375,68.0
2020-01-31,7035.0,7064.0,6895.5498046875,6913.5,868935.0,4,31,1,11707.900390625,168.4501953125
2020-02-03,6780.0,7044.85009765625,6780.0,7011.2998046875,1010531.0,0,3,2,11979.650390625,264.85009765625
2020-02-04,7020.0,7215.0,7001.0,7199.60009765625,973311.0,1,4,2,12089.150390625,214.0
2020-02-05,7215.0,7231.60009765625,7025.60009765625,7040.89990234375,718489.0,2,5,2,12137.9501953125,206.0
2020-02-06,7075.0,7120.35009765625,6976.7998046875,7021.60009765625,875714.0,3,6,2,12098.349609375,143.55029296875
2020-02-07,7039.0,7050.0,6935.0,6971.75,645814.0,4,7,2,12031.5,115.0
2020-02-10,6975.0,6989.10009765625,6851.10009765625,6892.89990234375,593773.0,0,10,2,12107.900390625,138.0
2020-02-11,6950.0,7089.0,6912.2998046875,7033.75,743160.0,1,11,2,12201.2001953125,176.7001953125
2020-02-12,7056.10009765625,7110.0,7007.9501953125,7043.2998046875,599364.0,2,12,2,12174.650390625,102.0498046875
2020-02-13,7050.0,7056.0,6925.0,7005.0498046875,723169.0,3,13,2,12113.4501953125,131.0
2020-02-14,7000.0498046875,7088.9501953125,6901.0,6913.7998046875,614859.0,4,14,2,12045.7998046875,187.9501953125
2020-02-17,6920.0,6980.0,6880.0,6906.75,463548.0,0,17,2,11992.5,100.0
2020-02-18,6925.0,6930.0,6735.7998046875,6781.10009765625,830678.0,1,18,2,12125.900390625,194.2001953125
2020-02-19,6850.0,6854.9501953125,6624.60009765625,6756.60009765625,1033939.0,2,19,2,12080.849609375,230.35009765625
2020-02-20,6761.0,6807.5498046875,6720.0,6757.60009765625,682513.0,3,20,2,11829.400390625,87.5498046875
2020-02-24,6710.0,6710.0,6439.7998046875,6470.39990234375,1091346.0,0,24,2,11797.900390625,270.2001953125
2020-02-25,6505.39990234375,6510.0,6376.5498046875,6414.5498046875,964897.0,1,25,2,11678.5,133.4501953125
2020-02-26,6350.0,6368.85009765625,6186.0498046875,6234.85009765625,1580738.0,2,26,2,11633.2998046875,182.80029296875
2020-02-27,6230.0,6338.0498046875,6166.7998046875,6289.7998046875,1492657.0,3,27,2,11201.75,171.25
2020-02-28,6163.0498046875,6367.35009765625,6103.2001953125,6283.10009765625,1468843.0,4,28,2,11132.75,264.14990234375
2020-03-02,6400.9501953125,6439.5498046875,6250.0,6285.14990234375,1219764.0,0,2,3,11303.2998046875,189.5498046875
2020-03-03,6318.0,6422.14990234375,6280.5,6386.0498046875,849199.0,1,3,3,11251.0,141.64990234375
2020-03-04,6390.0,6424.0,6209.0,6384.35009765625,904360.0,2,4,3,11269.0,215.0
2020-03-05,6411.89990234375,6464.0,6330.2001953125,6365.9501953125,645853.0,3,5,3,10989.4501953125,133.7998046875
2020-03-06,6196.39990234375,6480.0,6100.14990234375,6445.9501953125,1140899.0,4,6,3,10451.4501953125,379.85009765625
2020-03-09,6301.0,6374.0,6079.39990234375,6201.10009765625,1082030.0,0,9,3,10458.400390625,294.60009765625
2020-03-11,6160.0,6310.9501953125,6105.0,6146.2998046875,937029.0,2,11,3,9590.150390625,205.9501953125
2020-03-12,5939.2998046875,5939.2998046875,5555.5498046875,5643.14990234375,1345964.0,3,12,3,9955.2001953125,383.75
2020-03-13,5325.2001953125,6063.5,4803.0498046875,5838.60009765625,1480205.0,4,13,3,9197.400390625,1260.4501953125
2020-03-16,5638.60009765625,5688.0,5400.0,5480.25,933412.0,0,16,3,8967.0498046875,288.0
2020-03-17,5502.0,5746.9501953125,5502.0,5603.9501953125,1238640.0,1,17,3,8468.7998046875,244.9501953125
2020-03-18,5671.0,5688.7998046875,5312.5498046875,5352.64990234375,973395.0,2,18,3,8263.4501953125,376.25
2020-03-19,4870.0,5096.60009765625,4652.5498046875,4819.5498046875,2554559.0,3,19,3,8745.4501953125,444.05029296875
2020-03-20,4869.0,5225.0,4812.60009765625,5079.2001953125,1614552.0,4,20,3,7610.25,412.39990234375
2020-03-23,4575.0,4790.0,4141.0,4220.35009765625,1531965.0,0,23,3,7801.0498046875,649.0
2020-03-24,4341.0,4570.0,4030.0,4486.4501953125,1746431.0,1,24,3,8317.849609375,540.0
2020-03-25,4439.0,5159.39990234375,4310.10009765625,5005.9501953125,1728819.0,2,25,3,8641.4501953125,849.2998046875
2020-03-26,5024.4501953125,5120.0,4750.0,4878.0,1338787.0,3,26,3,8660.25,370.0
2020-03-27,5100.0,5136.5,4555.0,4646.10009765625,1339426.0,4,27,3,8281.099609375,581.5
2020-03-30,4587.4501953125,4639.9501953125,4270.0,4328.4501953125,1528082.0,0,30,3,8597.75,369.9501953125
2020-03-31,4450.0,4468.0498046875,4210.0,4288.2998046875,2140261.0,1,31,3,8253.7998046875,258.0498046875
2020-04-01,4290.0,4424.85009765625,4190.10009765625,4246.35009765625,1323842.0,2,1,4,8083.7998046875,234.75
2020-04-03,4250.0,4267.0,4001.10009765625,4011.5,1724808.0,4,3,4,8792.2001953125,265.89990234375
2020-04-07,4150.0,4612.89990234375,4120.0,4553.64990234375,2688172.0,1,7,4,8748.75,492.89990234375
2020-04-08,4406.5,4925.0,4406.5,4698.10009765625,2798833.0,2,8,4,9111.900390625,518.5
2020-04-09,4794.4501953125,5399.0,4736.2001953125,5326.64990234375,3786650.0,3,9,4,8993.849609375,662.7998046875
2020-04-13,5285.0,5343.39990234375,5001.0,5283.14990234375,2192268.0,0,13,4,8925.2998046875,342.39990234375
2020-04-15,5307.5,5350.0,5041.0,5094.2998046875,2094519.0,2,15,4,8992.7998046875,309.0
2020-04-16,5017.0,5228.0,4970.0,5130.7998046875,1752169.0,3,16,4,9266.75,258.0
2020-04-17,5325.0,5602.9501953125,5211.7001953125,5505.0,2192902.0,4,17,4,9261.849609375,391.25
2020-04-20,5512.0,5573.9501953125,5280.0,5331.35009765625,1555307.0,0,20,4,8981.4501953125,293.9501953125
2020-04-21,5131.2998046875,5131.2998046875,4884.5,5001.10009765625,1843169.0,1,21,4,9187.2998046875,246.7998046875
2020-04-22,5009.0,5248.25,4991.0,5180.85009765625,1991584.0,2,22,4,9313.900390625,257.25
2020-04-23,5169.0,5244.60009765625,5045.0,5156.35009765625,1454061.0,3,23,4,9154.400390625,199.60009765625
2020-04-24,5100.0,5140.0,5030.0,5045.64990234375,1070808.0,4,24,4,9282.2998046875,110.0
2020-04-27,5150.10009765625,5225.0,4991.5498046875,5056.35009765625,1432313.0,0,27,4,9380.900390625,233.4501953125
2020-04-28,5090.0,5120.0,4990.25,5052.7001953125,1172062.0,1,28,4,9553.349609375,129.75
2020-04-29,5100.0,5100.0,5011.0498046875,5068.4501953125,1038094.0,2,29,4,9859.900390625,88.9501953125
2020-04-30,5122.0,5425.0,5122.0,5358.7998046875,2341081.0,3,30,4,9293.5,303.0
2020-05-04,5096.0,5130.25,4840.0,4886.2998046875,1742771.0,0,4,5,9205.599609375,290.25
2020-05-05,4995.0,5029.5498046875,4800.0,4829.85009765625,1570620.0,1,5,5,9270.900390625,229.5498046875
2020-05-06,4841.2001953125,5000.0,4710.0,4843.25,2214528.0,2,6,5,9199.0498046875,290.0
2020-05-07,4899.5,4935.35009765625,4735.0,4749.2998046875,1530808.0,3,7,5,9251.5,200.35009765625
2020-05-08,4874.0,4879.0,4637.5,4654.14990234375,1828141.0,4,8,5,9239.2001953125,241.5
2020-05-11,4750.0,5014.60009765625,4730.14990234375,4937.7998046875,3176473.0,0,11,5,9196.5498046875,284.4501953125
2020-05-12,4914.0,4985.0,4690.0498046875,4951.2998046875,3124672.0,1,12,5,9383.5498046875,294.9501953125
2020-05-13,5250.0,5317.4501953125,4986.25,5036.10009765625,3304845.0,2,13,5,9142.75,331.2001953125
2020-05-14,4905.0,5145.0,4852.14990234375,5114.0498046875,2590674.0,3,14,5,9136.849609375,292.85009765625
2020-05-15,5110.0,5123.2001953125,4961.14990234375,5100.39990234375,2182462.0,4,15,5,8823.25,162.05029296875
2020-05-18,5080.39990234375,5095.0,4680.5498046875,4720.9501953125,3164086.0,0,18,5,8879.099609375,414.4501953125
2020-05-19,4842.0,4900.0,4755.75,4805.2998046875,2108177.0,1,19,5,9066.5498046875,144.25
2020-05-20,4754.0,4920.0,4745.5,4891.9501953125,1518296.0,2,20,5,9106.25,174.5
2020-05-21,4890.0,5073.7998046875,4851.0498046875,5050.10009765625,1868166.0,3,21,5,9039.25,222.75
2020-05-22,5010.0,5150.0,4930.75,5134.2998046875,1935875.0,4,22,5,9029.0498046875,219.25
2020-05-26,5200.0,5285.7998046875,5160.64990234375,5246.14990234375,1508751.0,1,26,5,9314.9501953125,125.14990234375
2020-05-27,5270.0,5291.0,5135.39990234375,5244.39990234375,1534655.0,2,27,5,9490.099609375,155.60009765625
2020-05-28,5267.0,5495.0,5220.0,5468.35009765625,2325084.0,3,28,5,9580.2998046875,275.0
2020-05-29,5375.0,5666.75,5375.0,5610.7998046875,3386733.0,4,29,5,9826.150390625,291.75
2020-06-01,5690.0,5864.64990234375,5666.89990234375,5793.60009765625,2340994.0,0,1,6,9979.099609375,197.75
2020-06-02,5797.75,5849.0,5625.10009765625,5690.10009765625,2110719.0,1,2,6,10061.5498046875,223.89990234375
2020-06-03,5730.0,5832.0,5606.0,5624.0,1652859.0,2,3,6,10029.099609375,226.0
2020-06-04,5658.0,5719.9501953125,5572.0,5690.2001953125,1642049.0,3,4,6,10142.150390625,147.9501953125
2020-06-05,5728.2998046875,5785.0,5671.10009765625,5746.2001953125,1236658.0,4,5,6,10167.4501953125,113.89990234375
2020-06-08,5850.0,5850.0,5701.5,5734.7998046875,1176769.0,0,8,6,10046.650390625,148.5
2020-06-09,5754.0,5787.0,5620.0,5662.2998046875,1336806.0,1,9,6,10116.150390625,167.0
2020-06-10,5655.0,5740.0,5615.0,5675.60009765625,1432292.0,2,10,6,9902.0,125.0
2020-06-11,5637.0,5689.0,5400.2998046875,5426.14990234375,1766481.0,3,11,6,9972.900390625,288.7001953125
2020-06-12,5201.0,5608.2998046875,5201.0,5561.75,2064628.0,4,12,6,9813.7001953125,407.2998046875
2020-06-15,5520.0,5585.0,5391.0498046875,5475.75,1530562.0,0,15,6,9914.0,193.9501953125
2020-06-16,5590.0,5612.5498046875,5400.0,5502.2001953125,1184933.0,1,16,6,9881.150390625,212.5498046875
2020-06-17,5445.0,5813.4501953125,5445.0,5726.2001953125,3454833.0,2,17,6,10091.650390625,368.4501953125
2020-06-18,5695.0,5758.0,5641.0,5714.39990234375,1580214.0,3,18,6,10244.400390625,117.0
2020-06-19,5751.0,5935.0,5707.0,5897.35009765625,1854589.0,4,19,6,10311.2001953125,228.0
2020-06-22,5900.0,5975.0,5806.35009765625,5896.0,1497563.0,0,22,6,10471.0,168.64990234375
2020-06-23,5900.0,6007.2001953125,5862.5498046875,5886.5,1398070.0,1,23,6,10305.2998046875,144.650390625
2020-06-24,5938.0,5938.0,5730.0,5755.35009765625,1268449.0,2,24,6,10288.900390625,208.0
2020-06-25,5677.0,5846.7998046875,5651.0,5762.2998046875,1266203.0,3,25,6,10383.0,195.7998046875
2020-06-26,5800.0,5810.0,5695.0,5754.89990234375,1063057.0,4,26,6,10312.400390625,115.0
2020-06-29,5730.0,5800.0,5650.0,5678.7001953125,1102655.0,0,29,6,10302.099609375,150.0
2020-06-30,5750.0,5874.5,5681.4501953125,5838.2998046875,2015814.0,1,30,6,10430.0498046875,193.0498046875
2020-07-01,5838.2998046875,5885.0,5775.0,5803.10009765625,1284965.0,2,1,7,10551.7001953125,110.0
2020-07-02,5850.0,5960.0,5762.7998046875,5948.4501953125,1470941.0,3,2,7,10607.349609375,197.2001953125
2020-07-03,5948.4501953125,5988.60009765625,5883.0498046875,5932.10009765625,1059779.0,4,3,7,10763.650390625,105.55029296875
2020-07-06,5963.4501953125,6147.7001953125,5925.0,6123.60009765625,1385081.0,0,6,7,10799.650390625,222.7001953125
2020-07-07,6140.0,6250.0,6092.64990234375,6226.75,1799721.0,1,7,7,10705.75,157.35009765625
2020-07-08,6226.75,6235.0,6022.60009765625,6044.39990234375,1204072.0,2,8,7,10813.4501953125,212.39990234375
2020-07-09,6080.0,6096.0,5931.35009765625,6002.35009765625,1043427.0,3,9,7,10768.0498046875,164.64990234375
2020-07-10,5980.0,6085.10009765625,5921.0,5955.64990234375,1168821.0,4,10,7,10802.7001953125,164.10009765625
2020-07-13,6000.0,6059.25,5927.7998046875,5988.85009765625,1035069.0,0,13,7,10607.349609375,131.4501953125
2020-07-14,5951.0,5958.75,5750.0,5771.75,1602929.0,1,14,7,10618.2001953125,208.75
2020-07-15,5810.0,5879.7998046875,5755.0,5801.2998046875,1246705.0,2,15,7,10739.9501953125,124.7998046875
2020-07-16,5809.0,5920.0,5752.0,5875.35009765625,1018658.0,3,16,7,10901.7001953125,168.0
2020-07-17,5898.0,5956.0,5851.0,5919.5,810152.0,4,17,7,11022.2001953125,105.0
2020-07-20,5935.0,5936.0,5812.0,5867.5,912610.0,0,20,7,11162.25,124.0
2020-07-21,5919.5,6150.0,5900.0,6130.85009765625,1854694.0,1,21,7,11132.599609375,250.0
2020-07-22,6117.0,6129.0,5939.7001953125,6003.39990234375,1140092.0,2,22,7,11215.4501953125,189.2998046875
2020-07-23,6013.0,6090.0,5967.9501953125,6065.9501953125,701651.0,3,23,7,11194.150390625,122.0498046875
2020-07-24,6010.0,6047.35009765625,5932.10009765625,6000.7001953125,793324.0,4,24,7,11131.7998046875,115.25
2020-07-27,6008.0,6062.85009765625,5928.0498046875,6043.2998046875,902597.0,0,27,7,11300.5498046875,134.80029296875
2020-07-28,6050.0,6320.35009765625,6031.14990234375,6282.7998046875,1774828.0,1,28,7,11202.849609375,289.2001953125
2020-07-29,6269.9501953125,6295.0,6118.9501953125,6185.14990234375,2057197.0,2,29,7,11102.150390625,176.0498046875
2020-07-30,6184.0498046875,6393.64990234375,6170.0498046875,6265.39990234375,2217867.0,3,30,7,11073.4501953125,223.60009765625
2020-07-31,6265.0,6379.85009765625,6209.0,6262.75,1613555.0,4,31,7,10891.599609375,170.85009765625
2020-08-03,6380.0,6437.4501953125,6125.0498046875,6165.2001953125,1836582.0,0,3,8,11095.25,312.400390625
2020-08-04,6199.0,6376.85009765625,6185.0,6358.9501953125,1223516.0,1,4,8,11101.650390625,191.85009765625
2020-08-05,6388.89990234375,6597.7001953125,6380.0,6526.25,2278663.0,2,5,8,11200.150390625,217.7001953125
2020-08-06,6534.9501953125,6585.85009765625,6434.39990234375,6555.75,1233252.0,3,6,8,11214.0498046875,151.4501953125
2020-08-07,6498.0,6749.5,6481.85009765625,6679.0,1567980.0,4,7,8,11270.150390625,267.64990234375
2020-08-10,6690.0,6728.7001953125,6576.0,6608.89990234375,1601750.0,0,10,8,11322.5,152.7001953125
2020-08-11,6665.0,6713.5,6611.0,6649.2001953125,880808.0,1,11,8,11308.400390625,102.5
2020-08-12,6609.9501953125,6778.0498046875,6592.10009765625,6730.2998046875,1114981.0,2,12,8,11300.4501953125,185.94970703125
2020-08-13,6729.9501953125,6772.0,6655.0,6731.64990234375,1087096.0,3,13,8,11178.400390625,117.0
2020-08-14,6740.0,6745.14990234375,6552.0498046875,6588.2001953125,905793.0,4,14,8,11247.099609375,193.10009765625
2020-08-17,6660.0,6789.9501953125,6588.2001953125,6768.39990234375,1028536.0,0,17,8,11385.349609375,201.75
2020-08-18,6768.39990234375,6924.89990234375,6760.89990234375,6893.10009765625,1322527.0,1,18,8,11408.400390625,164.0
2020-08-19,6924.0,7014.7001953125,6885.0498046875,6990.2998046875,1326450.0,2,19,8,11312.2001953125,129.650390625
2020-08-20,6891.10009765625,6999.0,6880.0498046875,6974.7001953125,958157.0,3,20,8,11371.599609375,118.9501953125
2020-08-21,7048.0,7065.0,6951.0,6973.0,971836.0,4,21,8,11466.4501953125,114.0
2020-08-24,6985.0,7100.0,6955.0,7082.5,961177.0,0,24,8,11472.25,145.0
2020-08-25,7100.0,7175.7001953125,7075.64990234375,7109.9501953125,1047620.0,1,25,8,11549.599609375,100.05029296875
2020-08-26,7110.0,7158.0,6972.0,7008.64990234375,992395.0,2,26,8,11559.25,186.0
2020-08-27,7043.0,7127.7001953125,6960.7998046875,7098.0,1158891.0,3,27,8,11647.599609375,166.900390625
2020-08-28,7125.0,7156.0,7028.4501953125,7104.10009765625,1019984.0,4,28,8,11387.5,127.5498046875
2020-08-31,7138.0,7160.0,6790.4501953125,6839.9501953125,1580774.0,0,31,8,11470.25,369.5498046875
2020-09-01,6860.4501953125,7018.7001953125,6802.0,6905.64990234375,1117127.0,1,1,9,11535.0,216.7001953125
2020-09-02,6905.5,6980.0,6852.39990234375,6920.75,776392.0,2,2,9,11527.4501953125,127.60009765625
2020-09-03,6925.0,7116.89990234375,6920.75,7072.60009765625,947751.0,3,3,9,11333.849609375,196.14990234375
2020-09-04,6985.0,7324.0,6965.0498046875,7190.10009765625,2185292.0,4,4,9,11355.0498046875,358.9501953125
2020-09-07,7225.0,7300.0,7129.25,7209.14990234375,1348919.0,0,7,9,11317.349609375,170.75
2020-09-08,7220.0,7278.0,7137.64990234375,7224.0,1145062.0,1,8,9,11278.0,140.35009765625
2020-09-09,7200.0,7256.35009765625,7121.2001953125,7215.25,1273303.0,2,9,9,11449.25,135.14990234375
2020-09-10,7264.0,7299.39990234375,7168.0,7231.64990234375,978701.0,3,10,9,11464.4501953125,131.39990234375
2020-09-11,7279.9501953125,7349.89990234375,7175.0,7193.60009765625,1383019.0,4,11,9,11440.0498046875,174.89990234375
2020-09-14,7219.0,7239.60009765625,7085.0,7128.85009765625,1003491.0,0,14,9,11521.7998046875,154.60009765625
2020-09-15,7164.0,7175.0,7005.0,7052.7998046875,894418.0,1,15,9,11604.5498046875,170.0
2020-09-16,7074.0,7169.0,7041.0,7057.9501953125,920570.0,2,16,9,11516.099609375,128.0
2020-09-17,7049.5,7112.89990234375,6941.0,7085.85009765625,1133411.0,3,17,9,11504.9501953125,171.89990234375
2020-09-18,7148.0,7149.0,6931.60009765625,6964.75,1143550.0,4,18,9,11250.5498046875,217.39990234375
2020-09-21,6964.75,6986.89990234375,6590.0,6626.9501953125,1290480.0,0,21,9,11153.650390625,396.89990234375
2020-09-22,6675.0,6685.9501953125,6312.35009765625,6440.5498046875,2665724.0,1,22,9,11131.849609375,373.60009765625
2020-09-23,6462.0,6549.9501953125,6380.0,6501.2998046875,1456226.0,2,23,9,10805.5498046875,169.9501953125
2020-09-24,6435.0,6486.7998046875,6270.14990234375,6297.7001953125,1237674.0,3,24,9,11050.25,216.64990234375
2020-09-25,6395.0,6518.5498046875,6331.0,6497.7001953125,1316468.0,4,25,9,11227.5498046875,187.5498046875
2020-09-28,6579.0,6720.0,6542.2998046875,6703.0,1099583.0,0,28,9,11222.400390625,177.7001953125
2020-09-29,6749.0,6813.2998046875,6671.0,6742.75,1199391.0,1,29,9,11247.5498046875,142.2998046875
2020-09-30,6710.0,6779.9501953125,6671.0,6743.4501953125,812841.0,2,30,9,11416.9501953125,108.9501953125
2020-10-01,6838.2001953125,6909.0,6775.39990234375,6796.2998046875,1255993.0,3,1,10,11503.349609375,133.60009765625
2020-10-05,6865.0,6877.60009765625,6745.0,6818.85009765625,833476.0,0,5,10,11662.400390625,132.60009765625
2020-10-06,6858.0,6939.7998046875,6830.0,6892.39990234375,756192.0,1,6,10,11738.849609375,109.7998046875
2020-10-07,6920.0,7070.0,6865.5498046875,7046.89990234375,1101957.0,2,7,10,11834.599609375,204.4501953125
2020-10-08,7090.0,7140.0,7021.0,7079.85009765625,851205.0,3,8,10,11914.2001953125,119.0
2020-10-09,7060.0,7159.0,7001.0,7062.39990234375,839682.0,4,9,10,11930.9501953125,158.0
2020-10-12,7110.0,7155.0,7005.0,7136.64990234375,799712.0,0,12,10,11934.5,150.0
2020-10-13,7135.0,7185.0,7022.0,7032.89990234375,819414.0,1,13,10,11971.0498046875,163.0
2020-10-14,7040.0,7075.0,6927.4501953125,7002.35009765625,779630.0,2,14,10,11680.349609375,147.5498046875
2020-10-15,7029.0,7049.89990234375,6857.7001953125,6892.60009765625,681316.0,3,15,10,11762.4501953125,192.19970703125
2020-10-16,6895.0,6980.0,6863.0,6894.89990234375,657914.0,4,16,10,11873.0498046875,117.0
2020-10-19,6975.0,6980.0,6825.0,6851.9501953125,548457.0,0,19,10,11896.7998046875,155.0
2020-10-20,6817.0,6949.0,6810.0,6844.60009765625,659864.0,1,20,10,11937.650390625,139.0
2020-10-21,6904.0,6947.60009765625,6764.64990234375,6861.85009765625,911967.0,2,21,10,11896.4501953125,182.9501953125
2020-10-22,6828.0,6860.0,6775.2001953125,6811.5498046875,584523.0,3,22,10,11930.349609375,84.7998046875
2020-10-23,6858.0,7124.7001953125,6832.0,7103.25,1758998.0,4,23,10,11767.75,292.7001953125
2020-10-26,7100.0,7161.2998046875,6935.0498046875,7054.7998046875,1559351.0,0,26,10,11889.400390625,226.25
2020-10-27,7067.0,7209.75,7053.0,7158.39990234375,1461819.0,1,27,10,11729.599609375,156.75
2020-10-28,7194.9501953125,7332.0,7110.0,7186.0498046875,1645177.0,2,28,10,11670.7998046875,222.0
2020-10-29,7114.0,7199.0,6986.7001953125,7117.7001953125,1434852.0,3,29,10,11642.400390625,212.2998046875
2020-10-30,7079.0498046875,7110.0,6881.0,6965.14990234375,1360249.0,4,30,10,11669.150390625,229.0
2020-11-02,7044.89990234375,7053.39990234375,6850.0,6868.35009765625,1059351.0,0,2,11,11813.5,203.39990234375
2020-11-03,6940.0,6963.25,6852.4501953125,6913.35009765625,926491.0,1,3,11,11908.5,110.7998046875
2020-11-04,6913.35009765625,7054.0,6909.5,6954.0498046875,901404.0,2,4,11,12120.2998046875,144.5
2020-11-05,7020.0,7104.89990234375,6979.64990234375,7092.7998046875,843221.0,3,5,11,12263.5498046875,125.25
2020-11-06,7092.0,7135.0,6890.0,6907.60009765625,1378439.0,4,6,11,12461.0498046875,245.0
2020-11-09,6989.9501953125,7032.60009765625,6815.0,6872.14990234375,1479540.0,0,9,11,12631.099609375,217.60009765625
2020-11-10,6973.10009765625,6974.0,6761.4501953125,6793.4501953125,1695413.0,1,10,11,12749.150390625,212.5498046875
2020-11-11,6859.0,6904.0,6753.10009765625,6857.35009765625,1481918.0,2,11,11,12690.7998046875,150.89990234375
2020-11-12,6857.0,6930.0,6792.0,6836.85009765625,1418041.0,3,12,11,12719.9501953125,138.0
2020-11-17,6865.0,6996.89990234375,6863.0,6981.4501953125,1243068.0,1,17,11,12938.25,133.89990234375
2020-11-18,6979.9501953125,7070.0,6948.0,7054.2998046875,1400300.0,2,18,11,12771.7001953125,122.0
2020-11-19,7031.0,7130.0,6915.2001953125,6963.2998046875,1305695.0,3,19,11,12859.0498046875,214.7998046875
2020-11-20,6959.5498046875,7020.0,6904.0,6965.85009765625,923474.0,4,20,11,12926.4501953125,116.0
2020-11-23,7040.0,7044.0,6932.60009765625,6987.75,735755.0,0,23,11,13055.150390625,111.39990234375
2020-11-24,7050.0,7209.0,7050.0,7158.39990234375,1910670.0,1,24,11,12858.400390625,159.0
2020-11-25,7250.0,7252.35009765625,7017.0,7055.7001953125,947742.0,2,25,11,12987.0,235.35009765625
2020-11-26,7080.0,7098.0,6903.0,6994.25,1068945.0,3,26,11,12968.9501953125,195.0
2020-11-27,7040.2998046875,7111.0,6930.0,7035.7998046875,2123905.0,4,27,11,13109.0498046875,181.0
2020-12-01,7141.7998046875,7141.7998046875,6975.2001953125,7101.7001953125,1076695.0,1,1,12,13113.75,166.599609375
2020-12-02,7110.0,7220.0,7105.0,7206.5,1106734.0,2,2,12,13133.900390625,115.0
2020-12-03,7250.0,7782.85009765625,7249.60009765625,7739.10009765625,3846792.0,3,3,12,13258.5498046875,533.25
2020-12-04,7798.0,7882.64990234375,7641.25,7803.14990234375,2393536.0,4,4,12,13355.75,241.39990234375
2020-12-07,7828.7998046875,7835.0,7690.0,7743.39990234375,1037296.0,0,7,12,13392.9501953125,145.0
2020-12-08,7748.0,8013.14990234375,7700.0,7762.7001953125,1885285.0,1,8,12,13529.099609375,313.14990234375
2020-12-09,7775.0,7799.9501953125,7692.0,7709.25,822760.0,2,9,12,13478.2998046875,107.9501953125
2020-12-10,7760.0,7850.0,7710.0,7736.0,1186739.0,3,10,12,13513.849609375,140.0
2020-12-11,7779.9501953125,7795.7001953125,7700.0,7733.5498046875,706875.0,4,11,12,13558.150390625,95.7001953125
2020-12-14,7810.0,7825.0,7655.0,7696.7998046875,1038032.0,0,14,12,13567.849609375,170.0
2020-12-15,7696.7998046875,7790.0,7640.5498046875,7765.25,891801.0,1,15,12,13682.7001953125,149.4501953125
2020-12-16,7820.0,7899.0,7770.0,7796.35009765625,963504.0,2,16,12,13740.7001953125,129.0
2020-12-17,7799.89990234375,7831.89990234375,7625.0,7694.0,734075.0,3,17,12,13760.5498046875,206.89990234375
2020-12-18,7714.0,7727.0,7541.75,7559.75,1078328.0,4,18,12,13328.400390625,185.25
2020-12-21,7560.0,7599.0,7278.10009765625,7376.10009765625,970306.0,0,21,12,13466.2998046875,320.89990234375
2020-12-22,7380.0,7438.0,7205.10009765625,7395.39990234375,1138240.0,1,22,12,13601.099609375,232.89990234375
2020-12-23,7400.39990234375,7555.60009765625,7394.0,7449.9501953125,951805.0,2,23,12,13749.25,161.60009765625
2020-12-24,7507.25,7532.75,7414.2001953125,7446.0498046875,589281.0,3,24,12,13873.2001953125,118.5498046875
2020-12-28,7465.0,7543.0,7454.0,7483.0,521320.0,0,28,12,13932.599609375,89.0
2020-12-29,7520.0,7545.0,7418.2998046875,7452.35009765625,538719.0,1,29,12,13981.9501953125,126.7001953125
2020-12-30,7497.0,7635.0,7430.0,7612.89990234375,1029800.0,2,30,12,13981.75,205.0
2021-01-01,7654.0,7748.5,7650.0,7691.2998046875,767574.0,4,1,1,14132.900390625,98.5
2021-01-04,7739.0,7755.2001953125,7642.60009765625,7702.2998046875,598645.0,0,4,1,14199.5,112.60009765625
2021-01-05,7660.0,7673.0,7586.0,7655.4501953125,562668.0,1,5,1,14146.25,87.0
2021-01-06,7654.0,7749.0,7555.5,7628.60009765625,840678.0,2,6,1,14137.349609375,193.5
2021-01-07,7676.0,7704.39990234375,7552.10009765625,7566.0498046875,642968.0,3,7,1,14347.25,152.2998046875
2021-01-08,7600.0,8060.0,7600.0,8014.89990234375,2557157.0,4,8,1,14484.75,460.0
2021-01-11,8099.0,8288.0,7882.39990234375,8232.75,2182019.0,0,11,1,14563.4501953125,405.60009765625
2021-01-12,8161.0,8329.0,8140.0,8188.0498046875,1514072.0,1,12,1,14564.849609375,189.0
2021-01-13,8188.0,8250.0,8111.0,8139.85009765625,877225.0,2,13,1,14595.599609375,139.0
2021-01-14,8164.7998046875,8180.0,8023.4501953125,8149.4501953125,718274.0,3,14,1,14433.7001953125,156.5498046875
2021-01-15,8157.14990234375,8219.5,8000.0498046875,8024.75,751177.0,4,15,1,14281.2998046875,219.4501953125
2021-01-18,8011.0,8023.9501953125,7745.0,7830.64990234375,771183.0,0,18,1,14521.150390625,278.9501953125
2021-01-19,7900.0,7990.2998046875,7835.0,7922.60009765625,779892.0,1,19,1,14644.7001953125,155.2998046875
2021-01-20,7882.0,8170.0,7860.25,8144.9501953125,999226.0,2,20,1,14590.349609375,309.75
2021-01-21,8205.0,8267.0,8021.4501953125,8076.75,769494.0,3,21,1,14371.900390625,245.5498046875
2021-01-22,8085.0,8308.0,8000.0,8048.85009765625,1172914.0,4,22,1,14238.900390625,308.0
2021-01-25,8117.0,8164.7001953125,7950.10009765625,7981.5,753043.0,0,25,1,13967.5,214.60009765625
2021-01-27,7992.9501953125,8090.0,7820.5,7870.89990234375,1080785.0,2,27,1,13817.5498046875,269.5
2021-01-28,7840.0,7984.5498046875,7562.0,7588.5,2085637.0,3,28,1,13634.599609375,422.5498046875
2021-01-29,7685.0,7685.0,7170.0,7206.64990234375,3069968.0,4,29,1,14281.2001953125,515.0
2021-02-01,7265.2001953125,7475.0,7152.0,7399.7998046875,1611478.0,0,1,2,14647.849609375,323.0
2021-02-02,7534.89990234375,7769.75,7490.14990234375,7654.7001953125,1700845.0,1,2,2,14789.9501953125,279.60009765625
2021-02-03,7680.0,7716.4501953125,7475.85009765625,7589.2001953125,1491567.0,2,3,2,14895.650390625,240.60009765625
2021-02-04,7600.0,7765.0,7529.0498046875,7640.0,1198036.0,3,4,2,14924.25,235.9501953125
2021-02-05,7680.0,7736.0,7461.0,7494.14990234375,1128089.0,4,5,2,15115.7998046875,275.0
2021-02-08,7515.0,7638.0,7474.5,7574.60009765625,912372.0,0,8,2,15109.2998046875,163.5
2021-02-09,7581.0,7680.0,7574.0,7627.0498046875,925127.0,1,9,2,15106.5,106.0
2021-02-10,7605.2001953125,7674.89990234375,7506.0498046875,7621.7001953125,1015600.0,2,10,2,15173.2998046875,168.85009765625
2021-02-11,7600.0,7744.0,7567.64990234375,7667.35009765625,818869.0,3,11,2,15163.2998046875,176.35009765625
2021-02-12,7620.10009765625,7675.0,7525.89990234375,7568.5,756833.0,4,12,2,15314.7001953125,149.10009765625
2021-02-15,7600.0,7649.10009765625,7580.0,7596.64990234375,470093.0,0,15,2,15313.4501953125,69.10009765625
2021-02-16,7639.0,7799.0,7625.25,7697.0498046875,1321126.0,1,16,2,15208.900390625,173.75
2021-02-17,7679.9501953125,7691.5,7471.2998046875,7503.2001953125,1023548.0,2,17,2,15118.9501953125,220.2001953125
2021-02-18,7574.85009765625,7579.0498046875,7460.0,7497.5498046875,821462.0,3,18,2,14981.75,119.0498046875
2021-02-19,7448.0,7486.39990234375,7285.0,7323.0,1013887.0,4,19,2,14675.7001953125,201.39990234375
2021-02-22,7323.0,7325.0,7056.0,7086.4501953125,1502068.0,0,22,2,14707.7998046875,269.0
2021-02-23,7118.7998046875,7122.35009765625,6938.0,6970.5,1589884.0,1,23,2,14982.0,184.35009765625
2021-02-24,6905.0,7036.0,6877.5,6952.9501953125,1225254.0,2,24,2,15097.349609375,158.5
2021-02-25,7065.0,7069.0,6915.0,6930.35009765625,1740066.0,3,25,2,14529.150390625,154.0
2021-02-26,6900.0,7075.0,6822.2001953125,6866.14990234375,2687534.0,4,26,2,14761.5498046875,252.7998046875
2021-03-01,6977.0,7032.85009765625,6917.0498046875,7015.0,1417600.0,0,1,3,14919.099609375,115.80029296875
2021-03-02,7060.0,7235.0,7030.0,7214.10009765625,1395296.0,1,2,3,15245.599609375,205.0
2021-03-03,7245.60009765625,7262.2998046875,7101.2001953125,7124.7001953125,796258.0,2,3,3,15080.75,161.099609375
2021-03-04,7080.0,7175.2001953125,7011.0,7131.60009765625,906310.0,3,4,3,14938.099609375,164.2001953125
2021-03-05,7130.0,7315.0,7070.0,7249.0,1821165.0,4,5,3,14956.2001953125,245.0
2021-03-08,7264.89990234375,7338.7998046875,7216.0,7259.5,977572.0,0,8,3,15098.400390625,122.7998046875
2021-03-09,7329.39990234375,7329.39990234375,7256.0,7301.5498046875,678485.0,1,9,3,15174.7998046875,73.39990234375
2021-03-10,7320.0,7387.0,7251.0,7272.10009765625,659270.0,2,10,3,15030.9501953125,136.0
2021-03-12,7300.0,7313.0,7061.39990234375,7096.2001953125,946720.0,4,12,3,14929.5,251.60009765625
2021-03-15,7145.0,7162.9501953125,7011.0,7089.2998046875,700250.0,0,15,3,14910.4501953125,151.9501953125
2021-03-16,7100.0,7200.0,7100.0,7150.2998046875,796357.0,1,16,3,14721.2998046875,100.0
2021-03-17,7160.0,7169.9501953125,7043.5,7064.64990234375,688581.0,2,17,3,14557.849609375,126.4501953125
2021-03-18,7125.0,7242.0,7060.0,7113.75,984545.0,3,18,3,14744.0,182.0
2021-03-19,7059.9501953125,7149.9501953125,6905.5,7113.5498046875,838756.0,4,19,3,14736.400390625,244.4501953125
2021-03-22,7104.0,7142.5,7050.2001953125,7101.25,533767.0,0,22,3,14814.75,92.2998046875
2021-03-23,7138.0,7225.0,7130.0,7186.25,757590.0,1,23,3,14549.400390625,95.0
2021-03-24,7136.0,7158.39990234375,7049.9501953125,7066.2001953125,457147.0,2,24,3,14324.900390625,108.44970703125
2021-03-25,7050.0,7059.0,6755.25,6786.85009765625,1338767.0,3,25,3,14507.2998046875,303.75
2021-03-26,6889.0,6898.9501953125,6771.0,6784.4501953125,911299.0,4,26,3,14845.099609375,127.9501953125
2021-03-30,6811.0,6875.0,6740.0,6851.7998046875,1088817.0,1,30,3,14690.7001953125,135.0
2021-03-31,6852.2998046875,6939.89990234375,6795.2001953125,6859.2001953125,735382.0,2,31,3,14867.349609375,144.69970703125
2021-04-01,6950.0,6991.5,6855.0,6923.89990234375,660759.0,3,1,4,14637.7998046875,136.5
2021-04-05,6908.5,6908.5,6724.60009765625,6768.5498046875,668129.0,0,5,4,14683.5,183.89990234375
2021-04-06,6818.25,6846.9501953125,6720.0,6751.2998046875,628262.0,1,6,4,14819.0498046875,126.9501953125
2021-04-07,6790.0,6885.0,6775.0498046875,6865.0,598115.0,2,7,4,14873.7998046875,109.9501953125
2021-04-08,6881.0,6939.2998046875,6806.85009765625,6826.85009765625,604553.0,3,8,4,14834.849609375,132.44970703125
2021-04-09,6850.0,6875.25,6778.0,6827.10009765625,641327.0,4,9,4,14310.7998046875,97.25
2021-04-12,6739.85009765625,6739.85009765625,6502.14990234375,6520.60009765625,1020746.0,0,12,4,14504.7998046875,237.7001953125
2021-04-13,6520.0,6845.39990234375,6468.7998046875,6815.7998046875,995718.0,1,13,4,14581.4501953125,376.60009765625
2021-04-15,6846.60009765625,6846.85009765625,6551.0,6644.25,1267365.0,3,15,4,14617.849609375,295.85009765625
2021-04-16,6675.0,6784.85009765625,6606.0498046875,6648.10009765625,1000325.0,4,16,4,14359.4501953125,178.80029296875
2021-04-19,6500.35009765625,6530.0,6415.0,6511.75,772219.0,0,19,4,14296.400390625,115.0
2021-04-20,6615.0,6678.7001953125,6558.5498046875,6646.64990234375,914142.0,1,20,4,14406.150390625,120.150390625
2021-04-22,6625.9501953125,6674.89990234375,6545.0,6650.10009765625,667911.0,3,22,4,14341.349609375,129.89990234375
2021-04-23,6560.0,6714.7001953125,6560.0,6676.10009765625,709306.0,4,23,4,14485.0,154.7001953125
2021-04-26,6690.2001953125,6789.0,6600.0,6638.89990234375,937344.0,0,26,4,14653.0498046875,189.0
2021-04-27,6669.9501953125,6709.0,6542.0,6568.75,1610651.0,1,27,4,14864.5498046875,167.0
2021-04-28,6568.75,6650.0,6545.0,6573.7998046875,1406270.0,2,28,4,14894.900390625,105.0
2021-04-29,6635.0,6647.4501953125,6552.0,6565.64990234375,757075.0,3,29,4,14631.099609375,95.4501953125
2021-04-30,6537.10009765625,6559.60009765625,6421.0,6455.64990234375,849997.0,4,30,4,14634.150390625,138.60009765625
2021-05-03,6430.0,6622.0,6400.0,6597.85009765625,834923.0,0,3,5,14496.5,222.0
2021-05-04,6639.9501953125,6648.5,6482.0,6508.25,507170.0,1,4,5,14617.849609375,166.5
2021-05-05,6557.7001953125,6599.0,6483.0,6590.10009765625,499160.0,2,5,5,14724.7998046875,116.0
2021-05-06,6590.0,6709.0,6575.7001953125,6666.64990234375,520125.0,3,6,5,14823.150390625,133.2998046875
2021-05-07,6679.0,6754.5498046875,6640.0,6703.0498046875,605050.0,4,7,5,14942.349609375,114.5498046875
2021-05-10,6675.2001953125,6773.14990234375,6660.10009765625,6764.0,541534.0,0,10,5,14850.75,113.0498046875
2021-05-11,6680.14990234375,6749.0,6660.25,6736.64990234375,406046.0,1,11,5,14696.5,88.75
2021-05-12,6730.0,6840.0,6685.0,6817.5498046875,770204.0,2,12,5,14677.7998046875,155.0
2021-05-14,6840.0,6842.14990234375,6700.2001953125,6736.39990234375,647029.0,4,14,5,14923.150390625,141.94970703125
2021-05-17,6716.5,6838.39990234375,6697.5498046875,6717.85009765625,995827.0,0,17,5,15108.099609375,140.85009765625
2021-05-18,6788.0,6864.0,6715.4501953125,6811.10009765625,805827.0,1,18,5,15030.150390625,148.5498046875
2021-05-19,6799.0,6854.9501953125,6760.0,6775.89990234375,432774.0,2,19,5,14906.0498046875,94.9501953125
2021-05-20,6780.7998046875,6814.7001953125,6729.5,6737.85009765625,470476.0,3,20,5,15175.2998046875,85.2001953125
2021-05-21,6780.0,6835.5,6744.25,6814.64990234375,434363.0,4,21,5,15197.7001953125,91.25
2021-05-24,6802.0,6965.0,6802.0,6871.60009765625,1027484.0,0,24,5,15208.4501953125,163.0
2021-05-25,6939.9501953125,6948.0,6888.0,6911.7998046875,438736.0,1,25,5,15301.4501953125,60.0
2021-05-26,6926.0,7051.0,6912.0,7034.2998046875,691574.0,2,26,5,15337.849609375,139.0
2021-05-27,7022.0,7069.0,6951.14990234375,6968.89990234375,922091.0,3,27,5,15435.650390625,117.85009765625
2021-05-28,6988.60009765625,7047.0,6940.5,6970.0,393809.0,4,28,5,15582.7998046875,106.5
2021-05-31,6955.0,7100.0,6924.0498046875,7086.2998046875,718277.0,0,31,5,15574.849609375,175.9501953125
2021-06-01,7107.5498046875,7143.0,7047.0498046875,7091.14990234375,642841.0,1,1,6,15576.2001953125,95.9501953125
2021-06-02,7063.4501953125,7197.7001953125,7063.4501953125,7184.7001953125,598862.0,2,2,6,15690.349609375,134.25
2021-06-03,7200.0,7230.0,7165.0498046875,7209.5,401590.0,3,3,6,15670.25,64.9501953125
2021-06-04,7200.0,7272.0,7151.10009765625,7214.7001953125,575591.0,4,4,6,15751.650390625,120.89990234375
2021-06-07,7221.0,7328.85009765625,7211.10009765625,7275.64990234375,520482.0,0,7,6,15740.099609375,117.75
2021-06-08,7317.5,7366.4501953125,7295.2001953125,7336.75,538816.0,1,8,6,15635.349609375,71.25
2021-06-09,7310.2001953125,7339.2001953125,7200.0,7239.0,443778.0,2,9,6,15737.75,139.2001953125
2021-06-10,7258.0,7279.4501953125,7174.0498046875,7199.89990234375,278027.0,3,10,6,15799.349609375,105.400390625
2021-06-11,7244.0,7244.0,7186.39990234375,7223.7998046875,253689.0,4,11,6,15811.849609375,57.60009765625
2021-06-14,7195.0,7212.9501953125,7095.0498046875,7177.85009765625,322353.0,0,14,6,15869.25,117.900390625
2021-06-15,7181.14990234375,7228.85009765625,7156.2998046875,7166.25,207625.0,1,15,6,15767.5498046875,72.55029296875
2021-06-16,7166.0,7193.75,7070.0,7114.25,283007.0,2,16,6,15691.400390625,123.75
2021-06-17,7060.0,7099.10009765625,6931.10009765625,6969.35009765625,595255.0,3,17,6,15683.349609375,168.0
2021-06-18,6989.85009765625,6989.85009765625,6821.0,6959.35009765625,797389.0,4,18,6,15746.5,168.85009765625
2021-06-21,6870.0,6925.0,6842.0,6899.89990234375,443795.0,0,21,6,15772.75,83.0
2021-06-22,6940.0,7299.9501953125,6930.0,7265.39990234375,1757310.0,1,22,6,15686.9501953125,369.9501953125
2021-06-23,7266.10009765625,7479.0,7240.0498046875,7432.7001953125,2227399.0,2,23,6,15790.4501953125,238.9501953125
2021-06-24,7448.7998046875,7550.0,7410.10009765625,7527.4501953125,1041762.0,3,24,6,15860.349609375,139.89990234375
2021-06-25,7540.0,7665.0,7540.0,7649.0,1216123.0,4,25,6,15814.7001953125,125.0
2021-06-28,7698.0,7698.0,7571.39990234375,7596.25,433364.0,0,28,6,15748.4501953125,126.60009765625
2021-06-29,7596.0,7601.0,7452.5498046875,7487.5,480219.0,1,29,6,15721.5,148.4501953125
2021-06-30,7505.5,7646.60009765625,7492.60009765625,7515.89990234375,729267.0,2,30,6,15680.0,154.0
2021-07-01,7500.0,7605.0,7495.0498046875,7584.39990234375,584331.0,3,1,7,15722.2001953125,109.9501953125
2021-07-02,7625.0,7634.5,7546.5498046875,7573.85009765625,434905.0,4,2,7,15834.349609375,87.9501953125
2021-07-05,7596.2998046875,7690.0,7583.0,7599.4501953125,484183.0,0,5,7,15818.25,107.0
2021-07-06,7600.0,7657.9501953125,7487.4501953125,7514.9501953125,425103.0,1,6,7,15879.650390625,170.5
2021-07-07,7528.0,7581.0,7433.64990234375,7449.39990234375,395336.0,2,7,7,15727.900390625,147.35009765625
2021-07-08,7455.0,7498.0,7385.0,7401.2001953125,391940.0,3,8,7,15689.7998046875,113.0
2021-07-09,7381.0,7447.89990234375,7343.39990234375,7425.7001953125,400686.0,4,9,7,15692.599609375,104.5
2021-07-12,7500.0,7589.7998046875,7451.0498046875,7470.10009765625,496478.0,0,12,7,15812.349609375,138.75
2021-07-13,7520.0,7529.2001953125,7404.0,7430.35009765625,350032.0,1,13,7,15853.9501953125,125.2001953125
2021-07-14,7436.0,7449.0,7310.0,7326.75,460178.0,2,14,7,15924.2001953125,139.0
2021-07-15,7357.0,7358.0,7268.0,7307.0,430055.0,3,15,7,15923.400390625,90.0
2021-07-16,7333.0,7333.0,7272.7998046875,7303.5498046875,281552.0,4,16,7,15752.400390625,60.2001953125
2021-07-19,7251.7001953125,7297.0,7151.10009765625,7165.5498046875,386598.0,0,19,7,15632.099609375,145.89990234375
2021-07-20,7180.0,7265.0,7144.4501953125,7232.7001953125,413816.0,1,20,7,15824.0498046875,120.5498046875
2021-07-22,7302.0,7325.0,7246.2998046875,7299.5498046875,439934.0,3,22,7,15856.0498046875,78.7001953125
2021-07-23,7300.0,7375.0,7277.0,7293.85009765625,436330.0,4,23,7,15824.4501953125,98.0
2021-07-26,7307.0,7360.0,7180.0,7235.7998046875,431758.0,0,26,7,15746.4501953125,180.0
2021-07-27,7241.2998046875,7320.0,7160.85009765625,7240.25,417171.0,1,27,7,15709.400390625,159.14990234375
2021-07-28,7280.0,7312.0,7063.0,7165.0498046875,739427.0,2,28,7,15778.4501953125,249.0
2021-07-29,7130.0,7130.0,6936.0,6993.5,1519226.0,3,29,7,15763.0498046875,194.0
2021-07-30,7000.0,7095.0,6964.89990234375,6977.7001953125,715546.0,4,30,7,15885.150390625,130.10009765625
2021-08-02,7100.0,7107.4501953125,7031.0,7076.9501953125,433760.0,0,2,8,16130.75,76.4501953125
2021-08-03,7124.9501953125,7221.0,7086.10009765625,7199.39990234375,470570.0,1,3,8,16258.7998046875,134.89990234375
2021-08-04,7220.0,7248.60009765625,7003.5,7102.89990234375,484122.0,2,4,8,16294.599609375,245.10009765625
2021-08-05,7072.0,7079.9501953125,7006.0,7027.5498046875,495133.0,3,5,8,16238.2001953125,73.9501953125
2021-08-06,7054.7998046875,7168.5,7042.5498046875,7100.7998046875,517575.0,4,6,8,16258.25,125.9501953125
2021-08-09,7135.0,7165.0,7038.0,7081.75,264983.0,0,9,8,16280.099609375,127.0
2021-08-10,7045.2001953125,7104.89990234375,6995.0,7001.9501953125,356726.0,1,10,8,16282.25,109.89990234375
2021-08-11,7002.0,7095.0,6925.14990234375,7021.5,414311.0,2,11,8,16364.400390625,169.85009765625
2021-08-12,7022.0,7084.7998046875,6985.0,7012.0,330283.0,3,12,8,16529.099609375,99.7998046875
2021-08-13,7030.0,7049.89990234375,6973.85009765625,7002.2001953125,431784.0,4,13,8,16563.05078125,76.0498046875
2021-08-16,6982.5,7018.0,6810.0,6826.85009765625,750966.0,0,16,8,16614.599609375,208.0
2021-08-17,6800.0,6943.0,6746.39990234375,6885.39990234375,752517.0,1,17,8,16568.849609375,196.60009765625
2021-08-18,6943.75,6943.75,6820.0,6840.10009765625,434144.0,2,18,8,16450.5,123.75
2021-08-20,6815.0,6914.64990234375,6780.0,6850.89990234375,657982.0,4,20,8,16496.44921875,134.64990234375
2021-08-23,6905.0,6918.0,6801.0,6825.89990234375,537302.0,0,23,8,16624.599609375,117.0
2021-08-24,6789.5,6852.0,6740.60009765625,6803.2001953125,646993.0,1,24,8,16634.650390625,111.39990234375
2021-08-25,6838.0,6838.0,6700.0,6711.4501953125,722194.0,2,25,8,16636.900390625,138.0
2021-08-26,6700.0,6701.35009765625,6591.0,6608.60009765625,1199429.0,3,26,8,16705.19921875,110.35009765625
2021-08-27,6629.75,6694.60009765625,6600.0,6624.85009765625,1428388.0,4,27,8,16931.05078125,94.60009765625
