Date,Open,High,Low,Close,Volume,Day of Week,Day of Month,Month,NIFTY50,Range
2016-01-01,810.0499877929688,817.9000244140625,806.2000122070312,815.5499877929688,986728.0,4,1,1,7791.2998046875,11.70001220703125
2016-01-04,813.9000244140625,821.2999877929688,795.0999755859375,799.0999755859375,2388588.0,0,4,1,7784.64990234375,26.20001220703125
2016-01-05,807.0,807.0,792.0499877929688,800.5,1632394.0,1,5,1,7741.0,14.95001220703125
2016-01-06,805.0,805.7999877929688,790.75,791.9500122070312,2168214.0,2,6,1,7568.2998046875,15.04998779296875
2016-01-07,788.0,799.0,778.6500244140625,783.7999877929688,2082334.0,3,7,1,7601.35009765625,20.3499755859375
2016-01-08,795.0,805.7999877929688,786.0,794.1500244140625,2315237.0,4,8,1,7563.85009765625,19.79998779296875
2016-01-11,789.5,804.5,779.0999755859375,782.25,3424538.0,0,11,1,7510.2998046875,25.4000244140625
2016-01-12,784.0,794.0,784.0,788.1500244140625,1787888.0,1,12,1,7562.39990234375,10.0
2016-01-13,795.0,804.6500244140625,781.5,796.5999755859375,3447651.0,2,13,1,7536.7998046875,23.1500244140625
2016-01-14,789.7999877929688,796.4000244140625,785.7000122070312,791.8499755859375,3233849.0,3,14,1,7437.7998046875,10.70001220703125
2016-01-15,797.75,799.0,780.2000122070312,787.0999755859375,2370237.0,4,15,1,7351.0,18.79998779296875
2016-01-18,787.0,797.5,775.0,784.9500122070312,4202772.0,0,18,1,7435.10009765625,22.5
2016-01-19,786.0,796.7999877929688,781.25,793.9000244140625,2169752.0,1,19,1,7309.2998046875,15.54998779296875
2016-01-20,785.5,805.0,775.5999755859375,792.5999755859375,4222563.0,2,20,1,7276.7998046875,29.4000244140625
2016-01-21,800.0,803.4000244140625,764.0,773.1500244140625,3264178.0,3,21,1,7422.4501953125,39.4000244140625
2016-01-22,779.0,794.0,773.2999877929688,789.2000122070312,1970106.0,4,22,1,7436.14990234375,20.70001220703125
2016-01-25,795.0,814.9000244140625,794.4500122070312,807.25,2905098.0,0,25,1,7437.75,20.45001220703125
2016-01-27,817.0,823.25,809.2999877929688,821.1500244140625,3609838.0,2,27,1,7424.64990234375,13.95001220703125
2016-01-28,817.0,836.7999877929688,817.0,834.1500244140625,4368190.0,3,28,1,7563.5498046875,19.79998779296875
2016-01-29,843.0,878.0,839.0999755859375,872.9500122070312,4709689.0,4,29,1,7555.9501953125,38.9000244140625
2016-02-01,880.7999877929688,888.2999877929688,861.9000244140625,872.2999877929688,3252050.0,0,1,2,7455.5498046875,26.39996337890625
2016-02-02,879.8499755859375,883.3499755859375,831.0999755859375,835.1500244140625,2676955.0,1,2,2,7361.7998046875,52.25
2016-02-03,836.7999877929688,855.0,829.2999877929688,834.9000244140625,2630864.0,2,3,2,7404.0,25.70001220703125
2016-02-04,840.0,847.7999877929688,818.1500244140625,835.5999755859375,2287218.0,3,4,2,7489.10009765625,29.64996337890625
2016-02-05,839.0,860.0,836.5499877929688,857.5499877929688,2250196.0,4,5,2,7387.25,23.45001220703125
2016-02-08,855.0,864.7999877929688,830.0,835.6500244140625,1198192.0,0,8,2,7298.2001953125,34.79998779296875
2016-02-09,830.0,860.9000244140625,828.0999755859375,854.0499877929688,2340243.0,1,9,2,7215.7001953125,32.800048828125
2016-02-10,851.0499877929688,865.75,838.2000122070312,855.75,3530848.0,2,10,2,6976.35009765625,27.54998779296875
2016-02-11,851.0,858.9000244140625,827.0,830.4000244140625,2067334.0,3,11,2,6980.9501953125,31.9000244140625
2016-02-12,845.0,884.7000122070312,802.4500122070312,847.3499755859375,5260215.0,4,12,2,7162.9501953125,82.25
2016-02-15,855.0,867.0,845.0999755859375,850.2000122070312,3592947.0,0,15,2,7048.25,21.9000244140625
2016-02-16,850.5999755859375,857.1500244140625,820.2000122070312,827.7999877929688,1957372.0,1,16,2,7108.4501953125,36.95001220703125
2016-02-17,831.9500122070312,859.3499755859375,828.0,855.7999877929688,1975343.0,2,17,2,7191.75,31.3499755859375
2016-02-18,869.7000122070312,876.5,858.0999755859375,870.4500122070312,2342525.0,3,18,2,7210.75,18.4000244140625
2016-02-19,870.4000244140625,870.4000244140625,857.0,864.2000122070312,1561649.0,4,19,2,7234.5498046875,13.4000244140625
2016-02-22,871.9500122070312,885.7999877929688,868.0,882.4500122070312,2302969.0,0,22,2,7109.5498046875,17.79998779296875
2016-02-23,884.7000122070312,898.4500122070312,866.25,871.0999755859375,2470030.0,1,23,2,7018.7001953125,32.20001220703125
2016-02-24,866.3499755859375,870.0,849.5999755859375,854.5499877929688,1716644.0,2,24,2,6970.60009765625,20.4000244140625
2016-02-25,857.4500122070312,880.0,855.5499877929688,875.3499755859375,3898475.0,3,25,2,7029.75,24.45001220703125
2016-02-26,885.0,890.0,869.0999755859375,871.9000244140625,2409042.0,4,26,2,6987.0498046875,20.9000244140625
2016-02-29,880.7999877929688,880.7999877929688,833.7000122070312,853.9000244140625,3546392.0,0,29,2,7222.2998046875,47.0999755859375
2016-03-01,861.7000122070312,873.0,851.2999877929688,868.4000244140625,2354037.0,1,1,3,7368.85009765625,21.70001220703125
2016-03-02,876.0,877.0999755859375,850.0,851.8499755859375,3184958.0,2,2,3,7475.60009765625,27.0999755859375
2016-03-03,859.9000244140625,873.8499755859375,852.5999755859375,870.9000244140625,2447143.0,3,3,3,7485.35009765625,21.25
2016-03-04,872.0,874.5,852.5999755859375,856.7999877929688,1525260.0,4,4,3,7485.2998046875,21.9000244140625
2016-03-08,859.7999877929688,871.0,851.25,858.5999755859375,2297582.0,1,8,3,7531.7998046875,19.75
2016-03-09,860.0,863.7000122070312,836.9000244140625,860.9000244140625,3139226.0,2,9,3,7486.14990234375,26.79998779296875
2016-03-10,864.4500122070312,868.0,846.5,865.0499877929688,2042250.0,3,10,3,7510.2001953125,21.5
2016-03-11,854.9000244140625,870.0,843.5999755859375,868.2000122070312,2329088.0,4,11,3,7538.75,26.4000244140625
2016-03-14,869.0,876.5499877929688,858.5999755859375,862.2000122070312,2139517.0,0,14,3,7460.60009765625,17.95001220703125
2016-03-15,861.5,861.5,840.5999755859375,843.1500244140625,2357014.0,1,15,3,7498.75,20.9000244140625
2016-03-16,845.5,847.4500122070312,821.6500244140625,835.75,2521867.0,2,16,3,7512.5498046875,25.79998779296875
2016-03-17,842.0,843.9000244140625,821.7999877929688,827.25,2605930.0,3,17,3,7604.35009765625,22.10003662109375
2016-03-18,825.0499877929688,825.9000244140625,798.4000244140625,816.0,5270631.0,4,18,3,7704.25,27.5
2016-03-21,820.5499877929688,838.0499877929688,816.7999877929688,836.4500122070312,3177198.0,0,21,3,7714.89990234375,21.25
2016-03-22,835.0499877929688,847.0,831.9000244140625,844.5999755859375,2105722.0,1,22,3,7716.5,15.0999755859375
2016-03-23,844.7000122070312,852.0,834.5999755859375,846.2000122070312,2331768.0,2,23,3,7615.10009765625,17.4000244140625
2016-03-28,846.0,846.0,803.0,809.25,4596334.0,0,28,3,7597.0,43.0
2016-03-29,809.25,811.8499755859375,770.0,794.3499755859375,7468509.0,1,29,3,7735.2001953125,41.8499755859375
2016-03-30,811.9000244140625,815.5499877929688,801.0499877929688,811.7000122070312,3020735.0,2,30,3,7738.39990234375,14.5
2016-03-31,811.9000244140625,829.6500244140625,811.9000244140625,820.0,5230705.0,3,31,3,7713.0498046875,17.75
2016-04-01,821.0,824.0,809.4000244140625,815.0999755859375,1654746.0,4,1,4,7758.7998046875,14.5999755859375
2016-04-04,817.2000122070312,821.0,811.0999755859375,815.0499877929688,1239310.0,0,4,4,7603.2001953125,9.9000244140625
2016-04-05,816.0,816.4500122070312,799.5,800.7999877929688,2570634.0,1,5,4,7614.35009765625,16.95001220703125
2016-04-06,804.5,811.0999755859375,798.0499877929688,809.5499877929688,1809628.0,2,6,4,7546.4501953125,13.04998779296875
2016-04-07,810.0,822.9000244140625,805.0999755859375,811.7000122070312,2221164.0,3,7,4,7555.2001953125,17.800048828125
2016-04-08,807.0499877929688,817.4500122070312,807.0499877929688,811.75,1088142.0,4,8,4,7671.39990234375,10.4000244140625
2016-04-11,823.0,826.0,809.2000122070312,817.2999877929688,2757166.0,0,11,4,7708.9501953125,16.79998779296875
2016-04-12,819.7000122070312,827.0499877929688,816.3499755859375,823.5999755859375,1942717.0,1,12,4,7850.4501953125,10.70001220703125
2016-04-13,826.0999755859375,835.9000244140625,823.0,833.0499877929688,2310970.0,2,13,4,7914.7001953125,12.9000244140625
2016-04-18,833.1500244140625,841.1500244140625,827.2999877929688,837.7999877929688,2257502.0,0,18,4,7914.75,13.85003662109375
2016-04-20,836.0999755859375,836.0999755859375,825.2000122070312,828.5499877929688,2134965.0,2,20,4,7912.0498046875,10.89996337890625
2016-04-21,831.6500244140625,837.9000244140625,826.7999877929688,832.9000244140625,1381380.0,3,21,4,7899.2998046875,11.10003662109375
2016-04-22,827.0,828.4500122070312,818.1500244140625,820.2000122070312,2527855.0,4,22,4,7855.0498046875,10.29998779296875
2016-04-25,820.0,821.1500244140625,802.0,808.8499755859375,3644370.0,0,25,4,7962.64990234375,19.1500244140625
2016-04-26,805.0,817.5999755859375,797.0,814.4000244140625,4083983.0,1,26,4,7979.89990234375,20.5999755859375
2016-04-27,814.0,816.0999755859375,809.2000122070312,813.9500122070312,1364080.0,2,27,4,7847.25,6.89996337890625
2016-04-28,819.0,819.0,800.0,801.9500122070312,4828596.0,3,28,4,7849.7998046875,19.0
2016-04-29,805.0,813.2999877929688,802.0,811.2999877929688,2339763.0,4,29,4,7805.89990234375,11.29998779296875
2016-05-02,813.75,816.1500244140625,804.5,811.7999877929688,1083227.0,0,2,5,7747.0,11.6500244140625
2016-05-03,808.2000122070312,813.5999755859375,780.0,798.25,5809209.0,1,3,5,7706.5498046875,33.5999755859375
2016-05-04,799.0,806.4000244140625,787.0499877929688,804.2000122070312,2523074.0,2,4,5,7735.5,19.35003662109375
2016-05-05,825.5499877929688,828.0,806.5,810.4500122070312,3065087.0,3,5,5,7733.4501953125,21.5
2016-05-06,809.9500122070312,815.0,802.25,804.4000244140625,1464262.0,4,6,5,7866.0498046875,12.75
2016-05-09,805.0,811.7999877929688,796.0,805.2999877929688,2556690.0,0,9,5,7887.7998046875,15.79998779296875
2016-05-10,806.0,811.0,800.2999877929688,802.1500244140625,2156929.0,1,10,5,7848.85009765625,10.70001220703125
2016-05-11,799.0,806.0,792.0,796.2999877929688,2268518.0,2,11,5,7900.39990234375,14.0
2016-05-12,795.0999755859375,805.7000122070312,795.0999755859375,803.5499877929688,1962391.0,3,12,5,7814.89990234375,10.60003662109375
2016-05-13,805.3499755859375,805.3499755859375,792.5,795.0499877929688,2454738.0,4,13,5,7860.75,12.8499755859375
2016-05-16,799.9000244140625,802.0,791.7000122070312,797.8499755859375,2035038.0,0,16,5,7890.75,10.29998779296875
2016-05-17,801.0,802.5999755859375,796.5,799.9000244140625,2505291.0,1,17,5,7870.14990234375,6.0999755859375
2016-05-18,798.9500122070312,799.0499877929688,791.0,795.2999877929688,2244494.0,2,18,5,7783.39990234375,8.04998779296875
2016-05-19,797.0,797.7000122070312,790.0,792.5,3114189.0,3,19,5,7749.7001953125,7.70001220703125
2016-05-20,797.9000244140625,797.9000244140625,790.0,791.3499755859375,2460489.0,4,20,5,7731.0498046875,7.9000244140625
2016-05-23,793.0,793.7000122070312,779.2999877929688,784.5499877929688,2403975.0,0,23,5,7748.85009765625,14.4000244140625
2016-05-24,786.0,787.0,771.0,772.2999877929688,2249441.0,1,24,5,7934.89990234375,16.0
2016-05-25,778.2999877929688,789.9000244140625,771.2000122070312,785.4500122070312,1556315.0,2,25,5,8069.64990234375,18.70001220703125
2016-05-26,781.0999755859375,788.0,774.0499877929688,779.3499755859375,1900809.0,3,26,5,8156.64990234375,13.95001220703125
2016-05-27,795.0,828.0,790.0999755859375,824.9500122070312,3675225.0,4,27,5,8178.5,37.9000244140625
2016-05-30,831.0,842.0,808.25,812.0999755859375,4888391.0,0,30,5,8160.10009765625,33.75
2016-05-31,792.0,799.0,756.0,762.75,15706495.0,1,31,5,8179.9501953125,43.0
2016-06-01,767.0499877929688,771.4000244140625,752.4500122070312,754.5499877929688,4921709.0,2,1,6,8218.9501953125,18.95001220703125
2016-06-02,755.0999755859375,758.5,744.5499877929688,746.75,4900285.0,3,2,6,8220.7998046875,13.95001220703125
2016-06-03,751.9000244140625,751.9000244140625,735.0499877929688,737.3499755859375,5944789.0,4,3,6,8201.0498046875,16.85003662109375
2016-06-06,748.9000244140625,750.0,721.8499755859375,724.4000244140625,6330743.0,0,6,6,8266.4501953125,28.1500244140625
2016-06-07,728.0,741.9000244140625,710.1500244140625,738.7999877929688,7369626.0,1,7,6,8273.0498046875,31.75
2016-06-08,744.0,744.9500122070312,734.4000244140625,738.0,3384926.0,2,8,6,8203.599609375,10.54998779296875
2016-06-09,738.0,745.25,731.5,742.7000122070312,3948805.0,3,9,6,8170.0498046875,13.75
2016-06-10,745.8499755859375,747.0,738.4000244140625,741.4000244140625,2785032.0,4,10,6,8110.60009765625,8.5999755859375
2016-06-13,738.5,748.0,733.1500244140625,746.4500122070312,2918950.0,0,13,6,8108.85009765625,14.8499755859375
2016-06-14,748.0,755.0,746.5499877929688,753.7000122070312,2789220.0,1,14,6,8206.599609375,8.45001220703125
2016-06-15,756.9000244140625,758.3499755859375,750.0,751.5999755859375,1417625.0,2,15,6,8140.75,8.3499755859375
2016-06-16,752.0,756.3499755859375,742.7000122070312,754.5999755859375,2717995.0,3,16,6,8170.2001953125,13.64996337890625
2016-06-17,756.5,758.1500244140625,740.0999755859375,743.2000122070312,3317924.0,4,17,6,8238.5,18.050048828125
2016-06-20,739.8499755859375,746.0999755859375,733.8499755859375,739.8499755859375,3323011.0,0,20,6,8219.900390625,12.25
2016-06-21,741.0999755859375,745.2000122070312,735.2000122070312,736.2999877929688,3703466.0,1,21,6,8203.7001953125,10.0
2016-06-22,739.9500122070312,741.4000244140625,731.4000244140625,740.0499877929688,3715759.0,2,22,6,8270.4501953125,10.0
2016-06-23,743.9500122070312,757.7999877929688,743.0,752.5999755859375,3909660.0,3,23,6,8088.60009765625,14.79998779296875
2016-06-24,747.7000122070312,765.0,734.0,754.75,7640809.0,4,24,6,8094.7001953125,31.0
2016-06-27,757.0,775.5999755859375,753.2999877929688,773.75,4493497.0,0,27,6,8127.85009765625,22.29998779296875
2016-06-28,774.0,779.3499755859375,763.5499877929688,765.0999755859375,2788888.0,1,28,6,8204.0,15.79998779296875
2016-06-29,770.7000122070312,774.4500122070312,767.5999755859375,770.2999877929688,2460436.0,2,29,6,8287.75,6.85003662109375
2016-06-30,775.0,776.9000244140625,761.0,763.0999755859375,4538392.0,3,30,6,8328.349609375,15.9000244140625
2016-07-01,769.0,769.4500122070312,762.0499877929688,763.3499755859375,2656477.0,4,1,7,8370.7001953125,7.4000244140625
2016-07-04,768.25,774.7999877929688,766.1500244140625,770.7999877929688,1575107.0,0,4,7,8335.9501953125,8.64996337890625
2016-07-05,772.9500122070312,778.0,764.25,774.5,2746347.0,1,5,7,8337.900390625,13.75
2016-07-07,778.0,782.9500122070312,775.0,778.2000122070312,2515212.0,3,7,7,8323.2001953125,7.95001220703125
2016-07-08,781.9500122070312,785.0,774.4500122070312,777.5,2174896.0,4,8,7,8467.900390625,10.54998779296875
2016-07-11,789.0,793.9000244140625,781.5,789.0,4771555.0,0,11,7,8521.0498046875,12.4000244140625
2016-07-12,792.7999877929688,793.0,778.1500244140625,783.0499877929688,3402732.0,1,12,7,8519.5,14.8499755859375
2016-07-13,786.8499755859375,794.8499755859375,775.0,778.5499877929688,3546248.0,2,13,7,8565.0,19.8499755859375
2016-07-14,774.6500244140625,774.6500244140625,766.8499755859375,768.5499877929688,4148326.0,3,14,7,8541.400390625,7.800048828125
2016-07-15,772.0,774.7999877929688,764.0999755859375,770.4000244140625,5462554.0,4,15,7,8508.7001953125,10.70001220703125
2016-07-18,774.2999877929688,781.0,770.9000244140625,776.7000122070312,3096502.0,0,18,7,8528.5498046875,10.0999755859375
2016-07-19,780.0,787.0,777.5999755859375,782.4000244140625,3030866.0,1,19,7,8565.849609375,9.4000244140625
2016-07-20,785.4000244140625,798.2999877929688,781.5499877929688,797.25,4592908.0,2,20,7,8510.099609375,16.75
2016-07-21,800.0,806.0,791.0,794.2000122070312,3452258.0,3,21,7,8541.2001953125,15.0
2016-07-22,796.0,796.0,782.0,786.5999755859375,2552125.0,4,22,7,8635.650390625,14.0
2016-07-25,788.0,805.0,787.0,804.0,3836740.0,0,25,7,8590.650390625,18.0
2016-07-26,807.0,808.0,795.0999755859375,798.4000244140625,2827707.0,1,26,7,8615.7998046875,12.9000244140625
2016-07-27,797.0499877929688,810.0,791.25,807.9000244140625,2447955.0,2,27,7,8666.2998046875,18.75
2016-07-28,810.4000244140625,828.0,809.5,825.4500122070312,3981433.0,3,28,7,8638.5,18.5
2016-07-29,825.0,839.7999877929688,820.5499877929688,829.9500122070312,3056996.0,4,29,7,8636.5498046875,19.25
2016-08-01,837.9000244140625,840.0,822.7000122070312,835.6500244140625,2052236.0,0,1,8,8622.900390625,17.29998779296875
2016-08-02,839.0,847.5,826.8499755859375,828.9000244140625,2135409.0,1,2,8,8544.849609375,20.6500244140625
2016-08-03,832.7000122070312,847.3499755859375,821.2999877929688,839.5999755859375,2105776.0,2,3,8,8551.099609375,26.04998779296875
2016-08-04,842.0,854.9500122070312,840.0999755859375,848.5499877929688,2609726.0,3,4,8,8683.150390625,14.85003662109375
2016-08-05,852.9000244140625,854.4500122070312,837.0499877929688,841.9000244140625,1908271.0,4,5,8,8711.349609375,17.4000244140625
2016-08-08,842.0499877929688,844.8499755859375,830.4000244140625,832.7999877929688,3382787.0,0,8,8,8678.25,14.449951171875
2016-08-09,834.0,835.2000122070312,822.5999755859375,829.3499755859375,1896252.0,1,9,8,8575.2998046875,12.60003662109375
2016-08-10,831.7000122070312,833.0,815.0499877929688,817.6500244140625,1315780.0,2,10,8,8592.150390625,17.95001220703125
2016-08-12,816.7999877929688,825.9000244140625,790.5499877929688,800.5499877929688,8732728.0,4,12,8,8642.5498046875,35.35003662109375
2016-08-16,808.3499755859375,808.3499755859375,781.2000122070312,782.7000122070312,5115466.0,1,16,8,8624.0498046875,27.14996337890625
2016-08-17,778.75,790.7999877929688,772.7999877929688,785.0,3550406.0,2,17,8,8673.25,18.0
2016-08-18,790.0,794.4000244140625,785.5,788.7999877929688,1585900.0,3,18,8,8666.900390625,8.9000244140625
2016-08-19,792.75,793.5,779.5999755859375,783.7999877929688,3217425.0,4,19,8,8629.150390625,13.9000244140625
2016-08-22,784.25,785.0,765.0,770.0999755859375,5501620.0,0,22,8,8632.599609375,20.0
2016-08-23,770.7000122070312,770.7000122070312,760.0,762.3499755859375,3756220.0,1,23,8,8650.2998046875,10.70001220703125
2016-08-24,765.0,775.3499755859375,763.5499877929688,769.7000122070312,3806381.0,2,24,8,8592.2001953125,11.79998779296875
2016-08-25,773.9500122070312,777.2999877929688,762.0499877929688,764.9500122070312,2285008.0,3,25,8,8572.5498046875,15.25
2016-08-26,766.25,768.6500244140625,752.75,755.25,1978922.0,4,26,8,8607.4501953125,15.9000244140625
2016-08-29,757.9000244140625,762.4000244140625,746.5999755859375,759.2999877929688,2362413.0,0,29,8,8744.349609375,15.800048828125
2016-08-30,763.7999877929688,777.0,760.9500122070312,774.8499755859375,1726397.0,1,30,8,8786.2001953125,16.04998779296875
2016-08-31,778.0,782.0,771.2999877929688,775.6500244140625,3405144.0,2,31,8,8774.650390625,10.70001220703125
2016-09-01,775.5999755859375,778.9000244140625,767.25,770.0499877929688,1183855.0,3,1,9,8809.650390625,11.6500244140625
2016-09-02,774.0,784.2999877929688,768.0,782.3499755859375,1867621.0,4,2,9,8943.0,16.29998779296875
2016-09-06,786.0,789.0,778.2999877929688,782.6500244140625,1556462.0,1,6,9,8917.9501953125,10.70001220703125
2016-09-07,783.0,784.5499877929688,776.5499877929688,779.25,1353192.0,2,7,9,8952.5,8.0
2016-09-08,780.0,809.75,777.2999877929688,808.0499877929688,3663747.0,3,8,9,8866.7001953125,32.45001220703125
2016-09-09,811.0,818.5,794.0999755859375,797.4500122070312,4003165.0,4,9,9,8715.599609375,24.4000244140625
2016-09-12,789.0,795.9000244140625,779.0999755859375,787.0499877929688,2621800.0,0,12,9,8726.599609375,16.800048828125
2016-09-14,795.0,796.2000122070312,774.4000244140625,779.8499755859375,3858523.0,2,14,9,8742.5498046875,21.79998779296875
2016-09-15,784.0,792.5999755859375,782.1500244140625,786.3499755859375,1479337.0,3,15,9,8779.849609375,10.449951171875
2016-09-16,790.0499877929688,794.0,781.25,783.7999877929688,2303954.0,4,16,9,8808.400390625,12.75
2016-09-19,784.5499877929688,789.7000122070312,780.5499877929688,782.5,1283403.0,0,19,9,8775.900390625,9.1500244140625
2016-09-20,785.0,786.5999755859375,777.0,778.75,2078649.0,1,20,9,8777.150390625,9.5999755859375
2016-09-21,782.0,784.5,776.3499755859375,778.8499755859375,1572757.0,2,21,9,8867.4501953125,8.1500244140625
2016-09-22,786.0499877929688,788.8499755859375,783.2999877929688,786.75,1730313.0,3,22,9,8831.5498046875,5.54998779296875
2016-09-23,790.0999755859375,790.75,778.0,780.0499877929688,1768021.0,4,23,9,8723.0498046875,12.75
2016-09-26,781.0,784.25,764.5999755859375,766.1500244140625,2308824.0,0,26,9,8706.400390625,19.6500244140625
2016-09-27,766.5,776.9000244140625,766.1500244140625,770.1500244140625,1556490.0,1,27,9,8745.150390625,10.75
2016-09-28,766.2000122070312,773.75,763.4000244140625,764.7999877929688,2342694.0,2,28,9,8591.25,10.3499755859375
2016-09-29,769.0,770.0,732.0,735.8499755859375,5321213.0,3,29,9,8611.150390625,38.0
2016-09-30,739.9500122070312,745.0,735.0999755859375,742.7000122070312,2051308.0,4,30,9,8738.099609375,9.9000244140625
2016-10-03,750.0,761.0,750.0,757.0499877929688,1856097.0,0,3,10,8769.150390625,11.0
2016-10-04,762.0,773.0,759.25,764.2999877929688,2557812.0,1,4,10,8743.9501953125,13.75
2016-10-05,768.5,768.5,757.2999877929688,759.4500122070312,1847125.0,2,5,10,8709.5498046875,11.20001220703125
2016-10-06,765.0,766.5499877929688,750.0999755859375,752.9000244140625,1755184.0,3,6,10,8697.599609375,16.45001220703125
2016-10-07,756.0,756.2000122070312,748.7999877929688,751.2000122070312,1554398.0,4,7,10,8708.7998046875,7.4000244140625
2016-10-10,752.9500122070312,758.0,750.0,755.4500122070312,1365905.0,0,10,10,8573.349609375,8.0
2016-10-13,749.2000122070312,753.9000244140625,735.0999755859375,739.7000122070312,2996697.0,3,13,10,8583.400390625,18.800048828125
2016-10-14,740.9000244140625,747.0,737.4000244140625,745.5,1849542.0,4,14,10,8520.400390625,9.5999755859375
2016-10-17,747.2999877929688,747.4000244140625,732.0,733.9500122070312,1510291.0,0,17,10,8677.900390625,15.4000244140625
2016-10-18,735.9500122070312,745.2999877929688,735.5,743.5,1901132.0,1,18,10,8659.099609375,9.79998779296875
2016-10-19,748.4000244140625,759.0,747.0499877929688,750.25,2267328.0,2,19,10,8699.400390625,11.95001220703125
2016-10-20,754.75,755.9000244140625,742.9500122070312,745.5,1360596.0,3,20,10,8693.0498046875,12.95001220703125
2016-10-21,747.0,749.0,740.5499877929688,747.75,1807639.0,4,21,10,8708.9501953125,8.45001220703125
2016-10-24,749.9000244140625,753.7000122070312,745.25,747.1500244140625,1014731.0,0,24,10,8691.2998046875,8.45001220703125
2016-10-25,749.0999755859375,759.0,746.25,747.4000244140625,1924646.0,1,25,10,8615.25,12.75
2016-10-26,749.0,749.0,736.0999755859375,738.7000122070312,1206610.0,2,26,10,8615.25,12.9000244140625
2016-10-27,742.0,750.7000122070312,737.2000122070312,746.9000244140625,2686399.0,3,27,10,8638.0,13.5
2016-10-28,747.0,752.0,741.9500122070312,743.4000244140625,1900094.0,4,28,10,8626.25,10.04998779296875
2016-11-01,749.0,749.0,732.0999755859375,733.75,2566651.0,1,1,11,8514.0,16.9000244140625
2016-11-02,732.7999877929688,732.7999877929688,713.0999755859375,714.0499877929688,3286334.0,2,2,11,8484.9501953125,19.70001220703125
2016-11-03,714.0,717.0,700.4000244140625,703.6500244140625,4374269.0,3,3,11,8433.75,16.5999755859375
2016-11-04,679.9000244140625,679.9000244140625,647.0999755859375,651.5,17908933.0,4,4,11,8497.0498046875,32.800048828125
2016-11-07,676.0,677.0,653.0,654.9000244140625,6663505.0,0,7,11,8543.5498046875,24.0
2016-11-08,660.0,663.0499877929688,632.2999877929688,635.4000244140625,9896681.0,1,8,11,8432.0,30.75
2016-11-09,600.0,669.1500244140625,571.9000244140625,660.75,14963330.0,2,9,11,8525.75,97.25
2016-11-10,680.0,693.5999755859375,664.0999755859375,666.2000122070312,9357587.0,3,10,11,8296.2998046875,29.5
2016-11-11,690.0,708.0,680.0,688.0,13184334.0,4,11,11,8108.4501953125,28.0
2016-11-15,697.9500122070312,705.5499877929688,674.6500244140625,682.4500122070312,5816519.0,1,15,11,8111.60009765625,30.89996337890625
2016-11-16,691.0,694.75,660.0,667.4000244140625,4722902.0,2,16,11,8079.9501953125,34.75
2016-11-17,668.75,681.3499755859375,660.0,669.25,3756250.0,3,17,11,8074.10009765625,21.3499755859375
2016-11-18,671.5,692.5,662.0499877929688,688.8499755859375,6150792.0,4,18,11,7929.10009765625,30.45001220703125
2016-11-21,692.0,697.0999755859375,676.0499877929688,690.3499755859375,5090705.0,0,21,11,8002.2998046875,21.04998779296875
2016-11-22,699.0,699.4000244140625,685.0,689.9000244140625,3359143.0,1,22,11,8033.2998046875,14.4000244140625
2016-11-23,696.0,704.9000244140625,691.0499877929688,701.2999877929688,4496512.0,2,23,11,7965.5,13.85003662109375
2016-11-24,699.5,699.5,680.0,682.5,3783616.0,3,24,11,8114.2998046875,19.5
2016-11-25,689.5,717.0,685.0999755859375,714.1500244140625,4410579.0,4,25,11,8126.89990234375,31.9000244140625
2016-11-28,713.6500244140625,720.2000122070312,710.0499877929688,715.1500244140625,2607872.0,0,28,11,8142.14990234375,10.1500244140625
2016-11-29,719.9000244140625,721.5,702.0,706.5,3674024.0,1,29,11,8224.5,19.5
2016-11-30,710.9000244140625,719.5,706.2999877929688,709.7999877929688,4359468.0,2,30,11,8192.900390625,13.20001220703125
2016-12-01,709.7999877929688,724.5,707.0,721.5,2796906.0,3,1,12,8086.7998046875,17.5
2016-12-02,719.2999877929688,730.9500122070312,716.0999755859375,720.3499755859375,3163480.0,4,2,12,8128.75,14.85003662109375
2016-12-05,722.0,725.0,710.3499755859375,713.0999755859375,2946490.0,0,5,12,8143.14990234375,14.6500244140625
2016-12-06,716.5499877929688,721.7000122070312,704.1500244140625,706.1500244140625,2939600.0,1,6,12,8102.0498046875,17.54998779296875
2016-12-07,700.0,700.0,660.0,664.0,12922300.0,2,7,12,8246.849609375,40.0
2016-12-08,664.0,679.5999755859375,658.8499755859375,675.7000122070312,6865033.0,3,8,12,8261.75,20.75
2016-12-09,678.0,682.7999877929688,671.25,673.0,3298719.0,4,9,12,8170.7998046875,11.54998779296875
2016-12-12,673.2000122070312,681.9000244140625,670.0,676.4000244140625,2155130.0,0,12,12,8221.7998046875,11.9000244140625
2016-12-13,676.0,685.7000122070312,666.5499877929688,684.3499755859375,4508196.0,1,13,12,8182.4501953125,19.1500244140625
2016-12-14,685.9500122070312,692.6500244140625,675.0,678.4000244140625,3202343.0,2,14,12,8153.60009765625,17.6500244140625
2016-12-15,672.7999877929688,673.5999755859375,645.0,649.9500122070312,9539189.0,3,15,12,8139.4501953125,28.5999755859375
2016-12-16,650.8499755859375,651.9000244140625,633.5999755859375,647.3499755859375,10780836.0,4,16,12,8104.35009765625,18.300048828125
2016-12-19,644.0,644.0,630.0999755859375,632.25,4214766.0,0,19,12,8082.39990234375,13.9000244140625
2016-12-20,635.0,638.0,622.0999755859375,627.9000244140625,3984283.0,1,20,12,8061.2998046875,15.9000244140625
2016-12-21,632.0,633.9000244140625,613.0499877929688,614.4500122070312,7404147.0,2,21,12,7979.10009765625,20.85003662109375
2016-12-22,616.25,625.0,608.0,609.1500244140625,5479188.0,3,22,12,7985.75,17.0
2016-12-23,614.0,629.5,611.2000122070312,623.5,6105681.0,4,23,12,7908.25,18.29998779296875
2016-12-26,624.5499877929688,624.9000244140625,610.0,611.25,3005547.0,0,26,12,8032.85009765625,14.9000244140625
2016-12-27,614.0,622.2000122070312,612.5999755859375,621.0999755859375,2289086.0,1,27,12,8034.85009765625,9.60003662109375
2016-12-28,624.0,628.6500244140625,619.0499877929688,621.3499755859375,2516753.0,2,28,12,8103.60009765625,9.60003662109375
2016-12-29,621.5,624.9500122070312,611.8499755859375,614.7000122070312,4788982.0,3,29,12,8185.7998046875,13.10003662109375
2016-12-30,619.0,632.0,616.6500244140625,630.0,3523510.0,4,30,12,8179.5,15.3499755859375
2017-01-02,633.0,640.3499755859375,627.0,634.0499877929688,2266225.0,0,2,1,8192.25,13.3499755859375
2017-01-03,637.0,641.9500122070312,631.8499755859375,636.0999755859375,2821892.0,1,3,1,8190.5,10.10003662109375
2017-01-04,638.0,643.7999877929688,634.7999877929688,637.3499755859375,2500456.0,2,4,1,8273.7998046875,9.0
2017-01-05,646.0999755859375,647.9000244140625,641.5,643.4500122070312,2589560.0,3,5,1,8243.7998046875,6.4000244140625
2017-01-06,648.0999755859375,649.75,639.4500122070312,640.75,1864378.0,4,6,1,8236.0498046875,10.29998779296875
2017-01-09,641.0999755859375,646.9000244140625,631.0,632.0499877929688,1827405.0,0,9,1,8288.599609375,15.9000244140625
2017-01-10,635.0,639.9000244140625,627.0999755859375,638.5499877929688,2559697.0,1,10,1,8380.650390625,12.800048828125
2017-01-11,640.0,649.5499877929688,639.2999877929688,648.2000122070312,2784843.0,2,11,1,8407.2001953125,10.25
2017-01-12,629.0,646.9000244140625,629.0,644.75,6269913.0,3,12,1,8400.349609375,17.9000244140625
2017-01-13,647.0,657.4000244140625,642.4500122070312,653.0,3524996.0,4,13,1,8412.7998046875,14.95001220703125
2017-01-16,651.0,654.9000244140625,642.2000122070312,643.5,1349694.0,0,16,1,8398.0,12.70001220703125
2017-01-17,645.0,652.7000122070312,644.4500122070312,649.7000122070312,3016496.0,1,17,1,8417.0,8.25
2017-01-18,649.0,654.0,644.5,649.9500122070312,4013631.0,2,18,1,8435.099609375,9.5
2017-01-19,647.0,653.7000122070312,641.0999755859375,643.4500122070312,2089653.0,3,19,1,8349.349609375,12.60003662109375
2017-01-20,642.8499755859375,647.4000244140625,640.0,641.5499877929688,3671360.0,4,20,1,8391.5,7.4000244140625
2017-01-23,640.0,645.25,632.5,633.6500244140625,2955807.0,0,23,1,8475.7998046875,12.75
2017-01-24,636.0,644.5,636.0,641.4000244140625,2187797.0,1,24,1,8602.75,8.5
2017-01-25,644.0,646.7000122070312,634.2000122070312,635.8499755859375,3068071.0,2,25,1,8641.25,12.5
2017-01-27,638.2999877929688,643.0,633.7999877929688,640.5,2362371.0,4,27,1,8632.75,9.20001220703125
2017-01-30,640.0499877929688,654.9000244140625,639.0,644.75,2406083.0,0,30,1,8561.2998046875,15.9000244140625
2017-01-31,644.5,649.0,630.0,631.5,1926978.0,1,31,1,8716.400390625,19.0
2017-02-01,631.0,637.4500122070312,618.4000244140625,625.5499877929688,3507275.0,2,1,2,8734.25,19.04998779296875
2017-02-02,626.2000122070312,644.7000122070312,620.0,641.4000244140625,3819377.0,3,2,2,8740.9501953125,24.70001220703125
2017-02-03,644.5,649.7999877929688,640.25,647.25,2048060.0,4,3,2,8801.0498046875,9.54998779296875
2017-02-06,650.0,677.2999877929688,645.0,675.1500244140625,5835962.0,0,6,2,8768.2998046875,32.29998779296875
2017-02-07,675.0,689.5499877929688,667.2000122070312,669.5999755859375,4274151.0,1,7,2,8769.0498046875,22.3499755859375
2017-02-08,668.6500244140625,677.0,659.2000122070312,662.2000122070312,2959209.0,2,8,2,8778.400390625,17.79998779296875
2017-02-09,665.0,669.0,653.3499755859375,655.5,3295494.0,3,9,2,8793.5498046875,15.6500244140625
2017-02-10,655.5,662.0999755859375,650.0999755859375,655.0499877929688,2814314.0,4,10,2,8805.0498046875,12.0
2017-02-13,656.5,659.4500122070312,648.0,654.7000122070312,1885766.0,0,13,2,8792.2998046875,11.45001220703125
2017-02-14,659.0,662.8499755859375,640.9000244140625,649.2999877929688,3393607.0,1,14,2,8724.7001953125,21.949951171875
2017-02-15,650.2000122070312,651.75,621.5,623.0499877929688,10352763.0,2,15,2,8778.0,30.25
2017-02-16,624.0,652.0,623.4500122070312,649.2999877929688,6158072.0,3,16,2,8821.7001953125,28.54998779296875
2017-02-17,653.5,677.9500122070312,649.0999755859375,675.5,6165104.0,4,17,2,8879.2001953125,28.85003662109375
2017-02-20,678.0,686.4000244140625,672.5,679.6500244140625,4597889.0,0,20,2,8907.849609375,13.9000244140625
2017-02-21,681.7000122070312,685.0,670.0999755859375,673.2000122070312,2972142.0,1,21,2,8926.900390625,14.9000244140625
2017-02-22,674.0,675.4000244140625,662.75,670.3499755859375,2662258.0,2,22,2,8939.5,12.6500244140625
2017-02-23,673.9000244140625,681.2999877929688,667.0499877929688,674.5499877929688,4522397.0,3,23,2,8896.7001953125,14.25
2017-02-27,674.0999755859375,685.5,671.0999755859375,674.4500122070312,3477074.0,0,27,2,8879.599609375,14.4000244140625
2017-02-28,675.0,682.2999877929688,675.0,679.0,2711558.0,1,28,2,8945.7998046875,7.29998779296875
2017-03-01,681.0999755859375,697.4000244140625,679.0,694.6500244140625,4972108.0,2,1,3,8899.75,18.4000244140625
2017-03-02,700.0,701.2999877929688,672.9000244140625,676.1500244140625,4783045.0,3,2,3,8897.5498046875,28.39996337890625
2017-03-03,672.0,688.4500122070312,671.0999755859375,686.4500122070312,2495214.0,4,3,3,8963.4501953125,17.35003662109375
2017-03-06,684.0,684.5,675.0999755859375,683.0,2858145.0,0,6,3,8946.900390625,9.4000244140625
2017-03-07,683.5999755859375,684.8499755859375,675.25,679.6500244140625,2152337.0,1,7,3,8924.2998046875,9.5999755859375
2017-03-08,675.0,688.8499755859375,673.0,680.4000244140625,3480865.0,2,8,3,8927.0,15.8499755859375
2017-03-09,680.3499755859375,686.0,676.0999755859375,685.1500244140625,2408830.0,3,9,3,8934.5498046875,9.9000244140625
2017-03-10,680.0499877929688,691.0999755859375,680.0,682.9500122070312,1987748.0,4,10,3,9087.0,11.0999755859375
2017-03-14,693.5,729.0499877929688,677.0999755859375,708.2000122070312,9857280.0,1,14,3,9084.7998046875,51.95001220703125
2017-03-15,713.0,717.4500122070312,704.25,705.8499755859375,3046871.0,2,15,3,9153.7001953125,13.20001220703125
2017-03-16,711.0,719.5,707.0999755859375,710.7999877929688,3087300.0,3,16,3,9160.0498046875,12.4000244140625
2017-03-17,715.0,716.4000244140625,702.0,707.5,3067000.0,4,17,3,9126.849609375,14.4000244140625
2017-03-20,709.0,711.0,704.5,706.5499877929688,1418664.0,0,20,3,9121.5,6.5
2017-03-21,704.0,705.9000244140625,684.1500244140625,698.0499877929688,3691911.0,1,21,3,9030.4501953125,21.75
2017-03-22,694.0,703.0,690.8499755859375,701.4500122070312,2414239.0,2,22,3,9086.2998046875,12.1500244140625
2017-03-23,704.0,705.0,699.25,703.1500244140625,1294418.0,3,23,3,9108.0,5.75
2017-03-24,703.5,709.6500244140625,700.2000122070312,703.9000244140625,1357525.0,4,24,3,9045.2001953125,9.45001220703125
2017-03-27,701.0,703.3499755859375,689.5,691.2000122070312,1859318.0,0,27,3,9100.7998046875,13.8499755859375
2017-03-28,694.7999877929688,702.5499877929688,693.7000122070312,698.5999755859375,1626424.0,1,28,3,9143.7998046875,8.8499755859375
2017-03-29,701.0,701.4000244140625,685.0,687.6500244140625,5152744.0,2,29,3,9173.75,16.4000244140625
2017-03-30,689.7999877929688,694.0499877929688,685.2000122070312,687.0499877929688,2558208.0,3,30,3,9173.75,8.8499755859375
2017-03-31,685.2000122070312,694.0499877929688,684.5999755859375,688.1500244140625,2898457.0,4,31,3,9237.849609375,9.45001220703125
2017-04-03,688.75,693.7999877929688,685.0999755859375,692.4000244140625,1347390.0,0,3,4,9265.150390625,8.70001220703125
2017-04-05,694.5,696.7000122070312,686.5,690.7000122070312,1977427.0,2,5,4,9261.9501953125,10.20001220703125
2017-04-06,692.9500122070312,692.9500122070312,683.1500244140625,686.9000244140625,2015425.0,3,6,4,9198.2998046875,9.79998779296875
2017-04-07,684.9000244140625,684.9000244140625,662.2000122070312,665.9500122070312,6076717.0,4,7,4,9181.4501953125,22.70001220703125
2017-04-10,667.0,669.9000244140625,661.2000122070312,667.75,2138613.0,0,10,4,9237.0,8.70001220703125
2017-04-11,668.0499877929688,673.0,666.0999755859375,670.4000244140625,1344759.0,1,11,4,9203.4501953125,6.9000244140625
2017-04-12,672.75,689.5,663.4000244140625,683.25,2653626.0,2,12,4,9150.7998046875,26.0999755859375
2017-04-13,688.5,699.8499755859375,681.5,692.75,2918733.0,3,13,4,9139.2998046875,18.3499755859375
2017-04-17,682.0,683.0,670.2999877929688,677.0499877929688,2411262.0,0,17,4,9105.150390625,12.70001220703125
2017-04-18,677.9500122070312,679.5,663.9500122070312,665.1500244140625,1734258.0,1,18,4,9103.5,15.54998779296875
2017-04-19,668.9500122070312,676.0,661.4000244140625,663.3499755859375,2241129.0,2,19,4,9136.400390625,14.5999755859375
2017-04-20,666.0,667.7000122070312,655.0499877929688,655.9500122070312,2071407.0,3,20,4,9119.400390625,12.6500244140625
2017-04-21,659.4500122070312,659.4500122070312,636.5999755859375,639.5999755859375,6091210.0,4,21,4,9217.9501953125,22.85003662109375
2017-04-24,635.0,645.25,632.0499877929688,642.8499755859375,4428981.0,0,24,4,9306.599609375,13.20001220703125
2017-04-25,645.25,649.0,639.9000244140625,642.5499877929688,1825996.0,1,25,4,9351.849609375,9.0999755859375
2017-04-26,643.0,646.5,635.0999755859375,642.7999877929688,1915462.0,2,26,4,9342.150390625,11.4000244140625
2017-04-27,645.0,646.0,632.75,637.0,2432744.0,3,27,4,9304.0498046875,13.25
2017-04-28,637.25,644.2000122070312,637.25,641.9500122070312,1903299.0,4,28,4,9313.7998046875,6.95001220703125
2017-05-02,642.4000244140625,644.25,627.5,632.7999877929688,2415773.0,1,2,5,9311.9501953125,16.75
2017-05-03,631.0,635.4500122070312,624.0,628.8499755859375,3807210.0,2,3,5,9359.900390625,11.45001220703125
2017-05-04,628.0,637.2000122070312,623.5999755859375,631.5,3150744.0,3,4,5,9285.2998046875,13.60003662109375
2017-05-05,630.0,638.0,626.0,630.2000122070312,2538263.0,4,5,5,9314.0498046875,12.0
2017-05-08,630.9500122070312,639.7999877929688,626.7000122070312,637.1500244140625,1544639.0,0,8,5,9316.849609375,13.0999755859375
2017-05-09,638.0,642.2999877929688,630.4500122070312,640.2999877929688,1589995.0,1,9,5,9407.2998046875,11.8499755859375
2017-05-10,642.0499877929688,646.5999755859375,637.3499755859375,642.7999877929688,1381364.0,2,10,5,9422.400390625,9.25
2017-05-11,644.8499755859375,649.9000244140625,640.1500244140625,648.4500122070312,1674209.0,3,11,5,9400.900390625,9.75
2017-05-12,650.0,656.7000122070312,643.8499755859375,655.0999755859375,1992719.0,4,12,5,9445.400390625,12.85003662109375
2017-05-15,655.4000244140625,656.8499755859375,649.5,654.4500122070312,1224004.0,0,15,5,9512.25,7.3499755859375
2017-05-16,655.0,656.5499877929688,648.0,652.3499755859375,2325051.0,1,16,5,9525.75,8.54998779296875
2017-05-17,652.0999755859375,653.0,644.0999755859375,650.9000244140625,1920624.0,2,17,5,9429.4501953125,8.9000244140625
2017-05-18,648.7000122070312,655.25,643.4500122070312,653.9500122070312,2149513.0,3,18,5,9427.900390625,11.79998779296875
2017-05-19,655.5,656.9500122070312,646.7000122070312,653.1500244140625,2223401.0,4,19,5,9438.25,10.25
2017-05-22,654.0,654.0,636.2999877929688,640.1500244140625,3156574.0,0,22,5,9386.150390625,17.70001220703125
2017-05-23,628.0,630.8499755859375,589.0999755859375,614.0999755859375,11623535.0,1,23,5,9360.5498046875,41.75
2017-05-24,615.9500122070312,616.2999877929688,599.5,603.5,3751856.0,2,24,5,9509.75,16.79998779296875
2017-05-25,609.0499877929688,609.2999877929688,582.3499755859375,591.5499877929688,7237706.0,3,25,5,9595.099609375,26.95001220703125
2017-05-26,590.5999755859375,597.8499755859375,564.0,567.6500244140625,10814562.0,4,26,5,9604.900390625,33.8499755859375
2017-05-29,529.0,529.0,492.6499938964844,502.6000061035156,42138319.0,0,29,5,9624.5498046875,36.350006103515625
2017-05-30,502.0,510.54998779296875,502.0,508.0,10937265.0,1,30,5,9621.25,8.54998779296875
2017-05-31,512.0,512.0499877929688,499.75,501.6000061035156,14794419.0,2,31,5,9616.099609375,12.29998779296875
2017-06-01,502.1000061035156,523.9500122070312,502.1000061035156,507.45001220703125,14169918.0,3,1,6,9653.5,21.850006103515625
2017-06-02,515.0,517.9500122070312,508.0,514.8499755859375,7715676.0,4,2,6,9675.099609375,9.95001220703125
2017-06-05,520.0,522.0,511.6499938964844,512.7999877929688,5257958.0,0,5,6,9637.150390625,10.350006103515625
2017-06-06,516.0,516.3499755859375,503.0,504.29998779296875,4813209.0,1,6,6,9663.900390625,13.3499755859375
2017-06-07,508.8999938964844,515.75,504.79998779296875,511.54998779296875,4217463.0,2,7,6,9647.25,10.95001220703125
2017-06-08,514.0,534.5999755859375,511.6000061035156,528.8499755859375,10616075.0,3,8,6,9668.25,22.999969482421875
2017-06-09,530.0,533.8499755859375,521.7000122070312,524.7000122070312,4635649.0,4,9,6,9616.400390625,12.14996337890625
2017-06-12,525.0,540.9000244140625,521.9000244140625,532.5499877929688,7634053.0,0,12,6,9606.900390625,19.0
2017-06-13,551.1500244140625,552.0,536.2000122070312,537.2000122070312,9578458.0,1,13,6,9618.150390625,15.79998779296875
2017-06-14,540.0,541.0,532.5999755859375,539.5499877929688,3182248.0,2,14,6,9578.0498046875,8.4000244140625
2017-06-15,540.75,549.3499755859375,536.8499755859375,544.0,4179924.0,3,15,6,9588.0498046875,12.5
2017-06-16,547.9000244140625,547.9500122070312,526.0,529.1500244140625,4986232.0,4,16,6,9657.5498046875,21.95001220703125
2017-06-19,533.0,533.9500122070312,521.5499877929688,524.8499755859375,4118410.0,0,19,6,9653.5,12.4000244140625
2017-06-20,526.0999755859375,533.7999877929688,519.75,523.7999877929688,4464038.0,1,20,6,9633.599609375,14.04998779296875
2017-06-21,528.0,535.0,523.2000122070312,528.0,4257922.0,2,21,6,9630.0,11.79998779296875
2017-06-22,529.5,539.9500122070312,529.0,538.7000122070312,5201690.0,3,22,6,9574.9501953125,10.95001220703125
2017-06-23,538.0,545.5,537.0,543.7999877929688,3920128.0,4,23,6,9511.400390625,8.5
2017-06-27,547.0,549.4000244140625,537.25,544.0499877929688,4675855.0,1,27,6,9491.25,12.1500244140625
2017-06-28,543.7999877929688,548.1500244140625,538.0,545.4500122070312,5278948.0,2,28,6,9504.099609375,10.1500244140625
2017-06-29,546.0,546.5,534.0999755859375,536.9000244140625,6060935.0,3,29,6,9520.900390625,12.4000244140625
2017-06-30,538.7999877929688,560.9500122070312,538.0,555.7000122070312,6561625.0,4,30,6,9615.0,22.95001220703125
2017-07-03,556.0,558.2000122070312,548.75,552.0,1580045.0,0,3,7,9613.2998046875,9.45001220703125
2017-07-04,556.0,556.7000122070312,545.7000122070312,552.4500122070312,1980453.0,1,4,7,9637.599609375,11.0
2017-07-05,552.5499877929688,560.5999755859375,548.75,550.6500244140625,3121863.0,2,5,7,9674.5498046875,11.8499755859375
2017-07-06,550.8499755859375,552.5,543.4500122070312,545.5999755859375,4155333.0,3,6,7,9665.7998046875,9.04998779296875
2017-07-07,546.0,552.25,545.0,549.0,4482328.0,4,7,7,9771.0498046875,7.25
2017-07-10,557.75,570.0,557.75,563.7000122070312,1025468.0,0,10,7,9786.0498046875,12.25
2017-07-11,565.0,571.9000244140625,562.0999755859375,563.7999877929688,2824262.0,1,11,7,9816.099609375,9.800048828125
2017-07-12,566.0,567.0,560.0,562.4000244140625,1383094.0,2,12,7,9891.7001953125,7.0
2017-07-13,560.0499877929688,571.5999755859375,560.0499877929688,569.2999877929688,4364882.0,3,13,7,9886.349609375,11.54998779296875
2017-07-14,568.9000244140625,578.9500122070312,568.5,572.5499877929688,3111057.0,4,14,7,9915.9501953125,10.45001220703125
2017-07-17,575.0,577.75,567.5,571.4500122070312,1878995.0,0,17,7,9827.150390625,10.25
2017-07-18,569.9000244140625,583.0,569.0,578.25,1868904.0,1,18,7,9899.599609375,14.0
2017-07-19,584.0,590.25,583.0,589.1500244140625,1772229.0,2,19,7,9873.2998046875,7.25
2017-07-20,591.5,591.5,580.0,582.0499877929688,1054118.0,3,20,7,9915.25,11.5
2017-07-21,582.7000122070312,586.4000244140625,575.0,575.9500122070312,2584036.0,4,21,7,9966.400390625,11.4000244140625
2017-07-24,577.0,577.9000244140625,569.3499755859375,570.7999877929688,1496356.0,0,24,7,9964.5498046875,8.550048828125
2017-07-25,571.0499877929688,573.3499755859375,563.5,565.9000244140625,2272849.0,1,25,7,10020.650390625,9.8499755859375
2017-07-26,568.5,580.2999877929688,566.5,579.5,1896905.0,2,26,7,10020.5498046875,13.79998779296875
2017-07-27,580.0,582.2000122070312,567.5,572.0999755859375,5119717.0,3,27,7,10014.5,14.70001220703125
2017-07-28,569.0,569.8499755859375,549.0,550.7999877929688,4094196.0,4,28,7,10077.099609375,20.8499755859375
2017-07-31,553.0,553.7000122070312,528.9000244140625,531.6500244140625,5404990.0,0,31,7,10114.650390625,24.79998779296875
2017-08-01,531.6500244140625,541.9000244140625,530.0499877929688,533.7999877929688,3699349.0,1,1,8,10081.5,11.85003662109375
2017-08-02,537.0,537.2999877929688,521.75,523.5499877929688,3483902.0,2,2,8,10013.650390625,15.54998779296875
2017-08-03,527.0,530.0,514.0,515.8499755859375,4531774.0,3,3,8,10066.400390625,16.0
2017-08-04,513.7000122070312,513.7999877929688,492.6499938964844,506.3999938964844,7344699.0,4,4,8,10057.400390625,21.149993896484375
2017-08-07,508.8999938964844,513.1500244140625,504.25,505.54998779296875,2279879.0,0,7,8,9978.5498046875,8.9000244140625
2017-08-08,509.0,509.0,498.0,500.3500061035156,3042569.0,1,8,8,9908.0498046875,11.0
2017-08-09,488.5,493.5,471.3500061035156,474.3500061035156,11025555.0,2,9,8,9820.25,22.149993896484375
2017-08-10,470.5,485.45001220703125,451.04998779296875,460.79998779296875,10149400.0,3,10,8,9710.7998046875,34.4000244140625
2017-08-11,458.0,462.95001220703125,444.6000061035156,450.0,7851424.0,4,11,8,9794.150390625,18.350006103515625
2017-08-14,433.0,476.95001220703125,432.70001220703125,471.79998779296875,20846332.0,0,14,8,9897.2998046875,44.25
2017-08-16,478.0,486.70001220703125,467.70001220703125,485.70001220703125,7588306.0,2,16,8,9904.150390625,19.0
2017-08-17,485.70001220703125,490.3999938964844,480.54998779296875,488.25,4484873.0,3,17,8,9837.400390625,9.850006103515625
2017-08-18,485.0,485.0,467.20001220703125,470.1499938964844,4513543.0,4,18,8,9754.349609375,17.79998779296875
2017-08-21,475.3999938964844,475.3999938964844,459.3999938964844,460.54998779296875,4215469.0,0,21,8,9765.5498046875,16.0
2017-08-22,464.0,472.5,461.79998779296875,470.45001220703125,3797497.0,1,22,8,9852.5,10.70001220703125
2017-08-23,473.95001220703125,475.95001220703125,467.6000061035156,469.20001220703125,3682870.0,2,23,8,9857.0498046875,8.350006103515625
2017-08-24,471.8999938964844,488.45001220703125,469.5,483.0,5680084.0,3,24,8,9912.7998046875,18.95001220703125
2017-08-28,488.79998779296875,499.8999938964844,483.25,493.20001220703125,6388051.0,0,28,8,9796.0498046875,16.649993896484375
2017-08-29,491.95001220703125,491.95001220703125,479.6499938964844,481.79998779296875,2605383.0,1,29,8,9884.400390625,12.300018310546875
2017-08-30,484.0,488.95001220703125,481.45001220703125,484.25,2523480.0,2,30,8,9917.900390625,7.5
2017-08-31,487.1499938964844,487.3500061035156,476.6499938964844,481.1499938964844,4398132.0,3,31,8,9974.400390625,10.70001220703125
2017-09-01,481.0,492.0,480.79998779296875,486.20001220703125,3998817.0,4,1,9,9912.849609375,11.20001220703125
2017-09-04,484.0,509.70001220703125,478.1499938964844,500.70001220703125,4489406.0,0,4,9,9952.2001953125,31.550018310546875
2017-09-05,503.0,504.54998779296875,490.1000061035156,491.8500061035156,5266455.0,1,5,9,9916.2001953125,14.449981689453125
2017-09-06,486.95001220703125,486.95001220703125,473.0,474.25,7344173.0,2,6,9,9929.900390625,13.95001220703125
2017-09-07,477.0,483.5,474.25,480.45001220703125,2916205.0,3,7,9,9934.7998046875,9.25
2017-09-08,478.95001220703125,484.29998779296875,467.25,471.3500061035156,3557040.0,4,8,9,10006.0498046875,17.04998779296875
2017-09-11,474.5,476.3999938964844,466.20001220703125,467.45001220703125,3437220.0,0,11,9,10093.0498046875,10.199981689453125
2017-09-12,475.0,485.54998779296875,470.5,483.3999938964844,5892218.0,1,12,9,10079.2998046875,15.04998779296875
2017-09-13,484.0,510.5,479.8999938964844,503.3500061035156,11440036.0,2,13,9,10086.599609375,30.600006103515625
2017-09-14,520.0,527.1500244140625,513.5999755859375,524.6500244140625,10997664.0,3,14,9,10085.400390625,13.550048828125
2017-09-15,518.2000122070312,527.9500122070312,514.0999755859375,524.2999877929688,7483452.0,4,15,9,10153.099609375,13.85003662109375
2017-09-18,525.0,527.0,511.0,521.0499877929688,3689242.0,0,18,9,10147.5498046875,16.0
2017-09-19,523.7999877929688,529.4000244140625,511.6000061035156,515.7999877929688,4355599.0,1,19,9,10141.150390625,17.800018310546875
2017-09-20,518.7999877929688,519.4000244140625,503.6000061035156,505.5,5024973.0,2,20,9,10121.900390625,15.800018310546875
2017-09-21,508.5,525.0,505.0,519.6500244140625,10217874.0,3,21,9,9964.400390625,20.0
2017-09-22,518.9500122070312,528.5,508.70001220703125,513.8499755859375,7990848.0,4,22,9,9872.599609375,19.79998779296875
2017-09-25,512.0,514.5499877929688,501.5,505.95001220703125,4345197.0,0,25,9,9871.5,13.04998779296875
2017-09-26,506.0,515.0,505.1499938964844,507.6000061035156,3615167.0,1,26,9,9735.75,9.850006103515625
2017-09-27,503.95001220703125,503.95001220703125,489.5,494.70001220703125,7594880.0,2,27,9,9768.9501953125,14.45001220703125
2017-09-28,494.70001220703125,507.0,493.5,499.20001220703125,5557091.0,3,28,9,9788.599609375,13.5
2017-09-29,500.25,506.0,498.25,503.25,3478824.0,4,29,9,9859.5,7.75
2017-10-03,509.0,509.6000061035156,500.1499938964844,502.6499938964844,2880625.0,1,3,10,9914.900390625,9.45001220703125
2017-10-04,504.1000061035156,522.0,502.0,517.9000244140625,6203591.0,2,4,10,9888.7001953125,20.0
2017-10-05,519.0,525.0,512.0,513.7999877929688,3576059.0,3,5,10,9979.7001953125,13.0
2017-10-06,518.0,533.0,515.7999877929688,530.2000122070312,6323391.0,4,6,10,9988.75,17.20001220703125
2017-10-09,527.7999877929688,536.9500122070312,521.5999755859375,531.4000244140625,5049020.0,0,9,10,10016.9501953125,15.35003662109375
2017-10-10,531.9000244140625,535.0,526.0999755859375,527.2000122070312,2244596.0,1,10,10,9984.7998046875,8.9000244140625
2017-10-11,530.7999877929688,533.1500244140625,521.1500244140625,526.0499877929688,4031497.0,2,11,10,10096.400390625,12.0
2017-10-12,543.0,545.0,532.0,539.5499877929688,8970339.0,3,12,10,10167.4501953125,13.0
2017-10-13,541.25,543.0999755859375,533.0,534.7000122070312,3819414.0,4,13,10,10230.849609375,10.0999755859375
2017-10-16,538.4000244140625,549.9000244140625,533.7999877929688,547.9500122070312,5322443.0,0,16,10,10234.4501953125,16.10003662109375
2017-10-17,546.9000244140625,554.0,544.5499877929688,547.2000122070312,4477156.0,1,17,10,10210.849609375,9.45001220703125
2017-10-18,549.3499755859375,549.4000244140625,538.8499755859375,540.2000122070312,3499930.0,2,18,10,10146.5498046875,10.550048828125
2017-10-19,540.2000122070312,543.0,532.0,535.75,434929.0,3,19,10,10184.849609375,11.0
2017-10-23,536.0499877929688,543.5,533.2999877929688,540.4000244140625,2878772.0,0,23,10,10207.7001953125,10.20001220703125
2017-10-24,537.5,539.0,533.5,534.5499877929688,1940555.0,1,24,10,10295.349609375,5.5
2017-10-25,534.9000244140625,539.0,522.25,523.25,2055745.0,2,25,10,10343.7998046875,16.75
2017-10-26,525.4000244140625,538.9000244140625,519.0,530.1500244140625,3566575.0,3,26,10,10323.0498046875,19.9000244140625
2017-10-27,532.5,557.9000244140625,532.5,549.9000244140625,8848376.0,4,27,10,10363.650390625,25.4000244140625
2017-10-30,552.0999755859375,557.2999877929688,544.0999755859375,553.0999755859375,5360570.0,0,30,10,10335.2998046875,13.20001220703125
2017-10-31,553.0,558.7000122070312,545.9000244140625,552.9000244140625,2907328.0,1,31,10,10440.5,12.79998779296875
2017-11-01,553.0499877929688,555.9000244140625,546.4000244140625,548.7000122070312,3304676.0,2,1,11,10423.7998046875,9.5
2017-11-02,548.0,572.2999877929688,547.6500244140625,563.4500122070312,8413439.0,3,2,11,10452.5,24.64996337890625
2017-11-03,565.0,567.7999877929688,550.2000122070312,551.25,3595527.0,4,3,11,10451.7998046875,17.5999755859375
2017-11-06,553.0,555.9000244140625,539.2999877929688,541.2000122070312,3987042.0,0,6,11,10350.150390625,16.60003662109375
2017-11-07,545.0,549.7999877929688,513.25,527.5999755859375,8930638.0,1,7,11,10303.150390625,36.54998779296875
2017-11-08,533.0,545.4000244140625,532.4000244140625,537.7999877929688,4530173.0,2,8,11,10308.9501953125,13.0
2017-11-09,555.0,555.0,527.0499877929688,533.9000244140625,4591954.0,3,9,11,10321.75,27.95001220703125
2017-11-10,530.0,534.2000122070312,523.75,527.8499755859375,3187021.0,4,10,11,10224.9501953125,10.45001220703125
2017-11-13,526.7999877929688,541.5999755859375,519.0999755859375,532.5499877929688,5498679.0,0,13,11,10186.599609375,22.5
2017-11-14,533.4000244140625,537.9000244140625,517.0999755859375,526.0499877929688,5853721.0,1,14,11,10118.0498046875,20.800048828125
2017-11-15,516.0,520.0,501.1000061035156,504.6499938964844,8629268.0,2,15,11,10214.75,18.899993896484375
2017-11-16,505.0,510.79998779296875,498.20001220703125,508.54998779296875,5351102.0,3,16,11,10283.599609375,12.5999755859375
2017-11-17,510.20001220703125,522.1500244140625,510.04998779296875,517.0999755859375,3515919.0,4,17,11,10298.75,12.10003662109375
2017-11-20,520.0,521.8499755859375,514.2999877929688,517.1500244140625,1977341.0,0,20,11,10326.900390625,7.54998779296875
2017-11-21,518.0,541.5,514.5499877929688,538.0499877929688,7852414.0,1,21,11,10342.2998046875,26.95001220703125
2017-11-22,539.75,544.6500244140625,530.1500244140625,535.25,4294740.0,2,22,11,10348.75,14.5
2017-11-23,535.0,547.5,531.8499755859375,544.75,3972361.0,3,23,11,10389.7001953125,15.6500244140625
2017-11-24,545.75,551.0,541.7000122070312,549.5,4099139.0,4,24,11,10399.5498046875,9.29998779296875
2017-11-27,541.0999755859375,553.9000244140625,538.25,551.5499877929688,3833249.0,0,27,11,10370.25,15.6500244140625
2017-11-28,551.0,556.3499755859375,541.0999755859375,543.1500244140625,2493500.0,1,28,11,10361.2998046875,15.25
2017-11-29,543.0,549.6500244140625,541.5,547.0999755859375,2174433.0,2,29,11,10226.5498046875,8.1500244140625
2017-11-30,547.0499877929688,554.9500122070312,537.7000122070312,539.9500122070312,5950729.0,3,30,11,10121.7998046875,17.25
2017-12-01,544.0,545.4500122070312,522.25,525.9500122070312,3164938.0,4,1,12,10127.75,23.20001220703125
2017-12-04,529.7999877929688,529.7999877929688,516.5,520.75,3306680.0,0,4,12,10118.25,13.29998779296875
2017-12-05,518.5499877929688,528.0,517.6500244140625,523.1500244140625,3479216.0,1,5,12,10044.099609375,10.3499755859375
2017-12-06,525.7999877929688,526.5,510.1000061035156,511.3500061035156,3859141.0,2,6,12,10166.7001953125,16.399993896484375
2017-12-07,510.0,515.5499877929688,506.0,510.3500061035156,4470510.0,3,7,12,10265.650390625,9.54998779296875
2017-12-08,513.5,524.0,511.0,521.8499755859375,3394236.0,4,8,12,10322.25,13.0
2017-12-11,525.0,531.0,521.8499755859375,529.5999755859375,2581923.0,0,11,12,10240.150390625,9.1500244140625
2017-12-12,532.0,533.75,519.2999877929688,520.8499755859375,2669035.0,1,12,12,10192.9501953125,14.45001220703125
2017-12-13,521.0,526.2999877929688,515.5,516.8499755859375,2072867.0,2,13,12,10252.099609375,10.79998779296875
2017-12-14,518.2000122070312,519.5999755859375,511.20001220703125,514.4000244140625,2301593.0,3,14,12,10333.25,8.39996337890625
2017-12-15,518.5,524.0,515.9000244140625,518.3499755859375,3053990.0,4,15,12,10388.75,8.0999755859375
2017-12-18,517.0,533.7000122070312,499.5,529.7999877929688,4063126.0,0,18,12,10463.2001953125,34.20001220703125
2017-12-19,533.0,535.3499755859375,525.1500244140625,527.5,3216333.0,1,19,12,10444.2001953125,10.199951171875
2017-12-20,528.7999877929688,532.5,525.7000122070312,527.25,2558514.0,2,20,12,10440.2998046875,6.79998779296875
2017-12-21,532.0,538.7000122070312,525.7999877929688,528.2000122070312,5492286.0,3,21,12,10493.0,12.9000244140625
2017-12-22,528.2000122070312,533.5,526.0499877929688,530.9500122070312,2982469.0,4,22,12,10531.5,7.45001220703125
2017-12-26,530.2000122070312,544.4000244140625,529.0,541.2999877929688,4858794.0,1,26,12,10490.75,15.4000244140625
2017-12-27,543.7999877929688,581.7000122070312,543.0499877929688,576.2999877929688,23356359.0,2,27,12,10477.900390625,38.6500244140625
2017-12-28,580.25,585.5999755859375,566.3499755859375,568.4000244140625,11062915.0,3,28,12,10530.7001953125,19.25
2018-01-01,571.5,585.4000244140625,571.25,574.0499877929688,5314142.0,0,1,1,10442.2001953125,14.1500244140625
2018-01-02,577.0,582.0,567.2000122070312,572.1500244140625,3839130.0,1,2,1,10443.2001953125,14.79998779296875
2018-01-03,575.0,578.9500122070312,567.0,569.0499877929688,2182632.0,2,3,1,10504.7998046875,11.95001220703125
2018-01-04,572.0,583.9500122070312,560.0999755859375,581.2000122070312,6246746.0,3,4,1,10558.849609375,23.85003662109375
2018-01-05,585.0,587.3499755859375,575.2999877929688,578.75,4600683.0,4,5,1,10623.599609375,12.04998779296875
2018-01-08,588.0,604.5999755859375,586.1500244140625,591.5999755859375,10475190.0,0,8,1,10637.0,18.449951171875
2018-01-09,597.0,598.0,584.3499755859375,586.5,4025566.0,1,9,1,10632.2001953125,13.6500244140625
2018-01-10,590.7999877929688,594.0,581.4000244140625,585.0999755859375,2929462.0,2,10,1,10651.2001953125,12.5999755859375
2018-01-11,585.75,598.5,580.5,587.9500122070312,5930449.0,3,11,1,10681.25,18.0
2018-01-12,590.0,591.4500122070312,579.5999755859375,583.4500122070312,2842683.0,4,12,1,10741.5498046875,11.85003662109375
2018-01-15,586.7999877929688,586.7999877929688,574.5,576.4500122070312,4456611.0,0,15,1,10700.4501953125,12.29998779296875
2018-01-16,577.3499755859375,583.9500122070312,572.1500244140625,577.7000122070312,4868363.0,1,16,1,10788.5498046875,11.79998779296875
2018-01-17,583.0,585.9000244140625,576.7000122070312,583.75,4812606.0,2,17,1,10817.0,9.20001220703125
2018-01-18,586.0,589.4500122070312,574.2999877929688,576.7000122070312,3679687.0,3,18,1,10894.7001953125,15.1500244140625
2018-01-19,580.0,580.6500244140625,567.5999755859375,572.0999755859375,4693971.0,4,19,1,10966.2001953125,13.050048828125
2018-01-22,573.0,578.9000244140625,568.8499755859375,576.1500244140625,3072409.0,0,22,1,11083.7001953125,10.050048828125
2018-01-23,579.0,585.8499755859375,575.5,579.3499755859375,4790590.0,1,23,1,11086.0,10.3499755859375
2018-01-24,577.0,596.5,575.0999755859375,586.5499877929688,7168397.0,2,24,1,11069.650390625,21.4000244140625
2018-01-25,591.0,596.0,578.0,579.8499755859375,4213982.0,3,25,1,11130.400390625,18.0
2018-01-29,581.0499877929688,594.2000122070312,578.3499755859375,587.9500122070312,6006564.0,0,29,1,11049.650390625,15.85003662109375
2018-01-30,585.7000122070312,594.75,580.0499877929688,591.9500122070312,3542190.0,1,30,1,11027.7001953125,14.70001220703125
2018-01-31,590.0,594.9000244140625,575.0499877929688,579.9000244140625,4781423.0,2,31,1,11016.900390625,19.85003662109375
2018-02-01,580.0,580.0,549.5499877929688,554.2999877929688,8789899.0,3,1,2,10760.599609375,30.45001220703125
2018-02-02,552.0,567.3499755859375,544.6500244140625,551.2000122070312,10873325.0,4,2,2,10666.5498046875,22.699951171875
2018-02-05,538.7999877929688,560.4500122070312,533.5499877929688,557.4500122070312,4734366.0,0,5,2,10498.25,26.9000244140625
2018-02-06,537.0,554.5,531.2000122070312,551.7999877929688,6325143.0,1,6,2,10476.7001953125,23.29998779296875
2018-02-07,556.0,557.4500122070312,542.5999755859375,549.5,5110233.0,2,7,2,10576.849609375,14.85003662109375
2018-02-08,540.0499877929688,587.0,533.7999877929688,584.0999755859375,13707589.0,3,8,2,10454.9501953125,53.20001220703125
2018-02-09,570.0999755859375,586.0,570.0999755859375,582.7000122070312,3796079.0,4,9,2,10539.75,15.9000244140625
2018-02-12,586.0,608.9500122070312,585.0,589.1500244140625,10261511.0,0,12,2,10500.900390625,23.95001220703125
2018-02-14,590.9500122070312,591.7999877929688,571.2000122070312,574.7999877929688,6630066.0,2,14,2,10545.5,20.5999755859375
2018-02-15,565.4000244140625,584.9500122070312,565.4000244140625,575.75,10715444.0,3,15,2,10452.2998046875,19.54998779296875
2018-02-16,575.4000244140625,577.5499877929688,563.3499755859375,575.25,6640151.0,4,16,2,10378.400390625,14.20001220703125
2018-02-19,575.0,577.25,553.5499877929688,561.4000244140625,3518880.0,0,19,2,10360.400390625,23.70001220703125
2018-02-20,564.6500244140625,566.6500244140625,557.0,559.5,2481944.0,1,20,2,10397.4501953125,9.6500244140625
2018-02-21,560.0499877929688,563.0,511.29998779296875,525.75,21898950.0,2,21,2,10382.7001953125,51.70001220703125
2018-02-22,527.5,547.0,524.0,541.4500122070312,12473655.0,3,22,2,10491.0498046875,23.0
2018-02-23,550.0,575.25,546.0,569.6500244140625,30844893.0,4,23,2,10582.599609375,29.25
2018-02-26,570.0,571.9000244140625,553.3499755859375,555.9500122070312,8083731.0,0,26,2,10554.2998046875,18.550048828125
2018-02-27,555.9500122070312,563.4500122070312,542.0499877929688,544.7999877929688,6920945.0,1,27,2,10492.849609375,21.4000244140625
2018-02-28,543.0,552.3499755859375,532.6500244140625,535.3499755859375,8366660.0,2,28,2,10458.349609375,19.699951171875
2018-03-01,537.9500122070312,541.5,533.25,535.4000244140625,4264631.0,3,1,3,10358.849609375,8.25
2018-03-05,535.0999755859375,552.7000122070312,527.0499877929688,548.5499877929688,7343286.0,0,5,3,10249.25,25.6500244140625
2018-03-06,561.0,563.0,530.0,531.75,9825945.0,1,6,3,10154.2001953125,33.0
2018-03-07,532.0,534.1500244140625,520.0999755859375,524.8499755859375,6282066.0,2,7,3,10242.650390625,14.050048828125
2018-03-08,529.7000122070312,530.5,509.5,514.5999755859375,9316674.0,3,8,3,10226.849609375,21.0
2018-03-09,514.0,519.9000244140625,505.0,506.79998779296875,4996423.0,4,9,3,10421.400390625,14.9000244140625
2018-03-12,511.0,516.0,506.54998779296875,512.6500244140625,4632925.0,0,12,3,10426.849609375,9.45001220703125
2018-03-13,512.6500244140625,525.5,512.6500244140625,523.2999877929688,4795084.0,1,13,3,10410.900390625,12.8499755859375
2018-03-14,523.2999877929688,523.2999877929688,516.0999755859375,520.0999755859375,2469628.0,2,14,3,10360.150390625,7.20001220703125
2018-03-15,520.0,529.0,514.75,516.4500122070312,3013808.0,3,15,3,10195.150390625,14.25
2018-03-16,512.0499877929688,522.0,501.29998779296875,503.04998779296875,8924919.0,4,16,3,10094.25,20.70001220703125
2018-03-19,506.79998779296875,508.54998779296875,496.0,497.6499938964844,5580228.0,0,19,3,10124.349609375,12.54998779296875
2018-03-20,496.75,511.0,493.75,508.75,4615574.0,1,20,3,10155.25,17.25
2018-03-21,513.9500122070312,515.5999755859375,502.54998779296875,504.5,3986735.0,2,21,3,10114.75,13.04998779296875
2018-03-22,520.0,521.0,505.1000061035156,508.3999938964844,8691889.0,3,22,3,9998.0498046875,15.899993896484375
2018-03-23,501.79998779296875,506.75,497.54998779296875,502.3999938964844,5098042.0,4,23,3,10130.650390625,9.20001220703125
2018-03-26,502.3999938964844,506.8999938964844,496.1000061035156,503.20001220703125,4203954.0,0,26,3,10184.150390625,10.79998779296875
2018-03-27,506.0,512.25,503.20001220703125,505.1000061035156,4458072.0,1,27,3,10113.7001953125,9.04998779296875
2018-03-28,504.0,504.70001220703125,492.0,495.1000061035156,6856832.0,2,28,3,10211.7998046875,12.70001220703125
2018-04-02,500.8999938964844,510.0,496.04998779296875,507.8500061035156,2924481.0,0,2,4,10245.0,13.95001220703125
2018-04-03,506.0,512.2000122070312,504.5,510.0,2709038.0,1,3,4,10128.400390625,7.70001220703125
2018-04-04,514.9500122070312,514.9500122070312,501.0,502.25,3120925.0,2,4,4,10325.150390625,13.95001220703125
2018-04-05,506.0,513.0,505.1000061035156,507.54998779296875,2409577.0,3,5,4,10331.599609375,7.899993896484375
2018-04-06,508.0,515.2999877929688,507.0,512.5999755859375,2772128.0,4,6,4,10379.349609375,8.29998779296875
2018-04-09,512.0,517.75,507.3500061035156,510.8500061035156,2395291.0,0,9,4,10402.25,10.399993896484375
2018-04-10,512.4000244140625,515.9000244140625,507.5,508.25,2645876.0,1,10,4,10417.150390625,8.4000244140625
2018-04-11,511.0,522.9000244140625,510.29998779296875,521.4500122070312,5693850.0,2,11,4,10458.650390625,12.60003662109375
2018-04-12,521.5,521.5,509.6000061035156,515.9000244140625,3619891.0,3,12,4,10480.599609375,11.899993896484375
2018-04-13,514.5999755859375,519.7999877929688,510.29998779296875,513.0,2130074.0,4,13,4,10528.349609375,9.5
2018-04-16,513.0,521.0,511.5,519.4000244140625,2687330.0,0,16,4,10548.7001953125,9.5
2018-04-17,521.9000244140625,521.9000244140625,510.5,512.1500244140625,3104869.0,1,17,4,10526.2001953125,11.4000244140625
2018-04-18,514.3499755859375,517.4000244140625,510.6499938964844,512.0,2412444.0,2,18,4,10565.2998046875,6.750030517578125
2018-04-19,515.0,515.0,506.3500061035156,509.20001220703125,1936774.0,3,19,4,10564.0498046875,8.649993896484375
2018-04-20,509.0,509.0,502.0,505.29998779296875,4431085.0,4,20,4,10584.7001953125,7.0
2018-04-23,505.0,515.5,505.0,514.25,2424057.0,0,23,4,10614.349609375,10.5
2018-04-24,515.9000244140625,523.5,512.5,517.7999877929688,3432552.0,1,24,4,10570.5498046875,11.0
2018-04-25,514.5,521.4500122070312,511.20001220703125,514.0499877929688,2112975.0,2,25,4,10617.7998046875,10.25
2018-04-26,514.0,522.7000122070312,511.29998779296875,512.5999755859375,3304748.0,3,26,4,10692.2998046875,11.4000244140625
2018-04-27,517.5,526.4000244140625,515.25,524.1500244140625,3998704.0,4,27,4,10739.349609375,11.1500244140625
2018-04-30,528.0,530.9500122070312,525.0999755859375,528.4000244140625,1689385.0,0,30,4,10718.0498046875,5.85003662109375
2018-05-02,530.0,530.75,510.45001220703125,515.2000122070312,5805988.0,2,2,5,10679.650390625,20.29998779296875
2018-05-03,517.0,539.2999877929688,511.6499938964844,536.0,7457111.0,3,3,5,10618.25,27.649993896484375
2018-05-04,530.0,533.0,516.4000244140625,517.9500122070312,5429919.0,4,4,5,10715.5,16.5999755859375
2018-05-07,518.0,520.0,506.5,513.7000122070312,3837196.0,0,7,5,10717.7998046875,13.5
2018-05-08,514.0,519.25,508.6000061035156,511.45001220703125,2519096.0,1,8,5,10741.7001953125,10.649993896484375
2018-05-09,511.45001220703125,514.7999877929688,505.20001220703125,506.1499938964844,2477607.0,2,9,5,10716.5498046875,9.5999755859375
2018-05-10,508.0,509.25,495.29998779296875,497.20001220703125,4218689.0,3,10,5,10806.5,13.95001220703125
2018-05-11,494.0,496.1499938964844,467.75,472.04998779296875,9906203.0,4,11,5,10806.599609375,28.399993896484375
2018-05-14,473.0,487.79998779296875,472.0,473.79998779296875,6746471.0,0,14,5,10801.849609375,15.79998779296875
2018-05-15,474.0,480.0,459.0,468.6499938964844,5493167.0,1,15,5,10741.099609375,21.0
2018-05-16,466.0,473.0,462.5,471.70001220703125,4675165.0,2,16,5,10682.7001953125,10.5
2018-05-17,473.0,486.0,468.3500061035156,479.8500061035156,5939278.0,3,17,5,10596.400390625,17.649993896484375
2018-05-18,488.95001220703125,488.95001220703125,462.8500061035156,464.8999938964844,8722402.0,4,18,5,10516.7001953125,26.100006103515625
2018-05-21,464.20001220703125,465.0,440.29998779296875,443.75,5809871.0,0,21,5,10536.7001953125,24.70001220703125
2018-05-22,444.8500061035156,456.0,435.0,453.0,4466739.0,1,22,5,10430.349609375,21.0
2018-05-23,454.0,461.5,449.45001220703125,452.25,4549341.0,2,23,5,10513.849609375,12.04998779296875
2018-05-24,454.8999938964844,469.70001220703125,451.45001220703125,462.8500061035156,6237036.0,3,24,5,10605.150390625,18.25
2018-05-25,465.5,469.3999938964844,456.0,466.45001220703125,4971624.0,4,25,5,10688.650390625,13.399993896484375
2018-05-28,485.0,504.95001220703125,480.0,499.70001220703125,16007675.0,0,28,5,10633.2998046875,24.95001220703125
2018-05-29,496.6000061035156,509.95001220703125,490.04998779296875,499.5,8258927.0,1,29,5,10614.349609375,19.9000244140625
2018-05-30,494.8999938964844,503.70001220703125,492.3500061035156,494.54998779296875,3851368.0,2,30,5,10736.150390625,11.350006103515625
2018-05-31,494.8999938964844,496.0,472.8999938964844,480.3500061035156,18790216.0,3,31,5,10696.2001953125,23.100006103515625
2018-06-01,485.0,489.54998779296875,479.1000061035156,484.3500061035156,3793797.0,4,1,6,10628.5,10.449981689453125
2018-06-04,486.0,490.79998779296875,476.79998779296875,478.6000061035156,2995860.0,0,4,6,10593.150390625,14.0
2018-06-05,476.1499938964844,483.25,470.1499938964844,473.5,3076737.0,1,5,6,10684.650390625,13.100006103515625
2018-06-06,476.8999938964844,492.20001220703125,473.1000061035156,489.8500061035156,4126448.0,2,6,6,10768.349609375,19.100006103515625
2018-06-07,490.6499938964844,493.8999938964844,485.54998779296875,488.75,2197858.0,3,7,6,10767.650390625,8.350006103515625
2018-06-08,487.0,533.6500244140625,486.25,528.25,29224236.0,4,8,6,10786.9501953125,47.4000244140625
2018-06-11,530.0,544.0,526.1500244140625,535.7000122070312,16452353.0,0,11,6,10842.849609375,17.8499755859375
2018-06-12,535.7000122070312,544.9500122070312,531.3499755859375,540.4500122070312,8140874.0,1,12,6,10856.7001953125,13.60003662109375
2018-06-13,552.2000122070312,560.9500122070312,542.3499755859375,546.2999877929688,20167822.0,2,13,6,10808.0498046875,18.60003662109375
2018-06-14,546.0,562.0,542.0,559.25,12154425.0,3,14,6,10817.7001953125,20.0
2018-06-15,562.0,573.8499755859375,561.0,571.2999877929688,15166730.0,4,15,6,10799.849609375,12.8499755859375
2018-06-18,572.0,578.2999877929688,563.9000244140625,570.0999755859375,6090932.0,0,18,6,10710.4501953125,14.39996337890625
2018-06-19,570.0,576.5,558.3499755859375,559.9500122070312,6719183.0,1,19,6,10772.0498046875,18.1500244140625
2018-06-20,559.0,565.7000122070312,553.0999755859375,564.0999755859375,4435880.0,2,20,6,10741.099609375,12.60003662109375
2018-06-21,565.0,567.4500122070312,552.5999755859375,554.5,3243433.0,3,21,6,10821.849609375,14.85003662109375
2018-06-22,553.0,581.7999877929688,547.6500244140625,577.25,9935404.0,4,22,6,10762.4501953125,34.14996337890625
2018-06-25,576.9000244140625,592.0,567.9500122070312,571.7999877929688,14303449.0,0,25,6,10769.150390625,24.04998779296875
2018-06-26,571.3499755859375,576.5,565.7999877929688,572.9500122070312,4726890.0,1,26,6,10671.400390625,10.70001220703125
2018-06-27,577.0,581.7000122070312,568.5,576.9000244140625,8539318.0,2,27,6,10589.099609375,13.20001220703125
2018-06-28,577.75,583.2000122070312,564.2000122070312,567.2999877929688,5516028.0,3,28,6,10714.2998046875,19.0
2018-06-29,569.0,571.9000244140625,560.1500244140625,564.0,4416940.0,4,29,6,10657.2998046875,11.75
2018-07-02,566.2999877929688,572.8499755859375,558.5,563.1500244140625,4132132.0,0,2,7,10699.900390625,14.3499755859375
2018-07-03,564.7999877929688,576.7999877929688,560.7000122070312,573.5999755859375,5950013.0,1,3,7,10769.900390625,16.0999755859375
2018-07-04,576.0,588.8499755859375,573.0499877929688,579.2999877929688,9406196.0,2,4,7,10749.75,15.79998779296875
2018-07-05,581.0,581.0,564.9000244140625,566.9500122070312,3833300.0,3,5,7,10772.650390625,16.0999755859375
2018-07-06,567.4000244140625,573.25,555.0,558.0999755859375,5609846.0,4,6,7,10852.900390625,18.25
2018-07-09,560.5999755859375,572.5999755859375,560.5999755859375,568.7999877929688,4117856.0,0,9,7,10947.25,12.0
2018-07-10,569.0,572.0,558.0,563.9500122070312,4594276.0,1,10,7,10948.2998046875,14.0
2018-07-11,564.9500122070312,569.7000122070312,559.5999755859375,560.75,3519985.0,2,11,7,11023.2001953125,10.10003662109375
2018-07-12,563.0,570.7000122070312,558.0,564.4500122070312,3736611.0,3,12,7,11018.900390625,12.70001220703125
2018-07-13,566.7999877929688,567.0,557.0499877929688,559.75,2012823.0,4,13,7,10936.849609375,9.95001220703125
2018-07-16,559.5,560.0,530.7000122070312,533.9500122070312,4267330.0,0,16,7,11008.0498046875,29.29998779296875
2018-07-17,535.0,551.75,533.0,548.6500244140625,3699579.0,1,17,7,10980.4501953125,18.75
2018-07-18,554.9500122070312,559.2000122070312,542.8499755859375,549.9000244140625,5720388.0,2,18,7,10957.099609375,16.35003662109375
2018-07-19,552.4000244140625,553.7999877929688,542.25,544.9500122070312,2767826.0,3,19,7,11010.2001953125,11.54998779296875
2018-07-20,545.0,563.0,545.0,560.0999755859375,2702091.0,4,20,7,11084.75,18.0
2018-07-23,562.7000122070312,567.0,557.5,561.75,2459719.0,0,23,7,11134.2998046875,9.5
2018-07-24,562.0999755859375,568.5,559.0499877929688,562.7000122070312,2480730.0,1,24,7,11132.0,9.45001220703125
2018-07-25,566.4000244140625,567.3499755859375,555.5,558.1500244140625,2161490.0,2,25,7,11167.2998046875,11.8499755859375
2018-07-26,553.9500122070312,563.7999877929688,551.5,555.4000244140625,3113443.0,3,26,7,11278.349609375,12.29998779296875
2018-07-27,555.9000244140625,561.0,553.25,557.0499877929688,2638153.0,4,27,7,11319.5498046875,7.75
2018-07-30,555.2999877929688,566.75,551.9500122070312,562.7000122070312,3441224.0,0,30,7,11356.5,14.79998779296875
2018-07-31,562.5,575.75,560.1500244140625,568.5,5998010.0,1,31,7,11346.2001953125,15.5999755859375
2018-08-01,570.0,576.7999877929688,563.7999877929688,574.6500244140625,3672172.0,2,1,8,11244.7001953125,13.0
2018-08-02,575.9000244140625,587.5499877929688,575.2999877929688,580.4000244140625,5898107.0,3,2,8,11360.7998046875,12.25
2018-08-03,583.9000244140625,589.4000244140625,583.8499755859375,585.8499755859375,3298774.0,4,3,8,11387.099609375,5.550048828125
2018-08-06,586.5,593.4000244140625,575.0999755859375,576.1500244140625,3867267.0,0,6,8,11389.4501953125,18.300048828125
2018-08-07,580.4500122070312,582.5,568.25,569.7000122070312,3076068.0,1,7,8,11450.0,14.25
2018-08-08,570.0,578.3499755859375,564.2999877929688,574.0,2970652.0,2,8,8,11470.7001953125,14.04998779296875
2018-08-09,575.2000122070312,584.9000244140625,563.0499877929688,571.4500122070312,4595269.0,3,9,8,11429.5,21.85003662109375
2018-08-10,566.0999755859375,569.7000122070312,548.8499755859375,554.0,6086714.0,4,10,8,11355.75,20.85003662109375
2018-08-13,556.9000244140625,567.5,552.5999755859375,563.9000244140625,3254839.0,0,13,8,11435.099609375,14.9000244140625
2018-08-14,565.5,610.0,560.0999755859375,601.7999877929688,25001972.0,1,14,8,11385.0498046875,49.9000244140625
2018-08-16,610.0,621.7000122070312,602.2000122070312,619.7000122070312,25169096.0,3,16,8,11470.75,19.5
2018-08-17,623.0,633.4000244140625,619.0,623.5,14161255.0,4,17,8,11551.75,14.4000244140625
2018-08-20,625.0,630.9500122070312,620.25,626.3499755859375,9494515.0,0,20,8,11570.900390625,10.70001220703125
2018-08-21,626.9000244140625,639.4500122070312,620.5,635.4000244140625,7752348.0,1,21,8,11582.75,18.95001220703125
2018-08-23,639.9000244140625,645.5,634.2999877929688,639.6500244140625,8942755.0,3,23,8,11557.099609375,11.20001220703125
2018-08-24,638.25,639.7999877929688,618.7000122070312,629.7999877929688,7909136.0,4,24,8,11691.9501953125,21.0999755859375
2018-08-27,632.2999877929688,636.5999755859375,620.6500244140625,621.7999877929688,8253456.0,0,27,8,11738.5,15.949951171875
2018-08-28,625.0,633.4500122070312,619.0999755859375,621.2000122070312,4181613.0,1,28,8,11691.900390625,14.35003662109375
2018-08-29,623.9000244140625,631.0,616.7999877929688,621.25,4435825.0,2,29,8,11676.7998046875,14.20001220703125
2018-08-30,623.5,642.0,622.1500244140625,639.9500122070312,9022572.0,3,30,8,11680.5,19.8499755859375
2018-08-31,643.4500122070312,659.4000244140625,643.2999877929688,652.8499755859375,12972927.0,4,31,8,11582.349609375,16.10003662109375
2018-09-03,658.7999877929688,673.5,651.25,656.2000122070312,12185947.0,0,3,9,11520.2998046875,22.25
2018-09-04,658.0,663.4500122070312,645.1500244140625,655.3499755859375,7989190.0,1,4,9,11476.9501953125,18.29998779296875
2018-09-05,654.0999755859375,671.7999877929688,653.75,663.75,9140409.0,2,5,9,11536.900390625,18.04998779296875
2018-09-06,668.0,679.2999877929688,663.25,677.4000244140625,7815292.0,3,6,9,11589.099609375,16.04998779296875
2018-09-07,650.0,670.0,640.0,664.25,22074525.0,4,7,9,11438.099609375,30.0
2018-09-10,656.5,667.25,635.3499755859375,638.0,9930755.0,0,10,9,11287.5,31.9000244140625
2018-09-11,643.0,649.4000244140625,627.5499877929688,630.4000244140625,8273963.0,1,11,9,11369.900390625,21.85003662109375
2018-09-12,625.0,654.4000244140625,620.0999755859375,649.9000244140625,11215125.0,2,12,9,11515.2001953125,34.300048828125
2018-09-14,665.0,670.9000244140625,658.0,665.25,7444874.0,4,14,9,11377.75,12.9000244140625
2018-09-17,661.0,668.25,644.2000122070312,646.2000122070312,6264996.0,0,17,9,11278.900390625,24.04998779296875
2018-09-18,646.4000244140625,655.7000122070312,640.5,642.5,5780144.0,1,18,9,11234.349609375,15.20001220703125
2018-09-19,651.9500122070312,657.25,641.5999755859375,648.8499755859375,7659788.0,2,19,9,11143.099609375,15.6500244140625
2018-09-21,650.0,655.0,614.5,634.9000244140625,9635852.0,4,21,9,10967.400390625,40.5
2018-09-24,638.0,642.9500122070312,616.0,624.0,5305739.0,0,24,9,11067.4501953125,26.95001220703125
2018-09-25,624.0999755859375,645.0,624.0499877929688,641.0999755859375,7213759.0,1,25,9,11053.7998046875,20.95001220703125
2018-09-26,649.7999877929688,649.7999877929688,632.5499877929688,639.8499755859375,4850782.0,2,26,9,10977.5498046875,17.25
2018-09-27,641.7000122070312,643.9500122070312,625.2000122070312,631.25,4070395.0,3,27,9,10930.4501953125,18.75
2018-09-28,630.0,636.3499755859375,616.0999755859375,623.25,6693066.0,4,28,9,11008.2998046875,20.25
2018-10-01,624.0,639.0,610.0,634.7000122070312,5527208.0,0,1,10,10858.25,29.0
2018-10-03,636.5,640.75,618.5,620.8499755859375,4723773.0,2,3,10,10599.25,22.25
2018-10-04,618.0,620.75,590.8499755859375,599.0499877929688,4851894.0,3,4,10,10316.4501953125,29.9000244140625
2018-10-05,595.0,616.3499755859375,591.0499877929688,597.9500122070312,6804502.0,4,5,10,10348.0498046875,25.29998779296875
2018-10-08,592.0,608.75,589.0999755859375,604.25,4400199.0,0,8,10,10301.0498046875,19.6500244140625
2018-10-09,608.0,617.2999877929688,597.5999755859375,609.75,4516779.0,1,9,10,10460.099609375,19.70001220703125
2018-10-10,610.0,619.5,593.0,602.9500122070312,5566798.0,2,10,10,10234.650390625,26.5
2018-10-11,590.0,603.25,582.7000122070312,586.7000122070312,4591533.0,3,11,10,10472.5,20.54998779296875
2018-10-12,591.0999755859375,597.75,582.6500244140625,590.5999755859375,5795641.0,4,12,10,10512.5,15.0999755859375
2018-10-15,593.7000122070312,603.4500122070312,586.6500244140625,599.9500122070312,3422475.0,0,15,10,10584.75,16.79998779296875
2018-10-16,601.9500122070312,612.0,592.8499755859375,602.7000122070312,3557343.0,1,16,10,10453.0498046875,19.1500244140625
2018-10-17,609.4000244140625,609.4000244140625,591.0,593.4500122070312,2629035.0,2,17,10,10303.5498046875,18.4000244140625
2018-10-19,591.9000244140625,611.5,590.0999755859375,609.9500122070312,4841857.0,4,19,10,10245.25,21.4000244140625
2018-10-22,610.7000122070312,616.7999877929688,603.4500122070312,606.9000244140625,4362446.0,0,22,10,10146.7998046875,13.3499755859375
2018-10-23,605.0,605.5999755859375,572.75,575.8499755859375,4538253.0,1,23,10,10224.75,32.8499755859375
2018-10-24,583.0,584.0,561.4500122070312,570.7000122070312,5820242.0,2,24,10,10124.900390625,22.54998779296875
2018-10-25,565.25,572.4500122070312,552.0999755859375,558.75,6105402.0,3,25,10,10030.0,20.35003662109375
2018-10-26,558.75,561.5,550.0,554.0499877929688,4002009.0,4,26,10,10250.849609375,11.5
2018-10-29,554.5,577.5999755859375,554.4500122070312,573.5999755859375,3640433.0,0,29,10,10198.400390625,23.14996337890625
2018-10-30,571.9000244140625,575.9000244140625,559.6500244140625,562.0499877929688,2783468.0,1,30,10,10386.599609375,16.25
2018-10-31,562.5499877929688,582.0,560.4500122070312,580.25,5896444.0,2,31,10,10380.4501953125,21.54998779296875
2018-11-01,581.25,584.5,568.0,571.8499755859375,2779373.0,3,1,11,10553.0,16.5
2018-11-02,574.0,579.75,568.2999877929688,571.8499755859375,2688591.0,4,2,11,10524.0,11.45001220703125
2018-11-05,571.0,583.9500122070312,564.25,571.5999755859375,2962317.0,0,5,11,10530.0,19.70001220703125
2018-11-06,576.0499877929688,585.9000244140625,575.0,579.3499755859375,3500726.0,1,6,11,10598.400390625,10.9000244140625
2018-11-07,583.0,583.5999755859375,580.0,582.2999877929688,298414.0,2,7,11,10585.2001953125,3.5999755859375
2018-11-09,587.7000122070312,604.7999877929688,583.0999755859375,597.4500122070312,6848765.0,4,9,11,10482.2001953125,21.70001220703125
2018-11-12,600.4000244140625,601.0,587.0,589.5,4284490.0,0,12,11,10582.5,14.0
2018-11-13,589.5,592.9000244140625,556.25,561.75,9176639.0,1,13,11,10576.2998046875,36.6500244140625
2018-11-14,557.2000122070312,558.7999877929688,516.0,520.0999755859375,25499010.0,2,14,11,10616.7001953125,42.79998779296875
2018-11-15,522.0,528.0,508.1000061035156,515.0999755859375,11390206.0,3,15,11,10682.2001953125,19.899993896484375
2018-11-16,518.4000244140625,525.5499877929688,513.4000244140625,519.75,5732203.0,4,16,11,10763.400390625,12.14996337890625
2018-11-19,525.0,533.0,519.7000122070312,531.5499877929688,5239761.0,0,19,11,10656.2001953125,13.29998779296875
2018-11-20,530.0,532.5999755859375,521.2999877929688,525.4500122070312,3084743.0,1,20,11,10600.0498046875,11.29998779296875
2018-11-21,525.5,536.2999877929688,525.5,532.8499755859375,4029454.0,2,21,11,10526.75,10.79998779296875
2018-11-22,532.5,532.5,524.75,525.9500122070312,2263069.0,3,22,11,10628.599609375,7.75
2018-11-26,527.0,528.1500244140625,506.3999938964844,510.75,5189359.0,0,26,11,10685.599609375,21.750030517578125
2018-11-27,518.9000244140625,519.3499755859375,474.5,493.8500061035156,39588964.0,1,27,11,10728.849609375,44.8499755859375
2018-11-28,489.0,502.3999938964844,481.5,486.0,11393583.0,2,28,11,10858.7001953125,20.899993896484375
2018-11-29,489.0,491.45001220703125,478.70001220703125,484.3999938964844,7391256.0,3,29,11,10876.75,12.75
2018-11-30,486.95001220703125,493.95001220703125,481.75,492.6000061035156,6544665.0,4,30,11,10883.75,12.20001220703125
2018-12-03,450.0,461.0,441.1499938964844,455.3999938964844,61492013.0,0,3,12,10869.5,19.850006103515625
2018-12-04,457.75,464.70001220703125,441.54998779296875,442.8999938964844,36233775.0,1,4,12,10782.900390625,23.1500244140625
2018-12-05,443.0,445.25,401.5,412.95001220703125,48891969.0,2,5,12,10601.150390625,43.75
2018-12-06,416.0,431.5,413.0,420.1499938964844,56087131.0,3,6,12,10693.7001953125,18.5
2018-12-07,425.0,426.0,408.1499938964844,411.25,23905860.0,4,7,12,10488.4501953125,17.850006103515625
2018-12-10,405.0,409.25,397.04998779296875,399.0,24690744.0,0,10,12,10549.150390625,12.20001220703125
2018-12-11,390.6000061035156,424.79998779296875,390.6000061035156,422.29998779296875,24688467.0,1,11,12,10737.599609375,34.199981689453125
2018-12-12,426.70001220703125,433.70001220703125,423.1000061035156,431.45001220703125,16244450.0,2,12,12,10791.5498046875,10.600006103515625
2018-12-13,422.0,429.29998779296875,418.0,422.1000061035156,16853821.0,3,13,12,10805.4501953125,11.29998779296875
2018-12-14,421.95001220703125,426.0,417.1000061035156,420.6499938964844,8144364.0,4,14,12,10888.349609375,8.899993896484375
2018-12-17,421.79998779296875,425.3999938964844,420.0,420.95001220703125,6151952.0,0,17,12,10908.7001953125,5.399993896484375
2018-12-18,421.0,434.8999938964844,418.8500061035156,433.45001220703125,14402058.0,1,18,12,10967.2998046875,16.04998779296875
2018-12-19,433.45001220703125,434.3999938964844,422.79998779296875,423.79998779296875,7882841.0,2,19,12,10951.7001953125,11.600006103515625
2018-12-20,422.0,431.0,421.6000061035156,429.04998779296875,6156074.0,3,20,12,10754.0,9.399993896484375
2018-12-21,429.5,433.0,423.0,425.29998779296875,7315242.0,4,21,12,10663.5,10.0
2018-12-24,427.04998779296875,434.0,422.29998779296875,424.3500061035156,7052582.0,0,24,12,10729.849609375,11.70001220703125
2018-12-26,423.45001220703125,423.45001220703125,410.0,413.6499938964844,8406699.0,2,26,12,10779.7998046875,13.45001220703125
2018-12-27,423.0,423.29998779296875,410.0,411.1499938964844,12839897.0,3,27,12,10859.900390625,13.29998779296875
2018-12-28,415.0,428.70001220703125,413.5,425.20001220703125,12805576.0,4,28,12,10862.5498046875,15.20001220703125
2019-01-01,432.5,438.79998779296875,429.6499938964844,433.54998779296875,8487116.0,1,1,1,10792.5,9.149993896484375
2019-01-02,430.5,441.20001220703125,429.25,440.04998779296875,9656878.0,2,2,1,10672.25,11.95001220703125
2019-01-03,442.04998779296875,443.6000061035156,434.0,436.1000061035156,9479511.0,3,3,1,10727.349609375,9.600006103515625
2019-01-04,439.1000061035156,439.8999938964844,432.20001220703125,433.79998779296875,6228693.0,4,4,1,10771.7998046875,7.699981689453125
2019-01-07,437.1000061035156,438.0,429.29998779296875,430.79998779296875,4118235.0,0,7,1,10802.150390625,8.70001220703125
2019-01-08,433.79998779296875,449.0,432.3500061035156,448.04998779296875,12368631.0,1,8,1,10855.150390625,16.649993896484375
2019-01-09,450.5,453.6499938964844,443.70001220703125,448.75,9034282.0,2,9,1,10821.599609375,9.949981689453125
2019-01-10,445.1000061035156,448.0,440.45001220703125,444.6000061035156,3672333.0,3,10,1,10794.9501953125,7.54998779296875
2019-01-11,445.04998779296875,449.75,441.6000061035156,444.3999938964844,3778103.0,4,11,1,10737.599609375,8.149993896484375
2019-01-14,447.0,452.0,443.75,450.8500061035156,5784064.0,0,14,1,10886.7998046875,8.25
2019-01-15,453.25,454.5,449.5,452.45001220703125,4291873.0,1,15,1,10890.2998046875,5.0
2019-01-16,451.3999938964844,457.3999938964844,447.1499938964844,453.79998779296875,5879148.0,2,16,1,10905.2001953125,10.25
2019-01-17,455.0,455.3999938964844,422.5,426.54998779296875,8343750.0,3,17,1,10906.9501953125,32.899993896484375
2019-01-18,424.04998779296875,424.1000061035156,370.20001220703125,390.75,82906214.0,4,18,1,10961.849609375,53.899993896484375
2019-01-21,390.1000061035156,406.54998779296875,390.04998779296875,398.29998779296875,48936782.0,0,21,1,10922.75,16.5
2019-01-22,411.0,423.5,409.3999938964844,418.95001220703125,38255365.0,1,22,1,10831.5,14.100006103515625
2019-01-23,417.70001220703125,434.3999938964844,411.6499938964844,431.0,26921274.0,2,23,1,10849.7998046875,22.75
2019-01-24,431.0,438.0,417.1000061035156,423.0,18446490.0,3,24,1,10780.5498046875,20.899993896484375
2019-01-25,425.3999938964844,429.75,419.3500061035156,422.3999938964844,8720973.0,4,25,1,10661.5498046875,10.399993896484375
2019-01-28,424.0,424.75,410.1499938964844,411.75,5809082.0,0,28,1,10652.2001953125,14.600006103515625
2019-01-29,410.5,424.75,406.25,422.3999938964844,7472930.0,1,29,1,10651.7998046875,18.5
2019-01-30,424.0,426.0,416.20001220703125,417.95001220703125,4351530.0,2,30,1,10830.9501953125,9.79998779296875
2019-01-31,419.0,431.3500061035156,413.70001220703125,423.45001220703125,16672076.0,3,31,1,10893.650390625,17.649993896484375
2019-02-01,421.20001220703125,428.0,417.0,423.25,3950126.0,4,1,2,10912.25,11.0
2019-02-04,422.29998779296875,423.0,409.20001220703125,414.79998779296875,3679517.0,0,4,2,10934.349609375,13.79998779296875
2019-02-05,414.79998779296875,418.5,406.54998779296875,409.8999938964844,3523707.0,1,5,2,11062.4501953125,11.95001220703125
2019-02-06,410.0,419.0,403.29998779296875,416.6000061035156,5638849.0,2,6,2,11069.400390625,15.70001220703125
2019-02-07,423.0,445.79998779296875,421.1000061035156,434.8999938964844,18187249.0,3,7,2,10943.599609375,24.699981689453125
2019-02-08,434.0,435.8999938964844,424.5,431.04998779296875,6133747.0,4,8,2,10888.7998046875,11.399993896484375
2019-02-11,432.25,433.6000061035156,420.8500061035156,428.54998779296875,4945054.0,0,11,2,10831.400390625,12.75
2019-02-12,427.20001220703125,444.0,424.04998779296875,436.6000061035156,8559968.0,1,12,2,10746.0498046875,19.95001220703125
2019-02-14,432.0,444.8999938964844,428.6499938964844,440.8999938964844,9040227.0,3,14,2,10724.400390625,16.25
2019-02-15,440.75,440.75,416.45001220703125,422.8999938964844,10206627.0,4,15,2,10640.9501953125,24.29998779296875
2019-02-18,424.5,428.0,413.29998779296875,414.6499938964844,6210412.0,0,18,2,10604.349609375,14.70001220703125
2019-02-19,417.1499938964844,422.3999938964844,412.3500061035156,413.6499938964844,4742270.0,1,19,2,10735.4501953125,10.04998779296875
2019-02-20,418.0,424.45001220703125,416.04998779296875,422.3500061035156,4385350.0,2,20,2,10789.849609375,8.4000244140625
2019-02-21,425.20001220703125,432.0,422.70001220703125,429.70001220703125,4736317.0,3,21,2,10791.650390625,9.29998779296875
2019-02-22,431.0,436.75,428.45001220703125,430.5,4373261.0,4,22,2,10880.099609375,8.29998779296875
2019-02-25,431.3999938964844,438.75,427.5,436.1000061035156,4849697.0,0,25,2,10835.2998046875,11.25
2019-02-26,430.5,440.0,422.8500061035156,435.75,5255113.0,1,26,2,10806.650390625,17.149993896484375
2019-02-27,436.5,451.6499938964844,436.0,442.70001220703125,12232682.0,2,27,2,10792.5,15.649993896484375
2019-02-28,446.6000061035156,451.5,442.1000061035156,445.1499938964844,10862473.0,3,28,2,10863.5,9.399993896484375
2019-03-01,447.8999938964844,451.0,445.04998779296875,447.3500061035156,5608805.0,4,1,3,10987.4501953125,5.95001220703125
2019-03-05,447.8500061035156,456.8999938964844,445.3500061035156,455.8999938964844,5251255.0,1,5,3,11053.0,11.54998779296875
2019-03-06,457.0,469.3500061035156,446.95001220703125,460.54998779296875,13004184.0,2,6,3,11058.2001953125,22.399993896484375
2019-03-07,459.5,463.0,448.79998779296875,450.8999938964844,10701581.0,3,7,3,11035.400390625,14.20001220703125
2019-03-08,449.5,457.8999938964844,447.29998779296875,454.95001220703125,5040326.0,4,8,3,11168.0498046875,10.600006103515625
2019-03-11,456.0,461.45001220703125,454.0,459.45001220703125,4628360.0,0,11,3,11301.2001953125,7.45001220703125
2019-03-12,463.0,471.6499938964844,462.0,470.29998779296875,8660320.0,1,12,3,11341.7001953125,9.649993896484375
2019-03-13,473.0,475.0,452.5,456.5,7156428.0,2,13,3,11343.25,22.5
2019-03-14,456.8999938964844,468.5,456.0,466.1499938964844,8039525.0,3,14,3,11426.849609375,12.5
2019-03-15,466.20001220703125,469.95001220703125,462.29998779296875,464.3500061035156,5877969.0,4,15,3,11462.2001953125,7.6500244140625
2019-03-18,466.0,469.8999938964844,458.6499938964844,464.8999938964844,3785329.0,0,18,3,11532.400390625,11.25
2019-03-19,467.5,475.25,466.6499938964844,468.95001220703125,6725926.0,1,19,3,11521.0498046875,8.600006103515625
2019-03-20,470.75,476.79998779296875,466.0,474.75,4235163.0,2,20,3,11456.900390625,10.79998779296875
2019-03-22,475.79998779296875,479.70001220703125,469.3500061035156,473.25,6125288.0,4,22,3,11354.25,10.350006103515625
2019-03-25,468.5,469.45001220703125,461.20001220703125,464.6499938964844,4043446.0,0,25,3,11483.25,8.25
2019-03-26,467.0,471.5,462.1000061035156,469.79998779296875,3843580.0,1,26,3,11445.0498046875,9.399993896484375
2019-03-27,471.79998779296875,477.3500061035156,459.75,464.8500061035156,6016947.0,2,27,3,11570.0,17.600006103515625
2019-03-28,465.0,479.79998779296875,465.0,475.45001220703125,10590187.0,3,28,3,11669.150390625,14.79998779296875
2019-04-01,480.95001220703125,484.25,475.6000061035156,478.8500061035156,3583589.0,0,1,4,11713.2001953125,8.649993896484375
2019-04-02,482.0,483.8999938964844,467.1000061035156,469.70001220703125,4034802.0,1,2,4,11643.9501953125,16.79998779296875
2019-04-03,471.0,473.8999938964844,459.1499938964844,462.0,4715586.0,2,3,4,11598.0,14.75
2019-04-04,463.0,469.8999938964844,459.5,465.6000061035156,4151406.0,3,4,4,11665.9501953125,10.399993896484375
2019-04-05,467.1000061035156,470.0,461.5,463.1499938964844,2205935.0,4,5,4,11604.5,8.5
2019-04-08,464.6000061035156,467.20001220703125,460.45001220703125,462.45001220703125,2274003.0,0,8,4,11671.9501953125,6.75
2019-04-09,457.25,472.3999938964844,454.79998779296875,470.95001220703125,4345243.0,1,9,4,11584.2998046875,17.600006103515625
2019-04-10,468.0,479.8999938964844,467.3500061035156,471.95001220703125,3887388.0,2,10,4,11596.7001953125,12.54998779296875
2019-04-11,465.25,470.8999938964844,461.6000061035156,465.54998779296875,4429596.0,3,11,4,11643.4501953125,9.29998779296875
2019-04-12,467.0,468.5,462.29998779296875,465.04998779296875,3332732.0,4,12,4,11690.349609375,6.20001220703125
2019-04-15,465.29998779296875,466.79998779296875,457.5,458.6499938964844,3770497.0,0,15,4,11787.150390625,9.29998779296875
2019-04-16,459.45001220703125,464.5,458.6499938964844,462.54998779296875,2825105.0,1,16,4,11752.7998046875,5.850006103515625
2019-04-18,463.8999938964844,466.0,456.70001220703125,463.20001220703125,3567327.0,3,18,4,11594.4501953125,9.29998779296875
2019-04-22,464.0,465.04998779296875,452.3999938964844,454.5,1828896.0,0,22,4,11575.9501953125,12.649993896484375
2019-04-23,453.0,472.3999938964844,453.0,468.54998779296875,5292341.0,1,23,4,11726.150390625,19.399993896484375
2019-04-24,469.1000061035156,470.0,462.5,469.3500061035156,2821522.0,2,24,4,11641.7998046875,7.5
2019-04-25,465.25,474.6000061035156,459.5,461.0,5244937.0,3,25,4,11754.650390625,15.100006103515625
2019-04-26,464.0,469.3999938964844,462.6000061035156,464.1000061035156,2903286.0,4,26,4,11748.150390625,6.79998779296875
2019-04-30,464.0,464.0,446.0,457.6499938964844,6586352.0,1,30,4,11724.75,18.0
2019-05-02,456.95001220703125,461.70001220703125,450.5,452.20001220703125,3732218.0,3,2,5,11712.25,11.20001220703125
2019-05-03,455.0,456.20001220703125,448.8500061035156,453.25,2585548.0,4,3,5,11598.25,7.350006103515625
2019-05-06,448.0,455.8999938964844,446.45001220703125,453.1499938964844,3104707.0,0,6,5,11497.900390625,9.449981689453125
2019-05-07,456.0,456.0,446.45001220703125,448.20001220703125,4189396.0,1,7,5,11359.4501953125,9.54998779296875
2019-05-08,447.75,449.8500061035156,433.45001220703125,439.1499938964844,4885249.0,2,8,5,11301.7998046875,16.399993896484375
2019-05-09,436.0,442.70001220703125,431.54998779296875,439.3500061035156,3550114.0,3,9,5,11278.900390625,11.1500244140625
2019-05-10,437.0,442.6499938964844,434.45001220703125,437.75,3482485.0,4,10,5,11148.2001953125,8.199981689453125
2019-05-13,437.75,437.75,344.54998779296875,398.1000061035156,24079258.0,0,13,5,11222.0498046875,93.20001220703125
2019-05-14,406.04998779296875,424.5,403.25,419.45001220703125,18797497.0,1,14,5,11157.0,21.25
2019-05-15,420.0,424.5,407.1000061035156,409.75,7581005.0,2,15,5,11257.099609375,17.399993896484375
2019-05-16,411.5,419.6000061035156,379.04998779296875,412.3999938964844,25156049.0,3,16,5,11407.150390625,40.550018310546875
2019-05-17,409.04998779296875,416.0,401.70001220703125,409.1000061035156,7747301.0,4,17,5,11828.25,14.29998779296875
2019-05-20,420.0,429.0,410.20001220703125,413.5,3809738.0,0,20,5,11709.099609375,18.79998779296875
2019-05-21,414.20001220703125,423.75,405.6499938964844,408.8500061035156,6228488.0,1,21,5,11737.900390625,18.100006103515625
2019-05-22,409.0,423.54998779296875,408.0,421.20001220703125,7277731.0,2,22,5,11657.0498046875,15.54998779296875
2019-05-23,425.0,427.0,410.20001220703125,412.95001220703125,5906044.0,3,23,5,11844.099609375,16.79998779296875
2019-05-24,416.70001220703125,418.0,411.6499938964844,415.75,3010407.0,4,24,5,11924.75,6.350006103515625
2019-05-27,416.95001220703125,421.5,411.54998779296875,414.8500061035156,3886561.0,0,27,5,11928.75,9.95001220703125
2019-05-28,417.0,420.5,410.20001220703125,412.75,7987111.0,1,28,5,11861.099609375,10.29998779296875
2019-05-29,418.04998779296875,427.79998779296875,403.54998779296875,423.79998779296875,28086149.0,2,29,5,11945.900390625,24.25
2019-05-30,421.25,422.70001220703125,411.20001220703125,412.75,9082367.0,3,30,5,11922.7998046875,11.5
2019-05-31,414.79998779296875,417.1000061035156,406.04998779296875,409.8500061035156,5643400.0,4,31,5,12088.5498046875,11.050018310546875
2019-06-03,411.0,418.6000061035156,407.5,416.79998779296875,4611475.0,0,3,6,12021.650390625,11.100006103515625
2019-06-04,414.79998779296875,417.8999938964844,409.1000061035156,411.1499938964844,3279047.0,1,4,6,11843.75,8.79998779296875
2019-06-06,411.25,413.5,402.6000061035156,404.1499938964844,3483633.0,3,6,6,11870.650390625,10.899993896484375
2019-06-07,405.0,406.8999938964844,395.1000061035156,399.25,4668474.0,4,7,6,11922.7001953125,11.79998779296875
2019-06-10,402.0,405.79998779296875,394.04998779296875,402.04998779296875,4966075.0,0,10,6,11965.599609375,11.75
2019-06-11,396.0,397.79998779296875,384.0,389.95001220703125,13833555.0,1,11,6,11906.2001953125,13.79998779296875
2019-06-12,391.0,397.0,385.25,391.3999938964844,7739283.0,2,12,6,11914.0498046875,11.75
2019-06-13,391.0,393.75,385.3999938964844,389.75,4090663.0,3,13,6,11823.2998046875,8.350006103515625
2019-06-14,390.0,394.8500061035156,376.54998779296875,392.54998779296875,9786375.0,4,14,6,11672.150390625,18.300018310546875
2019-06-17,391.70001220703125,394.5,379.8500061035156,382.8999938964844,6558933.0,0,17,6,11691.5,14.649993896484375
2019-06-18,381.3999938964844,385.6000061035156,374.29998779296875,378.45001220703125,3761637.0,1,18,6,11691.4501953125,11.300018310546875
2019-06-19,380.0,382.1000061035156,368.1499938964844,375.20001220703125,7197444.0,2,19,6,11831.75,13.95001220703125
2019-06-20,368.0,392.20001220703125,368.0,390.5,8109029.0,3,20,6,11724.099609375,24.20001220703125
2019-06-21,388.8999938964844,391.70001220703125,381.04998779296875,382.79998779296875,5389874.0,4,21,6,11699.650390625,10.6500244140625
2019-06-24,381.79998779296875,385.3999938964844,377.5,383.45001220703125,3702836.0,0,24,6,11796.4501953125,7.899993896484375
2019-06-25,382.5,387.5,377.54998779296875,385.75,4480306.0,1,25,6,11847.5498046875,9.95001220703125
2019-06-26,385.0,403.54998779296875,384.6499938964844,399.45001220703125,9571797.0,2,26,6,11841.5498046875,18.899993896484375
2019-06-27,399.04998779296875,405.3999938964844,394.75,402.79998779296875,7651785.0,3,27,6,11788.849609375,10.649993896484375
2019-06-28,404.8999938964844,409.79998779296875,398.1499938964844,400.95001220703125,7283442.0,4,28,6,11865.599609375,11.649993896484375
2019-07-01,402.0,406.5,401.5,405.3500061035156,2254468.0,0,1,7,11910.2998046875,5.0
2019-07-02,404.8500061035156,407.0,391.1499938964844,395.54998779296875,5539613.0,1,2,7,11916.75,15.850006103515625
2019-07-03,397.3999938964844,399.1499938964844,393.1000061035156,395.70001220703125,2683086.0,2,3,7,11946.75,6.04998779296875
2019-07-04,396.70001220703125,398.04998779296875,391.20001220703125,392.1000061035156,3308295.0,3,4,7,11811.150390625,6.8499755859375
2019-07-05,393.5,394.3999938964844,373.3999938964844,375.25,5446432.0,4,5,7,11558.599609375,21.0
2019-07-08,375.0,380.8999938964844,365.3999938964844,366.79998779296875,7355520.0,0,8,7,11555.900390625,15.5
2019-07-09,367.0,395.0,367.0,386.3999938964844,15428006.0,1,9,7,11498.900390625,28.0
2019-07-10,386.0,397.3500061035156,380.6000061035156,392.20001220703125,10202064.0,2,10,7,11582.900390625,16.75
2019-07-11,394.8999938964844,400.3500061035156,390.29998779296875,398.1499938964844,7759443.0,3,11,7,11552.5,10.050018310546875
2019-07-12,400.5,411.5,397.3500061035156,407.70001220703125,13549864.0,4,12,7,11588.349609375,14.149993896484375
2019-07-15,416.25,427.70001220703125,413.6499938964844,422.95001220703125,18269604.0,0,15,7,11662.599609375,14.050018310546875
2019-07-16,420.79998779296875,435.0,418.6499938964844,433.29998779296875,8630766.0,1,16,7,11687.5,16.350006103515625
2019-07-17,433.0,436.29998779296875,428.1000061035156,430.04998779296875,6500759.0,2,17,7,11596.900390625,8.199981689453125
2019-07-18,430.04998779296875,432.8999938964844,424.6499938964844,426.20001220703125,4711395.0,3,18,7,11419.25,8.25
2019-07-19,427.0,429.3999938964844,416.04998779296875,421.3500061035156,5104476.0,4,19,7,11346.2001953125,13.350006103515625
2019-07-22,419.1000061035156,443.29998779296875,419.0,430.25,10420113.0,0,22,7,11331.0498046875,24.29998779296875
2019-07-23,431.0,435.5,427.1000061035156,430.25,6698368.0,1,23,7,11271.2998046875,8.399993896484375
2019-07-24,430.0,432.45001220703125,421.70001220703125,425.54998779296875,5319256.0,2,24,7,11252.150390625,10.75
2019-07-25,425.79998779296875,439.70001220703125,425.54998779296875,437.1499938964844,11412685.0,3,25,7,11284.2998046875,14.1500244140625
2019-07-26,437.0,442.20001220703125,433.1000061035156,439.95001220703125,5094438.0,4,26,7,11189.2001953125,9.100006103515625
2019-07-29,440.0,441.70001220703125,429.20001220703125,431.04998779296875,4448863.0,0,29,7,11085.400390625,12.5
2019-07-30,430.0,441.29998779296875,405.0,410.3500061035156,9461831.0,1,30,7,11118.0,36.29998779296875
2019-07-31,410.0,428.79998779296875,409.0,426.75,7746831.0,2,31,7,10980.0,19.79998779296875
2019-08-01,424.79998779296875,427.75,418.0,425.1000061035156,3635110.0,3,1,8,10997.349609375,9.75
2019-08-02,422.8999938964844,426.5,417.3500061035156,420.6499938964844,3490912.0,4,2,8,10862.599609375,9.149993896484375
2019-08-05,417.6499938964844,423.75,411.04998779296875,417.1499938964844,4784904.0,0,5,8,10948.25,12.70001220703125
2019-08-06,416.0,422.45001220703125,414.5,418.20001220703125,3204070.0,1,6,8,10855.5,7.95001220703125
2019-08-07,421.0,429.0,418.1000061035156,421.04998779296875,5431353.0,2,7,8,11032.4501953125,10.899993896484375
2019-08-08,424.0,428.20001220703125,418.1499938964844,426.45001220703125,3157083.0,3,8,8,11109.650390625,10.050018310546875
2019-08-09,428.0,430.3500061035156,418.45001220703125,422.0,3434604.0,4,9,8,10925.849609375,11.899993896484375
2019-08-13,421.5,444.5,420.75,439.25,13211835.0,1,13,8,11029.400390625,23.75
2019-08-14,440.0,441.0,408.04998779296875,417.1499938964844,16173302.0,2,14,8,11047.7998046875,32.95001220703125
2019-08-16,419.3999938964844,421.3999938964844,410.0,414.70001220703125,6536156.0,4,16,8,11053.900390625,11.399993896484375
2019-08-19,424.75,434.20001220703125,421.0,426.0,11584821.0,0,19,8,11017.0,13.20001220703125
2019-08-20,426.0,426.5,417.29998779296875,420.8999938964844,5151625.0,1,20,8,10918.7001953125,9.20001220703125
2019-08-21,421.0,425.8500061035156,413.6000061035156,417.0,5120294.0,2,21,8,10741.349609375,12.25
2019-08-22,416.70001220703125,420.75,408.5,414.54998779296875,5299316.0,3,22,8,10829.349609375,12.25
2019-08-23,415.0,429.95001220703125,408.8999938964844,427.79998779296875,5479802.0,4,23,8,11057.849609375,21.050018310546875
2019-08-26,428.0,429.79998779296875,415.1000061035156,419.3500061035156,6258106.0,0,26,8,11105.349609375,14.699981689453125
2019-08-27,424.04998779296875,425.45001220703125,415.1000061035156,416.75,6738413.0,1,27,8,11046.099609375,10.350006103515625
2019-08-28,416.8999938964844,421.70001220703125,411.5,413.1000061035156,3441725.0,2,28,8,10948.2998046875,10.20001220703125
2019-08-29,428.0,438.6000061035156,421.1000061035156,434.6499938964844,19967263.0,3,29,8,11023.25,17.5
2019-08-30,432.95001220703125,453.3999938964844,429.75,450.3999938964844,12308149.0,4,30,8,10797.900390625,23.649993896484375
2019-09-03,450.0,456.0,434.29998779296875,439.3500061035156,9396440.0,1,3,9,10844.650390625,21.70001220703125
2019-09-04,424.54998779296875,429.45001220703125,401.29998779296875,426.45001220703125,33952423.0,2,4,9,10847.900390625,28.1500244140625
2019-09-05,428.0,433.95001220703125,423.3500061035156,431.79998779296875,8793166.0,3,5,9,10946.2001953125,10.600006103515625
2019-09-06,416.70001220703125,427.20001220703125,414.45001220703125,425.1000061035156,12513040.0,4,6,9,11003.0498046875,12.75
2019-09-09,426.0,432.5,426.0,428.79998779296875,5488753.0,0,9,9,11035.7001953125,6.5
2019-09-11,432.0,435.0,421.25,422.20001220703125,7742635.0,2,11,9,10982.7998046875,13.75
2019-09-12,424.75,439.79998779296875,419.45001220703125,427.79998779296875,9896642.0,3,12,9,11075.900390625,20.3499755859375
2019-09-13,430.45001220703125,432.8500061035156,421.1000061035156,422.8500061035156,6847742.0,4,13,9,11003.5,11.75
2019-09-16,421.0,429.5,419.95001220703125,426.79998779296875,5239616.0,0,16,9,10817.599609375,9.54998779296875
2019-09-17,426.70001220703125,427.54998779296875,419.1499938964844,420.6499938964844,3367950.0,1,17,9,10840.650390625,8.399993896484375
2019-09-18,423.8999938964844,424.6000061035156,414.25,416.79998779296875,3728621.0,2,18,9,10704.7998046875,10.350006103515625
2019-09-19,416.79998779296875,418.8999938964844,408.20001220703125,411.1499938964844,4238714.0,3,19,9,11274.2001953125,10.699981689453125
2019-09-20,413.8999938964844,420.79998779296875,408.0,413.70001220703125,11785529.0,4,20,9,11600.2001953125,12.79998779296875
2019-09-23,418.0,424.29998779296875,405.3999938964844,409.45001220703125,7342291.0,0,23,9,11588.2001953125,18.899993896484375
2019-09-24,408.0,419.70001220703125,406.3500061035156,409.6499938964844,5860106.0,1,24,9,11440.2001953125,13.350006103515625
2019-09-25,409.6000061035156,412.70001220703125,401.75,406.75,5031063.0,2,25,9,11571.2001953125,10.95001220703125
2019-09-26,406.75,413.0,405.29998779296875,411.95001220703125,5309789.0,3,26,9,11512.400390625,7.70001220703125
2019-09-27,412.0,412.5,400.25,401.70001220703125,3835936.0,4,27,9,11474.4501953125,12.25
2019-09-30,402.8999938964844,403.0,386.54998779296875,389.45001220703125,6674624.0,0,30,9,11359.900390625,16.45001220703125
2019-10-01,388.5,396.3999938964844,380.1000061035156,386.54998779296875,4308157.0,1,1,10,11314.0,16.29998779296875
2019-10-03,382.0,391.45001220703125,377.6499938964844,388.1499938964844,5216456.0,3,3,10,11174.75,13.800018310546875
2019-10-04,389.0,394.0,384.20001220703125,386.04998779296875,4024033.0,4,4,10,11126.400390625,9.79998779296875
2019-10-07,386.04998779296875,387.6499938964844,372.6000061035156,379.8999938964844,5151963.0,0,7,10,11313.2998046875,15.04998779296875
2019-10-09,378.0,387.75,374.20001220703125,383.95001220703125,4991946.0,2,9,10,11234.5498046875,13.54998779296875
2019-10-10,385.0,389.79998779296875,378.70001220703125,387.04998779296875,4581317.0,3,10,10,11305.0498046875,11.0999755859375
2019-10-11,387.3999938964844,389.3500061035156,381.5,386.29998779296875,4273739.0,4,11,10,11341.150390625,7.850006103515625
2019-10-14,387.0,399.0,387.0,394.6499938964844,4372357.0,0,14,10,11428.2998046875,12.0
2019-10-15,397.20001220703125,400.0,392.25,396.79998779296875,2892153.0,1,15,10,11464.0,7.75
2019-10-16,398.04998779296875,402.20001220703125,394.25,399.70001220703125,5503380.0,2,16,10,11586.349609375,7.95001220703125
2019-10-17,401.6000061035156,402.54998779296875,396.79998779296875,401.5,2934902.0,3,17,10,11661.849609375,5.75
2019-10-18,401.0,406.5,397.5,401.6499938964844,4647037.0,4,18,10,11588.349609375,9.0
2019-10-22,402.0,408.0,400.95001220703125,405.45001220703125,2944611.0,1,22,10,11604.099609375,7.04998779296875
2019-10-23,405.6000061035156,411.3500061035156,403.0,405.20001220703125,3374975.0,2,23,10,11582.599609375,8.350006103515625
2019-10-24,405.0,407.75,398.70001220703125,405.95001220703125,3017220.0,3,24,10,11583.900390625,9.04998779296875
2019-10-29,417.70001220703125,425.5,414.0,421.95001220703125,3863059.0,1,29,10,11844.099609375,11.5
2019-10-30,426.95001220703125,432.54998779296875,418.1000061035156,429.6499938964844,3511610.0,2,30,10,11877.4501953125,14.449981689453125
2019-10-31,429.6000061035156,440.54998779296875,428.79998779296875,433.3999938964844,6710116.0,3,31,10,11890.599609375,11.75
2019-11-01,434.6499938964844,440.8999938964844,433.1000061035156,437.54998779296875,3545584.0,4,1,11,11941.2998046875,7.79998779296875
2019-11-04,439.95001220703125,442.3999938964844,433.6499938964844,437.95001220703125,4646694.0,0,4,11,11917.2001953125,8.75
2019-11-05,435.5,439.79998779296875,424.04998779296875,429.8999938964844,6719996.0,1,5,11,11966.0498046875,15.75
2019-11-06,432.3999938964844,452.8999938964844,422.1000061035156,427.8999938964844,15917528.0,2,6,11,12012.0498046875,30.79998779296875
2019-11-07,431.70001220703125,444.0,423.3999938964844,440.6000061035156,14294406.0,3,7,11,11908.150390625,20.600006103515625
2019-11-08,442.0,442.5,420.8500061035156,422.1000061035156,11902470.0,4,8,11,11913.4501953125,21.649993896484375
2019-11-11,415.0,423.29998779296875,407.1000061035156,421.45001220703125,10249882.0,0,11,11,11840.4501953125,16.199981689453125
2019-11-13,420.0,426.8999938964844,410.0,412.0,6033467.0,2,13,11,11872.099609375,16.899993896484375
2019-11-14,413.20001220703125,417.3500061035156,407.54998779296875,410.20001220703125,4750176.0,3,14,11,11895.4501953125,9.800018310546875
2019-11-15,412.75,418.8999938964844,410.1499938964844,415.04998779296875,5416931.0,4,15,11,11884.5,8.75
2019-11-18,418.0,430.0,417.04998779296875,424.54998779296875,7710740.0,0,18,11,11940.099609375,12.95001220703125
2019-11-19,425.0,429.8999938964844,421.6000061035156,425.8999938964844,4163853.0,1,19,11,11999.099609375,8.29998779296875
2019-11-20,427.20001220703125,460.6000061035156,423.8500061035156,450.0,23107507.0,2,20,11,11968.400390625,36.75
2019-11-21,450.0,454.45001220703125,443.6000061035156,447.1499938964844,7480460.0,3,21,11,11914.400390625,10.850006103515625
2019-11-22,450.0,461.8999938964844,445.1000061035156,452.1000061035156,12114721.0,4,22,11,12073.75,16.79998779296875
2019-11-25,453.0,463.8999938964844,450.0,458.95001220703125,8251208.0,0,25,11,12037.7001953125,13.899993896484375
2019-11-26,463.79998779296875,467.3999938964844,446.5,450.75,11278843.0,1,26,11,12100.7001953125,20.899993896484375
2019-11-27,449.95001220703125,461.0,447.54998779296875,458.75,6481012.0,2,27,11,12151.150390625,13.45001220703125
2019-11-28,456.20001220703125,462.3999938964844,455.1499938964844,457.3500061035156,4005893.0,3,28,11,12056.0498046875,7.25
2019-11-29,458.3999938964844,460.54998779296875,447.45001220703125,449.8500061035156,3198828.0,4,29,11,12048.2001953125,13.0999755859375
2019-12-02,449.0,449.6000061035156,437.0,440.0,4933088.0,0,2,12,11994.2001953125,12.600006103515625
2019-12-03,441.3999938964844,442.20001220703125,430.5,433.6000061035156,3602073.0,1,3,12,12043.2001953125,11.70001220703125
2019-12-04,433.5,444.70001220703125,431.70001220703125,443.70001220703125,4318531.0,2,4,12,12018.400390625,13.0
2019-12-05,440.0,441.95001220703125,433.25,436.70001220703125,4096921.0,3,5,12,11921.5,8.70001220703125
2019-12-06,440.29998779296875,444.20001220703125,427.0,428.6000061035156,5805588.0,4,6,12,11937.5,17.20001220703125
2019-12-09,431.8500061035156,434.6000061035156,423.6000061035156,427.0,4959765.0,0,9,12,11856.7998046875,11.0
2019-12-10,429.6000061035156,435.75,425.29998779296875,427.6499938964844,5578960.0,1,10,12,11910.150390625,10.45001220703125
2019-12-11,429.1000061035156,431.8999938964844,425.1499938964844,429.79998779296875,3322986.0,2,11,12,11971.7998046875,6.75
2019-12-12,430.8999938964844,437.8999938964844,430.25,434.1499938964844,2794856.0,3,12,12,12086.7001953125,7.649993896484375
2019-12-13,437.6000061035156,441.8999938964844,425.6000061035156,439.25,5386394.0,4,13,12,12053.9501953125,16.29998779296875
2019-12-16,431.25,437.20001220703125,426.3999938964844,435.1499938964844,8290756.0,0,16,12,12165.0,10.800018310546875
2019-12-17,434.0,437.5,426.25,429.04998779296875,6407264.0,1,17,12,12221.650390625,11.25
2019-12-18,430.0,441.3999938964844,427.29998779296875,439.75,5341984.0,2,18,12,12259.7001953125,14.100006103515625
2019-12-19,439.79998779296875,440.6000061035156,427.5,433.6000061035156,6465219.0,3,19,12,12271.7998046875,13.100006103515625
2019-12-20,429.1499938964844,436.70001220703125,428.04998779296875,430.29998779296875,7157364.0,4,20,12,12262.75,8.6500244140625
2019-12-23,427.1000061035156,432.0,426.6000061035156,428.3999938964844,4534617.0,0,23,12,12214.5498046875,5.399993896484375
2019-12-24,428.0,432.45001220703125,425.3999938964844,429.79998779296875,4210004.0,1,24,12,12126.5498046875,7.050018310546875
2019-12-26,430.8999938964844,431.3999938964844,420.6499938964844,422.1499938964844,5296867.0,3,26,12,12245.7998046875,10.75
2019-12-27,422.0,427.1499938964844,421.3999938964844,426.0,3413181.0,4,27,12,12255.849609375,5.75
2019-12-30,428.95001220703125,433.5,426.70001220703125,430.1499938964844,4758825.0,0,30,12,12168.4501953125,6.79998779296875
2019-12-31,430.1000061035156,435.3999938964844,428.70001220703125,432.54998779296875,2957369.0,1,31,12,12182.5,6.699981689453125
2020-01-01,432.95001220703125,436.45001220703125,431.25,434.29998779296875,2321850.0,2,1,1,12282.2001953125,5.20001220703125
2020-01-02,434.0,442.6000061035156,432.0,434.95001220703125,4555670.0,3,2,1,12226.650390625,10.600006103515625
2020-01-03,434.6499938964844,450.3999938964844,433.04998779296875,444.6000061035156,9457180.0,4,3,1,11993.0498046875,17.350006103515625
2020-01-06,440.8999938964844,444.70001220703125,435.1000061035156,439.95001220703125,4794923.0,0,6,1,12052.9501953125,9.600006103515625
2020-01-07,441.3999938964844,448.0,437.54998779296875,446.3999938964844,4504083.0,1,7,1,12025.349609375,10.45001220703125
2020-01-08,442.95001220703125,446.5,439.0,440.1000061035156,3881918.0,2,8,1,12215.900390625,7.5
2020-01-09,442.70001220703125,444.8500061035156,439.0,439.8500061035156,3934566.0,3,9,1,12256.7998046875,5.850006103515625
2020-01-10,440.1000061035156,449.0,440.0,443.6000061035156,4334013.0,4,10,1,12329.5498046875,9.0
2020-01-13,447.0,453.6499938964844,442.54998779296875,444.6000061035156,4823348.0,0,13,1,12362.2998046875,11.100006103515625
2020-01-14,447.0,449.5,444.3999938964844,446.0,2708589.0,1,14,1,12343.2998046875,5.100006103515625
2020-01-15,447.6000061035156,450.70001220703125,443.6499938964844,449.04998779296875,3054107.0,2,15,1,12355.5,7.050018310546875
2020-01-16,452.25,456.3500061035156,447.3999938964844,449.04998779296875,4416809.0,3,16,1,12352.349609375,8.95001220703125
2020-01-17,448.20001220703125,456.25,446.0,454.6000061035156,3216737.0,4,17,1,12224.5498046875,10.25
2020-01-20,454.20001220703125,456.20001220703125,446.1499938964844,449.45001220703125,2824739.0,0,20,1,12169.849609375,10.050018310546875
2020-01-21,448.0,451.75,446.0,447.3999938964844,2573651.0,1,21,1,12106.900390625,5.75
2020-01-22,448.3999938964844,453.8500061035156,445.3500061035156,446.29998779296875,3412716.0,2,22,1,12180.349609375,8.5
2020-01-23,447.20001220703125,452.20001220703125,445.0,449.8500061035156,1875787.0,3,23,1,12248.25,7.20001220703125
2020-01-24,450.0,452.8500061035156,446.79998779296875,447.79998779296875,2153164.0,4,24,1,12119.0,6.050018310546875
2020-01-27,447.0,451.75,442.20001220703125,448.3999938964844,3530914.0,0,27,1,12055.7998046875,9.54998779296875
2020-01-28,448.25,462.5,448.04998779296875,452.8999938964844,9487290.0,1,28,1,12129.5,14.45001220703125
2020-01-29,454.8500061035156,456.75,449.45001220703125,450.1000061035156,3103817.0,2,29,1,12035.7998046875,7.29998779296875
2020-01-30,451.5,453.75,440.29998779296875,442.1000061035156,3486193.0,3,30,1,11962.099609375,13.45001220703125
2020-01-31,442.6000061035156,445.3999938964844,432.6499938964844,434.29998779296875,3757229.0,4,31,1,11707.900390625,12.75
2020-02-03,423.79998779296875,428.8999938964844,414.0,417.54998779296875,4032780.0,0,3,2,11979.650390625,14.899993896484375
2020-02-04,416.95001220703125,426.8999938964844,412.8500061035156,425.6499938964844,4848610.0,1,4,2,12089.150390625,14.04998779296875
2020-02-05,429.5,431.3999938964844,421.8999938964844,426.25,3826307.0,2,5,2,12137.9501953125,9.5
2020-02-06,428.20001220703125,438.0,424.0,430.6499938964844,7745520.0,3,6,2,12098.349609375,14.0
2020-02-07,432.0,441.75,423.20001220703125,430.79998779296875,7402556.0,4,7,2,12031.5,18.54998779296875
2020-02-10,428.54998779296875,432.75,418.29998779296875,420.29998779296875,3638523.0,0,10,2,12107.900390625,14.45001220703125
2020-02-11,422.0,424.70001220703125,416.79998779296875,418.54998779296875,4683072.0,1,11,2,12201.2001953125,7.9000244140625
2020-02-12,418.79998779296875,421.29998779296875,414.0,414.6000061035156,4439987.0,2,12,2,12174.650390625,7.29998779296875
2020-02-13,414.6000061035156,420.1000061035156,412.0,418.95001220703125,3924569.0,3,13,2,12113.4501953125,8.100006103515625
2020-02-14,420.0,424.75,416.5,418.54998779296875,2862205.0,4,14,2,12045.7998046875,8.25
2020-02-17,416.20001220703125,418.5,407.29998779296875,408.3999938964844,2625157.0,0,17,2,11992.5,11.20001220703125
2020-02-18,407.0,410.8500061035156,399.04998779296875,408.6499938964844,4187206.0,1,18,2,12125.900390625,11.800018310546875
2020-02-19,410.3999938964844,414.20001220703125,400.6000061035156,403.54998779296875,5910512.0,2,19,2,12080.849609375,13.600006103515625
2020-02-20,403.8500061035156,411.5,403.54998779296875,404.95001220703125,4000525.0,3,20,2,11829.400390625,7.95001220703125
2020-02-24,406.5,414.6499938964844,395.79998779296875,397.8500061035156,12668574.0,0,24,2,11797.900390625,18.850006103515625
2020-02-25,402.3999938964844,402.3999938964844,385.29998779296875,388.8999938964844,10050971.0,1,25,2,11678.5,17.100006103515625
2020-02-26,385.1000061035156,386.95001220703125,372.5,374.70001220703125,12146582.0,2,26,2,11633.2998046875,14.45001220703125
2020-02-27,375.0,390.70001220703125,369.45001220703125,388.5,15164166.0,3,27,2,11201.75,21.25
2020-02-28,379.6499938964844,385.6000061035156,371.1000061035156,372.8999938964844,8439591.0,4,28,2,11132.75,14.5
2020-03-02,378.0,383.6499938964844,363.3500061035156,369.5,6915567.0,0,2,3,11303.2998046875,20.29998779296875
2020-03-03,374.0,396.3999938964844,373.25,393.54998779296875,14474553.0,1,3,3,11251.0,23.149993896484375
2020-03-04,398.0,412.8999938964844,387.3500061035156,405.45001220703125,26369149.0,2,4,3,11269.0,25.54998779296875
2020-03-05,409.95001220703125,414.79998779296875,401.75,404.8999938964844,9874059.0,3,5,3,10989.4501953125,13.04998779296875
2020-03-06,390.04998779296875,403.20001220703125,390.04998779296875,400.8999938964844,6500912.0,4,6,3,10451.4501953125,13.1500244140625
2020-03-09,396.04998779296875,403.8999938964844,385.54998779296875,393.3500061035156,13151861.0,0,9,3,10458.400390625,18.350006103515625
2020-03-11,394.3999938964844,395.25,380.04998779296875,385.95001220703125,9127352.0,2,11,3,9590.150390625,15.20001220703125
2020-03-12,365.5,372.70001220703125,346.3999938964844,354.79998779296875,11662910.0,3,12,3,9955.2001953125,26.300018310546875
2020-03-13,341.0,402.95001220703125,325.0,384.20001220703125,15802632.0,4,13,3,9197.400390625,77.95001220703125
2020-03-16,376.0,396.3999938964844,362.79998779296875,368.54998779296875,14480298.0,0,16,3,8967.0498046875,33.600006103515625
2020-03-17,376.0,395.6000061035156,364.20001220703125,370.1499938964844,12903597.0,1,17,3,8468.7998046875,31.399993896484375
2020-03-18,383.3999938964844,386.3999938964844,355.1000061035156,362.75,12342300.0,2,18,3,8263.4501953125,31.29998779296875
2020-03-19,351.70001220703125,374.45001220703125,347.6499938964844,360.3999938964844,8728092.0,3,19,3,8745.4501953125,26.800018310546875
2020-03-20,365.20001220703125,379.5,362.20001220703125,365.25,10630619.0,4,20,3,7610.25,17.29998779296875
2020-03-23,345.0,354.70001220703125,315.04998779296875,324.5,8018903.0,0,23,3,7801.0498046875,39.6500244140625
2020-03-24,330.0,348.0,330.0,335.1499938964844,6408582.0,1,24,3,8317.849609375,18.0
2020-03-25,332.0,350.79998779296875,329.54998779296875,347.6499938964844,6174391.0,2,25,3,8641.4501953125,21.25
2020-03-26,365.0,368.0,336.1000061035156,338.29998779296875,11670467.0,3,26,3,8660.25,31.899993896484375
2020-03-27,347.0,352.5,333.0,338.25,7745135.0,4,27,3,8281.099609375,19.5
2020-03-30,321.6499938964844,344.0,312.0,332.70001220703125,11648241.0,0,30,3,8597.75,32.0
2020-03-31,340.1000061035156,355.0,328.25,352.29998779296875,9954142.0,1,31,3,8253.7998046875,26.75
2020-04-01,353.0,355.25,338.3999938964844,343.54998779296875,6702159.0,2,1,4,8083.7998046875,16.850006103515625
2020-04-03,343.95001220703125,389.79998779296875,340.0,375.95001220703125,28550430.0,4,3,4,8792.2001953125,49.79998779296875
2020-04-07,398.0,422.8500061035156,388.29998779296875,417.3500061035156,29675052.0,1,7,4,8748.75,34.550018310546875
2020-04-08,419.0,448.75,413.1499938964844,436.70001220703125,27810872.0,2,8,4,9111.900390625,35.600006103515625
2020-04-09,454.3999938964844,473.8999938964844,443.3999938964844,454.45001220703125,31862948.0,3,9,4,8993.849609375,30.5
2020-04-13,462.95001220703125,477.8999938964844,443.1000061035156,462.3500061035156,30510226.0,0,13,4,8925.2998046875,34.79998779296875
2020-04-15,474.8999938964844,488.5,444.1000061035156,449.20001220703125,32508955.0,2,15,4,8992.7998046875,44.399993896484375
2020-04-16,450.0,467.6000061035156,449.20001220703125,463.70001220703125,16932965.0,3,16,4,9266.75,18.399993896484375
2020-04-17,476.95001220703125,476.95001220703125,448.45001220703125,457.1000061035156,19774082.0,4,17,4,9261.849609375,28.5
2020-04-20,457.3500061035156,475.0,450.54998779296875,473.3999938964844,17893064.0,0,20,4,8981.4501953125,24.45001220703125
2020-04-21,467.8500061035156,490.70001220703125,464.25,473.1499938964844,30021752.0,1,21,4,9187.2998046875,26.45001220703125
2020-04-22,474.95001220703125,482.3999938964844,469.0,474.3500061035156,13336137.0,2,22,4,9313.900390625,13.399993896484375
2020-04-23,476.95001220703125,487.8500061035156,474.3500061035156,477.45001220703125,13748820.0,3,23,4,9154.400390625,13.5
2020-04-24,476.95001220703125,497.0,473.54998779296875,485.54998779296875,23394027.0,4,24,4,9282.2998046875,23.45001220703125
2020-04-27,491.0,504.79998779296875,487.0,489.8999938964844,19310626.0,0,27,4,9380.900390625,17.79998779296875
2020-04-28,495.0,495.3999938964844,470.29998779296875,473.95001220703125,12847910.0,1,28,4,9553.349609375,25.100006103515625
2020-04-29,476.0,484.95001220703125,473.1499938964844,477.6499938964844,10166496.0,2,29,4,9859.900390625,11.800018310546875
2020-04-30,484.0,485.0,458.3999938964844,464.45001220703125,18471206.0,3,30,4,9293.5,26.600006103515625
2020-05-04,464.45001220703125,474.5,458.0,465.45001220703125,16097066.0,0,4,5,9205.599609375,16.5
2020-05-05,469.79998779296875,472.5,454.0,456.29998779296875,7850482.0,1,5,5,9270.900390625,18.5
2020-05-06,459.6000061035156,463.0,448.0,454.3999938964844,10829910.0,2,6,5,9199.0498046875,15.0
2020-05-07,462.0,465.70001220703125,450.20001220703125,452.20001220703125,11216033.0,3,7,5,9251.5,15.5
2020-05-08,460.0,471.3999938964844,454.04998779296875,469.0,13693803.0,4,8,5,9239.2001953125,17.350006103515625
2020-05-11,473.70001220703125,475.54998779296875,461.29998779296875,463.8500061035156,10294818.0,0,11,5,9196.5498046875,14.25
2020-05-12,465.0,468.79998779296875,455.29998779296875,463.8999938964844,9507971.0,1,12,5,9383.5498046875,13.5
2020-05-13,469.0,469.45001220703125,450.20001220703125,452.3500061035156,10010310.0,2,13,5,9142.75,19.25
2020-05-14,453.0,462.95001220703125,448.79998779296875,455.95001220703125,11764703.0,3,14,5,9136.849609375,14.1500244140625
2020-05-15,455.95001220703125,458.8999938964844,445.54998779296875,448.6000061035156,7863358.0,4,15,5,8823.25,13.350006103515625
2020-05-18,447.0,454.6000061035156,434.25,440.70001220703125,9067298.0,0,18,5,8879.099609375,20.350006103515625
2020-05-19,443.79998779296875,456.0,438.6000061035156,441.70001220703125,10126393.0,1,19,5,9066.5498046875,17.399993896484375
2020-05-20,439.8999938964844,458.45001220703125,437.25,455.75,7967084.0,2,20,5,9106.25,21.20001220703125
2020-05-21,455.5,469.0,453.0,466.45001220703125,8987658.0,3,21,5,9039.25,16.0
2020-05-22,467.0,471.8999938964844,458.04998779296875,469.3999938964844,10194204.0,4,22,5,9029.0498046875,13.850006103515625
2020-05-26,471.0,475.5,457.0,459.1499938964844,9801056.0,1,26,5,9314.9501953125,18.5
2020-05-27,464.8999938964844,464.8999938964844,443.3999938964844,450.8999938964844,13253937.0,2,27,5,9490.099609375,21.5
2020-05-28,453.8999938964844,461.6499938964844,444.70001220703125,459.1000061035156,12632972.0,3,28,5,9580.2998046875,16.949981689453125
2020-05-29,460.0,481.6000061035156,458.0,474.25,12662824.0,4,29,5,9826.150390625,23.600006103515625
2020-06-01,483.5,483.70001220703125,458.29998779296875,465.3999938964844,18563612.0,0,1,6,9979.099609375,25.4000244140625
2020-06-02,470.0,481.0,468.1499938964844,473.1000061035156,10978049.0,1,2,6,10061.5498046875,12.850006103515625
2020-06-03,474.95001220703125,481.6000061035156,473.0,476.1499938964844,7767457.0,2,3,6,10029.099609375,8.600006103515625
2020-06-04,473.0,498.0,472.1000061035156,494.8500061035156,19100026.0,3,4,6,10142.150390625,25.899993896484375
2020-06-05,501.0,511.0,492.20001220703125,494.25,22798341.0,4,5,6,10167.4501953125,18.79998779296875
2020-06-08,498.75,498.75,485.04998779296875,489.0,9176155.0,0,8,6,10046.650390625,13.70001220703125
2020-06-09,492.0,512.7000122070312,492.0,500.75,25883378.0,1,9,6,10116.150390625,20.70001220703125
2020-06-10,502.5,507.0,493.54998779296875,499.1499938964844,10636465.0,2,10,6,9902.0,13.45001220703125
2020-06-11,490.0,493.79998779296875,469.1000061035156,473.6499938964844,18547382.0,3,11,6,9972.900390625,24.699981689453125
2020-06-12,455.0,481.8999938964844,455.0,480.1000061035156,11498488.0,4,12,6,9813.7001953125,26.899993896484375
2020-06-15,481.0,489.3999938964844,472.70001220703125,485.79998779296875,10727187.0,0,15,6,9914.0,16.699981689453125
2020-06-16,489.3999938964844,493.5,476.5,483.3999938964844,11247556.0,1,16,6,9881.150390625,17.0
2020-06-17,484.1499938964844,489.75,479.1000061035156,485.6499938964844,8222223.0,2,17,6,10091.650390625,10.649993896484375
2020-06-18,485.6499938964844,488.5,483.0,484.25,4077225.0,3,18,6,10244.400390625,5.5
2020-06-19,486.79998779296875,491.95001220703125,485.20001220703125,488.1000061035156,8114839.0,4,19,6,10311.2001953125,6.75
2020-06-22,492.20001220703125,501.20001220703125,486.0,493.20001220703125,9203804.0,0,22,6,10471.0,15.20001220703125
2020-06-23,493.20001220703125,503.0,489.5,500.45001220703125,10732649.0,1,23,6,10305.2998046875,13.5
2020-06-24,502.0,503.3999938964844,481.0,484.3999938964844,8567595.0,2,24,6,10288.900390625,22.399993896484375
2020-06-25,480.29998779296875,492.5,477.0,487.6499938964844,6954147.0,3,25,6,10383.0,15.5
2020-06-26,490.25,491.0,472.20001220703125,479.95001220703125,7489306.0,4,26,6,10312.400390625,18.79998779296875
2020-06-29,475.5,487.3500061035156,475.0,482.0,5727377.0,0,29,6,10302.099609375,12.350006103515625
2020-06-30,483.3999938964844,483.95001220703125,469.79998779296875,472.95001220703125,8339357.0,1,30,6,10430.0498046875,14.1500244140625
2020-07-01,473.5,475.79998779296875,466.1499938964844,468.1499938964844,5983810.0,2,1,7,10551.7001953125,9.649993896484375
2020-07-02,468.0,474.95001220703125,467.95001220703125,473.0,3731827.0,3,2,7,10607.349609375,7.0
2020-07-03,477.0,479.3500061035156,472.0,476.8500061035156,4666364.0,4,3,7,10763.650390625,7.350006103515625
2020-07-06,478.0,481.25,471.3999938964844,480.20001220703125,5995257.0,0,6,7,10799.650390625,9.850006103515625
2020-07-07,480.0,486.0,476.1499938964844,479.25,6793452.0,1,7,7,10705.75,9.850006103515625
2020-07-08,482.54998779296875,488.0,479.95001220703125,482.5,6279449.0,2,8,7,10813.4501953125,8.04998779296875
2020-07-09,484.54998779296875,487.20001220703125,480.3500061035156,481.95001220703125,3184268.0,3,9,7,10768.0498046875,6.850006103515625
2020-07-10,484.6499938964844,498.8999938964844,483.04998779296875,493.8999938964844,14898919.0,4,10,7,10802.7001953125,15.850006103515625
2020-07-13,495.0,501.70001220703125,492.29998779296875,499.70001220703125,7504299.0,0,13,7,10607.349609375,9.4000244140625
2020-07-14,500.0,503.8999938964844,490.1000061035156,492.1000061035156,6996801.0,1,14,7,10618.2001953125,13.79998779296875
2020-07-15,494.20001220703125,499.3999938964844,492.20001220703125,495.1000061035156,4710170.0,2,15,7,10739.9501953125,7.199981689453125
2020-07-16,496.0,505.95001220703125,490.6000061035156,499.70001220703125,11263548.0,3,16,7,10901.7001953125,15.350006103515625
2020-07-17,499.6000061035156,509.54998779296875,497.3500061035156,503.6000061035156,9592466.0,4,17,7,11022.2001953125,12.199981689453125
2020-07-20,501.8999938964844,501.8999938964844,481.6000061035156,483.79998779296875,16111398.0,0,20,7,11162.25,20.29998779296875
2020-07-21,488.0,488.20001220703125,475.0,477.25,8470749.0,1,21,7,11132.599609375,13.20001220703125
2020-07-22,479.6499938964844,488.0,471.6000061035156,474.29998779296875,9848007.0,2,22,7,11215.4501953125,16.399993896484375
2020-07-23,477.95001220703125,481.8500061035156,474.04998779296875,476.0,5416291.0,3,23,7,11194.150390625,7.800018310546875
2020-07-24,490.0,497.79998779296875,481.25,485.6000061035156,19812185.0,4,24,7,11131.7998046875,16.54998779296875
2020-07-27,484.8500061035156,487.6000061035156,469.0,475.5,6112617.0,0,27,7,11300.5498046875,18.600006103515625
2020-07-28,475.5,483.75,473.25,482.6000061035156,5917155.0,1,28,7,11202.849609375,10.5
2020-07-29,485.70001220703125,496.29998779296875,484.1499938964844,493.0,8531803.0,2,29,7,11102.150390625,12.149993896484375
2020-07-30,493.20001220703125,513.2000122070312,487.29998779296875,509.95001220703125,17534819.0,3,30,7,11073.4501953125,25.9000244140625
2020-07-31,514.25,541.0,507.5,531.7000122070312,41253676.0,4,31,7,10891.599609375,33.5
2020-08-03,534.0999755859375,540.2000122070312,516.7999877929688,519.4000244140625,25348229.0,0,3,8,11095.25,23.4000244140625
2020-08-04,522.0,532.4000244140625,517.25,528.9500122070312,11950138.0,1,4,8,11101.650390625,15.1500244140625
2020-08-05,537.9000244140625,538.0,527.0499877929688,528.8499755859375,10928555.0,2,5,8,11200.150390625,10.95001220703125
2020-08-06,533.9000244140625,541.4500122070312,526.1500244140625,532.25,10919796.0,3,6,8,11214.0498046875,15.29998779296875
2020-08-07,532.2999877929688,535.4500122070312,522.5999755859375,525.9500122070312,7275403.0,4,7,8,11270.150390625,12.85003662109375
2020-08-10,526.0,550.7999877929688,526.0,543.8499755859375,16271180.0,0,10,8,11322.5,24.79998779296875
2020-08-11,548.0,549.5999755859375,535.0999755859375,541.0499877929688,7774058.0,1,11,8,11308.400390625,14.5
2020-08-12,540.75,540.75,529.75,532.1500244140625,7405695.0,2,12,8,11300.4501953125,11.0
2020-08-13,532.1500244140625,535.9500122070312,519.0499877929688,520.7999877929688,8729438.0,3,13,8,11178.400390625,16.9000244140625
2020-08-14,523.5,536.0,522.0,531.3499755859375,11787355.0,4,14,8,11247.099609375,14.0
2020-08-17,536.0999755859375,537.5,527.0,528.3499755859375,6657699.0,0,17,8,11385.349609375,10.5
2020-08-18,531.7000122070312,533.9000244140625,524.1500244140625,526.0,5555588.0,1,18,8,11408.400390625,9.75
2020-08-19,530.0,532.9000244140625,524.3499755859375,525.4000244140625,5414452.0,2,19,8,11312.2001953125,8.550048828125
2020-08-20,524.5,529.9000244140625,521.0499877929688,522.2999877929688,4886692.0,3,20,8,11371.599609375,8.85003662109375
2020-08-21,526.5499877929688,538.7000122070312,524.2999877929688,532.3499755859375,9833484.0,4,21,8,11466.4501953125,14.4000244140625
2020-08-24,538.6500244140625,538.6500244140625,528.0499877929688,533.4500122070312,5675533.0,0,24,8,11472.25,10.60003662109375
2020-08-25,533.5999755859375,535.1500244140625,523.4500122070312,525.0999755859375,4414315.0,1,25,8,11549.599609375,11.70001220703125
2020-08-26,526.0499877929688,530.0,522.25,525.1500244140625,5205745.0,2,26,8,11559.25,7.75
2020-08-27,528.9500122070312,537.0,524.4000244140625,532.25,8564601.0,3,27,8,11647.599609375,12.5999755859375
2020-08-28,538.0999755859375,564.75,534.75,555.75,29017731.0,4,28,8,11387.5,30.0
2020-08-31,560.6500244140625,561.0,514.0499877929688,520.25,20056792.0,0,31,8,11470.25,46.95001220703125
2020-09-01,521.2000122070312,527.6500244140625,506.20001220703125,521.4500122070312,13860865.0,1,1,9,11535.0,21.45001220703125
2020-09-02,523.5,525.5999755859375,509.20001220703125,514.5,9636136.0,2,2,9,11527.4501953125,16.39996337890625
2020-09-03,518.5499877929688,526.8499755859375,512.5499877929688,523.4500122070312,10052098.0,3,3,9,11333.849609375,14.29998779296875
2020-09-04,518.0,530.4000244140625,508.25,512.4500122070312,12380025.0,4,4,9,11355.0498046875,22.1500244140625
2020-09-07,516.0,518.2000122070312,504.25,513.25,6320017.0,0,7,9,11317.349609375,13.95001220703125
2020-09-08,512.0,517.6500244140625,498.6499938964844,501.8999938964844,8519561.0,1,8,9,11278.0,19.000030517578125
2020-09-09,497.0,512.7999877929688,493.6000061035156,509.29998779296875,10532163.0,2,9,9,11449.25,19.199981689453125
2020-09-10,512.7000122070312,516.7000122070312,503.6499938964844,507.95001220703125,8572739.0,3,10,9,11464.4501953125,13.050018310546875
2020-09-11,507.0,512.3499755859375,502.6000061035156,505.54998779296875,5189670.0,4,11,9,11440.0498046875,9.749969482421875
2020-09-14,505.54998779296875,509.0,494.0,495.79998779296875,8041379.0,0,14,9,11521.7998046875,15.0
2020-09-15,498.0,512.4000244140625,496.0,506.3999938964844,11686574.0,1,15,9,11604.5498046875,16.4000244140625
2020-09-16,510.1499938964844,520.0,503.3999938964844,518.5,10080107.0,2,16,9,11516.099609375,16.600006103515625
2020-09-17,516.7999877929688,521.9000244140625,510.5,512.0,9959257.0,3,17,9,11504.9501953125,11.4000244140625
2020-09-18,517.4500122070312,535.0,515.0,523.3499755859375,25685130.0,4,18,9,11250.5498046875,20.0
2020-09-21,523.7999877929688,528.25,499.0,503.6499938964844,9977984.0,0,21,9,11153.650390625,29.25
2020-09-22,509.5,515.0,493.6000061035156,508.8500061035156,9862141.0,1,22,9,11131.849609375,21.399993896484375
2020-09-23,520.5,521.0,498.25,502.8999938964844,10846053.0,2,23,9,10805.5498046875,22.75
2020-09-24,497.5,501.25,483.0,485.79998779296875,8768744.0,3,24,9,11050.25,18.25
2020-09-25,496.0,496.0,483.8500061035156,489.6499938964844,9665092.0,4,25,9,11227.5498046875,12.149993896484375
2020-09-28,495.0,512.0,488.5,510.1000061035156,12221177.0,0,28,9,11222.400390625,23.5
2020-09-29,517.8499755859375,517.8499755859375,504.5,506.1499938964844,8592449.0,1,29,9,11247.5498046875,13.3499755859375
2020-09-30,508.0,516.2000122070312,498.29998779296875,500.45001220703125,12981899.0,2,30,9,11416.9501953125,17.9000244140625
2020-10-01,505.1000061035156,510.5,501.29998779296875,506.8999938964844,6733075.0,3,1,10,11503.349609375,9.20001220703125
2020-10-05,507.0,525.0999755859375,503.79998779296875,523.0999755859375,8831627.0,0,5,10,11662.400390625,21.29998779296875
2020-10-06,526.0,527.5999755859375,519.0,521.0499877929688,8537178.0,1,6,10,11738.849609375,8.5999755859375
2020-10-07,516.0999755859375,522.9000244140625,509.20001220703125,511.75,8346531.0,2,7,10,11834.599609375,13.70001220703125
2020-10-08,514.5999755859375,526.0,511.75,524.0999755859375,9392711.0,3,8,10,11914.2001953125,14.25
2020-10-09,525.0,529.2999877929688,511.04998779296875,512.9000244140625,11468529.0,4,9,10,11930.9501953125,18.25
2020-10-12,514.9000244140625,517.3499755859375,509.29998779296875,513.9000244140625,7092628.0,0,12,10,11934.5,8.04998779296875
2020-10-13,514.0,519.9500122070312,501.6000061035156,503.1499938964844,8851580.0,1,13,10,11971.0498046875,18.350006103515625
2020-10-14,503.1499938964844,507.5,493.29998779296875,502.20001220703125,7640368.0,2,14,10,11680.349609375,14.20001220703125
2020-10-15,504.70001220703125,504.70001220703125,489.0,490.29998779296875,6605127.0,3,15,10,11762.4501953125,15.70001220703125
2020-10-16,491.0,494.75,485.25,486.8999938964844,9085611.0,4,16,10,11873.0498046875,9.5
2020-10-19,489.95001220703125,490.8999938964844,480.8999938964844,483.6499938964844,5158764.0,0,19,10,11896.7998046875,10.0
2020-10-20,484.95001220703125,488.54998779296875,480.3999938964844,486.3500061035156,5550859.0,1,20,10,11937.650390625,8.149993896484375
2020-10-21,489.0,492.20001220703125,481.5,490.20001220703125,7269981.0,2,21,10,11896.4501953125,10.70001220703125
2020-10-22,491.20001220703125,491.3999938964844,481.70001220703125,485.54998779296875,6428694.0,3,22,10,11930.349609375,9.699981689453125
2020-10-23,488.0,494.5,482.8999938964844,484.5,6578265.0,4,23,10,11767.75,11.600006103515625
2020-10-26,487.3999938964844,487.3999938964844,471.1000061035156,474.5,6499259.0,0,26,10,11889.400390625,16.29998779296875
2020-10-27,474.6000061035156,476.75,467.25,470.45001220703125,7693069.0,1,27,10,11729.599609375,9.5
2020-10-28,473.0,475.75,461.3999938964844,463.3999938964844,7723679.0,2,28,10,11670.7998046875,14.350006103515625
2020-10-29,463.0,464.0,452.25,456.3500061035156,8297097.0,3,29,10,11642.400390625,11.75
2020-10-30,458.6499938964844,469.0,455.8500061035156,465.75,8680701.0,4,30,10,11669.150390625,13.149993896484375
2020-11-02,467.8999938964844,471.0,459.04998779296875,469.3999938964844,7737909.0,0,2,11,11813.5,11.95001220703125
2020-11-03,472.04998779296875,490.6000061035156,465.75,485.6000061035156,16853462.0,1,3,11,11908.5,24.850006103515625
2020-11-04,499.8999938964844,518.25,495.1499938964844,504.6499938964844,48182254.0,2,4,11,12120.2998046875,23.100006103515625
2020-11-05,508.0,514.0,502.5,512.5,14095319.0,3,5,11,12263.5498046875,11.5
2020-11-06,515.0,515.75,506.75,509.1499938964844,9251548.0,4,6,11,12461.0498046875,9.0
2020-11-09,512.5,518.0,504.45001220703125,510.1499938964844,9718357.0,0,9,11,12631.099609375,13.54998779296875
2020-11-10,511.0,514.25,489.0,490.8999938964844,12767338.0,1,10,11,12749.150390625,25.25
2020-11-11,495.0,508.3500061035156,492.0,506.04998779296875,11754997.0,2,11,11,12690.7998046875,16.350006103515625
2020-11-12,503.95001220703125,517.7000122070312,502.20001220703125,509.25,10911897.0,3,12,11,12719.9501953125,15.5
2020-11-17,517.0,523.4000244140625,514.0499877929688,518.4000244140625,12411197.0,1,17,11,12938.25,9.35003662109375
2020-11-18,514.0,518.3499755859375,509.0,513.0,6483702.0,2,18,11,12771.7001953125,9.3499755859375
2020-11-19,512.0,516.1500244140625,505.0,507.3500061035156,6843207.0,3,19,11,12859.0498046875,11.1500244140625
2020-11-20,510.0,512.5,496.0,503.25,7594535.0,4,20,11,12926.4501953125,16.5
2020-11-23,504.0,516.4000244140625,501.0,512.8499755859375,8931512.0,0,23,11,13055.150390625,15.4000244140625
2020-11-24,513.5,522.75,508.20001220703125,520.1500244140625,9096230.0,1,24,11,12858.400390625,14.54998779296875
2020-11-25,521.2000122070312,526.0,504.1499938964844,506.20001220703125,10673809.0,2,25,11,12987.0,21.850006103515625
2020-11-26,506.0,513.0,502.29998779296875,511.70001220703125,7494355.0,3,26,11,12968.9501953125,10.70001220703125
2020-11-27,514.0,520.7999877929688,509.20001220703125,511.6499938964844,12954065.0,4,27,11,13109.0498046875,11.5999755859375
2020-12-01,518.0,542.75,512.6500244140625,539.3499755859375,25388623.0,1,1,12,13113.75,30.0999755859375
2020-12-02,540.9000244140625,547.0,536.0,544.6500244140625,14234038.0,2,2,12,13133.900390625,11.0
2020-12-03,550.0,551.4500122070312,541.0,548.25,9345458.0,3,3,12,13258.5498046875,10.45001220703125
2020-12-04,550.0,572.9000244140625,545.2000122070312,569.0499877929688,16177536.0,4,4,12,13355.75,27.70001220703125
2020-12-07,570.3499755859375,591.5,567.0499877929688,582.2999877929688,21232768.0,0,7,12,13392.9501953125,24.45001220703125
2020-12-08,582.0,582.0,565.7999877929688,568.7000122070312,10673103.0,1,8,12,13529.099609375,16.20001220703125
2020-12-09,571.0,583.9500122070312,566.7000122070312,569.5499877929688,11144200.0,2,9,12,13478.2998046875,17.25
2020-12-10,570.0,574.75,560.0999755859375,565.2000122070312,6755693.0,3,10,12,13513.849609375,14.6500244140625
2020-12-11,567.9000244140625,572.9500122070312,562.0,568.0999755859375,6968494.0,4,11,12,13558.150390625,10.95001220703125
2020-12-14,568.3499755859375,578.6500244140625,568.3499755859375,576.25,8582193.0,0,14,12,13567.849609375,10.300048828125
2020-12-15,575.0,580.0,569.0,571.6500244140625,5896090.0,1,15,12,13682.7001953125,11.0
2020-12-16,571.0,578.5,571.0,576.5999755859375,5135499.0,2,16,12,13740.7001953125,7.5
2020-12-17,579.5,586.2999877929688,569.7000122070312,571.3499755859375,9025916.0,3,17,12,13760.5498046875,16.5999755859375
2020-12-18,574.0,576.9000244140625,568.0,575.0,4940687.0,4,18,12,13328.400390625,8.9000244140625
2020-12-21,573.7999877929688,585.9000244140625,539.7000122070312,552.5499877929688,12715463.0,0,21,12,13466.2998046875,46.20001220703125
2020-12-22,553.0,571.0999755859375,540.4000244140625,568.2999877929688,8012096.0,1,22,12,13601.099609375,30.699951171875
2020-12-23,570.0,576.5499877929688,566.0999755859375,574.5999755859375,4958783.0,2,23,12,13749.25,10.45001220703125
2020-12-24,574.5999755859375,595.0,572.1500244140625,590.4500122070312,7486583.0,3,24,12,13873.2001953125,22.8499755859375
2020-12-28,599.0,599.4500122070312,584.5499877929688,586.9500122070312,12299793.0,0,28,12,13932.599609375,14.9000244140625
2020-12-29,589.7999877929688,596.0,583.1500244140625,590.5999755859375,7430043.0,1,29,12,13981.9501953125,12.8499755859375
2020-12-30,595.0,595.0,581.5,584.0,5589703.0,2,30,12,13981.75,13.5
2021-01-01,592.5,599.75,585.8499755859375,596.25,8229768.0,4,1,1,14132.900390625,13.9000244140625
2021-01-04,600.0,609.4500122070312,595.2000122070312,604.4000244140625,11329298.0,0,4,1,14199.5,14.25
2021-01-05,608.4500122070312,608.7000122070312,600.0,603.4500122070312,7790158.0,1,5,1,14146.25,8.70001220703125
2021-01-06,604.0999755859375,610.9500122070312,596.1500244140625,605.2999877929688,6422080.0,2,6,1,14137.349609375,14.79998779296875
2021-01-07,606.0499877929688,608.0,598.0,601.9000244140625,4555702.0,3,7,1,14347.25,10.0
2021-01-08,607.0,622.7999877929688,604.0,620.7999877929688,11451416.0,4,8,1,14484.75,18.79998779296875
2021-01-11,623.7000122070312,628.0,614.0499877929688,621.0,7516087.0,0,11,1,14563.4501953125,13.95001220703125
2021-01-12,621.0,623.9000244140625,607.0499877929688,609.6500244140625,6747035.0,1,12,1,14564.849609375,16.85003662109375
2021-01-13,611.0,614.5,597.25,602.2999877929688,6186661.0,2,13,1,14595.599609375,17.25
2021-01-14,602.2999877929688,611.6500244140625,596.4000244140625,607.0499877929688,6730284.0,3,14,1,14433.7001953125,15.25
2021-01-15,609.0,616.7999877929688,598.0999755859375,604.2999877929688,8389544.0,4,15,1,14281.2998046875,18.70001220703125
2021-01-18,604.0999755859375,607.3499755859375,578.4500122070312,581.4500122070312,7414570.0,0,18,1,14521.150390625,28.89996337890625
2021-01-19,586.9000244140625,603.0,583.3499755859375,596.5499877929688,5500391.0,1,19,1,14644.7001953125,19.6500244140625
2021-01-20,601.2000122070312,603.5999755859375,592.9500122070312,594.7000122070312,5182972.0,2,20,1,14590.349609375,10.64996337890625
2021-01-21,598.0,598.75,580.6500244140625,582.9000244140625,4546393.0,3,21,1,14371.900390625,18.0999755859375
2021-01-22,582.9000244140625,586.9500122070312,570.5999755859375,575.2000122070312,5591688.0,4,22,1,14238.900390625,16.35003662109375
2021-01-25,577.0999755859375,594.0,567.0,586.4000244140625,8149590.0,0,25,1,13967.5,27.0
2021-01-27,585.9000244140625,585.9000244140625,563.75,569.7999877929688,8534047.0,2,27,1,13817.5498046875,22.1500244140625
2021-01-28,554.9000244140625,574.5,550.4000244140625,564.3499755859375,9863454.0,3,28,1,13634.599609375,24.0999755859375
2021-01-29,568.0,600.0,554.0999755859375,586.2000122070312,22539938.0,4,29,1,14281.2001953125,45.9000244140625
2021-02-01,596.0,599.4000244140625,579.5999755859375,590.1500244140625,12621971.0,0,1,2,14647.849609375,19.800048828125
2021-02-02,596.9500122070312,616.9000244140625,591.5,609.4500122070312,15788247.0,1,2,2,14789.9501953125,25.4000244140625
2021-02-03,612.5,648.4000244140625,610.5,629.2000122070312,23788455.0,2,3,2,14895.650390625,37.9000244140625
2021-02-04,632.5,641.0,626.25,631.5,7926593.0,3,4,2,14924.25,14.75
2021-02-05,633.5,644.25,623.1500244140625,634.75,10981738.0,4,5,2,15115.7998046875,21.0999755859375
2021-02-08,640.9000244140625,644.8499755859375,632.5499877929688,634.6500244140625,6479801.0,0,8,2,15109.2998046875,12.29998779296875
2021-02-09,631.9000244140625,639.25,621.0,623.5999755859375,5794015.0,1,9,2,15106.5,18.25
2021-02-10,623.0499877929688,631.5499877929688,614.0999755859375,627.0999755859375,6902162.0,2,10,2,15173.2998046875,17.45001220703125
2021-02-11,622.0,648.75,622.0,643.6500244140625,11433578.0,3,11,2,15163.2998046875,26.75
2021-02-12,654.4000244140625,654.4000244140625,622.3499755859375,627.1500244140625,15471776.0,4,12,2,15314.7001953125,32.050048828125
2021-02-15,632.0,637.2999877929688,623.2999877929688,627.5,7310676.0,0,15,2,15313.4501953125,14.0
2021-02-16,631.0,634.5,623.0,631.1500244140625,6137454.0,1,16,2,15208.900390625,11.5
2021-02-17,628.7000122070312,632.4000244140625,619.7999877929688,621.25,4700733.0,2,17,2,15118.9501953125,12.60003662109375
2021-02-18,622.0,627.25,614.0999755859375,616.0499877929688,5633766.0,3,18,2,14981.75,13.1500244140625
2021-02-19,615.9000244140625,622.2999877929688,601.2000122070312,607.2999877929688,7301975.0,4,19,2,14675.7001953125,21.0999755859375
2021-02-22,608.0,610.8499755859375,590.4000244140625,595.2999877929688,5330343.0,0,22,2,14707.7998046875,20.449951171875
2021-02-23,595.0,608.3499755859375,592.0,604.0499877929688,7564187.0,1,23,2,14982.0,16.3499755859375
2021-02-24,607.0999755859375,609.3499755859375,595.8499755859375,601.4500122070312,3296243.0,2,24,2,15097.349609375,13.5
2021-02-25,606.4000244140625,618.9000244140625,602.7000122070312,609.5499877929688,6261754.0,3,25,2,14529.150390625,16.20001220703125
2021-02-26,604.9500122070312,621.3499755859375,590.0,594.5999755859375,15404415.0,4,26,2,14761.5498046875,31.3499755859375
2021-03-01,600.0,610.7999877929688,597.0499877929688,604.4500122070312,5274758.0,0,1,3,14919.099609375,13.75
2021-03-02,609.0,616.3499755859375,604.5,614.2000122070312,4776776.0,1,2,3,15245.599609375,11.8499755859375
2021-03-03,616.5,625.4000244140625,612.25,624.3499755859375,6626297.0,2,3,3,15080.75,13.1500244140625
2021-03-04,622.0,636.75,616.0,618.9500122070312,11530735.0,3,4,3,14938.099609375,20.75
2021-03-05,619.4500122070312,619.4500122070312,606.9000244140625,611.2000122070312,6127488.0,4,5,3,14956.2001953125,12.54998779296875
2021-03-08,611.5,621.9000244140625,611.2999877929688,614.7999877929688,4554461.0,0,8,3,15098.400390625,10.60003662109375
2021-03-09,618.0,620.9000244140625,607.5,612.5999755859375,4035628.0,1,9,3,15174.7998046875,13.4000244140625
2021-03-10,618.0,627.9000244140625,615.3499755859375,626.0,5825924.0,2,10,3,15030.9501953125,12.550048828125
2021-03-12,628.0,629.1500244140625,611.5,613.5999755859375,4264170.0,4,12,3,14929.5,17.6500244140625
2021-03-15,614.0,614.0,596.5,605.5,4030762.0,0,15,3,14910.4501953125,17.5
2021-03-16,606.0,609.9500122070312,599.25,602.2999877929688,4189930.0,1,16,3,14721.2998046875,10.70001220703125
2021-03-17,604.0,604.0,582.0,584.75,7667561.0,2,17,3,14557.849609375,22.0
2021-03-18,587.4000244140625,591.5499877929688,572.0,574.5499877929688,5537584.0,3,18,3,14744.0,19.54998779296875
2021-03-19,571.0,582.6500244140625,562.0999755859375,578.2999877929688,6186643.0,4,19,3,14736.400390625,20.550048828125
2021-03-22,578.5999755859375,593.5999755859375,578.5999755859375,591.0,7033955.0,0,22,3,14814.75,15.0
2021-03-23,591.2000122070312,594.7000122070312,583.0,587.8499755859375,5341729.0,1,23,3,14549.400390625,11.70001220703125
2021-03-24,585.0,597.0,583.2000122070312,585.2999877929688,7299582.0,2,24,3,14324.900390625,13.79998779296875
2021-03-25,584.4000244140625,587.9500122070312,571.5,575.75,4710869.0,3,25,3,14507.2998046875,16.45001220703125
2021-03-26,580.8499755859375,590.2999877929688,574.5999755859375,587.2000122070312,5761818.0,4,26,3,14845.099609375,15.70001220703125
2021-03-30,594.9500122070312,599.0,587.25,597.7000122070312,4637718.0,1,30,3,14690.7001953125,11.75
2021-03-31,598.2000122070312,606.0,595.7000122070312,597.7999877929688,5269919.0,2,31,3,14867.349609375,10.29998779296875
2021-04-01,600.0,612.7000122070312,597.3499755859375,610.75,6033653.0,3,1,4,14637.7998046875,15.35003662109375
2021-04-05,611.7000122070312,611.9500122070312,592.75,608.7999877929688,5353987.0,0,5,4,14683.5,19.20001220703125
2021-04-06,608.75,621.9000244140625,603.5,620.4500122070312,7444994.0,1,6,4,14819.0498046875,18.4000244140625
2021-04-07,621.0,628.4000244140625,616.1500244140625,621.0499877929688,4757224.0,2,7,4,14873.7998046875,12.25
2021-04-08,620.5499877929688,626.0,613.2999877929688,614.25,3222479.0,3,8,4,14834.849609375,12.70001220703125
2021-04-09,613.0,642.0,609.5,636.75,16755446.0,4,9,4,14310.7998046875,32.5
2021-04-12,639.0,645.8499755859375,615.2000122070312,619.3499755859375,15229597.0,0,12,4,14504.7998046875,30.64996337890625
2021-04-13,624.0,635.5499877929688,616.0999755859375,627.3499755859375,7399207.0,1,13,4,14581.4501953125,19.45001220703125
2021-04-15,633.5999755859375,641.5,626.5,633.25,8588761.0,3,15,4,14617.849609375,15.0
2021-04-16,633.25,650.0,626.3499755859375,646.0499877929688,9804095.0,4,16,4,14359.4501953125,23.6500244140625
2021-04-19,644.0,651.4000244140625,635.0,640.6500244140625,11340358.0,0,19,4,14296.400390625,16.4000244140625
2021-04-20,643.7999877929688,659.5,639.1500244140625,645.1500244140625,13831258.0,1,20,4,14406.150390625,20.3499755859375
2021-04-22,650.7000122070312,658.0,638.0999755859375,639.9500122070312,11295290.0,3,22,4,14341.349609375,19.9000244140625
2021-04-23,636.5,645.7999877929688,630.1500244140625,637.9500122070312,7668180.0,4,23,4,14485.0,15.64996337890625
2021-04-26,644.0,644.0,631.0,634.7000122070312,6527947.0,0,26,4,14653.0498046875,13.0
2021-04-27,632.7000122070312,642.4500122070312,632.0,639.25,5112384.0,1,27,4,14864.5498046875,10.45001220703125
2021-04-28,640.9500122070312,647.2999877929688,638.2999877929688,643.4000244140625,6069155.0,2,28,4,14894.900390625,9.0
2021-04-29,648.9500122070312,652.0,641.0999755859375,644.5,5676290.0,3,29,4,14631.099609375,10.9000244140625
2021-04-30,642.0,666.5999755859375,640.0999755859375,654.4500122070312,10874266.0,4,30,4,14634.150390625,26.5
2021-05-03,653.9500122070312,663.9500122070312,650.0999755859375,659.2000122070312,6567597.0,0,3,5,14496.5,13.85003662109375
2021-05-04,662.0,664.9000244140625,642.0,645.1500244140625,5604638.0,1,4,5,14617.849609375,22.9000244140625
2021-05-05,642.25,687.9000244140625,642.25,683.4000244140625,25296369.0,2,5,5,14724.7998046875,45.6500244140625
2021-05-06,689.8499755859375,696.7000122070312,673.3499755859375,679.4000244140625,11153908.0,3,6,5,14823.150390625,23.35003662109375
2021-05-07,681.0,691.0,677.5999755859375,679.4500122070312,6466334.0,4,7,5,14942.349609375,13.4000244140625
2021-05-10,688.0,703.5,683.5999755859375,698.2000122070312,10924222.0,0,10,5,14850.75,19.9000244140625
2021-05-11,698.5,721.8499755859375,696.2000122070312,708.0999755859375,14760511.0,1,11,5,14696.5,25.64996337890625
2021-05-12,714.9500122070312,714.9500122070312,700.0,702.8499755859375,7250661.0,2,12,5,14677.7998046875,14.95001220703125
2021-05-14,703.0,711.0,687.0,691.4500122070312,6851035.0,4,14,5,14923.150390625,24.0
2021-05-17,688.0,698.5,680.0499877929688,687.1500244140625,6318234.0,0,17,5,15108.099609375,18.45001220703125
2021-05-18,691.0,695.8499755859375,684.75,690.7999877929688,4080423.0,1,18,5,15030.150390625,11.0999755859375
2021-05-19,694.2999877929688,706.75,690.7999877929688,703.4000244140625,7745431.0,2,19,5,14906.0498046875,15.95001220703125
2021-05-20,700.0,701.6500244140625,685.0,686.8499755859375,6226376.0,3,20,5,15175.2998046875,16.6500244140625
2021-05-21,691.75,694.5,688.0,690.4000244140625,3434231.0,4,21,5,15197.7001953125,6.5
2021-05-24,691.0,698.4000244140625,689.5999755859375,690.9500122070312,3722957.0,0,24,5,15208.4501953125,8.800048828125
2021-05-25,695.0,697.4000244140625,691.0,696.0999755859375,2800233.0,1,25,5,15301.4501953125,6.4000244140625
2021-05-26,699.5,706.1500244140625,696.2000122070312,703.7999877929688,6235460.0,2,26,5,15337.849609375,9.95001220703125
2021-05-27,707.25,709.75,694.5,699.5,9875654.0,3,27,5,15435.650390625,15.25
2021-05-28,694.0,694.5,666.2999877929688,669.75,28316552.0,4,28,5,15582.7998046875,28.20001220703125
2021-05-31,672.0,675.7000122070312,659.0,668.2999877929688,13947126.0,0,31,5,15574.849609375,16.70001220703125
2021-06-01,670.0999755859375,673.2999877929688,664.2999877929688,671.0499877929688,6443084.0,1,1,6,15576.2001953125,9.0
2021-06-02,671.0,678.0999755859375,670.1500244140625,677.4500122070312,4978457.0,2,2,6,15690.349609375,7.949951171875
2021-06-03,678.0,680.8499755859375,673.5,675.5,3604574.0,3,3,6,15670.25,7.3499755859375
2021-06-04,678.9000244140625,679.25,672.7999877929688,673.9500122070312,3747803.0,4,4,6,15751.650390625,6.45001220703125
2021-06-07,673.9500122070312,677.7999877929688,670.9000244140625,675.3499755859375,2793705.0,0,7,6,15740.099609375,6.89996337890625
2021-06-08,673.0,679.9500122070312,665.0999755859375,678.75,5695920.0,1,8,6,15635.349609375,14.85003662109375
2021-06-09,681.0499877929688,684.7000122070312,667.5999755859375,672.8499755859375,4492551.0,2,9,6,15737.75,17.10003662109375
2021-06-10,673.0499877929688,681.0,673.0,676.0499877929688,3099864.0,3,10,6,15799.349609375,8.0
2021-06-11,675.2000122070312,686.3499755859375,674.0499877929688,681.2999877929688,3822099.0,4,11,6,15811.849609375,12.29998779296875
2021-06-14,682.0,683.7000122070312,671.5499877929688,677.0999755859375,3640962.0,0,14,6,15869.25,12.1500244140625
2021-06-15,677.0999755859375,681.4000244140625,671.75,673.2000122070312,3862284.0,1,15,6,15767.5498046875,9.6500244140625
2021-06-16,675.0,680.5,666.8499755859375,668.5499877929688,4842448.0,2,16,6,15691.400390625,13.6500244140625
2021-06-17,671.7999877929688,673.5499877929688,661.6500244140625,665.0499877929688,2776147.0,3,17,6,15683.349609375,11.89996337890625
2021-06-18,667.0,673.0,652.7000122070312,668.5,4158743.0,4,18,6,15746.5,20.29998779296875
2021-06-21,662.0,674.7999877929688,662.0,671.3499755859375,2932177.0,0,21,6,15772.75,12.79998779296875
2021-06-22,678.0,680.25,665.8499755859375,666.7999877929688,4577152.0,1,22,6,15686.9501953125,14.4000244140625
2021-06-23,666.7999877929688,672.3499755859375,664.25,665.25,2631031.0,2,23,6,15790.4501953125,8.0999755859375
2021-06-24,664.2000122070312,671.0,661.5,664.7999877929688,3460776.0,3,24,6,15860.349609375,9.5
2021-06-25,664.7999877929688,677.4000244140625,664.7999877929688,672.25,3010243.0,4,25,6,15814.7001953125,12.60003662109375
2021-06-28,675.0,679.9000244140625,669.5499877929688,676.2999877929688,3342385.0,0,28,6,15748.4501953125,10.35003662109375
2021-06-29,673.25,681.5,673.0999755859375,677.5999755859375,2937766.0,1,29,6,15721.5,8.4000244140625
2021-06-30,678.0499877929688,683.4500122070312,674.25,675.4500122070312,3768943.0,2,30,6,15680.0,9.20001220703125
2021-07-01,675.0,685.7999877929688,673.7000122070312,684.1500244140625,4102748.0,3,1,7,15722.2001953125,12.0999755859375
2021-07-02,685.5,689.5,678.2999877929688,681.25,5071894.0,4,2,7,15834.349609375,11.20001220703125
2021-07-05,684.0,684.9500122070312,678.5999755859375,680.2000122070312,1600769.0,0,5,7,15818.25,6.35003662109375
2021-07-06,678.0,683.0,672.4000244140625,673.25,2682423.0,1,6,7,15879.650390625,10.5999755859375
2021-07-07,668.0,682.0,666.0999755859375,680.0999755859375,2576763.0,2,7,7,15727.900390625,15.9000244140625
2021-07-08,677.0,680.9000244140625,665.0999755859375,666.9000244140625,2548016.0,3,8,7,15689.7998046875,15.800048828125
2021-07-09,666.5,672.2999877929688,664.2000122070312,667.9000244140625,1994075.0,4,9,7,15692.599609375,8.0999755859375
2021-07-12,668.5999755859375,672.8499755859375,666.4000244140625,668.5499877929688,1555035.0,0,12,7,15812.349609375,6.449951171875
2021-07-13,670.2999877929688,689.3499755859375,669.0,683.0,7744032.0,1,13,7,15853.9501953125,20.3499755859375
2021-07-14,681.9500122070312,692.4000244140625,681.0,685.9500122070312,2663467.0,2,14,7,15924.2001953125,11.4000244140625
2021-07-15,686.0,688.2000122070312,681.2999877929688,683.0,1905193.0,3,15,7,15923.400390625,6.9000244140625
2021-07-16,684.9000244140625,695.6500244140625,682.6500244140625,688.5999755859375,3479357.0,4,16,7,15752.400390625,13.0
2021-07-19,678.0499877929688,691.5,678.0499877929688,689.25,1940882.0,0,19,7,15632.099609375,13.45001220703125
2021-07-20,689.0,691.5999755859375,673.9000244140625,676.4500122070312,2724983.0,1,20,7,15824.0498046875,17.699951171875
2021-07-22,680.0,688.2000122070312,675.5499877929688,687.2999877929688,2047831.0,3,22,7,15856.0498046875,12.6500244140625
2021-07-23,686.2000122070312,698.9500122070312,681.5999755859375,694.0,3956261.0,4,23,7,15824.4501953125,17.35003662109375
2021-07-26,695.2000122070312,705.0,695.2000122070312,703.4000244140625,4715053.0,0,26,7,15746.4501953125,9.79998779296875
2021-07-27,705.0,705.7000122070312,673.8499755859375,688.2999877929688,5327355.0,1,27,7,15709.400390625,31.85003662109375
2021-07-28,688.2999877929688,691.9500122070312,672.5499877929688,687.7999877929688,3332667.0,2,28,7,15778.4501953125,19.4000244140625
2021-07-29,687.7999877929688,705.9500122070312,680.7000122070312,703.0,4397443.0,3,29,7,15763.0498046875,25.25
2021-07-30,702.9500122070312,783.75,696.1500244140625,773.9500122070312,35893710.0,4,30,7,15885.150390625,87.5999755859375
2021-08-02,785.0,801.9000244140625,764.0999755859375,775.0,18661462.0,0,2,8,16130.75,37.800048828125
2021-08-03,773.9500122070312,804.3499755859375,765.25,794.7999877929688,14678219.0,1,3,8,16258.7998046875,39.0999755859375
2021-08-04,791.0,797.9000244140625,779.7000122070312,785.75,5796169.0,2,4,8,16294.599609375,18.20001220703125
2021-08-05,785.5,794.4000244140625,783.2999877929688,786.1500244140625,5026619.0,3,5,8,16238.2001953125,11.10003662109375
2021-08-06,786.5,796.4500122070312,781.5499877929688,785.2000122070312,4064324.0,4,6,8,16258.25,14.9000244140625
2021-08-09,789.1500244140625,793.0,782.0,788.7999877929688,2873586.0,0,9,8,16280.099609375,11.0
2021-08-10,789.9500122070312,798.7999877929688,782.2000122070312,793.3499755859375,5656020.0,1,10,8,16282.25,16.5999755859375
2021-08-11,794.0,795.0,773.2999877929688,779.5499877929688,4275776.0,2,11,8,16364.400390625,21.70001220703125
2021-08-12,780.0,781.25,773.1500244140625,778.6500244140625,2821380.0,3,12,8,16529.099609375,8.0999755859375
2021-08-13,769.0,788.5,767.6500244140625,778.2999877929688,4319920.0,4,13,8,16563.05078125,20.8499755859375
2021-08-16,775.2000122070312,783.0,771.0499877929688,780.7999877929688,2310304.0,0,16,8,16614.599609375,11.95001220703125
2021-08-17,783.0,793.2000122070312,778.2000122070312,784.1500244140625,5686055.0,1,17,8,16568.849609375,15.0
2021-08-18,788.0,791.4000244140625,779.2999877929688,782.9000244140625,4036305.0,2,18,8,16450.5,12.10003662109375
2021-08-20,775.0,784.4500122070312,743.3499755859375,761.1500244140625,6238261.0,4,20,8,16496.44921875,41.10003662109375
2021-08-23,765.0,770.0,750.7999877929688,759.3499755859375,2375417.0,0,23,8,16624.599609375,19.20001220703125
2021-08-24,759.7999877929688,777.9500122070312,754.25,771.3499755859375,2732537.0,1,24,8,16634.650390625,23.70001220703125
2021-08-25,770.0,776.0,759.5999755859375,769.0499877929688,2254852.0,2,25,8,16636.900390625,16.4000244140625
2021-08-26,765.1500244140625,771.0999755859375,759.25,760.5499877929688,1735864.0,3,26,8,16705.19921875,11.8499755859375
2021-08-27,760.75,777.0,758.0999755859375,771.7999877929688,2432862.0,4,27,8,16931.05078125,18.9000244140625
