Date,Open,High,Low,Close,Volume,Day of Week,Day of Month,Month,NIFTY50,Range
2016-01-01,246.7587890625,247.6162567138672,241.4234619140625,245.23440551757812,3307909.0,4,1,1,7791.2998046875,6.1927947998046875
2016-01-04,242.94784545898438,250.76028442382812,241.1376495361328,244.75804138183594,7327733.0,0,4,1,7784.64990234375,9.622634887695312
2016-01-05,245.3773193359375,263.3363952636719,245.3773193359375,261.3356628417969,15753483.0,1,5,1,7741.0,17.959075927734375
2016-01-06,259.90655517578125,261.6214904785156,253.42794799804688,256.0479736328125,7824538.0,2,6,1,7568.2998046875,8.19354248046875
2016-01-07,250.56973266601562,250.85556030273438,236.46923828125,238.08888244628906,9975180.0,3,7,1,7601.35009765625,14.386322021484375
2016-01-08,240.08963012695312,244.1864013671875,237.279052734375,241.614013671875,6611968.0,4,8,1,7563.85009765625,6.9073486328125
2016-01-11,235.32594299316406,241.37582397460938,232.70591735839844,239.7561798095703,6387245.0,0,11,1,7510.2998046875,8.669906616210938
2016-01-12,241.0900115966797,243.23365783691406,231.6579132080078,234.13502502441406,5694492.0,1,12,1,7562.39990234375,11.57574462890625
2016-01-13,236.7550506591797,239.8990936279297,225.798583984375,234.94485473632812,7853668.0,2,13,1,7536.7998046875,14.100509643554688
2016-01-14,223.8931121826172,231.08627319335938,220.55853271484375,227.4658660888672,9325559.0,3,14,1,7437.7998046875,10.527740478515625
2016-01-15,231.03863525390625,231.51499938964844,217.31922912597656,218.84361267089844,6288878.0,4,15,1,7351.0,14.195770263671875
2016-01-18,218.93887329101562,232.46774291992188,214.55628967285156,224.75057983398438,8834992.0,0,18,1,7435.10009765625,17.911453247070312
2016-01-19,226.3225860595703,229.5618896484375,220.32034301757812,226.75132751464844,6616835.0,1,19,1,7309.2998046875,9.241546630859375
2016-01-20,221.79708862304688,222.94036865234375,215.7948455810547,221.03489685058594,5759001.0,2,20,1,7276.7998046875,7.1455230712890625
2016-01-21,223.60728454589844,228.0375213623047,220.32034301757812,224.46475219726562,6555133.0,3,21,1,7422.4501953125,7.7171783447265625
2016-01-22,227.03713989257812,238.94635009765625,226.41786193847656,236.088134765625,6833746.0,4,22,1,7436.14990234375,12.528488159179688
2016-01-25,237.23143005371094,244.28167724609375,237.04087829589844,242.85256958007812,5853184.0,0,25,1,7437.75,7.2407989501953125
2016-01-27,242.94784545898438,247.6162567138672,241.4234619140625,245.42495727539062,6545003.0,2,27,1,7424.64990234375,6.1927947998046875
2016-01-28,244.8533172607422,246.2347869873047,240.47073364257812,242.18565368652344,6315180.0,3,28,1,7563.5498046875,5.7640533447265625
2016-01-29,242.6143798828125,246.5682373046875,235.7546844482422,237.89834594726562,7082718.0,4,29,1,7555.9501953125,10.813552856445312
2016-02-01,237.1361541748047,242.90020751953125,234.84957885742188,237.51724243164062,4640019.0,0,1,2,7455.5498046875,8.050628662109375
2016-02-02,238.42234802246094,239.13690185546875,219.22470092773438,220.51089477539062,8804608.0,1,2,2,7361.7998046875,19.912200927734375
2016-02-03,217.12867736816406,222.8450927734375,210.98353576660156,213.4130096435547,8178043.0,2,3,2,7404.0,11.861557006835938
2016-02-04,213.79409790039062,217.79559326171875,208.64932250976562,215.27084350585938,12290303.0,3,4,2,7489.10009765625,9.146270751953125
2016-02-05,205.79110717773438,227.03713989257812,205.79110717773438,222.79747009277344,27083454.0,4,5,2,7387.25,21.24603271484375
2016-02-08,227.32296752929688,232.42010498046875,221.08253479003906,223.03564453125,10845012.0,0,8,2,7298.2001953125,11.337570190429688
2016-02-09,219.9868927001953,226.08441162109375,219.22470092773438,224.36947631835938,7938028.0,1,9,2,7215.7001953125,6.859710693359375
2016-02-10,223.7501983642578,226.5131378173828,216.36648559570312,224.56002807617188,7993844.0,2,10,2,6976.35009765625,10.146652221679688
2016-02-11,224.79820251464844,226.08441162109375,210.41188049316406,213.88937377929688,6456842.0,3,11,2,6980.9501953125,15.672531127929688
2016-02-12,215.3184814453125,218.51014709472656,201.1703338623047,207.22021484375,9838764.0,4,12,2,7162.9501953125,17.339813232421875
2016-02-15,211.50753784179688,236.2786865234375,211.50753784179688,235.04013061523438,14277116.0,0,15,2,7048.25,24.771148681640625
2016-02-16,237.80307006835938,239.7085418701172,231.6579132080078,233.27757263183594,9600586.0,1,16,2,7108.4501953125,8.050628662109375
2016-02-17,233.42047119140625,240.9470977783203,226.75132751464844,239.3750762939453,8706940.0,2,17,2,7191.75,14.195770263671875
2016-02-18,242.94784545898438,244.376953125,231.70555114746094,238.99398803710938,9928587.0,3,18,2,7210.75,12.671401977539062
2016-02-19,236.7550506591797,242.42384338378906,235.18304443359375,241.28054809570312,7106494.0,4,19,2,7234.5498046875,7.2407989501953125
2016-02-22,241.614013671875,245.32968139648438,239.80381774902344,243.18601989746094,5048966.0,0,22,2,7109.5498046875,5.5258636474609375
2016-02-23,243.7100372314453,249.23590087890625,240.18490600585938,241.56637573242188,8871662.0,1,23,2,7018.7001953125,9.050994873046875
2016-02-24,238.75579833984375,241.75692749023438,235.2783203125,236.18341064453125,4979154.0,2,24,2,6970.60009765625,6.478607177734375
2016-02-25,235.4212188720703,238.04124450683594,233.0393829345703,236.42160034179688,5865385.0,3,25,2,7029.75,5.001861572265625
2016-02-26,237.70779418945312,239.80381774902344,231.6579132080078,236.70741271972656,5601586.0,4,26,2,6987.0498046875,8.145904541015625
2016-02-29,235.23068237304688,251.1890106201172,233.5157470703125,237.32669067382812,10339095.0,0,29,2,7222.2998046875,17.673263549804688
2016-03-01,238.1841583251953,245.94895935058594,234.897216796875,244.9009552001953,7463999.0,1,1,3,7368.85009765625,11.051742553710938
2016-03-02,247.71153259277344,256.76251220703125,247.2351531982422,254.90469360351562,8024903.0,2,2,3,7475.60009765625,9.527359008789062
2016-03-03,260.09710693359375,275.34088134765625,259.2396240234375,273.4830627441406,18402857.0,3,3,3,7485.35009765625,16.10125732421875
2016-03-04,275.34088134765625,277.4369201660156,271.0535888671875,274.91217041015625,9625079.0,4,4,3,7485.2998046875,6.383331298828125
2016-03-08,274.1976013183594,282.6769714355469,273.4354248046875,278.008544921875,9742039.0,1,8,3,7531.7998046875,9.241546630859375
2016-03-09,270.100830078125,282.4864196777344,268.00482177734375,281.43841552734375,10662370.0,2,9,3,7486.14990234375,14.481597900390625
2016-03-10,282.2958679199219,287.01190185546875,279.4376525878906,282.6769714355469,8981462.0,3,10,3,7510.2001953125,7.574249267578125
2016-03-11,282.0100402832031,284.1060791015625,276.6270751953125,280.1522216796875,8012359.0,4,11,3,7538.75,7.47900390625
2016-03-14,281.96240234375,286.0591735839844,281.2955017089844,282.6769714355469,4665840.0,0,14,3,7460.60009765625,4.763671875
2016-03-15,282.9627685546875,287.7264709472656,280.1998596191406,286.2497253417969,7324218.0,1,15,3,7498.75,7.526611328125
2016-03-16,285.82098388671875,288.4410095214844,280.29510498046875,285.3446350097656,7388581.0,2,16,3,7512.5498046875,8.145904541015625
2016-03-17,290.1083068847656,291.2039489746094,280.9620361328125,281.9147644042969,8402664.0,3,17,3,7604.35009765625,10.241912841796875
2016-03-18,285.53515625,288.4410095214844,282.9151306152344,287.9170227050781,7677345.0,4,18,3,7704.25,5.52587890625
2016-03-21,287.7264709472656,291.4897766113281,286.4402770996094,289.2032165527344,5932080.0,0,21,3,7714.89990234375,5.04949951171875
2016-03-22,288.77447509765625,297.06329345703125,287.107177734375,295.1578063964844,6905443.0,1,22,3,7716.5,9.95611572265625
2016-03-23,297.06329345703125,302.8749694824219,295.87237548828125,302.20806884765625,6694160.0,2,23,3,7615.10009765625,7.002593994140625
2016-03-28,303.3513488769531,303.3513488769531,283.3438720703125,285.01116943359375,9519715.0,0,28,3,7597.0,20.007476806640625
2016-03-29,285.82098388671875,293.2047119140625,285.82098388671875,289.489013671875,6231692.0,1,29,3,7735.2001953125,7.38372802734375
2016-03-30,294.8243408203125,310.3539733886719,290.8704833984375,308.9725036621094,13055967.0,2,30,3,7738.39990234375,19.483489990234375
2016-03-31,309.54412841796875,309.54412841796875,299.5404052734375,304.58990478515625,14012188.0,3,31,3,7713.0498046875,10.00372314453125
2016-04-01,302.63677978515625,304.7328186035156,298.5400390625,302.7320556640625,5846336.0,4,1,4,7758.7998046875,6.192779541015625
2016-04-04,300.8742370605469,307.8291931152344,299.82623291015625,305.20916748046875,5424290.0,0,4,4,7603.2001953125,8.002960205078125
2016-04-05,301.9698791503906,304.3040771484375,293.72869873046875,297.5396423339844,6007172.0,1,5,4,7614.35009765625,10.57537841796875
2016-04-06,300.1120300292969,316.3085632324219,298.7305603027344,313.0216369628906,15314890.0,2,6,4,7546.4501953125,17.5780029296875
2016-04-07,314.3078308105469,317.0231018066406,306.87646484375,308.4008483886719,9036551.0,3,7,4,7555.2001953125,10.146636962890625
2016-04-08,307.7815856933594,309.4488525390625,303.9706115722656,306.87646484375,6382616.0,4,8,4,7671.39990234375,5.478240966796875
2016-04-11,306.78118896484375,317.547119140625,304.9233703613281,315.4987487792969,9462037.0,0,11,4,7708.9501953125,12.623748779296875
2016-04-12,308.5914001464844,315.26055908203125,302.9702453613281,309.16302490234375,11661444.0,1,12,4,7850.4501953125,12.290313720703125
2016-04-13,312.021240234375,320.31005859375,310.5921325683594,317.1183776855469,10794604.0,2,13,4,7914.7001953125,9.717926025390625
2016-04-18,316.2132873535156,321.3104248046875,312.1641540527344,319.6907653808594,7549816.0,0,18,4,7914.75,9.146270751953125
2016-04-20,321.97735595703125,342.3182678222656,321.7391662597656,340.55572509765625,19294099.0,2,20,4,7912.0498046875,20.5791015625
2016-04-21,341.8419189453125,346.8437805175781,336.41131591796875,337.79278564453125,10864121.0,3,21,4,7899.2998046875,10.432464599609375
2016-04-22,341.0797119140625,346.5579528808594,335.64910888671875,336.935302734375,12695922.0,4,22,4,7855.0498046875,10.908843994140625
2016-04-25,335.83966064453125,336.9829406738281,328.2654113769531,331.0283508300781,6465189.0,0,25,4,7962.64990234375,8.717529296875
2016-04-26,330.7425231933594,343.55682373046875,330.69488525390625,341.6513671875,8759295.0,1,26,4,7979.89990234375,12.8619384765625
2016-04-27,341.93719482421875,345.2717590332031,337.41168212890625,339.8887939453125,6326554.0,2,27,4,7847.25,7.860076904296875
2016-04-28,340.1269836425781,344.8906555175781,329.789794921875,331.1712646484375,10579181.0,3,28,4,7849.7998046875,15.100860595703125
2016-04-29,331.26654052734375,337.1734924316406,326.5028381347656,334.5058288574219,8191719.0,4,29,4,7805.89990234375,10.670654296875
2016-05-02,332.5050964355469,334.4105529785156,328.12249755859375,330.5519714355469,4388732.0,0,2,5,7747.0,6.288055419921875
2016-05-03,332.26690673828125,338.8407897949219,330.599609375,332.4098205566406,6690916.0,1,3,5,7706.5498046875,8.241180419921875
2016-05-04,329.6468811035156,330.8377990722656,311.92596435546875,313.212158203125,8352315.0,2,4,5,7735.5,18.911834716796875
2016-05-05,313.4503479003906,318.9762268066406,308.82958984375,316.1180114746094,8749478.0,3,5,5,7733.4501953125,10.146636962890625
2016-05-06,314.403076171875,315.8321838378906,309.73468017578125,313.7361755371094,5628854.0,4,6,5,7866.0498046875,6.097503662109375
2016-05-09,314.403076171875,319.119140625,311.7354431152344,313.1645202636719,4889488.0,0,9,5,7887.7998046875,7.383697509765625
2016-05-10,315.26055908203125,321.3104248046875,309.7823181152344,312.5452575683594,11283379.0,1,10,5,7848.85009765625,11.528106689453125
2016-05-11,304.78045654296875,316.3085632324219,304.0658874511719,314.2125549316406,5969860.0,2,11,5,7900.39990234375,12.24267578125
2016-05-12,315.5940246582031,316.4991149902344,311.1637878417969,314.9747314453125,4940120.0,3,12,5,7814.89990234375,5.3353271484375
2016-05-13,311.5448913574219,313.7838134765625,306.0190124511719,307.4004821777344,5880488.0,4,13,5,7860.75,7.764801025390625
2016-05-16,307.7815856933594,311.7830505371094,304.3040771484375,310.9732360839844,4125806.0,0,16,5,7890.75,7.478973388671875
2016-05-17,313.2597961425781,315.4987487792969,309.0677795410156,311.68780517578125,5121836.0,1,17,5,7870.14990234375,6.43096923828125
2016-05-18,310.30633544921875,314.5936279296875,307.8768310546875,313.49798583984375,3946031.0,2,18,5,7783.39990234375,6.716796875
2016-05-19,311.0685119628906,321.4533386230469,309.639404296875,310.830322265625,6833711.0,3,19,5,7749.7001953125,11.813934326171875
2016-05-20,310.7826843261719,311.6401672363281,305.9237365722656,307.4004821777344,4839839.0,4,20,5,7731.0498046875,5.7164306640625
2016-05-23,309.35357666015625,310.3539733886719,297.7301940917969,298.7305603027344,6714552.0,0,23,5,7748.85009765625,12.623779296875
2016-05-24,298.63531494140625,303.39898681640625,296.5392761230469,302.6844177246094,5272059.0,1,24,5,7934.89990234375,6.859710693359375
2016-05-25,304.875732421875,311.0685119628906,303.1131591796875,309.25830078125,5797914.0,2,25,5,8069.64990234375,7.955352783203125
2016-05-26,304.875732421875,313.7838134765625,304.875732421875,309.8299560546875,13531993.0,3,26,5,8156.64990234375,8.9080810546875
2016-05-27,310.5921325683594,316.3085632324219,309.2106628417969,314.0220031738281,4622976.0,4,27,5,8178.5,7.097900390625
2016-05-30,316.356201171875,318.7856750488281,306.2572021484375,307.1146545410156,6946409.0,0,30,5,8160.10009765625,12.528472900390625
2016-05-31,309.16302490234375,321.5486145019531,305.1139221191406,318.5474853515625,10540175.0,1,31,5,8179.9501953125,16.4346923828125
2016-06-01,320.02423095703125,323.54937744140625,313.8314514160156,316.45147705078125,6804641.0,2,1,6,8218.9501953125,9.717926025390625
2016-06-02,316.3085632324219,325.74066162109375,314.7365417480469,324.54974365234375,5849447.0,3,2,6,8220.7998046875,11.004119873046875
2016-06-03,327.74139404296875,331.8381652832031,320.5006103515625,322.5489807128906,9270545.0,4,3,6,8201.0498046875,11.337554931640625
2016-06-06,319.1667785644531,324.5973815917969,316.45147705078125,321.882080078125,5216325.0,0,6,6,8266.4501953125,8.145904541015625
2016-06-07,323.5017395019531,327.5984802246094,321.119873046875,326.4075622558594,4092022.0,1,7,6,8273.0498046875,6.478607177734375
2016-06-08,327.02685546875,330.07562255859375,322.5013427734375,325.35955810546875,4688231.0,2,8,6,8203.599609375,7.57427978515625
2016-06-09,323.9304504394531,330.31378173828125,323.9304504394531,325.8835754394531,6230378.0,3,9,6,8170.0498046875,6.383331298828125
2016-06-10,325.8359375,328.2177734375,317.7376708984375,318.5951232910156,5779588.0,4,10,6,8110.60009765625,10.4801025390625
2016-06-13,312.783447265625,314.35546875,305.8284606933594,307.8291931152344,6902942.0,0,13,6,8108.85009765625,8.527008056640625
2016-06-14,309.639404296875,311.9736022949219,306.1142883300781,309.5917663574219,4207422.0,1,14,6,8206.599609375,5.85931396484375
2016-06-15,310.6874084472656,315.8321838378906,308.4961242675781,314.6412658691406,4339272.0,2,15,6,8140.75,7.3360595703125
2016-06-16,313.9267272949219,317.7376708984375,308.7819519042969,314.87945556640625,6812905.0,3,16,6,8170.2001953125,8.955718994140625
2016-06-17,317.26129150390625,317.7376708984375,308.4961242675781,310.0681457519531,5985789.0,4,17,6,8238.5,9.241546630859375
2016-06-20,309.0677795410156,321.02459716796875,307.54339599609375,320.3576965332031,6508348.0,0,20,6,8219.900390625,13.481201171875
2016-06-21,320.1195068359375,321.7391662597656,317.0231018066406,318.2616882324219,3664131.0,1,21,6,8203.7001953125,4.716064453125
2016-06-22,318.21405029296875,318.21405029296875,311.592529296875,316.7373046875,4856631.0,2,22,6,8270.4501953125,6.62152099609375
2016-06-23,315.8321838378906,320.0718688964844,312.11651611328125,318.1664123535156,4916882.0,3,23,6,8088.60009765625,7.955352783203125
2016-06-24,292.5854187011719,301.44586181640625,282.2958679199219,297.87310791015625,15125596.0,4,24,6,8094.7001953125,19.149993896484375
2016-06-27,295.11016845703125,297.77783203125,292.9665222167969,295.8247375488281,6905453.0,0,27,6,8127.85009765625,4.811309814453125
2016-06-28,296.7298278808594,299.5404052734375,292.4901428222656,296.7774658203125,8319283.0,1,28,6,8204.0,7.050262451171875
2016-06-29,299.1593017578125,302.01751708984375,297.8254699707031,298.7781982421875,5894611.0,2,29,6,8287.75,4.192047119140625
2016-06-30,300.7789611816406,308.92486572265625,300.3025817871094,306.7335510253906,6709339.0,3,30,6,8328.349609375,8.622283935546875
2016-07-01,311.0685119628906,315.26055908203125,310.9732360839844,312.5928955078125,5242005.0,4,1,7,8370.7001953125,4.287322998046875
2016-07-04,313.1645202636719,318.1187744140625,312.4499816894531,315.5940246582031,3393168.0,0,4,7,8335.9501953125,5.668792724609375
2016-07-05,316.7849426269531,321.4533386230469,314.6412658691406,317.8805847167969,4139013.0,1,5,7,8337.900390625,6.81207275390625
2016-07-07,318.4045715332031,321.3104248046875,301.3505859375,302.6844177246094,10629149.0,3,7,7,8323.2001953125,19.9598388671875
2016-07-08,300.06439208984375,304.3040771484375,297.3490905761719,303.3037109375,8149659.0,4,8,7,8467.900390625,6.954986572265625
2016-07-11,309.639404296875,314.1172790527344,304.5422668457031,311.5448913574219,8074066.0,0,11,7,8521.0498046875,9.57501220703125
2016-07-12,314.35546875,327.5984802246094,313.4503479003906,326.12176513671875,10377039.0,1,12,7,8519.5,14.14813232421875
2016-07-13,328.4083251953125,341.6990051269531,328.0272216796875,340.8415222167969,14007881.0,2,13,7,8565.0,13.671783447265625
2016-07-14,341.8419189453125,344.2713928222656,336.6495056152344,342.3182678222656,8366294.0,3,14,7,8541.400390625,7.62188720703125
2016-07-15,342.3182678222656,356.70458984375,339.8887939453125,355.2754821777344,14097462.0,4,15,7,8508.7001953125,16.8157958984375
2016-07-18,355.79949951171875,361.4682922363281,346.31976318359375,348.3681640625,8079269.0,0,18,7,8528.5498046875,15.148529052734375
2016-07-19,350.5594482421875,354.0845642089844,345.22412109375,352.750732421875,8655117.0,1,19,7,8565.849609375,8.860443115234375
2016-07-20,354.60858154296875,355.3707580566406,349.08270263671875,351.03582763671875,6200262.0,2,20,7,8510.099609375,6.288055419921875
2016-07-21,352.5125427246094,352.5125427246094,344.033203125,345.1764831542969,5608432.0,3,21,7,8541.2001953125,8.479339599609375
2016-07-22,345.1764831542969,351.46453857421875,339.60296630859375,348.1776123046875,7738665.0,4,22,7,8635.650390625,11.861572265625
2016-07-25,347.7488708496094,350.4165344238281,345.0335693359375,346.4626770019531,5958031.0,0,25,7,8590.650390625,5.382965087890625
2016-07-26,346.70086669921875,357.2762451171875,345.89105224609375,350.4165344238281,8185644.0,1,26,7,8615.7998046875,11.38519287109375
2016-07-27,351.46453857421875,352.9889221191406,337.3640441894531,345.89105224609375,10872890.0,2,27,7,8666.2998046875,15.6248779296875
2016-07-28,341.0797119140625,342.2229919433594,332.171630859375,333.3149108886719,11048917.0,3,28,7,8638.5,10.051361083984375
2016-07-29,334.45819091796875,342.0324401855469,334.45819091796875,338.2691345214844,8763415.0,4,29,7,8636.5498046875,7.574249267578125
2016-08-01,339.3171691894531,349.27325439453125,337.5069580078125,347.60595703125,10582499.0,0,1,8,8622.900390625,11.76629638671875
2016-08-02,349.1303405761719,353.1794738769531,343.0804748535156,344.74774169921875,8510230.0,1,2,8,8544.849609375,10.0989990234375
2016-08-03,347.4154052734375,349.1303405761719,338.126220703125,341.1273498535156,6031847.0,2,3,8,8551.099609375,11.004119873046875
2016-08-04,343.36627197265625,357.18096923828125,340.5080871582031,356.1329650878906,10117557.0,3,4,8,8683.150390625,16.672882080078125
2016-08-05,360.13446044921875,364.89813232421875,358.7053527832031,363.6595764160156,9570210.0,4,5,8,8711.349609375,6.192779541015625
2016-08-08,364.32647705078125,366.3272399902344,358.4671630859375,361.6112060546875,6992920.0,0,8,8,8678.25,7.860076904296875
2016-08-09,361.0871887207031,364.3741149902344,355.9424133300781,357.6097106933594,5897270.0,1,9,8,8575.2998046875,8.43170166015625
2016-08-10,360.0391845703125,361.4682922363281,350.75,352.7983703613281,4821908.0,2,10,8,8592.150390625,10.718292236328125
2016-08-12,352.5125427246094,360.4678955078125,351.8932800292969,357.0380554199219,4629840.0,4,12,8,8642.5498046875,8.574615478515625
2016-08-16,357.2762451171875,362.9926452636719,355.41839599609375,361.2301025390625,6406940.0,1,16,8,8624.0498046875,7.574249267578125
2016-08-17,361.9922790527344,374.37786865234375,361.9922790527344,373.3298645019531,9817121.0,2,17,8,8673.25,12.385589599609375
2016-08-18,373.9491271972656,375.282958984375,366.89886474609375,368.8996276855469,6214097.0,3,18,8,8666.900390625,8.38409423828125
2016-08-19,370.7574768066406,375.9975280761719,365.37451171875,373.61566162109375,9391067.0,4,19,8,8629.150390625,10.623016357421875
2016-08-22,372.99639892578125,372.99639892578125,366.3272399902344,369.8047180175781,5839420.0,0,22,8,8632.599609375,6.669158935546875
2016-08-23,369.6141662597656,372.52001953125,360.2773742675781,366.9465026855469,7054242.0,1,23,8,8650.2998046875,12.242645263671875
2016-08-24,367.375244140625,368.9949035644531,360.8489990234375,361.9922790527344,4473290.0,2,24,8,8592.2001953125,8.145904541015625
2016-08-25,363.6595764160156,364.2312316894531,352.9889221191406,354.703857421875,5010504.0,3,25,8,8572.5498046875,11.2423095703125
2016-08-26,357.2762451171875,358.18133544921875,349.9401550292969,351.9885559082031,4525688.0,4,26,8,8607.4501953125,8.241180419921875
2016-08-29,351.46453857421875,357.7049560546875,350.368896484375,356.0853271484375,3902694.0,0,29,8,8744.349609375,7.3360595703125
2016-08-30,357.6097106933594,361.5635681152344,357.2762451171875,359.8962707519531,3993166.0,1,30,8,8786.2001953125,4.287322998046875
2016-08-31,360.13446044921875,363.32611083984375,351.3692626953125,352.6078186035156,4755103.0,2,31,8,8774.650390625,11.95684814453125
2016-09-01,353.7511291503906,359.8486328125,352.03619384765625,356.8951416015625,4674333.0,3,1,9,8809.650390625,7.81243896484375
2016-09-02,358.18133544921875,358.4195251464844,352.8936462402344,356.5140380859375,2964404.0,4,2,9,8943.0,5.52587890625
2016-09-06,357.2762451171875,368.47088623046875,356.70458984375,367.5181579589844,6117647.0,1,6,9,8917.9501953125,11.76629638671875
2016-09-07,368.8043518066406,375.5211486816406,368.3279724121094,371.5196533203125,7310547.0,2,7,9,8952.5,7.19317626953125
2016-09-08,371.80548095703125,389.2881774902344,371.80548095703125,383.952880859375,11792077.0,3,8,9,8866.7001953125,17.482696533203125
2016-09-09,385.7630615234375,387.6685485839844,374.6636962890625,375.94989013671875,6258656.0,4,9,9,8715.599609375,13.004852294921875
2016-09-12,366.8036193847656,367.66107177734375,353.0841979980469,355.6565856933594,7050600.0,0,12,9,8726.599609375,14.576873779296875
2016-09-14,352.5125427246094,360.13446044921875,345.9862976074219,356.2282409667969,11656284.0,2,14,9,8742.5498046875,14.148162841796875
2016-09-15,356.3235168457031,357.37152099609375,346.5579528808594,349.08270263671875,5116880.0,3,15,9,8779.849609375,10.813568115234375
2016-09-16,352.03619384765625,354.32275390625,340.6986083984375,341.8895568847656,6377155.0,4,16,9,8808.400390625,13.6241455078125
2016-09-19,342.9851989746094,346.7485046386719,338.50732421875,344.5572204589844,5375683.0,0,19,9,8775.900390625,8.241180419921875
2016-09-20,347.08197021484375,352.5125427246094,342.2706298828125,348.3205261230469,5980466.0,1,20,9,8777.150390625,10.241912841796875
2016-09-21,348.0346984863281,354.8944091796875,348.0346984863281,352.322021484375,7209722.0,2,21,9,8867.4501953125,6.859710693359375
2016-09-22,359.8486328125,361.849365234375,355.1802062988281,359.4198913574219,7000270.0,3,22,9,8831.5498046875,6.669158935546875
2016-09-23,359.5151672363281,360.5155334472656,353.4653015136719,354.41802978515625,4683215.0,4,23,9,8723.0498046875,7.05023193359375
2016-09-26,353.7987365722656,358.75299072265625,350.9881896972656,352.2743835449219,4567514.0,0,26,9,8706.400390625,7.764801025390625
2016-09-27,354.98968505859375,356.8951416015625,349.27325439453125,350.5594482421875,4622449.0,1,27,9,8745.150390625,7.62188720703125
2016-09-28,350.84527587890625,364.1359558105469,350.84527587890625,362.3733825683594,6653431.0,2,28,9,8591.25,13.290679931640625
2016-09-29,365.2315979003906,365.70794677734375,347.7488708496094,351.3692626953125,14023902.0,3,29,9,8611.150390625,17.959075927734375
2016-09-30,350.46417236328125,359.6104431152344,346.12921142578125,356.5616760253906,5779306.0,4,30,9,8738.099609375,13.481231689453125
2016-10-03,359.08642578125,366.6130676269531,358.5148010253906,364.7552185058594,4703094.0,0,3,10,8769.150390625,8.0982666015625
2016-10-04,367.75634765625,374.4255065917969,364.32647705078125,372.6629333496094,8946262.0,1,4,10,8743.9501953125,10.099029541015625
2016-10-05,376.5215148925781,377.76007080078125,370.61456298828125,372.23419189453125,5410573.0,2,5,10,8709.5498046875,7.1455078125
2016-10-06,374.2349548339844,377.14080810546875,368.28033447265625,371.42437744140625,8113923.0,3,6,10,8697.599609375,8.8604736328125
2016-10-07,374.3302307128906,388.33544921875,371.7578430175781,387.3350830078125,12186351.0,4,7,10,8708.7998046875,16.577606201171875
2016-10-10,390.5267639160156,400.8163146972656,389.6692810058594,398.625,12219927.0,0,10,10,8573.349609375,11.14703369140625
2016-10-13,394.4329833984375,400.5304870605469,389.4787292480469,394.242431640625,11657001.0,3,13,10,8583.400390625,11.0517578125
2016-10-14,396.33843994140625,397.7675476074219,390.1456604003906,392.8133239746094,5537091.0,4,14,10,8520.400390625,7.62188720703125
2016-10-17,392.7180480957031,396.14788818359375,388.33544921875,391.38421630859375,7045950.0,0,17,10,8677.900390625,7.81243896484375
2016-10-18,394.8140563964844,406.3421630859375,392.6227722167969,404.8654479980469,7961154.0,1,18,10,8659.099609375,13.719390869140625
2016-10-19,405.8658142089844,407.5331115722656,401.29266357421875,405.8658142089844,5220458.0,2,19,10,8699.400390625,6.240447998046875
2016-10-20,407.5331115722656,411.4869689941406,405.1512451171875,408.2952880859375,5313793.0,3,20,10,8693.0498046875,6.335723876953125
2016-10-21,406.81854248046875,408.20001220703125,401.76904296875,407.00909423828125,4329297.0,4,21,10,8708.9501953125,6.43096923828125
2016-10-24,407.2472839355469,411.0105895996094,404.9130859375,405.9134521484375,3024957.0,0,24,10,8691.2998046875,6.097503662109375
2016-10-25,390.62200927734375,399.38720703125,389.0500183105469,395.6239013671875,9128436.0,1,25,10,8615.25,10.337188720703125
2016-10-26,394.76641845703125,399.006103515625,372.42474365234375,379.7608337402344,8714346.0,2,26,10,8615.25,26.58135986328125
2016-10-27,369.66180419921875,381.09466552734375,365.2315979003906,378.3793640136719,14389843.0,3,27,10,8638.0,15.863067626953125
2016-10-28,379.90374755859375,387.2874450683594,378.5699157714844,386.2870788574219,7124913.0,4,28,10,8626.25,8.717529296875
2016-11-01,385.7154235839844,403.9126892089844,382.1426696777344,397.9580993652344,9943710.0,1,1,11,8514.0,21.77001953125
2016-11-02,386.8110656738281,396.71954345703125,386.8110656738281,393.8136901855469,7777754.0,2,2,11,8484.9501953125,9.908477783203125
2016-11-03,391.57476806640625,399.8635559082031,379.8084716796875,384.2386779785156,8915533.0,3,3,11,8433.75,20.055084228515625
2016-11-04,384.8103332519531,388.33544921875,379.4273681640625,384.0481262207031,5349122.0,4,4,11,8497.0498046875,8.9080810546875
2016-11-07,387.0968933105469,395.71917724609375,387.0968933105469,393.0991516113281,4740369.0,0,7,11,8543.5498046875,8.622283935546875
2016-11-08,394.4329833984375,395.7668151855469,386.334716796875,389.3358154296875,3414812.0,1,8,11,8432.0,9.432098388671875
2016-11-09,362.0399169921875,384.8103332519531,359.18170166015625,380.4753723144531,6205544.0,2,9,11,8525.75,25.628631591796875
2016-11-10,388.6689147949219,418.5372009277344,388.6689147949219,416.3459167480469,11438663.0,3,10,11,8296.2998046875,29.8682861328125
2016-11-11,412.05859375,420.63323974609375,403.9603271484375,406.3421630859375,9166446.0,4,11,11,8108.4501953125,16.67291259765625
2016-11-15,392.0511169433594,398.2439270019531,372.52001953125,374.47314453125,9712565.0,1,15,11,8111.60009765625,25.723907470703125
2016-11-16,378.2364501953125,382.4284973144531,362.8497619628906,374.18731689453125,8639027.0,2,16,11,8079.9501953125,19.5787353515625
2016-11-17,374.90185546875,379.7608337402344,368.7090759277344,374.18731689453125,4578141.0,3,17,11,8074.10009765625,11.0517578125
2016-11-18,371.61492919921875,392.9085998535156,363.2308349609375,366.89886474609375,4891327.0,4,18,11,7929.10009765625,29.677764892578125
2016-11-21,367.2323303222656,371.1861877441406,348.9874267578125,353.8940124511719,6892010.0,0,21,11,8002.2998046875,22.198760986328125
2016-11-22,358.8959045410156,361.75408935546875,355.1802062988281,360.1820983886719,4348985.0,1,22,11,8033.2998046875,6.573883056640625
2016-11-23,362.9926452636719,376.1404113769531,362.0875549316406,374.1396789550781,5378420.0,2,23,11,7965.5,14.0528564453125
2016-11-24,368.7567138671875,381.7615661621094,367.375244140625,379.33209228515625,7470140.0,3,24,11,8114.2998046875,14.386322021484375
2016-11-25,380.14190673828125,393.95660400390625,378.7127990722656,389.43109130859375,7442236.0,4,25,11,8126.89990234375,15.243804931640625
2016-11-28,388.62127685546875,392.2416687011719,383.4288635253906,387.3827209472656,4911335.0,0,28,11,8142.14990234375,8.81280517578125
2016-11-29,395.3857116699219,397.8628234863281,388.5260009765625,389.62164306640625,6313722.0,1,29,11,8224.5,9.336822509765625
2016-11-30,390.3362121582031,396.33843994140625,385.1914367675781,395.433349609375,5645227.0,2,30,11,8192.900390625,11.147003173828125
2016-12-01,397.6246337890625,398.72027587890625,388.4783630371094,390.2409362792969,3226346.0,3,1,12,8086.7998046875,10.241912841796875
2016-12-02,386.66815185546875,392.4322204589844,385.28668212890625,387.1921691894531,3802875.0,4,2,12,8128.75,7.145538330078125
2016-12-05,388.33544921875,395.0046081542969,385.4295959472656,393.95660400390625,3673745.0,0,5,12,8143.14990234375,9.57501220703125
2016-12-06,394.4329833984375,400.8163146972656,392.5274963378906,398.6726379394531,4076121.0,1,6,12,8102.0498046875,8.288818359375
2016-12-07,399.48248291015625,401.48321533203125,389.3834533691406,392.4322204589844,4933531.0,2,7,12,8246.849609375,12.099761962890625
2016-12-08,397.9580993652344,412.2967834472656,397.2911682128906,410.9153137207031,9914277.0,3,8,12,8261.75,15.005615234375
2016-12-09,412.2491455078125,414.7738952636719,408.1523742675781,410.2007751464844,4297653.0,4,9,12,8170.7998046875,6.62152099609375
2016-12-12,408.6287536621094,410.1054992675781,403.1505126953125,404.15087890625,2615201.0,0,12,12,8221.7998046875,6.954986572265625
2016-12-13,408.6763916015625,408.6763916015625,397.7675476074219,401.1973876953125,3353663.0,1,13,12,8182.4501953125,10.908843994140625
2016-12-14,402.05487060546875,406.0563659667969,397.0530090332031,398.0057373046875,3408359.0,2,14,12,8153.60009765625,9.00335693359375
2016-12-15,395.95733642578125,407.19964599609375,393.3373107910156,399.48248291015625,4675145.0,3,15,12,8139.4501953125,13.862335205078125
2016-12-16,402.8170471191406,402.8170471191406,393.0038757324219,394.4805908203125,3723892.0,4,16,12,8104.35009765625,9.81317138671875
2016-12-19,391.57476806640625,396.624267578125,389.7645568847656,390.9554748535156,2463831.0,0,19,12,8082.39990234375,6.859710693359375
2016-12-20,392.3369445800781,394.4329833984375,382.1426696777344,384.4292297363281,3716745.0,1,20,12,8061.2998046875,12.290313720703125
2016-12-21,385.85833740234375,389.00238037109375,382.4284973144531,385.3819580078125,2883590.0,2,21,12,7979.10009765625,6.573883056640625
2016-12-22,385.3819580078125,386.66815185546875,371.80548095703125,373.6632995605469,4287075.0,3,22,12,7985.75,14.8626708984375
2016-12-23,374.90185546875,376.85498046875,368.7567138671875,372.3771057128906,4190172.0,4,23,12,7908.25,8.0982666015625
2016-12-26,370.13818359375,371.1861877441406,360.6108093261719,362.13519287109375,3392456.0,0,26,12,8032.85009765625,10.57537841796875
2016-12-27,363.9454040527344,376.045166015625,359.5151672363281,373.8538513183594,4087216.0,1,27,12,8034.85009765625,16.529998779296875
2016-12-28,374.75897216796875,375.1400451660156,368.2326965332031,370.0905456542969,4135649.0,2,28,12,8103.60009765625,6.9073486328125
2016-12-29,370.13818359375,375.282958984375,368.947265625,373.80621337890625,3591776.0,3,29,12,8185.7998046875,6.335693359375
2016-12-30,374.4255065917969,376.7120666503906,369.757080078125,372.7582092285156,3206575.0,4,30,12,8179.5,6.954986572265625
2017-01-02,374.8542175292969,389.0500183105469,370.519287109375,387.525634765625,5854848.0,0,2,1,8192.25,18.530731201171875
2017-01-03,387.81146240234375,389.5740051269531,382.28558349609375,384.2386779785156,3504437.0,1,3,1,8190.5,7.288421630859375
2017-01-04,385.0008850097656,389.6692810058594,382.4284973144531,386.2870788574219,3509934.0,2,4,1,8273.7998046875,7.24078369140625
2017-01-05,389.7645568847656,402.5312194824219,388.04962158203125,399.48248291015625,7553272.0,3,5,1,8243.7998046875,14.481597900390625
2017-01-06,400.6257629394531,405.2941589355469,395.95733642578125,399.72064208984375,4343359.0,4,6,1,8236.0498046875,9.336822509765625
2017-01-09,403.67449951171875,404.15087890625,399.5301208496094,402.05487060546875,3277683.0,0,9,1,8288.599609375,4.620758056640625
2017-01-10,402.7217712402344,412.05859375,402.6264953613281,411.4869689941406,5372486.0,1,10,1,8380.650390625,9.432098388671875
2017-01-11,414.72625732421875,429.6365966796875,414.10699462890625,427.064208984375,11998331.0,2,11,1,8407.2001953125,15.52960205078125
2017-01-12,427.77874755859375,429.8271484375,422.3005065917969,426.39727783203125,5627446.0,3,12,1,8400.349609375,7.526641845703125
2017-01-13,428.7314758300781,429.1125793457031,420.347412109375,425.2539978027344,4442099.0,4,13,1,8412.7998046875,8.765167236328125
2017-01-16,423.2532653808594,437.7825012207031,422.3005065917969,436.7821044921875,7007130.0,0,16,1,8398.0,15.48199462890625
2017-01-17,437.353759765625,437.87774658203125,429.5889587402344,432.7806091308594,3508542.0,1,17,1,8417.0,8.288787841796875
2017-01-18,433.2569885253906,447.7862243652344,432.7806091308594,446.2142028808594,9569204.0,2,18,1,8435.099609375,15.005615234375
2017-01-19,446.54766845703125,446.6429443359375,440.4977722167969,445.0709228515625,3615971.0,3,19,1,8349.349609375,6.145172119140625
2017-01-20,443.97528076171875,445.690185546875,431.2086181640625,433.018798828125,5171755.0,4,20,1,8391.5,14.4815673828125
2017-01-23,429.5889587402344,442.0697937011719,429.3031311035156,439.9737854003906,4565768.0,0,23,1,8475.7998046875,12.76666259765625
2017-01-24,440.1643371582031,444.4516296386719,436.87738037109375,442.3079833984375,3916915.0,1,24,1,8602.75,7.574249267578125
2017-01-25,444.9280090332031,454.2171936035156,444.070556640625,447.3098449707031,6620476.0,2,25,1,8641.25,10.146636962890625
2017-01-27,447.643310546875,451.4066162109375,441.4505310058594,447.1192932128906,5224333.0,4,27,1,8632.75,9.956085205078125
2017-01-30,446.35711669921875,446.35711669921875,438.4017639160156,440.21197509765625,3487583.0,0,30,1,8561.2998046875,7.955352783203125
2017-01-31,438.44940185546875,449.12005615234375,438.3541259765625,441.1647033691406,4769178.0,1,31,1,8716.400390625,10.76593017578125
2017-02-01,442.117431640625,453.4073791503906,435.5435485839844,452.1688232421875,5849062.0,2,1,2,8734.25,17.86383056640625
2017-02-02,451.12078857421875,458.1710510253906,444.2134704589844,454.4077453613281,6285175.0,3,2,2,8740.9501953125,13.95758056640625
2017-02-03,454.360107421875,457.3135986328125,446.0236511230469,450.4538879394531,5546923.0,4,3,2,8801.0498046875,11.289947509765625
2017-02-06,451.978271484375,455.0270080566406,446.97637939453125,451.0255126953125,5045328.0,0,6,2,8768.2998046875,8.050628662109375
2017-02-07,452.6451721191406,457.123046875,447.8338623046875,450.4538879394531,5076566.0,1,7,2,8769.0498046875,9.2891845703125
2017-02-08,462.0772705078125,462.4583740234375,445.35675048828125,448.4054870605469,11847392.0,2,8,2,8778.400390625,17.10162353515625
2017-02-09,447.4527587890625,451.0255126953125,434.9242858886719,438.1159362792969,6807510.0,3,9,2,8793.5498046875,16.101226806640625
2017-02-10,444.9280090332031,449.50115966796875,438.7828674316406,446.0712890625,8304594.0,4,10,2,8805.0498046875,10.718292236328125
2017-02-13,450.787353515625,454.45538330078125,447.8815002441406,450.2633361816406,5141798.0,0,13,2,8792.2998046875,6.573883056640625
2017-02-14,451.50189208984375,452.406982421875,444.070556640625,450.0727844238281,3413010.0,1,14,2,8724.7001953125,8.33642578125
2017-02-15,450.3586120605469,452.31170654296875,435.6388244628906,438.3541259765625,4438486.0,2,15,2,8778.0,16.672882080078125
2017-02-16,442.7367248535156,449.21533203125,434.11444091796875,447.73858642578125,5059497.0,3,16,2,8821.7001953125,15.10089111328125
2017-02-17,449.9775085449219,452.406982421875,444.59454345703125,446.0712890625,4116690.0,4,17,2,8879.2001953125,7.81243896484375
2017-02-20,445.8807373046875,465.8882141113281,442.78436279296875,464.0303649902344,8859904.0,0,20,2,8907.849609375,23.103851318359375
2017-02-21,465.840576171875,472.46209716796875,462.0772705078125,467.7460632324219,8463740.0,1,21,2,8926.900390625,10.38482666015625
2017-02-22,467.2696838378906,468.222412109375,457.8852233886719,461.17218017578125,5259098.0,2,22,2,8939.5,10.337188720703125
2017-02-23,462.17254638671875,464.8402099609375,455.551025390625,462.79180908203125,5049101.0,3,23,2,8896.7001953125,9.2891845703125
2017-02-27,462.267822265625,465.0783996582031,456.83721923828125,457.8852233886719,2866360.0,0,27,2,8879.599609375,8.241180419921875
2017-02-28,458.7427062988281,462.79180908203125,457.7423095703125,459.885986328125,3571696.0,1,28,2,8945.7998046875,5.04949951171875
2017-03-01,462.0772705078125,478.7501525878906,460.5528869628906,476.7017822265625,8099374.0,2,1,3,8899.75,18.197265625
2017-03-02,478.2738037109375,481.7036437988281,468.984619140625,471.27117919921875,6006434.0,3,2,3,8897.5498046875,12.719024658203125
2017-03-03,471.1759033203125,474.22467041015625,466.4122314453125,471.6999206542969,3524480.0,4,3,3,8963.4501953125,7.81243896484375
2017-03-06,471.6999206542969,477.321044921875,467.0791320800781,469.413330078125,4359472.0,0,6,3,8946.900390625,10.241912841796875
2017-03-07,470.175537109375,470.6518859863281,457.932861328125,459.21905517578125,5377344.0,1,7,3,8924.2998046875,12.719024658203125
2017-03-08,461.98199462890625,463.4111022949219,447.8815002441406,450.12042236328125,6229750.0,2,8,3,8927.0,15.52960205078125
2017-03-09,449.5964050292969,452.88336181640625,445.5949401855469,447.26220703125,4718814.0,3,9,3,8934.5498046875,7.288421630859375
2017-03-10,446.35711669921875,451.978271484375,440.3548889160156,445.642578125,4748019.0,4,10,3,9087.0,11.623382568359375
2017-03-14,456.36083984375,456.36083984375,448.2149658203125,450.2156982421875,5841670.0,1,14,3,9084.7998046875,8.1458740234375
2017-03-15,451.5495300292969,457.3135986328125,448.1673278808594,456.4084777832031,5837779.0,2,15,3,9153.7001953125,9.146270751953125
2017-03-16,461.9343566894531,477.321044921875,459.1714172363281,476.03485107421875,10907271.0,3,16,3,9160.0498046875,18.149627685546875
2017-03-17,480.0363464355469,484.70477294921875,474.55810546875,478.4643249511719,7137661.0,4,17,3,9126.849609375,10.14666748046875
2017-03-20,478.7501525878906,478.9407043457031,468.7464294433594,473.1766662597656,4193750.0,0,20,3,9121.5,10.19427490234375
2017-03-21,473.4148254394531,477.60687255859375,469.07989501953125,472.9384765625,5214121.0,1,21,3,9030.4501953125,8.5269775390625
2017-03-22,466.8409423828125,470.46136474609375,463.4111022949219,465.03076171875,4883143.0,2,22,3,9086.2998046875,7.050262451171875
2017-03-23,464.4591064453125,473.1290283203125,464.4591064453125,472.08099365234375,4331667.0,3,23,3,9108.0,8.669921875
2017-03-24,472.6050109863281,476.2730407714844,467.88897705078125,469.88970947265625,3235007.0,4,24,3,9045.2001953125,8.384063720703125
2017-03-27,469.4609680175781,469.4609680175781,452.2164611816406,453.97900390625,6497027.0,0,27,3,9100.7998046875,17.2445068359375
2017-03-28,454.9793701171875,459.8383483886719,454.45538330078125,457.5041198730469,4614647.0,1,28,3,9143.7998046875,5.382965087890625
2017-03-29,459.21905517578125,461.98199462890625,457.5517578125,461.505615234375,3426247.0,2,29,3,9173.75,4.43023681640625
2017-03-30,461.505615234375,463.36346435546875,453.3121032714844,454.9317321777344,4872756.0,3,30,3,9173.75,10.051361083984375
2017-03-31,457.932861328125,462.9347229003906,456.4084777832031,459.885986328125,3374811.0,4,31,3,9237.849609375,6.5262451171875
2017-04-03,463.0299987792969,466.74566650390625,459.98126220703125,462.8870849609375,3296034.0,0,3,4,9265.150390625,6.764404296875
2017-04-05,464.93548583984375,474.65338134765625,463.6492919921875,469.9849853515625,5163708.0,2,5,4,9261.9501953125,11.00408935546875
2017-04-06,470.3660888671875,480.56036376953125,461.076904296875,477.9403381347656,5309846.0,3,6,4,9198.2998046875,19.48345947265625
2017-04-07,477.22576904296875,482.418212890625,467.4602355957031,469.88970947265625,5646856.0,4,7,4,9181.4501953125,14.957977294921875
2017-04-10,473.5101013183594,475.22503662109375,467.2220458984375,471.9380798339844,3141088.0,0,10,4,9237.0,8.00299072265625
2017-04-11,472.08099365234375,472.557373046875,463.3158264160156,465.03076171875,4287321.0,1,11,4,9203.4501953125,9.241546630859375
2017-04-12,467.2220458984375,469.27044677734375,453.5026550292969,454.83648681640625,5256147.0,2,12,4,9150.7998046875,15.767791748046875
2017-04-13,451.978271484375,456.5513916015625,440.3548889160156,441.6410827636719,6200543.0,3,13,4,9139.2998046875,16.196502685546875
2017-04-17,438.3541259765625,445.78546142578125,438.0206604003906,440.54541015625,3975808.0,0,17,4,9105.150390625,7.764801025390625
2017-04-18,445.0232849121094,451.59716796875,426.8260192871094,428.6361999511719,7669723.0,1,18,4,9103.5,24.771148681640625
2017-04-19,426.8260192871094,433.9715270996094,421.1572265625,429.446044921875,9894784.0,2,19,4,9136.400390625,12.814300537109375
2017-04-20,429.446044921875,434.2573547363281,427.064208984375,432.92352294921875,4222221.0,3,20,4,9119.400390625,7.193145751953125
2017-04-21,438.25885009765625,438.92578125,427.8740234375,429.54132080078125,4874356.0,4,21,4,9217.9501953125,11.0517578125
2017-04-24,430.636962890625,433.11407470703125,425.96856689453125,429.3984069824219,5202017.0,0,24,4,9306.599609375,7.1455078125
2017-04-25,431.9707946777344,436.25811767578125,429.97003173828125,433.1617126464844,4461008.0,1,25,4,9351.849609375,6.2880859375
2017-04-26,435.30535888671875,441.40289306640625,429.4936828613281,432.3518981933594,4906327.0,2,26,4,9342.150390625,11.909210205078125
2017-04-27,432.54241943359375,433.3522644042969,423.01507568359375,424.7776184082031,6496992.0,3,27,4,9304.0498046875,10.337188720703125
2017-04-28,426.8260192871094,437.0202941894531,424.7776184082031,428.0169372558594,6566475.0,4,28,4,9313.7998046875,12.24267578125
2017-05-02,429.6842346191406,432.54241943359375,422.44342041015625,424.01544189453125,4921773.0,1,2,5,9311.9501953125,10.0989990234375
2017-05-03,426.1590881347656,428.683837890625,416.8699035644531,419.96630859375,5257299.0,2,3,5,9359.900390625,11.813934326171875
2017-05-04,425.873291015625,426.8260192871094,415.4884338378906,421.538330078125,6859943.0,3,4,5,9285.2998046875,11.33758544921875
2017-05-05,420.63323974609375,420.63323974609375,407.7712707519531,413.1065979003906,5984739.0,4,5,5,9314.0498046875,12.861968994140625
2017-05-08,413.4877014160156,415.7742614746094,407.8665466308594,411.4869689941406,5789240.0,0,8,5,9316.849609375,7.90771484375
2017-05-09,411.58221435546875,419.2041320800781,410.86767578125,413.0113220214844,4973998.0,1,9,5,9407.2998046875,8.336456298828125
2017-05-10,414.6786193847656,417.8226623535156,412.6302490234375,416.774658203125,3715537.0,2,10,5,9422.400390625,5.192413330078125
2017-05-11,419.87103271484375,424.3489074707031,418.9183044433594,420.2997741699219,5807562.0,3,11,5,9400.900390625,5.43060302734375
2017-05-12,421.4906921386719,422.9197998046875,412.15386962890625,416.0600891113281,6084063.0,4,12,5,9445.400390625,10.76593017578125
2017-05-15,417.29864501953125,435.30535888671875,417.10809326171875,434.49554443359375,10238706.0,0,15,5,9512.25,18.197265625
2017-05-16,441.1647033691406,442.0697937011719,433.8286437988281,434.971923828125,10809864.0,1,16,5,9525.75,8.24114990234375
2017-05-17,447.7862243652344,475.41558837890625,443.78472900390625,470.556640625,51858350.0,2,17,5,9429.4501953125,31.630859375
2017-05-18,465.0783996582031,473.1766662597656,460.7434387207031,463.2681884765625,14033651.0,3,18,5,9427.900390625,12.4332275390625
2017-05-19,466.8409423828125,472.557373046875,457.5517578125,466.3645935058594,9525218.0,4,19,5,9438.25,15.005615234375
2017-05-22,469.5562438964844,473.46246337890625,461.4579772949219,463.4111022949219,6531237.0,0,22,5,9386.150390625,12.004486083984375
2017-05-23,465.93585205078125,473.3671875,455.0270080566406,467.2220458984375,10264790.0,1,23,5,9360.5498046875,18.340179443359375
2017-05-24,469.2228088378906,471.6046447753906,458.7427062988281,460.5052490234375,7599595.0,2,24,5,9509.75,12.8619384765625
2017-05-25,462.0772705078125,464.0303649902344,454.1695556640625,461.79144287109375,6781783.0,3,25,5,9595.099609375,9.860809326171875
2017-05-26,463.8874816894531,490.5164489746094,462.6965637207031,487.56298828125,17045846.0,4,26,5,9604.900390625,27.81988525390625
2017-05-29,487.89642333984375,496.0423278808594,482.2276611328125,483.70440673828125,7108353.0,0,29,5,9624.5498046875,13.814666748046875
2017-05-30,484.3713073730469,489.7066345214844,480.4174499511719,487.65826416015625,4284653.0,1,30,5,9621.25,9.2891845703125
2017-05-31,486.0386047363281,490.65936279296875,478.7501525878906,480.84619140625,4581880.0,2,31,5,9616.099609375,11.909210205078125
2017-06-01,480.84619140625,483.94256591796875,470.6518859863281,473.65301513671875,4079183.0,3,1,6,9653.5,13.290679931640625
2017-06-02,478.2261657714844,479.4170837402344,464.9831237792969,468.69879150390625,5963034.0,4,2,6,9675.099609375,14.4339599609375
2017-06-05,469.69915771484375,476.2730407714844,463.9827575683594,468.0794982910156,4977953.0,0,5,6,9637.150390625,12.290283203125
2017-06-06,470.556640625,473.03375244140625,465.36419677734375,467.12677001953125,4328115.0,1,6,6,9663.900390625,7.6695556640625
2017-06-07,468.50823974609375,470.9853515625,463.9827575683594,467.6507873535156,3450278.0,2,7,6,9647.25,7.002593994140625
2017-06-08,479.2265319824219,487.2295227050781,474.0817565917969,475.41558837890625,12520108.0,3,8,6,9668.25,13.14776611328125
2017-06-09,474.84393310546875,484.32366943359375,472.4144592285156,483.0851135253906,6647103.0,4,9,6,9616.400390625,11.909210205078125
2017-06-12,483.70440673828125,489.8971862792969,481.6083679199219,484.3713073730469,5545371.0,0,12,6,9606.900390625,8.288818359375
2017-06-13,484.9429626464844,488.65863037109375,481.6083679199219,484.5618591308594,6261525.0,1,13,6,9618.150390625,7.050262451171875
2017-06-14,483.9902038574219,485.6575012207031,477.4639587402344,478.89306640625,4929096.0,2,14,6,9578.0498046875,8.19354248046875
2017-06-15,477.1305236816406,482.56109619140625,475.6537780761719,478.79779052734375,4280328.0,3,15,6,9588.0498046875,6.907318115234375
2017-06-16,480.17926025390625,483.70440673828125,477.4639587402344,478.2261657714844,3594818.0,4,16,6,9657.5498046875,6.240447998046875
2017-06-19,486.1815185546875,495.99468994140625,483.51385498046875,494.99432373046875,10069869.0,0,19,6,9653.5,12.4808349609375
2017-06-20,499.2340087890625,500.8059997558594,495.8994140625,497.6619873046875,6205067.0,1,20,6,9633.599609375,4.906585693359375
2017-06-21,496.66162109375,498.9005432128906,491.3262939453125,493.1841125488281,4472256.0,2,21,6,9630.0,7.574249267578125
2017-06-22,496.37579345703125,497.6619873046875,487.8011474609375,490.65936279296875,4002082.0,3,22,6,9574.9501953125,9.86083984375
2017-06-23,489.6113586425781,489.6113586425781,478.9407043457031,483.2756652832031,4193785.0,4,23,6,9511.400390625,10.670654296875
2017-06-27,485.89569091796875,489.5160827636719,479.98870849609375,486.7531433105469,4771614.0,1,27,6,9491.25,9.527374267578125
2017-06-28,487.8011474609375,498.13836669921875,485.32403564453125,495.99468994140625,7238191.0,2,28,6,9504.099609375,12.8143310546875
2017-06-29,500.0914611816406,511.2384948730469,497.37615966796875,509.7617492675781,10130768.0,3,29,6,9520.900390625,13.862335205078125
2017-06-30,509.1900939941406,522.00439453125,504.998046875,519.9559936523438,8889430.0,4,30,6,9615.0,17.00634765625
2017-07-03,519.7178344726562,527.1968383789062,516.430908203125,524.5767822265625,6767730.0,0,3,7,9613.2998046875,10.76593017578125
2017-07-04,525.0531616210938,528.340087890625,518.6697998046875,521.6709594726562,5289830.0,1,4,7,9637.599609375,9.6702880859375
2017-07-05,518.6697998046875,526.3870239257812,518.2887573242188,523.95751953125,4960284.0,2,5,7,9674.5498046875,8.0982666015625
2017-07-06,524.005126953125,531.1506958007812,523.0524291992188,528.4353637695312,6829371.0,3,6,7,9665.7998046875,8.0982666015625
2017-07-07,526.8633422851562,528.673583984375,524.8626098632812,527.1968383789062,4303435.0,4,7,7,9771.0498046875,3.81097412109375
2017-07-10,526.1011962890625,535.056884765625,523.2429809570312,532.9132690429688,1132016.0,0,10,7,9786.0498046875,11.81390380859375
2017-07-11,533.9136352539062,535.390380859375,528.9594116210938,530.5313720703125,5156481.0,1,11,7,9816.099609375,6.43096923828125
2017-07-12,533.5325317382812,534.67578125,528.7688598632812,532.675048828125,4262461.0,2,12,7,9891.7001953125,5.90692138671875
2017-07-13,538.2962036132812,539.2489624023438,533.7230834960938,537.2958374023438,4463426.0,3,13,7,9886.349609375,5.52587890625
2017-07-14,538.200927734375,538.200927734375,530.4360961914062,532.0081176757812,4909754.0,4,14,7,9915.9501953125,7.76483154296875
2017-07-17,535.5332641601562,537.1052856445312,530.7695922851562,533.3419799804688,2582514.0,0,17,7,9827.150390625,6.335693359375
2017-07-18,531.1983032226562,542.107177734375,530.67431640625,536.6765747070312,3613061.0,1,18,7,9899.599609375,11.432861328125
2017-07-19,537.3434448242188,545.298828125,536.7241821289062,544.2031860351562,3448965.0,2,19,7,9873.2998046875,8.57464599609375
2017-07-20,535.7238159179688,537.1052856445312,529.9597778320312,530.8648681640625,3422253.0,3,20,7,9915.25,7.1455078125
2017-07-21,531.6270751953125,531.6746826171875,517.9552612304688,527.1015625,3458466.0,4,21,7,9966.400390625,13.71942138671875
2017-07-24,528.1972045898438,528.1972045898438,521.4804077148438,522.5760498046875,2267624.0,0,24,7,9964.5498046875,6.716796875
2017-07-25,522.9571533203125,527.8637084960938,522.814208984375,526.8157348632812,2981070.0,1,25,7,10020.650390625,5.04949951171875
2017-07-26,528.7688598632812,541.1067504882812,527.911376953125,539.0107421875,7439007.0,2,26,7,10020.5498046875,13.19537353515625
2017-07-27,540.154052734375,541.6784057617188,531.7222900390625,534.7234497070312,4218582.0,3,27,7,10014.5,9.95611572265625
2017-07-28,534.294677734375,534.294677734375,522.5283813476562,525.8153686523438,2531328.0,4,28,7,10077.099609375,11.76629638671875
2017-07-31,527.1015625,544.3937377929688,527.1015625,540.2969360351562,5903677.0,0,31,7,10114.650390625,17.29217529296875
2017-08-01,542.7740478515625,548.061767578125,541.72607421875,545.346435546875,5343703.0,1,1,8,10081.5,6.335693359375
2017-08-02,545.9180908203125,546.6802978515625,538.7725830078125,542.3453369140625,3135855.0,2,2,8,10013.650390625,7.90771484375
2017-08-03,540.20166015625,541.4878540039062,531.1983032226562,532.8656005859375,3449489.0,3,3,8,10066.400390625,10.28955078125
2017-08-04,532.9608764648438,553.3494262695312,532.8656005859375,548.6334228515625,3530137.0,4,4,8,10057.400390625,20.48382568359375
2017-08-07,557.3509521484375,573.2139892578125,556.398193359375,571.6896362304688,11559259.0,0,7,8,9978.5498046875,16.8157958984375
2017-08-08,581.4075317382812,595.936767578125,577.3583984375,587.3145141601562,21040566.0,1,8,8,9908.0498046875,18.578369140625
2017-08-09,586.8857421875,591.0778198242188,574.0238037109375,576.4533081054688,5460702.0,2,9,8,9820.25,17.05401611328125
2017-08-10,576.2151489257812,585.647216796875,569.7841186523438,575.786376953125,8065230.0,3,10,8,9710.7998046875,15.86309814453125
2017-08-11,571.6419677734375,577.310791015625,563.3055419921875,568.5455932617188,9004901.0,4,11,8,9794.150390625,14.0052490234375
2017-08-14,578.6922607421875,596.0320434570312,576.4056396484375,594.2694702148438,8980362.0,0,14,8,9897.2998046875,19.62640380859375
2017-08-16,595.4603881835938,602.7488403320312,591.1254272460938,601.3673706054688,7693984.0,2,16,8,9904.150390625,11.6234130859375
2017-08-17,600.3193359375,606.8932495117188,594.6029663085938,595.8414916992188,4845630.0,3,17,8,9837.400390625,12.290283203125
2017-08-18,593.0309448242188,599.0331420898438,590.7919921875,596.0796508789062,3554187.0,4,18,8,9754.349609375,8.24114990234375
2017-08-21,602.9869995117188,608.4652709960938,589.8392333984375,592.1734619140625,4382792.0,0,21,8,9765.5498046875,18.62603759765625
2017-08-22,600.1764526367188,600.1764526367188,585.3613891601562,590.3156127929688,3873796.0,1,22,8,9852.5,14.8150634765625
2017-08-23,594.5076904296875,606.3692626953125,587.3621215820312,604.606689453125,4113248.0,2,23,8,9857.0498046875,19.00714111328125
2017-08-24,605.9404907226562,610.2754516601562,600.7957153320312,608.7987060546875,5152853.0,3,24,8,9912.7998046875,9.479736328125
2017-08-28,609.8943481445312,612.514404296875,601.9390258789062,605.797607421875,3742670.0,0,28,8,9796.0498046875,10.57537841796875
2017-08-29,605.464111328125,610.18017578125,598.27099609375,600.4146118164062,3614092.0,1,29,8,9884.400390625,11.9091796875
2017-08-30,604.98779296875,611.0852661132812,604.1303100585938,608.4652709960938,3698998.0,2,30,8,9917.900390625,6.9549560546875
2017-08-31,606.8455810546875,612.6096801757812,602.3201293945312,607.8936157226562,6837377.0,3,31,8,9974.400390625,10.28955078125
2017-09-01,609.7037963867188,621.8988647460938,608.8463745117188,620.422119140625,6457582.0,4,1,9,9912.849609375,13.052490234375
2017-09-04,620.2315673828125,620.8984375,611.1805419921875,615.9918823242188,2530944.0,0,4,9,9952.2001953125,9.7178955078125
2017-09-05,617.0398559570312,623.5184936523438,616.6588134765625,621.279541015625,3326050.0,1,5,9,9916.2001953125,6.85968017578125
2017-09-06,616.515869140625,625.0905151367188,614.9915161132812,622.1370239257812,2861728.0,2,6,9,9929.900390625,10.0989990234375
2017-09-07,625.947998046875,625.947998046875,619.5646362304688,621.9464721679688,2628633.0,3,7,9,9934.7998046875,6.38336181640625
2017-09-08,623.18505859375,632.331298828125,621.0413818359375,624.423583984375,4946012.0,4,8,9,10006.0498046875,11.2899169921875
2017-09-11,625.947998046875,632.4742431640625,621.7559204101562,631.2833251953125,3368033.0,0,11,9,10093.0498046875,10.71832275390625
2017-09-12,643.0972290039062,660.2465209960938,642.620849609375,650.6238403320312,10823837.0,1,12,9,10079.2998046875,17.62567138671875
2017-09-13,649.5281982421875,651.4813232421875,643.7164916992188,647.5274658203125,2470013.0,2,13,9,10086.599609375,7.76483154296875
2017-09-14,647.384521484375,651.33837890625,640.3342895507812,645.6696166992188,2000566.0,3,14,9,10085.400390625,11.00408935546875
2017-09-15,644.0499877929688,649.1947631835938,639.810302734375,646.8605346679688,3402691.0,4,15,9,10153.099609375,9.38446044921875
2017-09-18,644.0499877929688,650.7191162109375,639.3815307617188,641.0964965820312,2407010.0,0,18,9,10147.5498046875,11.33758544921875
2017-09-19,641.8587036132812,649.1470947265625,641.1917724609375,644.4310913085938,3892808.0,1,19,9,10141.150390625,7.955322265625
2017-09-20,644.2405395507812,659.1032104492188,642.5732421875,655.1493530273438,9216576.0,2,20,9,10121.900390625,16.52996826171875
2017-09-21,661.0086669921875,663.3428955078125,649.0042114257812,654.6253662109375,6436658.0,3,21,9,9964.400390625,14.33868408203125
2017-09-22,651.671875,651.671875,620.2315673828125,623.0897827148438,4638142.0,4,22,9,9872.599609375,31.4403076171875
2017-09-25,624.04248046875,624.2330322265625,593.6502075195312,609.5132446289062,7414404.0,0,25,9,9871.5,30.58282470703125
2017-09-26,612.13330078125,625.947998046875,608.6558227539062,623.18505859375,4144625.0,1,26,9,9735.75,17.29217529296875
2017-09-27,628.80615234375,628.80615234375,612.6572875976562,618.6595458984375,5205858.0,2,27,9,9768.9501953125,16.14886474609375
2017-09-28,622.041748046875,625.4716186523438,612.2761840820312,618.9929809570312,6905382.0,3,28,9,9788.599609375,13.1954345703125
2017-09-29,623.8519287109375,625.947998046875,619.3264770507812,621.7083129882812,2979691.0,4,29,9,9859.5,6.62152099609375
2017-10-03,625.4716186523438,634.4273071289062,625.4716186523438,629.568359375,2991341.0,1,3,10,9914.900390625,8.9556884765625
2017-10-04,629.187255859375,631.2356567382812,623.5184936523438,627.8534545898438,2922691.0,2,4,10,9888.7001953125,7.7171630859375
2017-10-05,626.9006958007812,633.9033203125,626.376708984375,629.7589111328125,1629636.0,3,5,10,9979.7001953125,7.526611328125
2017-10-06,633.8080444335938,661.0086669921875,633.6174926757812,658.769775390625,9934342.0,4,6,10,9988.75,27.39117431640625
2017-10-09,660.2465209960938,671.107666015625,658.9126586914062,664.2955932617188,5897854.0,0,9,10,10016.9501953125,12.19500732421875
2017-10-10,667.8207397460938,670.8695068359375,652.7198486328125,658.1504516601562,4406151.0,1,10,10,9984.7998046875,18.149658203125
2017-10-11,661.6755981445312,665.7723388671875,641.4776000976562,650.0521850585938,4399950.0,2,11,10,10096.400390625,24.29473876953125
2017-10-12,655.4827880859375,661.0086669921875,649.1947631835938,658.9126586914062,4748784.0,3,12,10,10167.4501953125,11.81390380859375
2017-10-13,664.5814208984375,683.5408935546875,662.1519775390625,677.2528686523438,10106432.0,4,13,10,10230.849609375,21.388916015625
2017-10-16,679.4917602539062,685.4940185546875,678.0150146484375,681.1590576171875,4422048.0,0,16,10,10234.4501953125,7.47900390625
2017-10-17,681.1590576171875,684.2554321289062,674.9662475585938,678.8248291015625,2940209.0,1,17,10,10210.849609375,9.2891845703125
2017-10-18,682.0165405273438,683.8743896484375,673.6800537109375,676.0618896484375,3570154.0,2,18,10,10146.5498046875,10.1943359375
2017-10-19,675.3473510742188,677.395751953125,669.6785888671875,672.1557006835938,430799.0,3,19,10,10184.849609375,7.7171630859375
2017-10-23,673.2037353515625,680.58740234375,672.3462524414062,678.3485107421875,2854885.0,0,23,10,10207.7001953125,8.24114990234375
2017-10-24,682.8263549804688,693.8781127929688,680.3015747070312,685.303466796875,4780967.0,1,24,10,10295.349609375,13.5765380859375
2017-10-25,687.9234619140625,692.3536987304688,675.9666748046875,683.683837890625,3321909.0,2,25,10,10343.7998046875,16.38702392578125
2017-10-26,683.7791137695312,698.1654052734375,681.9688720703125,694.7355346679688,5947581.0,3,26,10,10323.0498046875,16.196533203125
2017-10-27,698.2606811523438,700.0232543945312,688.447509765625,692.448974609375,2914832.0,4,27,10,10363.650390625,11.57574462890625
2017-10-30,695.4024658203125,700.2614135742188,679.4441528320312,684.3031005859375,5297187.0,0,30,10,10335.2998046875,20.8172607421875
2017-10-31,689.7813110351562,695.3071899414062,664.2479858398438,670.5360717773438,14217431.0,1,31,10,10440.5,31.0592041015625
2017-11-01,679.8252563476562,683.1121826171875,670.3455200195312,673.87060546875,5729488.0,2,1,11,10423.7998046875,12.76666259765625
2017-11-02,675.442626953125,675.442626953125,664.5338134765625,672.7273559570312,3341471.0,3,2,11,10452.5,10.9088134765625
2017-11-03,674.5375366210938,679.348876953125,670.3931274414062,675.39501953125,3450678.0,4,3,11,10451.7998046875,8.95574951171875
2017-11-06,671.6317138671875,682.11181640625,666.2487182617188,673.394287109375,4138418.0,0,6,11,10350.150390625,15.86309814453125
2017-11-07,676.3477172851562,679.4441528320312,653.9107666015625,660.43701171875,4678413.0,1,7,11,10303.150390625,25.53338623046875
2017-11-08,662.342529296875,667.3920288085938,651.719482421875,660.389404296875,3768638.0,2,8,11,10308.9501953125,15.67254638671875
2017-11-09,665.962890625,671.7269897460938,660.7228393554688,670.1549682617188,2668168.0,3,9,11,10321.75,11.004150390625
2017-11-10,667.4873046875,675.2044677734375,662.8189086914062,669.059326171875,3036699.0,4,10,11,10224.9501953125,12.38555908203125
2017-11-13,670.250244140625,671.1553344726562,654.6253662109375,658.388671875,3399127.0,0,13,11,10186.599609375,16.52996826171875
2017-11-14,656.9119262695312,662.2472534179688,649.4805908203125,653.1009521484375,3874654.0,1,14,11,10118.0498046875,12.76666259765625
2017-11-15,646.908203125,649.2900390625,637.6190185546875,645.71728515625,4511242.0,2,15,11,10214.75,11.6710205078125
2017-11-16,650.6238403320312,656.9119262695312,644.2405395507812,653.9107666015625,2587807.0,3,16,11,10283.599609375,12.67138671875
2017-11-17,661.19921875,675.776123046875,661.19921875,668.0589599609375,4233065.0,4,17,11,10298.75,14.576904296875
2017-11-20,664.9149169921875,674.4422607421875,657.5311889648438,668.9640502929688,3452445.0,0,20,11,10326.900390625,16.91107177734375
2017-11-21,670.63134765625,684.541259765625,668.8211059570312,677.7291870117188,3838741.0,1,21,11,10342.2998046875,15.72015380859375
2017-11-22,679.72998046875,683.1121826171875,672.9179077148438,677.443359375,2384796.0,2,22,11,10348.75,10.19427490234375
2017-11-23,679.6823120117188,682.6358032226562,673.7277221679688,679.015380859375,3865833.0,3,23,11,10389.7001953125,8.9080810546875
2017-11-24,678.3961181640625,679.1106567382812,670.0120239257812,674.9662475585938,2020696.0,4,24,11,10399.5498046875,9.0986328125
2017-11-27,675.4902954101562,675.4902954101562,666.0105590820312,669.3451538085938,1957932.0,0,27,11,10370.25,9.479736328125
2017-11-28,668.6305541992188,679.2059326171875,664.2003784179688,670.5836791992188,2670390.0,1,28,11,10361.2998046875,15.00555419921875
2017-11-29,669.0116577148438,677.395751953125,669.0116577148438,675.776123046875,3208490.0,2,29,11,10226.5498046875,8.38409423828125
2017-11-30,671.6793212890625,673.5847778320312,657.3883056640625,661.3421630859375,4188082.0,3,30,11,10121.7998046875,16.19647216796875
2017-12-01,662.0567016601562,664.9149169921875,645.002685546875,648.7183837890625,4137425.0,4,1,12,10127.75,19.9122314453125
2017-12-04,652.7198486328125,660.1512451171875,648.3372802734375,655.292236328125,2437580.0,0,4,12,10118.25,11.81396484375
2017-12-05,652.6245727539062,653.1486206054688,639.2862548828125,643.76416015625,3494303.0,1,5,12,10044.099609375,13.86236572265625
2017-12-06,635.475341796875,639.7150268554688,629.4730834960938,636.0469970703125,4477705.0,2,6,12,10166.7001953125,10.241943359375
2017-12-07,638.3335571289062,657.3883056640625,638.3335571289062,655.4827880859375,4221217.0,3,7,12,10265.650390625,19.05474853515625
2017-12-08,656.5308227539062,680.1110229492188,652.7675170898438,664.8196411132812,7880728.0,4,8,12,10322.25,27.343505859375
2017-12-11,665.7247314453125,673.1560668945312,661.8184814453125,666.4869384765625,2316968.0,0,11,12,10240.150390625,11.33758544921875
2017-12-12,665.7723388671875,674.6328125,653.672607421875,657.245361328125,4177528.0,1,12,12,10192.9501953125,20.960205078125
2017-12-13,659.198486328125,660.389404296875,643.9070434570312,648.6707153320312,3843539.0,2,13,12,10252.099609375,16.48236083984375
2017-12-14,652.6245727539062,656.1973876953125,639.3815307617188,653.3391723632812,3299843.0,3,14,12,10333.25,16.81585693359375
2017-12-15,663.1046752929688,667.7254638671875,658.388671875,661.8661499023438,3315007.0,4,15,12,10388.75,9.3367919921875
2017-12-18,656.5308227539062,681.0161743164062,642.1444702148438,671.3934936523438,5346522.0,0,18,12,10463.2001953125,38.8717041015625
2017-12-19,675.4902954101562,678.3485107421875,671.869873046875,676.633544921875,2136097.0,1,19,12,10444.2001953125,6.4786376953125
2017-12-20,683.0169067382812,683.0169067382812,659.24609375,669.5833129882812,7754798.0,2,20,12,10440.2998046875,23.77081298828125
2017-12-21,669.5833129882812,683.350341796875,667.868408203125,680.8256225585938,5039865.0,3,21,12,10493.0,15.48193359375
2017-12-22,682.921630859375,682.921630859375,673.6800537109375,677.5863037109375,3487678.0,4,22,12,10531.5,9.2415771484375
2017-12-26,680.2539672851562,690.7340698242188,678.3485107421875,687.5424194335938,6309645.0,1,26,12,10490.75,12.38555908203125
2017-12-27,687.6376953125,695.1166381835938,683.9696044921875,689.25732421875,3790672.0,2,27,12,10477.900390625,11.14703369140625
2017-12-28,690.7816772460938,704.5487670898438,690.3529663085938,701.4523315429688,12146743.0,3,28,12,10530.7001953125,14.19580078125
2018-01-01,697.8795776367188,700.6425170898438,685.4940185546875,688.06640625,1924920.0,0,1,1,10442.2001953125,15.14849853515625
2018-01-02,689.7813110351562,696.6886596679688,681.4448852539062,694.830810546875,2589691.0,1,2,1,10443.2001953125,15.2437744140625
2018-01-03,697.4031982421875,702.6432495117188,696.6886596679688,700.2138061523438,2765485.0,2,3,1,10504.7998046875,5.95458984375
2018-01-04,701.6905517578125,727.3667602539062,697.4031982421875,724.3180541992188,8483966.0,3,4,1,10558.849609375,29.96356201171875
2018-01-05,727.8908081054688,740.1810913085938,726.461669921875,734.2741088867188,7490215.0,4,5,1,10623.599609375,13.71942138671875
2018-01-08,740.9909057617188,741.086181640625,728.843505859375,732.4163208007812,2712538.0,0,8,1,10637.0,12.24267578125
2018-01-09,733.6072387695312,743.9443969726562,730.7490234375,735.7985229492188,3356422.0,1,9,1,10632.2001953125,13.19537353515625
2018-01-10,734.7981567382812,740.2763671875,726.8427734375,736.322509765625,3139253.0,2,10,1,10651.2001953125,13.43359375
2018-01-11,736.322509765625,741.1338500976562,732.0352172851562,734.5123291015625,2030757.0,3,11,1,10681.25,9.0986328125
2018-01-12,734.75048828125,740.0858154296875,724.1275024414062,733.8453979492188,2277586.0,4,12,1,10741.5498046875,15.95831298828125
2018-01-15,735.5126953125,755.5201416015625,734.5599365234375,746.4691772460938,4378610.0,0,15,1,10700.4501953125,20.960205078125
2018-01-16,745.7545776367188,745.7545776367188,724.1751098632812,729.55810546875,2929800.0,1,16,1,10788.5498046875,21.5794677734375
2018-01-17,731.7017211914062,741.1814575195312,721.2216186523438,737.4181518554688,3136407.0,2,17,1,10817.0,19.9598388671875
2018-01-18,738.3709106445312,742.99169921875,710.9320678710938,716.2197875976562,4845844.0,3,18,1,10894.7001953125,32.05963134765625
2018-01-19,716.934326171875,725.9852905273438,707.406982421875,717.4107055664062,3377609.0,4,19,1,10966.2001953125,18.57830810546875
2018-01-22,716.4579467773438,720.6500244140625,712.0277099609375,716.6484985351562,3784599.0,0,22,1,11083.7001953125,8.622314453125
2018-01-23,716.4579467773438,749.8989868164062,716.4579467773438,742.8964233398438,8435532.0,1,23,1,11086.0,33.4410400390625
2018-01-24,743.6109619140625,743.7062377929688,721.3645629882812,726.08056640625,5179950.0,2,24,1,11069.650390625,22.3416748046875
2018-01-25,728.843505859375,736.5606689453125,722.4125366210938,732.79736328125,8814273.0,3,25,1,11130.400390625,14.14813232421875
2018-01-29,734.5599365234375,754.3768920898438,733.7501220703125,746.1356811523438,6830861.0,0,29,1,11049.650390625,20.62677001953125
2018-01-30,743.7062377929688,746.8502807617188,734.7981567382812,739.1807250976562,6317983.0,1,30,1,11027.7001953125,12.0521240234375
2018-01-31,735.5,747.9000244140625,701.7000122070312,705.0499877929688,12958902.0,2,31,1,11016.900390625,46.20001220703125
2018-02-01,708.0,712.75,681.5999755859375,696.75,7403931.0,3,1,2,10760.599609375,31.1500244140625
2018-02-02,692.0,693.0,666.0499877929688,670.4500122070312,6500926.0,4,2,2,10666.5498046875,26.95001220703125
2018-02-05,661.0,674.5,650.5,664.0499877929688,4698722.0,0,5,2,10498.25,24.0
2018-02-06,641.0,679.0,632.5499877929688,664.5,6704557.0,1,6,2,10476.7001953125,46.45001220703125
2018-02-07,668.0,682.2000122070312,657.0,661.7999877929688,6789521.0,2,7,2,10576.849609375,25.20001220703125
2018-02-08,660.0499877929688,677.0,654.0,671.4500122070312,5845590.0,3,8,2,10454.9501953125,23.0
2018-02-09,663.7000122070312,690.0,660.1500244140625,685.2999877929688,9140288.0,4,9,2,10539.75,29.8499755859375
2018-02-12,716.0,716.9000244140625,697.4000244140625,713.0999755859375,12036307.0,0,12,2,10500.900390625,19.5
2018-02-14,719.2999877929688,720.5,704.5499877929688,708.0,4885951.0,2,14,2,10545.5,15.95001220703125
2018-02-15,711.3499755859375,719.1500244140625,697.25,700.5499877929688,5131245.0,3,15,2,10452.2998046875,21.9000244140625
2018-02-16,708.0,709.5,683.5999755859375,689.75,5012760.0,4,16,2,10378.400390625,25.9000244140625
2018-02-19,693.4000244140625,693.4000244140625,639.0,648.8499755859375,17658708.0,0,19,2,10360.400390625,54.4000244140625
2018-02-20,654.7999877929688,661.5,648.1500244140625,651.2999877929688,10214478.0,1,20,2,10397.4501953125,13.3499755859375
2018-02-21,654.9000244140625,655.5499877929688,633.0,640.9500122070312,10307539.0,2,21,2,10382.7001953125,22.54998779296875
2018-02-22,640.3499755859375,647.7999877929688,632.8499755859375,637.5499877929688,8950631.0,3,22,2,10491.0498046875,14.95001220703125
2018-02-23,640.8499755859375,686.4000244140625,639.0,677.75,21866214.0,4,23,2,10582.599609375,47.4000244140625
2018-02-26,680.0,692.6500244140625,673.2000122070312,680.2000122070312,9199775.0,0,26,2,10554.2998046875,19.45001220703125
2018-02-27,681.4000244140625,686.9000244140625,669.2000122070312,671.75,6805376.0,1,27,2,10492.849609375,17.70001220703125
2018-02-28,663.8499755859375,675.0,660.0,671.5999755859375,7112650.0,2,28,2,10458.349609375,15.0
2018-03-01,671.3499755859375,685.0,670.0499877929688,675.0499877929688,7128399.0,3,1,3,10358.849609375,14.95001220703125
2018-03-05,669.25,669.2999877929688,651.7999877929688,655.9000244140625,9785466.0,0,5,3,10249.25,17.5
2018-03-06,664.8499755859375,674.0,656.5499877929688,659.75,8414960.0,1,6,3,10154.2001953125,17.45001220703125
2018-03-07,657.0,661.4000244140625,644.6500244140625,647.7000122070312,5130577.0,2,7,3,10242.650390625,16.75
2018-03-08,656.9000244140625,660.9500122070312,632.7000122070312,635.9000244140625,7126105.0,3,8,3,10226.849609375,28.25
2018-03-09,640.0499877929688,646.75,601.5,606.75,18096367.0,4,9,3,10421.400390625,45.25
2018-03-12,614.4500122070312,626.4000244140625,606.4000244140625,622.9000244140625,12193581.0,0,12,3,10426.849609375,20.0
2018-03-13,623.0,633.2000122070312,614.3499755859375,628.8499755859375,10490405.0,1,13,3,10410.900390625,18.85003662109375
2018-03-14,624.0,630.9000244140625,618.5999755859375,620.5499877929688,8655181.0,2,14,3,10360.150390625,12.300048828125
2018-03-15,620.0,622.5999755859375,609.5999755859375,611.75,7510951.0,3,15,3,10195.150390625,13.0
2018-03-16,611.75,613.9000244140625,594.4000244140625,600.2000122070312,11739582.0,4,16,3,10094.25,19.5
2018-03-19,600.0,601.9000244140625,572.8499755859375,574.9500122070312,12542317.0,0,19,3,10124.349609375,29.050048828125
2018-03-20,571.0,600.9000244140625,568.4500122070312,593.0,17645035.0,1,20,3,10155.25,32.45001220703125
2018-03-21,598.9500122070312,601.7000122070312,580.5,582.25,11939451.0,2,21,3,10114.75,21.20001220703125
2018-03-22,582.7000122070312,587.4500122070312,572.0,580.9000244140625,11486245.0,3,22,3,9998.0498046875,15.45001220703125
2018-03-23,560.0499877929688,568.7999877929688,553.5,566.5,14133550.0,4,23,3,10130.650390625,15.29998779296875
2018-03-26,568.9000244140625,588.3499755859375,560.7999877929688,581.5499877929688,10929998.0,0,26,3,10184.150390625,27.54998779296875
2018-03-27,590.4500122070312,599.0,587.5499877929688,590.0,10038168.0,1,27,3,10113.7001953125,11.45001220703125
2018-03-28,581.0499877929688,583.0,565.2999877929688,571.0499877929688,18655057.0,2,28,3,10211.7998046875,17.70001220703125
2018-04-02,573.0999755859375,580.2999877929688,568.0999755859375,578.7999877929688,6889345.0,0,2,4,10245.0,12.20001220703125
2018-04-03,570.2000122070312,585.4500122070312,568.3499755859375,579.7000122070312,10508317.0,1,3,4,10128.400390625,17.10003662109375
2018-04-04,583.0999755859375,590.5,557.5499877929688,560.5499877929688,13909893.0,2,4,4,10325.150390625,32.95001220703125
2018-04-05,573.8499755859375,583.5999755859375,569.5,580.4500122070312,13262168.0,3,5,4,10331.599609375,14.0999755859375
2018-04-06,574.8499755859375,589.9000244140625,573.0,587.2000122070312,8520201.0,4,6,4,10379.349609375,16.9000244140625
2018-04-09,589.5,595.75,583.4000244140625,586.1500244140625,9489221.0,0,9,4,10402.25,12.3499755859375
2018-04-10,593.0,604.5999755859375,592.2999877929688,601.9000244140625,10850710.0,1,10,4,10417.150390625,12.29998779296875
2018-04-11,608.0,610.9000244140625,600.3499755859375,608.0499877929688,8724716.0,2,11,4,10458.650390625,10.550048828125
2018-04-12,606.9000244140625,608.75,596.7000122070312,598.4000244140625,6628499.0,3,12,4,10480.599609375,12.04998779296875
2018-04-13,600.0,604.7000122070312,590.4000244140625,594.0499877929688,6716146.0,4,13,4,10528.349609375,14.29998779296875
2018-04-16,591.0,596.7999877929688,585.1500244140625,591.5999755859375,5145813.0,0,16,4,10548.7001953125,11.64996337890625
2018-04-17,595.0,604.5999755859375,591.9500122070312,596.0499877929688,6400378.0,1,17,4,10526.2001953125,12.64996337890625
2018-04-18,600.9500122070312,604.9000244140625,594.5999755859375,601.5999755859375,4259135.0,2,18,4,10565.2998046875,10.300048828125
2018-04-19,606.0499877929688,624.5,606.0499877929688,621.9500122070312,10817008.0,3,19,4,10564.0498046875,18.45001220703125
2018-04-20,618.9500122070312,618.9500122070312,602.5999755859375,606.2000122070312,6346274.0,4,20,4,10584.7001953125,16.35003662109375
2018-04-23,608.2999877929688,611.0,600.0999755859375,606.5999755859375,4591161.0,0,23,4,10614.349609375,10.9000244140625
2018-04-24,594.4500122070312,601.7999877929688,589.4000244140625,597.5499877929688,5953046.0,1,24,4,10570.5498046875,12.39996337890625
2018-04-25,598.0,598.5,584.2999877929688,586.2000122070312,4122443.0,2,25,4,10617.7998046875,14.20001220703125
2018-04-26,588.0,591.5499877929688,576.7000122070312,578.2000122070312,7463062.0,3,26,4,10692.2998046875,14.8499755859375
2018-04-27,582.9500122070312,594.75,581.25,589.7999877929688,4717405.0,4,27,4,10739.349609375,13.5
2018-04-30,591.6500244140625,599.9000244140625,586.0,594.9500122070312,3658754.0,0,30,4,10718.0498046875,13.9000244140625
2018-05-02,597.0999755859375,597.4000244140625,572.9500122070312,574.5,4241068.0,2,2,5,10679.650390625,24.45001220703125
2018-05-03,574.0,587.4000244140625,568.0999755859375,585.4500122070312,6778904.0,3,3,5,10618.25,19.300048828125
2018-05-04,586.7000122070312,589.7999877929688,579.25,580.75,3881632.0,4,4,5,10715.5,10.54998779296875
2018-05-07,585.9500122070312,597.9500122070312,581.0,596.4500122070312,4553509.0,0,7,5,10717.7998046875,16.95001220703125
2018-05-08,600.0,604.2000122070312,590.5,596.3499755859375,4125958.0,1,8,5,10741.7001953125,13.70001220703125
2018-05-09,593.4000244140625,608.8499755859375,592.5499877929688,603.1500244140625,6238211.0,2,9,5,10716.5498046875,16.29998779296875
2018-05-10,603.9000244140625,606.7999877929688,591.1500244140625,594.1500244140625,4001269.0,3,10,5,10806.5,15.64996337890625
2018-05-11,597.0,610.5499877929688,591.2000122070312,607.25,6155537.0,4,11,5,10806.599609375,19.3499755859375
2018-05-14,608.2000122070312,614.9500122070312,602.2999877929688,610.3499755859375,5173139.0,0,14,5,10801.849609375,12.6500244140625
2018-05-15,609.0,636.7999877929688,605.5,625.9500122070312,12818436.0,1,15,5,10741.099609375,31.29998779296875
2018-05-16,626.0,632.5,616.9500122070312,621.25,8426301.0,2,16,5,10682.7001953125,15.54998779296875
2018-05-17,629.9500122070312,630.7999877929688,602.1500244140625,610.2999877929688,16037341.0,3,17,5,10596.400390625,28.64996337890625
2018-05-18,615.0,616.7000122070312,590.3499755859375,591.4000244140625,8216629.0,4,18,5,10516.7001953125,26.35003662109375
2018-05-21,592.5,600.75,574.75,577.0,7162233.0,0,21,5,10536.7001953125,26.0
2018-05-22,578.0999755859375,583.5,569.5,576.7999877929688,6096646.0,1,22,5,10430.349609375,14.0
2018-05-23,576.0,576.0,537.4000244140625,540.0499877929688,17148386.0,2,23,5,10513.849609375,38.5999755859375
2018-05-24,543.9000244140625,553.9000244140625,536.5499877929688,548.2000122070312,8700822.0,3,24,5,10605.150390625,17.35003662109375
2018-05-25,554.0,570.7999877929688,552.0,568.25,8895619.0,4,25,5,10688.650390625,18.79998779296875
2018-05-28,571.0,579.4500122070312,565.0999755859375,576.6500244140625,5235667.0,0,28,5,10633.2998046875,14.35003662109375
2018-05-29,574.9500122070312,588.0,569.3499755859375,575.3499755859375,6477911.0,1,29,5,10614.349609375,18.6500244140625
2018-05-30,568.0499877929688,581.5,567.5499877929688,577.9000244140625,6201888.0,2,30,5,10736.150390625,13.95001220703125
2018-05-31,584.0,587.2999877929688,572.0499877929688,575.6500244140625,6652510.0,3,31,5,10696.2001953125,15.25
2018-06-01,570.0,579.5999755859375,556.2999877929688,560.6500244140625,9249666.0,4,1,6,10628.5,23.29998779296875
2018-06-04,564.0499877929688,572.5,560.2999877929688,566.1500244140625,8742527.0,0,4,6,10593.150390625,12.20001220703125
2018-06-05,566.7999877929688,574.9000244140625,560.5999755859375,572.0999755859375,4688204.0,1,5,6,10684.650390625,14.300048828125
2018-06-06,574.4500122070312,581.7000122070312,569.2000122070312,579.75,4445305.0,2,6,6,10768.349609375,12.5
2018-06-07,582.0999755859375,603.9000244140625,581.9000244140625,602.0999755859375,9279353.0,3,7,6,10767.650390625,22.0
2018-06-08,599.0,608.2000122070312,592.0,600.5,8386078.0,4,8,6,10786.9501953125,16.20001220703125
2018-06-11,601.0499877929688,605.5,586.25,588.6500244140625,5151101.0,0,11,6,10842.849609375,19.25
2018-06-12,586.9500122070312,588.75,577.2000122070312,580.0,8588935.0,1,12,6,10856.7001953125,11.54998779296875
2018-06-13,579.5999755859375,583.7999877929688,566.0,567.5999755859375,9060032.0,2,13,6,10808.0498046875,17.79998779296875
2018-06-14,567.0,574.7999877929688,561.0,569.5499877929688,7482514.0,3,14,6,10817.7001953125,13.79998779296875
2018-06-15,571.2000122070312,574.7999877929688,562.0,566.0,6208764.0,4,15,6,10799.849609375,12.79998779296875
2018-06-18,563.0,563.4500122070312,547.2999877929688,558.5,10566965.0,0,18,6,10710.4501953125,16.1500244140625
2018-06-19,558.0,565.5999755859375,549.4500122070312,555.0,9452190.0,1,19,6,10772.0498046875,16.14996337890625
2018-06-20,556.25,565.9000244140625,553.2999877929688,563.25,6610703.0,2,20,6,10741.099609375,12.60003662109375
2018-06-21,568.9500122070312,568.9500122070312,556.0999755859375,557.75,8465198.0,3,21,6,10821.849609375,12.85003662109375
2018-06-22,560.4000244140625,564.5999755859375,556.0999755859375,561.8499755859375,6247845.0,4,22,6,10762.4501953125,8.5
2018-06-25,559.7999877929688,564.7999877929688,556.3499755859375,558.5999755859375,3899261.0,0,25,6,10769.150390625,8.45001220703125
2018-06-26,558.3499755859375,559.9000244140625,538.25,549.5,10207582.0,1,26,6,10671.400390625,21.6500244140625
2018-06-27,551.7000122070312,552.5,539.0999755859375,543.2000122070312,5654150.0,2,27,6,10589.099609375,13.4000244140625
2018-06-28,545.0,556.5,544.0,548.4500122070312,8655978.0,3,28,6,10714.2998046875,12.5
2018-06-29,551.9500122070312,569.7999877929688,551.0499877929688,567.75,9477384.0,4,29,6,10657.2998046875,18.75
2018-07-02,575.9500122070312,586.5,556.25,560.5,15763048.0,0,2,7,10699.900390625,30.25
2018-07-03,561.9500122070312,572.4000244140625,553.4500122070312,566.0,11236177.0,1,3,7,10769.900390625,18.95001220703125
2018-07-04,567.4000244140625,573.4000244140625,559.5499877929688,571.0999755859375,6862947.0,2,4,7,10749.75,13.85003662109375
2018-07-05,565.0,565.0,552.0,553.2999877929688,6013653.0,3,5,7,10772.650390625,13.0
2018-07-06,550.0,564.25,546.3499755859375,553.5,6614783.0,4,6,7,10852.900390625,17.9000244140625
2018-07-09,563.7000122070312,565.75,554.75,555.5999755859375,7443751.0,0,9,7,10947.25,11.0
2018-07-10,559.0,571.0,556.9000244140625,568.6500244140625,10004905.0,1,10,7,10948.2998046875,14.0999755859375
2018-07-11,565.7000122070312,565.7000122070312,554.1500244140625,555.7000122070312,6111245.0,2,11,7,11023.2001953125,11.54998779296875
2018-07-12,560.0,567.9000244140625,553.1500244140625,555.2000122070312,8443988.0,3,12,7,11018.900390625,14.75
2018-07-13,559.3499755859375,562.0,553.0,558.5999755859375,5579129.0,4,13,7,10936.849609375,9.0
2018-07-16,559.7000122070312,559.9000244140625,517.0499877929688,519.25,11159885.0,0,16,7,11008.0498046875,42.85003662109375
2018-07-17,522.0,535.7000122070312,513.0,532.3499755859375,10792706.0,1,17,7,10980.4501953125,22.70001220703125
2018-07-18,536.0,536.9500122070312,501.0,504.25,16451209.0,2,18,7,10957.099609375,35.95001220703125
2018-07-19,508.0,513.4000244140625,493.0,498.6499938964844,16808651.0,3,19,7,11010.2001953125,20.4000244140625
2018-07-20,499.0,505.75,495.0,503.20001220703125,7261409.0,4,20,7,11084.75,10.75
2018-07-23,506.0,519.5,498.29998779296875,516.9000244140625,6878134.0,0,23,7,11134.2998046875,21.20001220703125
2018-07-24,516.0,529.5999755859375,516.0,527.4000244140625,8398369.0,1,24,7,11132.0,13.5999755859375
2018-07-25,531.0,538.0,529.0,536.0,6782638.0,2,25,7,11167.2998046875,9.0
2018-07-26,536.9500122070312,539.9500122070312,531.3499755859375,534.8499755859375,7481191.0,3,26,7,11278.349609375,8.60003662109375
2018-07-27,538.0,553.5499877929688,536.2999877929688,550.2000122070312,6462885.0,4,27,7,11319.5498046875,17.25
2018-07-30,549.4500122070312,558.5,547.3499755859375,553.0,4787707.0,0,30,7,11356.5,11.1500244140625
2018-07-31,551.9500122070312,564.9000244140625,543.5499877929688,563.0499877929688,6373966.0,1,31,7,11346.2001953125,21.35003662109375
2018-08-01,562.8499755859375,567.5999755859375,551.2999877929688,555.7999877929688,6067992.0,2,1,8,11244.7001953125,16.29998779296875
2018-08-02,552.7000122070312,560.9000244140625,540.5999755859375,554.2999877929688,9493099.0,3,2,8,11360.7998046875,20.300048828125
2018-08-03,556.4000244140625,560.0,550.6500244140625,554.4500122070312,5570690.0,4,3,8,11387.099609375,9.3499755859375
2018-08-06,559.0,564.9000244140625,551.25,553.25,5543881.0,0,6,8,11389.4501953125,13.6500244140625
2018-08-07,557.3499755859375,576.7000122070312,553.6500244140625,573.1500244140625,9285754.0,1,7,8,11450.0,23.04998779296875
2018-08-08,578.25,583.75,573.5499877929688,577.5,9008431.0,2,8,8,11470.7001953125,10.20001220703125
2018-08-09,580.0,587.7000122070312,575.7999877929688,585.9500122070312,5757687.0,3,9,8,11429.5,11.9000244140625
2018-08-10,585.9500122070312,586.0,572.7000122070312,576.7000122070312,5725493.0,4,10,8,11355.75,13.29998779296875
2018-08-13,574.9500122070312,582.1500244140625,566.0,568.7999877929688,7856831.0,0,13,8,11435.099609375,16.1500244140625
2018-08-14,587.0,587.0,562.5499877929688,578.9500122070312,24030560.0,1,14,8,11385.0498046875,24.45001220703125
2018-08-16,570.0,576.7000122070312,563.25,567.5499877929688,7907171.0,3,16,8,11470.75,13.45001220703125
2018-08-17,571.9500122070312,585.2000122070312,571.7999877929688,580.1500244140625,8743214.0,4,17,8,11551.75,13.4000244140625
2018-08-20,583.0,601.7999877929688,582.9000244140625,599.4000244140625,11662318.0,0,20,8,11570.900390625,18.89996337890625
2018-08-21,602.25,602.4500122070312,580.5499877929688,582.1500244140625,10873707.0,1,21,8,11582.75,21.9000244140625
2018-08-23,584.9000244140625,584.9000244140625,570.1500244140625,571.6500244140625,6676830.0,3,23,8,11557.099609375,14.75
2018-08-24,570.3499755859375,579.3499755859375,568.25,575.5999755859375,6060269.0,4,24,8,11691.9501953125,11.0999755859375
2018-08-27,581.9000244140625,587.0,579.0,581.2000122070312,5391946.0,0,27,8,11738.5,8.0
2018-08-28,582.5,593.9000244140625,578.0999755859375,590.3499755859375,9021297.0,1,28,8,11691.900390625,15.800048828125
2018-08-29,590.2999877929688,601.8499755859375,585.5499877929688,594.2000122070312,9885532.0,2,29,8,11676.7998046875,16.29998779296875
2018-08-30,592.2999877929688,610.0,591.0499877929688,608.3499755859375,10283657.0,3,30,8,11680.5,18.95001220703125
2018-08-31,608.2000122070312,614.5,599.0999755859375,600.5,8633354.0,4,31,8,11582.349609375,15.4000244140625
2018-09-03,603.0,609.9500122070312,598.0,600.75,5479133.0,0,3,9,11520.2998046875,11.95001220703125
2018-09-04,600.9000244140625,604.5,590.5999755859375,593.0499877929688,6099572.0,1,4,9,11476.9501953125,13.9000244140625
2018-09-05,590.0,597.0,581.2000122070312,594.4000244140625,5791157.0,2,5,9,11536.900390625,15.79998779296875
2018-09-06,598.0,607.7999877929688,594.5,600.2999877929688,6689716.0,3,6,9,11589.099609375,13.29998779296875
2018-09-07,602.2999877929688,622.0,597.0499877929688,619.1500244140625,9445836.0,4,7,9,11438.099609375,24.95001220703125
2018-09-10,619.9500122070312,625.0,611.25,613.6500244140625,6284258.0,0,10,9,11287.5,13.75
2018-09-11,615.3499755859375,617.0,588.3499755859375,592.0999755859375,8111172.0,1,11,9,11369.900390625,28.6500244140625
2018-09-12,592.5,607.2000122070312,583.0999755859375,605.5499877929688,8566384.0,2,12,9,11515.2001953125,24.10003662109375
2018-09-14,611.5999755859375,620.5,610.0,615.0,7975559.0,4,14,9,11377.75,10.5
2018-09-17,610.0,624.4000244140625,605.5499877929688,616.4000244140625,7183891.0,0,17,9,11278.900390625,18.85003662109375
2018-09-18,618.0,624.5499877929688,609.2999877929688,612.75,7828063.0,1,18,9,11234.349609375,15.25
2018-09-19,618.0,630.7999877929688,617.4000244140625,621.2000122070312,10134627.0,2,19,9,11143.099609375,13.39996337890625
2018-09-21,630.0,647.5999755859375,584.2999877929688,625.1500244140625,22977379.0,4,21,9,10967.400390625,63.29998779296875
2018-09-24,618.9000244140625,626.25,595.6500244140625,607.7000122070312,11242914.0,0,24,9,11067.4501953125,30.5999755859375
2018-09-25,609.0,609.0,575.0,601.0,10985624.0,1,25,9,11053.7998046875,34.0
2018-09-26,605.0,614.1500244140625,598.0,608.9000244140625,8647720.0,2,26,9,10977.5498046875,16.1500244140625
2018-09-27,611.2000122070312,620.75,607.4000244140625,611.5499877929688,8239542.0,3,27,9,10930.4501953125,13.3499755859375
2018-09-28,612.0,612.0,575.0,581.25,13027007.0,4,28,9,11008.2998046875,37.0
2018-10-01,580.0,585.7999877929688,557.5,583.2000122070312,6972949.0,0,1,10,10858.25,28.29998779296875
2018-10-03,584.0,594.4000244140625,576.2000122070312,579.5999755859375,7217063.0,2,3,10,10599.25,18.20001220703125
2018-10-04,576.75,587.75,570.0,582.2999877929688,7629840.0,3,4,10,10316.4501953125,17.75
2018-10-05,580.0,586.0,562.2999877929688,568.0,7868967.0,4,5,10,10348.0498046875,23.70001220703125
2018-10-08,567.0,569.9500122070312,544.0,559.7999877929688,9171048.0,0,8,10,10301.0498046875,25.95001220703125
2018-10-09,560.0,583.9000244140625,554.5499877929688,572.5,7734434.0,1,9,10,10460.099609375,29.35003662109375
2018-10-10,573.1500244140625,587.7999877929688,573.1500244140625,583.6500244140625,7153314.0,2,10,10,10234.650390625,14.64996337890625
2018-10-11,557.0,564.0,549.0499877929688,555.1500244140625,10401643.0,3,11,10,10472.5,14.95001220703125
2018-10-12,560.7999877929688,578.7999877929688,558.0999755859375,576.5,5733407.0,4,12,10,10512.5,20.70001220703125
2018-10-15,578.25,579.4500122070312,566.5,570.0,4100183.0,0,15,10,10584.75,12.95001220703125
2018-10-16,571.0999755859375,584.0,569.5999755859375,572.7999877929688,5660568.0,1,16,10,10453.0498046875,14.4000244140625
2018-10-17,578.0499877929688,579.5,552.0999755859375,554.6500244140625,5020576.0,2,17,10,10303.5498046875,27.4000244140625
2018-10-19,553.0,562.5999755859375,545.0,554.9500122070312,7718196.0,4,19,10,10245.25,17.5999755859375
2018-10-22,559.0,561.2000122070312,541.5499877929688,544.75,5101951.0,0,22,10,10146.7998046875,19.6500244140625
2018-10-23,540.0,550.0,535.1500244140625,545.5999755859375,4634688.0,1,23,10,10224.75,14.8499755859375
2018-10-24,552.0,554.5999755859375,541.4000244140625,550.0499877929688,4219617.0,2,24,10,10124.900390625,13.199951171875
2018-10-25,544.7000122070312,550.5999755859375,540.0,545.75,4467859.0,3,25,10,10030.0,10.5999755859375
2018-10-26,547.5999755859375,561.5999755859375,541.0999755859375,551.5499877929688,6099413.0,4,26,10,10250.849609375,20.5
2018-10-29,556.5,575.5,552.2999877929688,573.7000122070312,5738313.0,0,29,10,10198.400390625,23.20001220703125
2018-10-30,571.25,572.0,563.0999755859375,564.5,4015319.0,1,30,10,10386.599609375,8.9000244140625
2018-10-31,554.9500122070312,557.7999877929688,529.3499755859375,553.8499755859375,14070333.0,2,31,10,10380.4501953125,28.45001220703125
2018-11-01,555.7999877929688,563.9000244140625,554.0,556.5999755859375,5469057.0,3,1,11,10553.0,9.9000244140625
2018-11-02,561.0,582.4000244140625,560.6500244140625,574.0499877929688,7979457.0,4,2,11,10524.0,21.75
2018-11-05,574.0,583.5999755859375,567.5,577.4500122070312,4535856.0,0,5,11,10530.0,16.0999755859375
2018-11-06,579.5999755859375,584.4000244140625,570.0,575.75,3910274.0,1,6,11,10598.400390625,14.4000244140625
2018-11-07,581.0,582.25,579.0,580.25,413871.0,2,7,11,10585.2001953125,3.25
2018-11-09,579.3499755859375,579.3499755859375,568.4500122070312,572.2000122070312,4348716.0,4,9,11,10482.2001953125,10.89996337890625
2018-11-12,573.5499877929688,589.7000122070312,572.1500244140625,582.8499755859375,8120996.0,0,12,11,10582.5,17.54998779296875
2018-11-13,583.0,591.5,579.0999755859375,589.2000122070312,7626487.0,1,13,11,10576.2998046875,12.4000244140625
2018-11-14,605.0,610.5999755859375,584.2999877929688,589.0999755859375,21649289.0,2,14,11,10616.7001953125,26.29998779296875
2018-11-15,590.2999877929688,596.9000244140625,581.4500122070312,589.3499755859375,6389521.0,3,15,11,10682.2001953125,15.45001220703125
2018-11-16,590.0,591.0,569.5499877929688,574.0999755859375,7456927.0,4,16,11,10763.400390625,21.45001220703125
2018-11-19,577.4500122070312,583.7999877929688,574.0,582.4000244140625,4889287.0,0,19,11,10656.2001953125,9.79998779296875
2018-11-20,577.0,578.0,562.0,563.2999877929688,7636368.0,1,20,11,10600.0498046875,16.0
2018-11-21,562.0,562.0,550.0,551.4000244140625,11242898.0,2,21,11,10526.75,12.0
2018-11-22,552.0,553.5999755859375,538.1500244140625,539.6500244140625,8541612.0,3,22,11,10628.599609375,15.449951171875
2018-11-26,544.0,544.0,521.6500244140625,530.7000122070312,10003787.0,0,26,11,10685.599609375,22.3499755859375
2018-11-27,529.7000122070312,529.9000244140625,512.5,522.2999877929688,15790907.0,1,27,11,10728.849609375,17.4000244140625
2018-11-28,522.2999877929688,528.9000244140625,518.6500244140625,523.9500122070312,11352466.0,2,28,11,10858.7001953125,10.25
2018-11-29,532.0,538.8499755859375,529.1500244140625,533.5499877929688,13929332.0,3,29,11,10876.75,9.699951171875
2018-11-30,535.0,536.7999877929688,525.5,529.5,7854071.0,4,30,11,10883.75,11.29998779296875
2018-12-03,541.2000122070312,552.7000122070312,535.75,538.0999755859375,12092365.0,0,3,12,10869.5,16.95001220703125
2018-12-04,532.7000122070312,540.5,532.1500244140625,538.2000122070312,6153810.0,1,4,12,10782.900390625,8.3499755859375
2018-12-05,533.0,533.0,515.0,517.7000122070312,7078082.0,2,5,12,10601.150390625,18.0
2018-12-06,513.25,521.7000122070312,501.0,510.20001220703125,12966714.0,3,6,12,10693.7001953125,20.70001220703125
2018-12-07,510.70001220703125,514.9000244140625,503.20001220703125,509.29998779296875,8252927.0,4,7,12,10488.4501953125,11.70001220703125
2018-12-10,499.3999938964844,509.5,497.0,502.8500061035156,5414705.0,0,10,12,10549.150390625,12.5
2018-12-11,495.6000061035156,503.70001220703125,486.1499938964844,500.75,11242572.0,1,11,12,10737.599609375,17.550018310546875
2018-12-12,506.0,522.5,505.5,520.25,8141983.0,2,12,12,10791.5498046875,17.0
2018-12-13,528.0499877929688,528.0499877929688,508.0,512.25,6810095.0,3,13,12,10805.4501953125,20.04998779296875
2018-12-14,511.0,517.7999877929688,506.5,513.5499877929688,5155980.0,4,14,12,10888.349609375,11.29998779296875
2018-12-17,518.0,525.25,516.4000244140625,524.0,4804854.0,0,17,12,10908.7001953125,8.8499755859375
2018-12-18,523.0,528.4000244140625,519.5999755859375,527.0,5673527.0,1,18,12,10967.2998046875,8.800048828125
2018-12-19,527.9000244140625,532.4500122070312,524.5999755859375,527.4000244140625,4928043.0,2,19,12,10951.7001953125,7.85003662109375
2018-12-20,520.0,527.0,520.0,523.3499755859375,3517335.0,3,20,12,10754.0,7.0
2018-12-21,524.1500244140625,532.0,518.2999877929688,520.2000122070312,5969670.0,4,21,12,10663.5,13.70001220703125
2018-12-24,518.0,520.7000122070312,512.0,513.7000122070312,4329440.0,0,24,12,10729.849609375,8.70001220703125
2018-12-26,509.0,517.2999877929688,504.3999938964844,513.4500122070312,4953741.0,2,26,12,10779.7998046875,12.899993896484375
2018-12-27,518.0,519.7999877929688,504.95001220703125,506.5,5016931.0,3,27,12,10859.900390625,14.8499755859375
2018-12-28,508.20001220703125,516.4500122070312,508.04998779296875,512.8499755859375,6307408.0,4,28,12,10862.5498046875,8.4000244140625
2019-01-01,524.0,524.5,513.5499877929688,515.75,4128173.0,1,1,1,10792.5,10.95001220703125
2019-01-02,506.0,506.79998779296875,492.0,493.6499938964844,11747350.0,2,2,1,10672.25,14.79998779296875
2019-01-03,493.0,493.1499938964844,480.25,481.25,13532944.0,3,3,1,10727.349609375,12.899993896484375
2019-01-04,481.0,492.8500061035156,479.54998779296875,487.6499938964844,10480072.0,4,4,1,10771.7998046875,13.300018310546875
2019-01-07,495.3999938964844,501.0,483.8999938964844,485.5,8406787.0,0,7,1,10802.150390625,17.100006103515625
2019-01-08,485.6499938964844,493.3500061035156,483.79998779296875,491.3500061035156,6269706.0,1,8,1,10855.150390625,9.550018310546875
2019-01-09,488.95001220703125,497.29998779296875,475.25,479.20001220703125,12696660.0,2,9,1,10821.599609375,22.04998779296875
2019-01-10,480.0,484.1499938964844,477.5,480.3999938964844,7081000.0,3,10,1,10794.9501953125,6.649993896484375
2019-01-11,483.95001220703125,484.25,472.0,474.20001220703125,7540824.0,4,11,1,10737.599609375,12.25
2019-01-14,474.20001220703125,474.3999938964844,466.79998779296875,470.8500061035156,5889917.0,0,14,1,10886.7998046875,7.600006103515625
2019-01-15,473.0,476.5,469.0,475.04998779296875,7603181.0,1,15,1,10890.2998046875,7.5
2019-01-16,476.1000061035156,479.8999938964844,472.70001220703125,474.54998779296875,5280293.0,2,16,1,10905.2001953125,7.199981689453125
2019-01-17,476.29998779296875,478.25,470.5,473.1499938964844,4281935.0,3,17,1,10906.9501953125,7.75
2019-01-18,473.54998779296875,477.70001220703125,468.0,470.6499938964844,4914849.0,4,18,1,10961.849609375,9.70001220703125
2019-01-21,473.0,477.5,470.1000061035156,471.70001220703125,4613690.0,0,21,1,10922.75,7.399993896484375
2019-01-22,470.70001220703125,470.70001220703125,455.0,456.54998779296875,8957766.0,1,22,1,10831.5,15.70001220703125
2019-01-23,457.0,467.8500061035156,457.0,464.6000061035156,7259386.0,2,23,1,10849.7998046875,10.850006103515625
2019-01-24,464.5,464.5,457.20001220703125,460.75,4790846.0,3,24,1,10780.5498046875,7.29998779296875
2019-01-25,462.20001220703125,465.79998779296875,451.20001220703125,452.8999938964844,4157967.0,4,25,1,10661.5498046875,14.5999755859375
2019-01-28,452.8999938964844,453.95001220703125,443.29998779296875,445.70001220703125,4335147.0,0,28,1,10652.2001953125,10.6500244140625
2019-01-29,444.0,452.1499938964844,441.3500061035156,443.79998779296875,5225724.0,1,29,1,10651.7998046875,10.79998779296875
2019-01-30,446.70001220703125,471.3999938964844,446.70001220703125,467.45001220703125,10857925.0,2,30,1,10830.9501953125,24.699981689453125
2019-01-31,472.04998779296875,478.8999938964844,467.6499938964844,476.70001220703125,9243729.0,3,31,1,10893.650390625,11.25
2019-02-01,477.0,482.0,470.0,474.70001220703125,5015994.0,4,1,2,10912.25,12.0
2019-02-04,474.8999938964844,478.6000061035156,452.0,476.04998779296875,10972029.0,0,4,2,10934.349609375,26.600006103515625
2019-02-05,477.0,477.0,459.45001220703125,464.70001220703125,7281927.0,1,5,2,11062.4501953125,17.54998779296875
2019-02-06,466.0,486.70001220703125,463.79998779296875,485.1000061035156,10999265.0,2,6,2,11069.400390625,22.9000244140625
2019-02-07,483.45001220703125,491.3999938964844,478.1000061035156,489.04998779296875,7857338.0,3,7,2,10943.599609375,13.29998779296875
2019-02-08,483.0,487.75,465.95001220703125,468.75,8414514.0,4,8,2,10888.7998046875,21.79998779296875
2019-02-11,475.0,487.0,460.29998779296875,480.70001220703125,23262314.0,0,11,2,10831.400390625,26.70001220703125
2019-02-12,478.3999938964844,497.20001220703125,476.70001220703125,487.3999938964844,18836111.0,1,12,2,10746.0498046875,20.5
2019-02-14,482.0,486.3500061035156,475.3999938964844,482.54998779296875,6185042.0,3,14,2,10724.400390625,10.95001220703125
2019-02-15,483.0,483.3999938964844,462.6499938964844,467.5,7499240.0,4,15,2,10640.9501953125,20.75
2019-02-18,468.8999938964844,477.0,464.3999938964844,465.54998779296875,6253514.0,0,18,2,10604.349609375,12.600006103515625
2019-02-19,465.3999938964844,480.6000061035156,465.3999938964844,470.95001220703125,8224545.0,1,19,2,10735.4501953125,15.20001220703125
2019-02-20,472.5,493.8500061035156,472.5,491.1499938964844,15487251.0,2,20,2,10789.849609375,21.350006103515625
2019-02-21,492.54998779296875,502.8999938964844,490.3500061035156,498.8500061035156,11782714.0,3,21,2,10791.650390625,12.54998779296875
2019-02-22,497.0,504.0,492.1000061035156,502.29998779296875,10005723.0,4,22,2,10880.099609375,11.899993896484375
2019-02-25,504.0,509.5,498.25,505.1000061035156,10357604.0,0,25,2,10835.2998046875,11.25
2019-02-26,498.0,508.6000061035156,491.70001220703125,503.6000061035156,9856299.0,1,26,2,10806.650390625,16.899993896484375
2019-02-27,507.0,512.2999877929688,497.95001220703125,507.1000061035156,9444346.0,2,27,2,10792.5,14.3499755859375
2019-02-28,506.6000061035156,511.0,498.29998779296875,500.45001220703125,7485418.0,3,28,2,10863.5,12.70001220703125
2019-03-01,503.5,509.70001220703125,502.0,507.6000061035156,6672569.0,4,1,3,10987.4501953125,7.70001220703125
2019-03-05,508.3999938964844,522.9000244140625,505.20001220703125,521.75,9118037.0,1,5,3,11053.0,17.70001220703125
2019-03-06,522.9000244140625,525.3499755859375,515.4500122070312,520.8499755859375,6311227.0,2,6,3,11058.2001953125,9.89996337890625
2019-03-07,519.8499755859375,523.2000122070312,513.5499877929688,521.1500244140625,6153631.0,3,7,3,11035.400390625,9.6500244140625
2019-03-08,516.7999877929688,518.5999755859375,506.29998779296875,507.8500061035156,6504847.0,4,8,3,11168.0498046875,12.29998779296875
2019-03-11,510.0,522.4000244140625,509.5,520.6500244140625,5908275.0,0,11,3,11301.2001953125,12.9000244140625
2019-03-12,524.4000244140625,530.5,521.0,525.1500244140625,8298275.0,1,12,3,11341.7001953125,9.5
2019-03-13,525.0,525.0,512.5999755859375,513.75,6409153.0,2,13,3,11343.25,12.4000244140625
2019-03-14,513.9500122070312,521.7999877929688,513.5,517.6500244140625,4496642.0,3,14,3,11426.849609375,8.29998779296875
2019-03-15,518.0,520.9500122070312,512.4500122070312,515.4500122070312,4233938.0,4,15,3,11462.2001953125,8.5
2019-03-18,519.5,526.75,515.25,525.2000122070312,6317605.0,0,18,3,11532.400390625,11.5
2019-03-19,527.7999877929688,531.9000244140625,520.6500244140625,527.5,6329840.0,1,19,3,11521.0498046875,11.25
2019-03-20,526.0499877929688,526.25,511.04998779296875,513.5999755859375,8702307.0,2,20,3,11456.900390625,15.20001220703125
2019-03-22,517.0,524.0,515.5999755859375,518.4000244140625,5233446.0,4,22,3,11354.25,8.4000244140625
2019-03-25,512.7999877929688,517.7000122070312,507.04998779296875,515.1500244140625,5036887.0,0,25,3,11483.25,10.6500244140625
2019-03-26,516.0,520.9500122070312,514.1500244140625,519.3499755859375,3329825.0,1,26,3,11445.0498046875,6.79998779296875
2019-03-27,520.0,523.0,513.0499877929688,515.7999877929688,5239158.0,2,27,3,11570.0,9.95001220703125
2019-03-28,514.4000244140625,516.4500122070312,504.79998779296875,506.29998779296875,8965093.0,3,28,3,11669.150390625,11.6500244140625
2019-04-01,530.0,544.0,528.0999755859375,535.1500244140625,13523554.0,0,1,4,11713.2001953125,15.9000244140625
2019-04-02,538.0,538.0,526.0499877929688,530.6500244140625,5086818.0,1,2,4,11643.9501953125,11.95001220703125
2019-04-03,536.9000244140625,547.5999755859375,533.4500122070312,535.4500122070312,11489680.0,2,3,4,11598.0,14.14996337890625
2019-04-04,532.75,537.4000244140625,526.5,530.6500244140625,5259917.0,3,4,4,11665.9501953125,10.9000244140625
2019-04-05,531.2000122070312,551.0,531.2000122070312,549.2999877929688,10037713.0,4,5,4,11604.5,19.79998779296875
2019-04-08,553.2000122070312,557.0,545.7999877929688,549.0499877929688,10600901.0,0,8,4,11671.9501953125,11.20001220703125
2019-04-09,551.0,555.0,540.25,553.0499877929688,6618936.0,1,9,4,11584.2998046875,14.75
2019-04-10,551.6500244140625,559.4000244140625,541.7000122070312,544.4000244140625,7889153.0,2,10,4,11596.7001953125,17.70001220703125
2019-04-11,541.0,546.4000244140625,533.5,535.7000122070312,6082398.0,3,11,4,11643.4501953125,12.9000244140625
2019-04-12,537.0,542.7000122070312,532.2000122070312,533.6500244140625,6274016.0,4,12,4,11690.349609375,10.5
2019-04-15,536.9000244140625,555.0,536.0499877929688,553.1500244140625,10390317.0,0,15,4,11787.150390625,18.95001220703125
2019-04-16,553.5499877929688,556.9000244140625,549.1500244140625,553.25,6323654.0,1,16,4,11752.7998046875,7.75
2019-04-18,553.5,554.5,536.7000122070312,543.0999755859375,6660522.0,3,18,4,11594.4501953125,17.79998779296875
2019-04-22,540.0,545.75,533.0999755859375,534.2000122070312,3697686.0,0,22,4,11575.9501953125,12.6500244140625
2019-04-23,534.9500122070312,538.5,521.5,523.3499755859375,5119376.0,1,23,4,11726.150390625,17.0
2019-04-24,526.9000244140625,527.8499755859375,512.7000122070312,525.25,8376835.0,2,24,4,11641.7998046875,15.14996337890625
2019-04-25,522.0,529.2999877929688,509.0,510.75,8359418.0,3,25,4,11754.650390625,20.29998779296875
2019-04-26,520.8499755859375,547.75,515.5499877929688,545.25,38181011.0,4,26,4,11748.150390625,32.20001220703125
2019-04-30,543.0499877929688,560.7999877929688,535.7000122070312,557.2000122070312,14258161.0,1,30,4,11724.75,25.0999755859375
2019-05-02,554.0999755859375,561.6500244140625,549.4500122070312,554.9500122070312,9010030.0,3,2,5,11712.25,12.20001220703125
2019-05-03,554.0,556.0,546.5999755859375,547.7999877929688,5879636.0,4,3,5,11598.25,9.4000244140625
2019-05-06,534.25,543.5,527.4500122070312,535.9500122070312,9964839.0,0,6,5,11497.900390625,16.04998779296875
2019-05-07,544.9500122070312,544.9500122070312,529.0,530.5999755859375,6541498.0,1,7,5,11359.4501953125,15.95001220703125
2019-05-08,531.25,532.4000244140625,521.5999755859375,522.6500244140625,6478432.0,2,8,5,11301.7998046875,10.800048828125
2019-05-09,522.5499877929688,526.4000244140625,516.3499755859375,519.1500244140625,5105597.0,3,9,5,11278.900390625,10.050048828125
2019-05-10,522.0,525.75,479.04998779296875,486.79998779296875,37240921.0,4,10,5,11148.2001953125,46.70001220703125
2019-05-13,480.1000061035156,488.0,463.3999938964844,472.29998779296875,15956920.0,0,13,5,11222.0498046875,24.600006103515625
2019-05-14,466.95001220703125,477.6000061035156,456.29998779296875,469.54998779296875,21128606.0,1,14,5,11157.0,21.300018310546875
2019-05-15,473.04998779296875,480.95001220703125,460.6499938964844,462.95001220703125,12665057.0,2,15,5,11257.099609375,20.300018310546875
2019-05-16,463.95001220703125,471.29998779296875,455.1499938964844,469.25,11254731.0,3,16,5,11407.150390625,16.149993896484375
2019-05-17,465.04998779296875,471.5,461.0,469.45001220703125,7088486.0,4,17,5,11828.25,10.5
2019-05-20,478.0,494.75,476.6499938964844,483.79998779296875,8457583.0,0,20,5,11709.099609375,18.100006103515625
2019-05-21,484.8500061035156,484.8999938964844,468.75,472.54998779296875,6337058.0,1,21,5,11737.900390625,16.149993896484375
2019-05-22,472.0,480.54998779296875,467.3999938964844,473.0,8364224.0,2,22,5,11657.0498046875,13.149993896484375
2019-05-23,477.6000061035156,486.5,462.04998779296875,464.70001220703125,9340376.0,3,23,5,11844.099609375,24.45001220703125
2019-05-24,465.0,486.29998779296875,458.3999938964844,484.1499938964844,10882481.0,4,24,5,11924.75,27.899993896484375
2019-05-27,484.5,514.2999877929688,483.54998779296875,512.5499877929688,18207705.0,0,27,5,11928.75,30.75
2019-05-28,514.0999755859375,518.5999755859375,505.20001220703125,507.04998779296875,9960613.0,1,28,5,11861.099609375,13.39996337890625
2019-05-29,505.70001220703125,511.75,491.8500061035156,493.29998779296875,8523687.0,2,29,5,11945.900390625,19.899993896484375
2019-05-30,493.0,496.45001220703125,486.0,487.95001220703125,7204363.0,3,30,5,11922.7998046875,10.45001220703125
2019-05-31,490.79998779296875,494.75,481.04998779296875,488.29998779296875,10276991.0,4,31,5,12088.5498046875,13.70001220703125
2019-06-03,488.95001220703125,501.8500061035156,485.1000061035156,497.6499938964844,8505392.0,0,3,6,12021.650390625,16.75
2019-06-04,496.0,502.75,491.8999938964844,497.6499938964844,6212566.0,1,4,6,11843.75,10.850006103515625
2019-06-06,497.6499938964844,502.54998779296875,483.0,484.6000061035156,7222799.0,3,6,6,11870.650390625,19.54998779296875
2019-06-07,483.0,489.8999938964844,475.79998779296875,482.1000061035156,6811104.0,4,7,6,11922.7001953125,14.100006103515625
2019-06-10,489.0,494.79998779296875,483.1000061035156,486.04998779296875,6850917.0,0,10,6,11965.599609375,11.699981689453125
2019-06-11,489.8999938964844,494.1499938964844,487.0,492.5,6534548.0,1,11,6,11906.2001953125,7.149993896484375
2019-06-12,492.75,508.0,490.04998779296875,505.8500061035156,12755525.0,2,12,6,11914.0498046875,17.95001220703125
2019-06-13,504.0,505.8500061035156,496.54998779296875,502.54998779296875,7224857.0,3,13,6,11823.2998046875,9.300018310546875
2019-06-14,499.04998779296875,508.5,497.04998779296875,501.79998779296875,6605896.0,4,14,6,11672.150390625,11.45001220703125
2019-06-17,500.1000061035156,500.8500061035156,472.04998779296875,473.1000061035156,11938286.0,0,17,6,11691.5,28.800018310546875
2019-06-18,473.25,478.5,463.6499938964844,472.29998779296875,10639454.0,1,18,6,11691.4501953125,14.850006103515625
2019-06-19,482.1000061035156,498.3999938964844,482.1000061035156,494.1000061035156,18837523.0,2,19,6,11831.75,16.29998779296875
2019-06-20,494.1000061035156,502.79998779296875,489.8500061035156,501.0,7826356.0,3,20,6,11724.099609375,12.949981689453125
2019-06-21,500.0,500.8999938964844,494.45001220703125,497.6499938964844,6126246.0,4,21,6,11699.650390625,6.449981689453125
2019-06-24,497.20001220703125,499.79998779296875,481.8500061035156,486.25,7262000.0,0,24,6,11796.4501953125,17.949981689453125
2019-06-25,474.0,499.79998779296875,473.95001220703125,498.0,13649119.0,1,25,6,11847.5498046875,25.8499755859375
2019-06-26,495.0,512.2999877929688,490.29998779296875,510.6000061035156,12960084.0,2,26,6,11841.5498046875,22.0
2019-06-27,511.5,516.4500122070312,506.6499938964844,510.70001220703125,11946714.0,3,27,6,11788.849609375,9.800018310546875
2019-06-28,511.5,515.6500244140625,499.1000061035156,504.3999938964844,8760034.0,4,28,6,11865.599609375,16.550018310546875
2019-07-01,509.8500061035156,514.8499755859375,503.1499938964844,506.95001220703125,8544375.0,0,1,7,11910.2998046875,11.699981689453125
2019-07-02,508.54998779296875,510.8999938964844,502.1000061035156,508.79998779296875,5724004.0,1,2,7,11916.75,8.79998779296875
2019-07-03,507.8999938964844,514.7999877929688,504.6000061035156,510.29998779296875,6946409.0,2,3,7,11946.75,10.199981689453125
2019-07-04,500.0,502.6499938964844,493.75,495.29998779296875,7263059.0,3,4,7,11811.150390625,8.899993896484375
2019-07-05,496.5,498.5,475.29998779296875,478.3500061035156,7616348.0,4,5,7,11558.599609375,23.20001220703125
2019-07-08,475.0,479.5,465.20001220703125,468.04998779296875,8082591.0,0,8,7,11555.900390625,14.29998779296875
2019-07-09,469.0,472.0,462.54998779296875,468.45001220703125,6858580.0,1,9,7,11498.900390625,9.45001220703125
2019-07-10,469.5,474.3500061035156,448.04998779296875,454.79998779296875,13481344.0,2,10,7,11582.900390625,26.300018310546875
2019-07-11,461.29998779296875,466.5,453.70001220703125,462.0,9987038.0,3,11,7,11552.5,12.79998779296875
2019-07-12,464.29998779296875,479.45001220703125,460.25,472.8999938964844,13244118.0,4,12,7,11588.349609375,19.20001220703125
2019-07-15,478.0,478.25,463.3500061035156,468.29998779296875,7806079.0,0,15,7,11662.599609375,14.899993896484375
2019-07-16,465.1000061035156,478.6000061035156,464.1000061035156,476.70001220703125,6435210.0,1,16,7,11687.5,14.5
2019-07-17,476.0,479.79998779296875,468.5,475.70001220703125,5479322.0,2,17,7,11596.900390625,11.29998779296875
2019-07-18,473.0,475.3500061035156,463.8500061035156,466.6000061035156,5233173.0,3,18,7,11419.25,11.5
2019-07-19,470.0,473.0,453.25,458.04998779296875,7284885.0,4,19,7,11346.2001953125,19.75
2019-07-22,458.04998779296875,467.29998779296875,451.20001220703125,465.54998779296875,6954452.0,0,22,7,11331.0498046875,16.0999755859375
2019-07-23,466.20001220703125,467.8999938964844,456.75,459.8500061035156,5529284.0,1,23,7,11271.2998046875,11.149993896484375
2019-07-24,460.95001220703125,463.0,443.1000061035156,446.0,8342001.0,2,24,7,11252.150390625,19.899993896484375
2019-07-25,448.0,451.95001220703125,438.29998779296875,440.3500061035156,7528091.0,3,25,7,11284.2998046875,13.6500244140625
2019-07-26,439.0,448.20001220703125,435.6499938964844,445.5,6585786.0,4,26,7,11189.2001953125,12.550018310546875
2019-07-29,445.54998779296875,445.8999938964844,431.0,433.45001220703125,7872723.0,0,29,7,11085.400390625,14.899993896484375
2019-07-30,434.8999938964844,441.8999938964844,406.20001220703125,415.04998779296875,9462921.0,1,30,7,11118.0,35.699981689453125
2019-07-31,413.0,433.6000061035156,409.5,432.04998779296875,11541800.0,2,31,7,10980.0,24.100006103515625
2019-08-01,427.5,431.8999938964844,414.79998779296875,420.0,9421985.0,3,1,8,10997.349609375,17.100006103515625
2019-08-02,413.8999938964844,417.1499938964844,404.6000061035156,409.1000061035156,13485952.0,4,2,8,10862.599609375,12.54998779296875
2019-08-05,403.95001220703125,403.95001220703125,389.70001220703125,399.25,11288854.0,0,5,8,10948.25,14.25
2019-08-06,393.6499938964844,408.0,393.6499938964844,401.6000061035156,10197585.0,1,6,8,10855.5,14.350006103515625
2019-08-07,395.0,396.5,375.8500061035156,381.8999938964844,13301609.0,2,7,8,11032.4501953125,20.649993896484375
2019-08-08,379.0,379.5,360.6000061035156,367.3999938964844,22826394.0,3,8,8,11109.650390625,18.899993896484375
2019-08-09,370.5,373.6499938964844,360.8500061035156,362.3500061035156,13352761.0,4,9,8,10925.849609375,12.79998779296875
2019-08-13,361.70001220703125,367.6000061035156,345.3500061035156,348.70001220703125,14782051.0,1,13,8,11029.400390625,22.25
2019-08-14,353.6000061035156,370.75,353.3999938964844,364.6499938964844,18738769.0,2,14,8,11047.7998046875,17.350006103515625
2019-08-16,360.0,366.8999938964844,355.45001220703125,363.04998779296875,11920211.0,4,16,8,11053.900390625,11.449981689453125
2019-08-19,365.8999938964844,366.95001220703125,357.1499938964844,359.54998779296875,9884966.0,0,19,8,11017.0,9.800018310546875
2019-08-20,359.70001220703125,361.8500061035156,353.1499938964844,358.25,9363734.0,1,20,8,10918.7001953125,8.70001220703125
2019-08-21,357.0,358.20001220703125,341.8500061035156,343.0,11423378.0,2,21,8,10741.349609375,16.350006103515625
2019-08-22,339.8999938964844,346.95001220703125,330.3999938964844,333.70001220703125,15459800.0,3,22,8,10829.349609375,16.550018310546875
2019-08-23,333.0,348.95001220703125,330.3500061035156,345.25,11210134.0,4,23,8,11057.849609375,18.600006103515625
2019-08-26,346.3999938964844,347.6000061035156,322.20001220703125,338.04998779296875,23764999.0,0,26,8,11105.349609375,25.399993896484375
2019-08-27,340.95001220703125,354.70001220703125,340.1499938964844,350.8999938964844,17375296.0,1,27,8,11046.099609375,14.550018310546875
2019-08-28,350.8999938964844,350.8999938964844,333.3999938964844,336.95001220703125,12641716.0,2,28,8,10948.2998046875,17.5
2019-08-29,334.0,342.6499938964844,328.6000061035156,335.54998779296875,13481310.0,3,29,8,11023.25,14.04998779296875
2019-08-30,342.0,347.5,337.20001220703125,344.8999938964844,17972207.0,4,30,8,10797.900390625,10.29998779296875
2019-09-03,341.0,341.1499938964844,329.0,331.3999938964844,9220653.0,1,3,9,10844.650390625,12.149993896484375
2019-09-04,331.3999938964844,340.95001220703125,327.29998779296875,339.25,12904710.0,2,4,9,10847.900390625,13.6500244140625
2019-09-05,346.0,352.0,342.25,345.1499938964844,14250885.0,3,5,9,10946.2001953125,9.75
2019-09-06,347.0,357.8500061035156,342.8500061035156,355.3999938964844,11555487.0,4,6,9,11003.0498046875,15.0
2019-09-09,355.3999938964844,360.6000061035156,348.1499938964844,353.79998779296875,14329619.0,0,9,9,11035.7001953125,12.45001220703125
2019-09-11,355.29998779296875,368.70001220703125,355.20001220703125,367.04998779296875,13650027.0,2,11,9,10982.7998046875,13.5
2019-09-12,368.79998779296875,379.5,363.0,365.04998779296875,18846820.0,3,12,9,11075.900390625,16.5
2019-09-13,367.0,369.1499938964844,357.75,367.3500061035156,11622249.0,4,13,9,11003.5,11.399993896484375
2019-09-16,362.0,366.3999938964844,358.6000061035156,361.1000061035156,8064319.0,0,16,9,10817.599609375,7.79998779296875
2019-09-17,361.20001220703125,366.0,342.04998779296875,344.95001220703125,13198400.0,1,17,9,10840.650390625,23.95001220703125
2019-09-18,348.0,361.29998779296875,345.3500061035156,358.25,16253184.0,2,18,9,10704.7998046875,15.949981689453125
2019-09-19,356.0,356.0,340.04998779296875,344.6499938964844,13656495.0,3,19,9,11274.2001953125,15.95001220703125
2019-09-20,347.8999938964844,381.0,344.1000061035156,368.54998779296875,26764714.0,4,20,9,11600.2001953125,36.899993896484375
2019-09-23,377.6000061035156,388.8500061035156,369.0,377.3500061035156,16393164.0,0,23,9,11588.2001953125,19.850006103515625
2019-09-24,378.0,379.29998779296875,368.20001220703125,370.79998779296875,9578989.0,1,24,9,11440.2001953125,11.0999755859375
2019-09-25,367.5,367.95001220703125,357.54998779296875,362.04998779296875,9116985.0,2,25,9,11571.2001953125,10.4000244140625
2019-09-26,365.0,379.3500061035156,363.3500061035156,375.75,14066152.0,3,26,9,11512.400390625,16.0
2019-09-27,373.0,373.5,358.0,359.6499938964844,10568777.0,4,27,9,11474.4501953125,15.5
2019-09-30,355.0,363.70001220703125,345.6000061035156,360.5,14719696.0,0,30,9,11359.900390625,18.100006103515625
2019-10-01,362.0,364.70001220703125,344.1000061035156,351.54998779296875,12564189.0,1,1,10,11314.0,20.600006103515625
2019-10-03,346.5,348.8999938964844,338.45001220703125,339.6000061035156,12130956.0,3,3,10,11174.75,10.449981689453125
2019-10-04,344.75,344.79998779296875,331.1000061035156,333.1000061035156,11445216.0,4,4,10,11126.400390625,13.699981689453125
2019-10-07,334.8500061035156,338.25,323.5,324.79998779296875,12415780.0,0,7,10,11313.2998046875,14.75
2019-10-09,323.3500061035156,338.0,320.3500061035156,336.45001220703125,14776741.0,2,9,10,11234.5498046875,17.649993896484375
2019-10-10,332.8999938964844,334.54998779296875,328.0,329.95001220703125,11507498.0,3,10,10,11305.0498046875,6.54998779296875
2019-10-11,335.0,342.45001220703125,332.0,339.0,17158849.0,4,11,10,11341.150390625,10.45001220703125
2019-10-14,345.75,352.75,342.95001220703125,344.8500061035156,16723963.0,0,14,10,11428.2998046875,9.79998779296875
2019-10-15,345.04998779296875,358.3500061035156,338.70001220703125,349.20001220703125,17972207.0,1,15,10,11464.0,19.649993896484375
2019-10-16,353.79998779296875,353.79998779296875,345.25,347.3999938964844,12814302.0,2,16,10,11586.349609375,8.54998779296875
2019-10-17,346.0,361.3500061035156,340.3500061035156,356.1000061035156,16695158.0,3,17,10,11661.849609375,21.0
2019-10-18,355.95001220703125,362.79998779296875,351.75,359.6000061035156,16568036.0,4,18,10,11588.349609375,11.04998779296875
2019-10-22,357.5,363.79998779296875,353.0,354.5,11944283.0,1,22,10,11604.099609375,10.79998779296875
2019-10-23,352.0,358.75,349.25,356.20001220703125,9318450.0,2,23,10,11582.599609375,9.5
2019-10-24,356.04998779296875,362.0,353.79998779296875,359.8999938964844,10973402.0,3,24,10,11583.900390625,8.20001220703125
2019-10-29,365.54998779296875,399.70001220703125,365.54998779296875,390.20001220703125,25155314.0,1,29,10,11844.099609375,34.1500244140625
2019-10-30,389.8999938964844,393.70001220703125,384.29998779296875,388.0,14371442.0,2,30,10,11877.4501953125,9.4000244140625
2019-10-31,388.8999938964844,390.1000061035156,376.20001220703125,380.54998779296875,21756023.0,3,31,10,11890.599609375,13.899993896484375
2019-11-01,380.04998779296875,402.8999938964844,378.0,399.5,24111195.0,4,1,11,11941.2998046875,24.899993896484375
2019-11-04,403.0,421.70001220703125,403.0,409.1499938964844,28934434.0,0,4,11,11917.2001953125,18.70001220703125
2019-11-05,414.0,417.8999938964844,401.6000061035156,403.95001220703125,20874434.0,1,5,11,11966.0498046875,16.29998779296875
2019-11-06,402.0,408.8999938964844,398.70001220703125,404.45001220703125,17935147.0,2,6,11,12012.0498046875,10.199981689453125
2019-11-07,404.0,408.8500061035156,388.79998779296875,403.1000061035156,40700760.0,3,7,11,11908.150390625,20.050018310546875
2019-11-08,401.5,406.20001220703125,395.1000061035156,397.95001220703125,21423520.0,4,8,11,11913.4501953125,11.100006103515625
2019-11-11,395.5,403.75,394.0,401.45001220703125,13573974.0,0,11,11,11840.4501953125,9.75
2019-11-13,400.8999938964844,408.8500061035156,392.70001220703125,397.8999938964844,17511469.0,2,13,11,11872.099609375,16.149993896484375
2019-11-14,396.1000061035156,398.70001220703125,389.3999938964844,391.95001220703125,10869425.0,3,14,11,11895.4501953125,9.300018310546875
2019-11-15,392.0,403.0,390.6000061035156,394.5,11813259.0,4,15,11,11884.5,12.399993896484375
2019-11-18,396.3999938964844,412.6000061035156,396.0,410.04998779296875,18906528.0,0,18,11,11940.099609375,16.600006103515625
2019-11-19,414.0,414.8500061035156,400.0,401.75,14265083.0,1,19,11,11999.099609375,14.850006103515625
2019-11-20,401.0,408.5,397.29998779296875,398.70001220703125,12255602.0,2,20,11,11968.400390625,11.20001220703125
2019-11-21,399.0,399.1499938964844,383.25,385.1000061035156,10208554.0,3,21,11,11914.400390625,15.899993896484375
2019-11-22,386.0,402.79998779296875,383.1000061035156,400.0,17271949.0,4,22,11,12073.75,19.699981689453125
2019-11-25,405.25,421.0,403.0,419.5,27612458.0,0,25,11,12037.7001953125,18.0
2019-11-26,425.0,429.29998779296875,416.75,424.1499938964844,28276312.0,1,26,11,12100.7001953125,12.54998779296875
2019-11-27,425.29998779296875,427.0,419.20001220703125,421.3500061035156,10984679.0,2,27,11,12151.150390625,7.79998779296875
2019-11-28,422.20001220703125,434.29998779296875,422.1499938964844,432.1000061035156,15766073.0,3,28,11,12056.0498046875,12.149993896484375
2019-11-29,427.45001220703125,429.5,421.1000061035156,427.5,12631956.0,4,29,11,12048.2001953125,8.399993896484375
2019-12-02,424.95001220703125,426.95001220703125,419.0,420.8500061035156,8337171.0,0,2,12,11994.2001953125,7.95001220703125
2019-12-03,418.0,418.54998779296875,396.3999938964844,399.6499938964844,16870656.0,1,3,12,12043.2001953125,22.149993896484375
2019-12-04,392.79998779296875,411.45001220703125,389.0,409.29998779296875,26113249.0,2,4,12,12018.400390625,22.45001220703125
2019-12-05,411.04998779296875,411.8500061035156,397.1000061035156,399.79998779296875,11110884.0,3,5,12,11921.5,14.75
2019-12-06,401.45001220703125,407.5,393.8500061035156,403.25,16931082.0,4,6,12,11937.5,13.649993896484375
2019-12-09,403.0,411.79998779296875,401.95001220703125,406.70001220703125,12318452.0,0,9,12,11856.7998046875,9.8499755859375
2019-12-10,405.0,409.6000061035156,400.20001220703125,402.04998779296875,9349585.0,1,10,12,11910.150390625,9.399993896484375
2019-12-11,402.3999938964844,408.20001220703125,400.3500061035156,405.54998779296875,8227863.0,2,11,12,11971.7998046875,7.850006103515625
2019-12-12,408.29998779296875,420.8999938964844,406.79998779296875,418.70001220703125,14984671.0,3,12,12,12086.7001953125,14.100006103515625
2019-12-13,430.25,434.6000061035156,423.45001220703125,428.3999938964844,21628183.0,4,13,12,12053.9501953125,11.149993896484375
2019-12-16,432.0,432.0,420.1499938964844,421.0,9565831.0,0,16,12,12165.0,11.850006103515625
2019-12-17,423.6000061035156,441.8999938964844,423.04998779296875,439.3999938964844,30757738.0,1,17,12,12221.650390625,18.850006103515625
2019-12-18,439.3999938964844,454.79998779296875,436.04998779296875,444.75,40028398.0,2,18,12,12259.7001953125,18.75
2019-12-19,440.0,449.3999938964844,438.0,446.75,20547286.0,3,19,12,12271.7998046875,11.399993896484375
2019-12-20,446.0,463.3999938964844,443.1000061035156,461.0,26931262.0,4,20,12,12262.75,20.29998779296875
2019-12-23,461.0,467.5,457.04998779296875,462.1499938964844,18631143.0,0,23,12,12214.5498046875,10.45001220703125
2019-12-24,462.20001220703125,464.70001220703125,459.3999938964844,463.0,11235505.0,1,24,12,12126.5498046875,5.300018310546875
2019-12-26,463.0,472.0,463.0,467.8999938964844,18255603.0,3,26,12,12245.7998046875,9.0
2019-12-27,469.25,471.79998779296875,463.20001220703125,469.5,11144333.0,4,27,12,12255.849609375,8.5999755859375
2019-12-30,470.1000061035156,476.29998779296875,465.1000061035156,474.75,11462074.0,0,30,12,12168.4501953125,11.199981689453125
2019-12-31,472.6499938964844,475.29998779296875,469.5,472.04998779296875,9644145.0,1,31,12,12182.5,5.79998779296875
2020-01-01,473.0,476.5,464.79998779296875,467.75,12100530.0,2,1,1,12282.2001953125,11.70001220703125
2020-01-02,472.0,487.79998779296875,472.0,484.8500061035156,21674961.0,3,2,1,12226.650390625,15.79998779296875
2020-01-03,483.0,486.20001220703125,479.45001220703125,483.70001220703125,12956863.0,4,3,1,11993.0498046875,6.75
2020-01-06,480.0,480.0,470.54998779296875,473.25,9601608.0,0,6,1,12052.9501953125,9.45001220703125
2020-01-07,475.5,484.6000061035156,473.54998779296875,476.1000061035156,13195788.0,1,7,1,12025.349609375,11.050018310546875
2020-01-08,471.6499938964844,478.1499938964844,467.0,475.25,13304841.0,2,8,1,12215.900390625,11.149993896484375
2020-01-09,485.0,486.0,479.1000061035156,483.1499938964844,10131152.0,3,9,1,12256.7998046875,6.899993896484375
2020-01-10,485.5,493.8500061035156,480.0,486.20001220703125,15927634.0,4,10,1,12329.5498046875,13.850006103515625
2020-01-13,491.1000061035156,497.0,487.75,495.75,10942750.0,0,13,1,12362.2998046875,9.25
2020-01-14,496.45001220703125,506.0,495.75,498.6000061035156,15660822.0,1,14,1,12343.2998046875,10.25
2020-01-15,491.8999938964844,503.54998779296875,489.1499938964844,502.1000061035156,12117948.0,2,15,1,12355.5,14.399993896484375
2020-01-16,502.0,504.04998779296875,492.1000061035156,494.3999938964844,10438369.0,3,16,1,12352.349609375,11.949981689453125
2020-01-17,493.29998779296875,498.8999938964844,491.8999938964844,495.25,5682460.0,4,17,1,12224.5498046875,7.0
2020-01-20,497.0,499.79998779296875,489.1499938964844,490.6499938964844,7291878.0,0,20,1,12169.849609375,10.649993896484375
2020-01-21,487.79998779296875,487.79998779296875,473.5,476.1499938964844,11315803.0,1,21,1,12106.900390625,14.29998779296875
2020-01-22,478.6499938964844,479.8500061035156,473.20001220703125,475.04998779296875,7662171.0,2,22,1,12180.349609375,6.649993896484375
2020-01-23,475.8999938964844,481.8500061035156,473.1499938964844,480.25,7200020.0,3,23,1,12248.25,8.70001220703125
2020-01-24,480.29998779296875,485.1000061035156,476.45001220703125,483.3999938964844,7481130.0,4,24,1,12119.0,8.649993896484375
2020-01-27,477.75,477.75,460.1000061035156,462.45001220703125,12963119.0,0,27,1,12055.7998046875,17.649993896484375
2020-01-28,460.0,462.0,442.0,446.25,18015283.0,1,28,1,12129.5,20.0
2020-01-29,452.79998779296875,459.70001220703125,449.6000061035156,452.20001220703125,11081834.0,2,29,1,12035.7998046875,10.100006103515625
2020-01-30,451.8999938964844,454.45001220703125,441.3999938964844,448.54998779296875,14652016.0,3,30,1,11962.099609375,13.050018310546875
2020-01-31,453.0,454.25,436.45001220703125,438.70001220703125,10738727.0,4,31,1,11707.900390625,17.79998779296875
2020-02-03,418.0,439.0,416.6000061035156,436.04998779296875,16237126.0,0,3,2,11979.650390625,22.399993896484375
2020-02-04,442.0,453.3999938964844,433.45001220703125,451.8999938964844,13336263.0,1,4,2,12089.150390625,19.949981689453125
2020-02-05,452.25,479.70001220703125,448.0,475.04998779296875,16056765.0,2,5,2,12137.9501953125,31.70001220703125
2020-02-06,478.0,487.25,471.6000061035156,477.6000061035156,16666074.0,3,6,2,12098.349609375,15.649993896484375
2020-02-07,475.70001220703125,479.70001220703125,468.8500061035156,471.0,11649909.0,4,7,2,12031.5,10.850006103515625
2020-02-10,460.25,463.25,440.0,443.79998779296875,26796048.0,0,10,2,12107.900390625,23.25
2020-02-11,448.3500061035156,457.70001220703125,442.70001220703125,444.1000061035156,16824371.0,1,11,2,12201.2001953125,15.0
2020-02-12,450.0,454.5,442.54998779296875,447.95001220703125,11785858.0,2,12,2,12174.650390625,11.95001220703125
2020-02-13,448.75,451.70001220703125,439.3500061035156,441.25,9965221.0,3,13,2,12113.4501953125,12.350006103515625
2020-02-14,441.0,445.54998779296875,433.3500061035156,434.54998779296875,9484817.0,4,14,2,12045.7998046875,12.199981689453125
2020-02-17,435.5,440.8999938964844,433.0,436.8500061035156,9724765.0,0,17,2,11992.5,7.899993896484375
2020-02-18,434.0,435.1499938964844,421.29998779296875,431.3999938964844,11502423.0,1,18,2,12125.900390625,13.850006103515625
2020-02-19,436.45001220703125,438.5,428.1499938964844,433.20001220703125,8465109.0,2,19,2,12080.849609375,10.350006103515625
2020-02-20,429.0,447.70001220703125,428.0,443.54998779296875,12980237.0,3,20,2,11829.400390625,19.70001220703125
2020-02-24,434.8500061035156,434.8500061035156,413.3500061035156,415.45001220703125,17523142.0,0,24,2,11797.900390625,21.5
2020-02-25,419.0,425.54998779296875,414.3999938964844,421.29998779296875,14558176.0,1,25,2,11678.5,11.149993896484375
2020-02-26,411.29998779296875,419.3999938964844,411.29998779296875,416.29998779296875,14270706.0,2,26,2,11633.2998046875,8.100006103515625
2020-02-27,414.8999938964844,415.8999938964844,407.04998779296875,412.79998779296875,10226379.0,3,27,2,11201.75,8.850006103515625
2020-02-28,398.70001220703125,398.95001220703125,375.0,381.75,24532833.0,4,28,2,11132.75,23.95001220703125
2020-03-02,393.70001220703125,394.0,358.0,364.04998779296875,20220772.0,0,2,3,11303.2998046875,36.0
2020-03-03,373.5,391.0,370.1000061035156,387.54998779296875,18648933.0,1,3,3,11251.0,20.899993896484375
2020-03-04,388.04998779296875,389.8999938964844,365.1000061035156,377.1499938964844,22937148.0,2,4,3,11269.0,24.79998779296875
2020-03-05,383.95001220703125,387.79998779296875,374.29998779296875,375.75,14628468.0,3,5,3,10989.4501953125,13.5
2020-03-06,356.95001220703125,358.29998779296875,346.6499938964844,351.5,14848188.0,4,6,3,10451.4501953125,11.649993896484375
2020-03-09,337.5,337.70001220703125,319.75,322.29998779296875,20422136.0,0,9,3,10458.400390625,17.95001220703125
2020-03-11,324.0,326.04998779296875,296.1000061035156,299.75,28692870.0,2,11,3,9590.150390625,29.949981689453125
2020-03-12,275.0,291.79998779296875,267.20001220703125,287.45001220703125,43767134.0,3,12,3,9955.2001953125,24.5999755859375
2020-03-13,270.0,332.1000061035156,255.35000610351562,326.70001220703125,33841437.0,4,13,3,9197.400390625,76.75
2020-03-16,304.0,317.6499938964844,287.1000061035156,289.6000061035156,23605482.0,0,16,3,8967.0498046875,30.54998779296875
2020-03-17,300.0,307.6499938964844,280.5,282.75,20653939.0,1,17,3,8468.7998046875,27.149993896484375
2020-03-18,290.0,293.1499938964844,275.70001220703125,280.8500061035156,18772170.0,2,18,3,8263.4501953125,17.449981689453125
2020-03-19,268.95001220703125,284.5,260.5,271.8500061035156,18721981.0,3,19,3,8745.4501953125,24.0
2020-03-20,279.70001220703125,305.0,274.1499938964844,297.75,17307766.0,4,20,3,7610.25,30.850006103515625
2020-03-23,268.0,278.0,253.5500030517578,271.1499938964844,12100402.0,0,23,3,7801.0498046875,24.449996948242188
2020-03-24,277.04998779296875,285.6499938964844,258.6000061035156,271.8999938964844,12928802.0,1,24,3,8317.849609375,27.04998779296875
2020-03-25,267.04998779296875,295.0,267.04998779296875,286.79998779296875,9442829.0,2,25,3,8641.4501953125,27.95001220703125
2020-03-26,290.0,295.5,280.1000061035156,284.45001220703125,11493833.0,3,26,3,8660.25,15.399993896484375
2020-03-27,291.0,295.25,274.20001220703125,277.25,11183594.0,4,27,3,8281.099609375,21.04998779296875
2020-03-30,267.0,270.75,250.85000610351562,254.0500030517578,15853721.0,0,30,3,8597.75,19.899993896484375
2020-03-31,262.25,272.45001220703125,259.70001220703125,269.6000061035156,15786813.0,1,31,3,8253.7998046875,12.75
2020-04-01,266.0,267.95001220703125,258.1000061035156,266.3500061035156,11964799.0,2,1,4,8083.7998046875,9.850006103515625
2020-04-03,267.70001220703125,268.8999938964844,251.0,253.75,12526695.0,4,3,4,8792.2001953125,17.899993896484375
2020-04-07,266.04998779296875,277.70001220703125,261.20001220703125,276.20001220703125,15956659.0,1,7,4,8748.75,16.5
2020-04-08,271.0,292.8999938964844,266.6499938964844,274.75,20434998.0,2,8,4,9111.900390625,26.25
2020-04-09,280.5,289.6000061035156,277.6499938964844,284.8500061035156,13855628.0,3,9,4,8993.849609375,11.95001220703125
2020-04-13,285.0,292.0,273.8500061035156,282.54998779296875,15510328.0,0,13,4,8925.2998046875,18.149993896484375
2020-04-15,287.3999938964844,295.6499938964844,281.8999938964844,285.1499938964844,20991743.0,2,15,4,8992.7998046875,13.75
2020-04-16,276.0,291.8999938964844,276.0,288.8999938964844,17248798.0,3,16,4,9266.75,15.899993896484375
2020-04-17,297.5,299.70001220703125,285.5,293.3500061035156,17492373.0,4,17,4,9261.849609375,14.20001220703125
2020-04-20,294.79998779296875,295.0,285.1000061035156,286.3999938964844,11960748.0,0,20,4,8981.4501953125,9.899993896484375
2020-04-21,280.04998779296875,281.0,263.25,265.95001220703125,16924910.0,1,21,4,9187.2998046875,17.75
2020-04-22,266.1000061035156,269.8999938964844,259.20001220703125,268.3500061035156,14789856.0,2,22,4,9313.900390625,10.699981689453125
2020-04-23,270.0,279.0,269.0,270.29998779296875,15467857.0,3,23,4,9154.400390625,10.0
2020-04-24,266.29998779296875,273.8500061035156,264.45001220703125,267.54998779296875,12380846.0,4,24,4,9282.2998046875,9.399993896484375
2020-04-27,274.0,276.8999938964844,270.5,271.6499938964844,12410612.0,0,27,4,9380.900390625,6.399993896484375
2020-04-28,273.8999938964844,275.3999938964844,269.54998779296875,273.54998779296875,8547105.0,1,28,4,9553.349609375,5.850006103515625
2020-04-29,273.0,286.1499938964844,271.25,282.6499938964844,19876569.0,2,29,4,9859.900390625,14.899993896484375
2020-04-30,289.95001220703125,304.5,288.70001220703125,298.29998779296875,23633372.0,3,30,4,9293.5,15.79998779296875
2020-05-04,285.0,286.1499938964844,270.1000061035156,273.6000061035156,12891459.0,0,4,5,9205.599609375,16.04998779296875
2020-05-05,279.0,282.3999938964844,271.0,272.6499938964844,12182330.0,1,5,5,9270.900390625,11.399993896484375
2020-05-06,274.1000061035156,280.45001220703125,272.04998779296875,277.75,9507731.0,2,6,5,9199.0498046875,8.4000244140625
2020-05-07,275.45001220703125,282.8500061035156,274.6499938964844,275.8500061035156,8958376.0,3,7,5,9251.5,8.20001220703125
2020-05-08,282.79998779296875,284.0,272.0,272.8999938964844,9877755.0,4,8,5,9239.2001953125,12.0
2020-05-11,275.54998779296875,283.0,275.0,276.20001220703125,10907408.0,0,11,5,9196.5498046875,8.0
2020-05-12,273.29998779296875,276.79998779296875,264.5,273.95001220703125,15040297.0,1,12,5,9383.5498046875,12.29998779296875
2020-05-13,287.5,288.0,273.5,276.54998779296875,14723116.0,2,13,5,9142.75,14.5
2020-05-14,272.0,275.20001220703125,267.29998779296875,268.54998779296875,10796902.0,3,14,5,9136.849609375,7.9000244140625
2020-05-15,270.0,276.79998779296875,268.79998779296875,273.45001220703125,14989665.0,4,15,5,8823.25,8.0
2020-05-18,274.1000061035156,276.20001220703125,262.45001220703125,266.6000061035156,11615367.0,0,18,5,8879.099609375,13.75
2020-05-19,271.95001220703125,280.3999938964844,267.5,272.0,16897094.0,1,19,5,9066.5498046875,12.899993896484375
2020-05-20,272.0,284.0,270.1000061035156,283.20001220703125,14421812.0,2,20,5,9106.25,13.899993896484375
2020-05-21,283.8999938964844,286.25,278.5,283.70001220703125,13035811.0,3,21,5,9039.25,7.75
2020-05-22,279.0,280.25,273.29998779296875,274.45001220703125,10656739.0,4,22,5,9029.0498046875,6.95001220703125
2020-05-26,277.5,284.3999938964844,277.0,280.45001220703125,12107559.0,1,26,5,9314.9501953125,7.399993896484375
2020-05-27,282.20001220703125,290.3999938964844,279.04998779296875,287.95001220703125,14007462.0,2,27,5,9490.099609375,11.350006103515625
2020-05-28,291.8999938964844,298.6000061035156,289.3999938964844,295.5,16601958.0,3,28,5,9580.2998046875,9.20001220703125
2020-05-29,292.1000061035156,296.8999938964844,287.8500061035156,295.20001220703125,13127985.0,4,29,5,9826.150390625,9.04998779296875
2020-06-01,302.0,317.79998779296875,302.0,315.20001220703125,24384360.0,0,1,6,9979.099609375,15.79998779296875
2020-06-02,318.0,323.45001220703125,314.54998779296875,319.3999938964844,16562663.0,1,2,6,10061.5498046875,8.9000244140625
2020-06-03,325.45001220703125,326.29998779296875,315.04998779296875,317.3999938964844,10386954.0,2,3,6,10029.099609375,11.25
2020-06-04,316.8999938964844,322.6000061035156,314.6000061035156,319.95001220703125,11251266.0,3,4,6,10142.150390625,8.0
2020-06-05,325.79998779296875,343.6499938964844,325.04998779296875,338.95001220703125,30918476.0,4,5,6,10167.4501953125,18.600006103515625
2020-06-08,347.70001220703125,350.79998779296875,327.3500061035156,333.6000061035156,16481649.0,0,8,6,10046.650390625,23.449981689453125
2020-06-09,336.0,344.0,328.8500061035156,332.20001220703125,14926832.0,1,9,6,10116.150390625,15.149993896484375
2020-06-10,331.1000061035156,331.5,322.0,324.0,17218883.0,2,10,6,9902.0,9.5
2020-06-11,322.0,323.5,311.0,313.1499938964844,13906684.0,3,11,6,9972.900390625,12.5
2020-06-12,300.0,320.45001220703125,300.0,317.6000061035156,17557885.0,4,12,6,9813.7001953125,20.45001220703125
2020-06-15,313.75,315.0,302.6000061035156,306.20001220703125,18581002.0,0,15,6,9914.0,12.399993896484375
2020-06-16,315.1000061035156,322.54998779296875,301.29998779296875,308.95001220703125,23441806.0,1,16,6,9881.150390625,21.25
2020-06-17,307.20001220703125,314.79998779296875,305.04998779296875,308.20001220703125,11447023.0,2,17,6,10091.650390625,9.75
2020-06-18,308.20001220703125,319.20001220703125,307.1000061035156,318.1000061035156,11369278.0,3,18,6,10244.400390625,12.100006103515625
2020-06-19,321.0,325.8500061035156,317.29998779296875,320.54998779296875,15134288.0,4,19,6,10311.2001953125,8.550018310546875
2020-06-22,319.75,328.0,318.3500061035156,325.70001220703125,11031275.0,0,22,6,10471.0,9.649993896484375
2020-06-23,327.70001220703125,333.5,326.1499938964844,332.0,12545056.0,1,23,6,10305.2998046875,7.350006103515625
2020-06-24,336.6000061035156,338.1499938964844,324.75,326.04998779296875,20782642.0,2,24,6,10288.900390625,13.399993896484375
2020-06-25,322.0,327.3999938964844,321.0,323.1000061035156,11345653.0,3,25,6,10383.0,6.399993896484375
2020-06-26,325.79998779296875,329.95001220703125,322.54998779296875,323.8500061035156,9706333.0,4,26,6,10312.400390625,7.4000244140625
2020-06-29,323.0,326.0,312.1000061035156,320.8500061035156,11961133.0,0,29,6,10302.099609375,13.899993896484375
2020-06-30,323.1000061035156,337.6499938964844,323.1000061035156,326.70001220703125,36523647.0,1,30,6,10430.0498046875,14.54998779296875
2020-07-01,329.0,329.6000061035156,320.29998779296875,323.70001220703125,10489433.0,2,1,7,10551.7001953125,9.300018310546875
2020-07-02,327.04998779296875,337.5,324.54998779296875,334.8999938964844,11971393.0,3,2,7,10607.349609375,12.95001220703125
2020-07-03,337.0,337.0,327.3500061035156,329.8999938964844,10612614.0,4,3,7,10763.650390625,9.649993896484375
2020-07-06,333.1499938964844,341.70001220703125,330.29998779296875,338.8999938964844,14143966.0,0,6,7,10799.650390625,11.4000244140625
2020-07-07,338.79998779296875,338.8500061035156,328.04998779296875,330.29998779296875,10839371.0,1,7,7,10705.75,10.800018310546875
2020-07-08,332.79998779296875,346.3999938964844,332.0,334.20001220703125,21560163.0,2,8,7,10813.4501953125,14.399993896484375
2020-07-09,337.0,348.5,336.5,344.5,24403781.0,3,9,7,10768.0498046875,12.0
2020-07-10,341.95001220703125,344.29998779296875,335.20001220703125,338.70001220703125,12526113.0,4,10,7,10802.7001953125,9.0999755859375
2020-07-13,343.29998779296875,347.0,338.5,342.1000061035156,12115000.0,0,13,7,10607.349609375,8.5
2020-07-14,339.0,339.0,332.6000061035156,336.6499938964844,8307035.0,1,14,7,10618.2001953125,6.399993896484375
2020-07-15,340.6499938964844,346.5,338.0,339.29998779296875,9687413.0,2,15,7,10739.9501953125,8.5
2020-07-16,338.0,346.5,331.54998779296875,341.6499938964844,10586044.0,3,16,7,10901.7001953125,14.95001220703125
2020-07-17,346.0,356.79998779296875,345.1499938964844,350.95001220703125,24415395.0,4,17,7,11022.2001953125,11.649993896484375
2020-07-20,351.1000061035156,354.70001220703125,346.6000061035156,352.3999938964844,9532049.0,0,20,7,11162.25,8.100006103515625
2020-07-21,356.0,360.6000061035156,349.5,359.1499938964844,11368104.0,1,21,7,11132.599609375,11.100006103515625
2020-07-22,360.5,362.8999938964844,346.6000061035156,350.04998779296875,17842919.0,2,22,7,11215.4501953125,16.29998779296875
2020-07-23,350.1000061035156,356.3999938964844,347.6499938964844,351.8999938964844,9625049.0,3,23,7,11194.150390625,8.75
2020-07-24,347.0,349.79998779296875,342.54998779296875,346.1000061035156,8918829.0,4,24,7,11131.7998046875,7.25
2020-07-27,351.0,353.8999938964844,344.25,352.8500061035156,11835607.0,0,27,7,11300.5498046875,9.649993896484375
2020-07-28,353.6000061035156,360.0,352.75,358.5,10639257.0,1,28,7,11202.849609375,7.25
2020-07-29,359.0,378.45001220703125,356.1499938964844,373.75,30115881.0,2,29,7,11102.150390625,22.300018310546875
2020-07-30,377.0,377.79998779296875,364.1000061035156,366.6000061035156,10398257.0,3,30,7,11073.4501953125,13.699981689453125
2020-07-31,365.6000061035156,370.3999938964844,360.3999938964844,366.29998779296875,9024955.0,4,31,7,10891.599609375,10.0
2020-08-03,364.75,376.8500061035156,362.04998779296875,373.5,11136971.0,0,3,8,11095.25,14.800018310546875
2020-08-04,374.5,378.0,367.6499938964844,372.25,11184260.0,1,4,8,11101.650390625,10.350006103515625
2020-08-05,373.04998779296875,397.8999938964844,373.04998779296875,395.79998779296875,30559741.0,2,5,8,11200.150390625,24.850006103515625
2020-08-06,389.75,402.79998779296875,385.5,400.45001220703125,22122807.0,3,6,8,11214.0498046875,17.29998779296875
2020-08-07,395.8999938964844,406.70001220703125,393.1000061035156,404.04998779296875,15176317.0,4,7,8,11270.150390625,13.600006103515625
2020-08-10,405.75,411.54998779296875,399.6000061035156,410.20001220703125,12018211.0,0,10,8,11322.5,11.949981689453125
2020-08-11,413.1000061035156,427.6000061035156,412.5,416.45001220703125,25885191.0,1,11,8,11308.400390625,15.100006103515625
2020-08-12,413.70001220703125,417.3500061035156,407.54998779296875,414.5,11574402.0,2,12,8,11300.4501953125,9.800018310546875
2020-08-13,418.20001220703125,421.70001220703125,408.8500061035156,413.1000061035156,12422044.0,3,13,8,11178.400390625,12.850006103515625
2020-08-14,410.0,430.95001220703125,409.1000061035156,418.5,47742365.0,4,14,8,11247.099609375,21.850006103515625
2020-08-17,418.0,429.1499938964844,414.25,425.04998779296875,18145501.0,0,17,8,11385.349609375,14.899993896484375
2020-08-18,421.6499938964844,436.79998779296875,419.70001220703125,434.5,17340020.0,1,18,8,11408.400390625,17.0999755859375
2020-08-19,434.5,435.54998779296875,428.8500061035156,431.70001220703125,11843681.0,2,19,8,11312.2001953125,6.699981689453125
2020-08-20,425.0,438.29998779296875,423.04998779296875,432.6000061035156,15846600.0,3,20,8,11371.599609375,15.25
2020-08-21,435.75,442.0,426.54998779296875,428.8500061035156,13481876.0,4,21,8,11466.4501953125,15.45001220703125
2020-08-24,433.6000061035156,437.75,428.1000061035156,429.5,9092854.0,0,24,8,11472.25,9.649993896484375
2020-08-25,432.0,432.6499938964844,421.45001220703125,424.0,10552900.0,1,25,8,11549.599609375,11.199981689453125
2020-08-26,425.0,427.75,422.20001220703125,425.0,7957157.0,2,26,8,11559.25,5.54998779296875
2020-08-27,425.5,430.20001220703125,423.0,426.8500061035156,9549116.0,3,27,8,11647.599609375,7.20001220703125
2020-08-28,429.6499938964844,438.0,423.04998779296875,424.20001220703125,15211267.0,4,28,8,11387.5,14.95001220703125
2020-08-31,426.5,430.1499938964844,410.0,413.0,15745910.0,0,31,8,11470.25,20.149993896484375
2020-09-01,413.8999938964844,432.70001220703125,411.95001220703125,428.6499938964844,14072823.0,1,1,9,11535.0,20.75
2020-09-02,430.04998779296875,441.70001220703125,427.1000061035156,438.6499938964844,11739278.0,2,2,9,11527.4501953125,14.600006103515625
2020-09-03,442.5,443.6499938964844,435.8999938964844,438.1000061035156,10214288.0,3,3,9,11333.849609375,7.75
2020-09-04,428.1000061035156,433.95001220703125,419.0,421.29998779296875,10529081.0,4,4,9,11355.0498046875,14.95001220703125
2020-09-07,423.70001220703125,428.3999938964844,418.45001220703125,422.5,9626346.0,0,7,9,11317.349609375,9.949981689453125
2020-09-08,425.75,425.75,402.6000061035156,405.1000061035156,11637272.0,1,8,9,11278.0,23.149993896484375
2020-09-09,398.79998779296875,420.1499938964844,386.5,417.3999938964844,31999783.0,2,9,9,11449.25,33.649993896484375
2020-09-10,424.0,425.8999938964844,401.1000061035156,408.0,22920544.0,3,10,9,11464.4501953125,24.79998779296875
2020-09-11,408.75,412.6499938964844,402.5,407.5,13687125.0,4,11,9,11440.0498046875,10.149993896484375
2020-09-14,410.0,414.1000061035156,402.1499938964844,404.6499938964844,12331052.0,0,14,9,11521.7998046875,11.95001220703125
2020-09-15,407.0,410.54998779296875,403.54998779296875,405.25,9132309.0,1,15,9,11604.5498046875,7.0
2020-09-16,406.45001220703125,410.0,402.70001220703125,404.6000061035156,9987349.0,2,16,9,11516.099609375,7.29998779296875
2020-09-17,401.95001220703125,407.5,393.20001220703125,398.70001220703125,14808022.0,3,17,9,11504.9501953125,14.29998779296875
2020-09-18,402.1000061035156,405.6499938964844,393.3999938964844,395.5,16841703.0,4,18,9,11250.5498046875,12.25
2020-09-21,396.0,399.20001220703125,371.0,373.3999938964844,14138305.0,0,21,9,11153.650390625,28.20001220703125
2020-09-22,374.0,378.5,358.20001220703125,374.1499938964844,22013027.0,1,22,9,11131.849609375,20.29998779296875
2020-09-23,377.0,378.0,356.45001220703125,361.29998779296875,16984411.0,2,23,9,10805.5498046875,21.54998779296875
2020-09-24,356.79998779296875,357.25,342.75,343.8999938964844,12495747.0,3,24,9,11050.25,14.5
2020-09-25,348.0,355.6000061035156,344.20001220703125,352.1000061035156,12242576.0,4,25,9,11227.5498046875,11.399993896484375
2020-09-28,359.95001220703125,364.95001220703125,355.6499938964844,361.0,12270196.0,0,28,9,11222.400390625,9.300018310546875
2020-09-29,365.0,371.79998779296875,361.70001220703125,370.04998779296875,17891609.0,1,29,9,11247.5498046875,10.0999755859375
2020-09-30,371.04998779296875,371.5,358.0,359.75,12963687.0,2,30,9,11416.9501953125,13.5
2020-10-01,364.29998779296875,370.29998779296875,363.1499938964844,364.95001220703125,9554097.0,3,1,10,11503.349609375,7.149993896484375
2020-10-05,370.1000061035156,385.5,369.5,382.29998779296875,19590533.0,0,5,10,11662.400390625,16.0
2020-10-06,386.79998779296875,387.25,373.1000061035156,377.3999938964844,14286336.0,1,6,10,11738.849609375,14.149993896484375
2020-10-07,376.0,379.29998779296875,370.0,371.1000061035156,9693719.0,2,7,10,11834.599609375,9.29998779296875
2020-10-08,374.45001220703125,383.0,371.70001220703125,373.6499938964844,14111131.0,3,8,10,11914.2001953125,11.29998779296875
2020-10-09,376.04998779296875,386.95001220703125,367.04998779296875,369.5,22006583.0,4,9,10,11930.9501953125,19.9000244140625
2020-10-12,373.5,377.1499938964844,362.5,371.1000061035156,15756861.0,0,12,10,11934.5,14.649993896484375
2020-10-13,372.0,376.25,366.6499938964844,368.3500061035156,11902464.0,1,13,10,11971.0498046875,9.600006103515625
2020-10-14,370.3999938964844,377.25,369.54998779296875,375.54998779296875,14892116.0,2,14,10,11680.349609375,7.70001220703125
2020-10-15,381.0,388.6000061035156,371.5,373.8999938964844,31650698.0,3,15,10,11762.4501953125,17.100006103515625
2020-10-16,377.1000061035156,395.8999938964844,375.20001220703125,393.8500061035156,28855479.0,4,16,10,11873.0498046875,20.699981689453125
2020-10-19,397.6000061035156,400.0,391.79998779296875,395.5,14728968.0,0,19,10,11896.7998046875,8.20001220703125
2020-10-20,392.0,397.3500061035156,389.6000061035156,392.3999938964844,10949632.0,1,20,10,11937.650390625,7.75
2020-10-21,396.29998779296875,408.0,394.3500061035156,404.04998779296875,26351952.0,2,21,10,11896.4501953125,13.649993896484375
2020-10-22,401.8999938964844,413.54998779296875,400.1000061035156,409.6499938964844,20888301.0,3,22,10,11930.349609375,13.449981689453125
2020-10-23,413.0,426.0,412.20001220703125,423.45001220703125,28588595.0,4,23,10,11767.75,13.79998779296875
2020-10-26,423.3500061035156,423.3500061035156,404.1499938964844,408.3999938964844,16607319.0,0,26,10,11889.400390625,19.20001220703125
2020-10-27,408.70001220703125,416.8500061035156,403.3999938964844,411.0,16062171.0,1,27,10,11729.599609375,13.45001220703125
2020-10-28,411.45001220703125,418.20001220703125,400.45001220703125,402.29998779296875,16965754.0,2,28,10,11670.7998046875,17.75
2020-10-29,399.45001220703125,405.0,395.29998779296875,401.3999938964844,13860396.0,3,29,10,11642.400390625,9.70001220703125
2020-10-30,402.70001220703125,412.8999938964844,395.20001220703125,410.54998779296875,18020998.0,4,30,10,11669.150390625,17.699981689453125
2020-11-02,410.0,412.5,398.70001220703125,402.8500061035156,13143109.0,0,2,11,11813.5,13.79998779296875
2020-11-03,407.5,412.20001220703125,404.45001220703125,406.8999938964844,12258034.0,1,3,11,11908.5,7.75
2020-11-04,408.8999938964844,415.04998779296875,401.3999938964844,403.8999938964844,13614366.0,2,4,11,12120.2998046875,13.649993896484375
2020-11-05,412.0,428.25,409.1499938964844,425.5,26517756.0,3,5,11,12263.5498046875,19.100006103515625
2020-11-06,424.5,432.8999938964844,422.6499938964844,426.5,17398193.0,4,6,11,12461.0498046875,10.25
2020-11-09,433.0,439.8999938964844,427.3999938964844,438.29998779296875,15830862.0,0,9,11,12631.099609375,12.5
2020-11-10,440.0,453.25,435.54998779296875,441.8999938964844,26200240.0,1,10,11,12749.150390625,17.70001220703125
2020-11-11,441.8999938964844,477.3500061035156,439.6000061035156,473.95001220703125,36861833.0,2,11,11,12690.7998046875,37.75
2020-11-12,472.0,479.8999938964844,466.29998779296875,473.1499938964844,23493685.0,3,12,11,12719.9501953125,13.600006103515625
2020-11-17,506.0,530.9500122070312,501.70001220703125,522.7000122070312,64284599.0,1,17,11,12938.25,29.25
2020-11-18,518.0,523.7999877929688,510.6499938964844,517.2000122070312,17481513.0,2,18,11,12771.7001953125,13.149993896484375
2020-11-19,511.8500061035156,535.7000122070312,510.0,523.5999755859375,20137998.0,3,19,11,12859.0498046875,25.70001220703125
2020-11-20,526.0,541.7000122070312,521.0,532.9000244140625,26686000.0,4,20,11,12926.4501953125,20.70001220703125
2020-11-23,538.0,546.0,536.3499755859375,543.0999755859375,17025425.0,0,23,11,13055.150390625,9.6500244140625
2020-11-24,547.9500122070312,550.4500122070312,541.4000244140625,548.2999877929688,13029126.0,1,24,11,12858.400390625,9.04998779296875
2020-11-25,551.0,558.6500244140625,539.5,541.25,17680989.0,2,25,11,12987.0,19.1500244140625
2020-11-26,546.0,571.0999755859375,541.25,568.4000244140625,22570185.0,3,26,11,12968.9501953125,29.8499755859375
2020-11-27,570.0,582.3499755859375,563.0499877929688,577.3499755859375,46291248.0,4,27,11,13109.0498046875,19.29998779296875
2020-12-01,592.0,592.0,576.9500122070312,585.7999877929688,14739109.0,1,1,12,13113.75,15.04998779296875
2020-12-02,585.7000122070312,607.5999755859375,584.0499877929688,604.3499755859375,24997085.0,2,2,12,13133.900390625,23.54998779296875
2020-12-03,609.0,624.75,608.0,620.9000244140625,24775652.0,3,3,12,13258.5498046875,16.75
2020-12-04,624.0,632.5,614.5999755859375,622.7000122070312,20153552.0,4,4,12,13355.75,17.9000244140625
2020-12-07,623.5999755859375,629.0,609.4500122070312,614.5499877929688,15588321.0,0,7,12,13392.9501953125,19.54998779296875
2020-12-08,616.0,621.4500122070312,602.4500122070312,613.4500122070312,17015853.0,1,8,12,13529.099609375,19.0
2020-12-09,618.0,620.7000122070312,607.0999755859375,609.3499755859375,12730731.0,2,9,12,13478.2998046875,13.60003662109375
2020-12-10,606.0,614.0,593.5,610.0999755859375,19829328.0,3,10,12,13513.849609375,20.5
2020-12-11,614.9000244140625,625.4500122070312,614.25,621.7000122070312,16395698.0,4,11,12,13558.150390625,11.20001220703125
2020-12-14,626.75,638.9000244140625,625.2999877929688,626.75,17722715.0,0,14,12,13567.849609375,13.60003662109375
2020-12-15,623.4500122070312,637.0999755859375,617.3499755859375,635.3499755859375,13226312.0,1,15,12,13682.7001953125,19.75
2020-12-16,641.2000122070312,649.4500122070312,638.2000122070312,643.4000244140625,16040256.0,2,16,12,13740.7001953125,11.25
2020-12-17,643.4000244140625,646.0,631.4500122070312,635.2999877929688,7965186.0,3,17,12,13760.5498046875,14.54998779296875
2020-12-18,638.25,640.8499755859375,628.0,631.25,25351506.0,4,18,12,13328.400390625,12.8499755859375
2020-12-21,624.0,627.7000122070312,585.5999755859375,595.8499755859375,19076654.0,0,21,12,13466.2998046875,42.10003662109375
2020-12-22,596.0,610.4500122070312,585.0,601.3499755859375,18846879.0,1,22,12,13601.099609375,25.45001220703125
2020-12-23,599.0,624.2000122070312,596.2999877929688,621.4000244140625,12238343.0,2,23,12,13749.25,27.9000244140625
2020-12-24,625.2999877929688,636.9500122070312,619.25,622.2999877929688,12090740.0,3,24,12,13873.2001953125,17.70001220703125
2020-12-28,628.25,635.3499755859375,626.5999755859375,632.6500244140625,10480517.0,0,28,12,13932.599609375,8.75
2020-12-29,637.8499755859375,639.6500244140625,621.0499877929688,632.2000122070312,10416326.0,1,29,12,13981.9501953125,18.60003662109375
2020-12-30,632.9500122070312,643.9500122070312,624.0499877929688,640.4500122070312,11514428.0,2,30,12,13981.75,19.9000244140625
2021-01-01,645.0,649.7000122070312,640.0,643.0999755859375,8411396.0,4,1,1,14132.900390625,9.70001220703125
2021-01-04,649.0,699.9000244140625,646.4500122070312,693.0,38184955.0,0,4,1,14199.5,53.45001220703125
2021-01-05,687.0,693.8499755859375,675.0999755859375,680.5499877929688,21545254.0,1,5,1,14146.25,18.75
2021-01-06,684.0,696.6500244140625,675.0,683.7999877929688,19610522.0,2,6,1,14137.349609375,21.6500244140625
2021-01-07,693.0,731.5,691.7000122070312,722.7999877929688,38232194.0,3,7,1,14347.25,39.79998779296875
2021-01-08,727.0,727.25,703.0999755859375,713.1500244140625,19329313.0,4,8,1,14484.75,24.1500244140625
2021-01-11,712.0,712.0,688.2000122070312,695.6500244140625,17024509.0,0,11,1,14563.4501953125,23.79998779296875
2021-01-12,695.0,724.5,691.0999755859375,694.9000244140625,24525484.0,1,12,1,14564.849609375,33.4000244140625
2021-01-13,701.4500122070312,714.5499877929688,693.0,709.1500244140625,19353871.0,2,13,1,14595.599609375,21.54998779296875
2021-01-14,710.0,714.4500122070312,697.0999755859375,706.3499755859375,11540858.0,3,14,1,14433.7001953125,17.35003662109375
2021-01-15,712.0,721.5,697.6500244140625,705.9000244140625,20688437.0,4,15,1,14281.2998046875,23.8499755859375
2021-01-18,708.0,708.75,659.5,666.7000122070312,25045226.0,0,18,1,14521.150390625,49.25
2021-01-19,672.0,683.9500122070312,647.0,681.0999755859375,31245118.0,1,19,1,14644.7001953125,36.95001220703125
2021-01-20,690.1500244140625,699.5,682.5999755859375,690.1500244140625,23313150.0,2,20,1,14590.349609375,16.9000244140625
2021-01-21,691.0,694.75,661.5999755859375,666.7000122070312,16117867.0,3,21,1,14371.900390625,33.1500244140625
2021-01-22,670.0,675.7999877929688,633.6500244140625,647.0,23715665.0,4,22,1,14238.900390625,42.14996337890625
2021-01-25,651.0,661.8499755859375,631.0,651.9500122070312,16348473.0,0,25,1,13967.5,30.8499755859375
2021-01-27,650.9000244140625,651.1500244140625,623.7999877929688,626.0,14918084.0,2,27,1,13817.5498046875,27.35003662109375
2021-01-28,618.0,630.5999755859375,612.5999755859375,623.7000122070312,17091752.0,3,28,1,13634.599609375,18.0
2021-01-29,630.0499877929688,633.7999877929688,596.0,601.0,26826575.0,4,29,1,14281.2001953125,37.79998779296875
2021-02-01,604.9000244140625,640.0,597.4500122070312,636.0999755859375,21084694.0,0,1,2,14647.849609375,42.54998779296875
2021-02-02,643.0,648.0,624.0999755859375,641.6500244140625,18048957.0,1,2,2,14789.9501953125,23.9000244140625
2021-02-03,644.9000244140625,664.2999877929688,637.25,653.1500244140625,14846381.0,2,3,2,14895.650390625,27.04998779296875
2021-02-04,654.0,663.5,638.5999755859375,655.9500122070312,14764995.0,3,4,2,14924.25,24.9000244140625
2021-02-05,656.9000244140625,690.5999755859375,651.4000244140625,685.0499877929688,29100888.0,4,5,2,15115.7998046875,39.199951171875
2021-02-08,694.0,704.9000244140625,682.7000122070312,702.9500122070312,21462169.0,0,8,2,15109.2998046875,22.20001220703125
2021-02-09,706.5,716.4500122070312,691.5999755859375,699.2000122070312,29337028.0,1,9,2,15106.5,24.85003662109375
2021-02-10,710.0,724.5,680.0499877929688,690.25,57397919.0,2,10,2,15173.2998046875,44.45001220703125
2021-02-11,687.5999755859375,704.5999755859375,682.8499755859375,694.7000122070312,16340705.0,3,11,2,15163.2998046875,21.75
2021-02-12,695.0,697.9000244140625,678.5,680.5,14705479.0,4,12,2,15314.7001953125,19.4000244140625
2021-02-15,687.0999755859375,688.0,670.0,672.1500244140625,13171672.0,0,15,2,15313.4501953125,18.0
2021-02-16,672.1500244140625,708.5999755859375,668.2999877929688,699.2000122070312,33661838.0,1,16,2,15208.900390625,40.29998779296875
2021-02-17,697.6500244140625,703.5,687.5,696.7999877929688,15957483.0,2,17,2,15118.9501953125,16.0
2021-02-18,700.0,711.0,694.0,697.75,14856147.0,3,18,2,14981.75,17.0
2021-02-19,696.0,696.0,655.9500122070312,670.7000122070312,22392386.0,4,19,2,14675.7001953125,40.04998779296875
2021-02-22,672.9000244140625,697.9000244140625,670.8499755859375,684.5499877929688,28149109.0,0,22,2,14707.7998046875,27.050048828125
2021-02-23,689.5999755859375,736.0,682.2000122070312,729.2999877929688,38907071.0,1,23,2,14982.0,53.79998779296875
2021-02-24,735.0,745.0,720.0,727.7000122070312,21676789.0,2,24,2,15097.349609375,25.0
2021-02-25,735.2000122070312,753.0,731.9500122070312,742.9000244140625,21901596.0,3,25,2,14529.150390625,21.04998779296875
2021-02-26,725.0,741.5999755859375,711.0999755859375,715.1500244140625,23551591.0,4,26,2,14761.5498046875,30.5
2021-03-01,724.0,738.25,711.3499755859375,730.4000244140625,14058646.0,0,1,3,14919.099609375,26.9000244140625
2021-03-02,730.4500122070312,739.75,723.1500244140625,735.5,11113399.0,1,2,3,15245.599609375,16.5999755859375
2021-03-03,741.0,782.5,741.0,777.1500244140625,28842835.0,2,3,3,15080.75,41.5
2021-03-04,751.0,766.9000244140625,743.6500244140625,757.9500122070312,22873822.0,3,4,3,14938.099609375,23.25
2021-03-05,748.5,756.0,727.0,733.2999877929688,16881960.0,4,5,3,14956.2001953125,29.0
2021-03-08,743.9500122070312,751.2000122070312,735.0499877929688,737.25,10614596.0,0,8,3,15098.400390625,16.1500244140625
2021-03-09,745.0,750.9500122070312,702.25,706.75,19556438.0,1,9,3,15174.7998046875,48.70001220703125
2021-03-10,714.9000244140625,729.9500122070312,703.0499877929688,724.5,19685860.0,2,10,3,15030.9501953125,26.9000244140625
2021-03-12,740.0,745.0,714.0,719.9500122070312,16121409.0,4,12,3,14929.5,31.0
2021-03-15,722.0,739.0,715.0499877929688,736.4000244140625,15542999.0,0,15,3,14910.4501953125,23.95001220703125
2021-03-16,740.0999755859375,740.0999755859375,719.2000122070312,724.0499877929688,12569998.0,1,16,3,14721.2998046875,20.89996337890625
2021-03-17,724.9500122070312,726.0,700.6500244140625,704.4000244140625,10540959.0,2,17,3,14557.849609375,25.3499755859375
2021-03-18,716.25,722.9000244140625,698.2999877929688,704.8499755859375,14320651.0,3,18,3,14744.0,24.60003662109375
2021-03-19,702.75,736.75,681.25,733.0,24637814.0,4,19,3,14736.400390625,55.5
2021-03-22,731.0999755859375,745.6500244140625,725.0,743.5,13760370.0,0,22,3,14814.75,20.6500244140625
2021-03-23,746.0,749.4500122070312,733.2999877929688,741.1500244140625,11873896.0,1,23,3,14549.400390625,16.1500244140625
2021-03-24,731.0,733.0,698.9500122070312,702.7999877929688,21030283.0,2,24,3,14324.900390625,34.04998779296875
2021-03-25,710.0999755859375,730.7000122070312,688.3499755859375,723.1500244140625,36722400.0,3,25,3,14507.2998046875,42.35003662109375
2021-03-26,730.4000244140625,774.9000244140625,725.2000122070312,766.8499755859375,42912247.0,4,26,3,14845.099609375,49.70001220703125
2021-03-30,780.0,810.0,777.9000244140625,800.0,28479468.0,1,30,3,14690.7001953125,32.0999755859375
2021-03-31,794.0,823.5,790.0999755859375,811.8499755859375,28044585.0,2,31,3,14867.349609375,33.4000244140625
2021-04-01,821.0,868.9000244140625,819.0,863.0499877929688,36842098.0,3,1,4,14637.7998046875,49.9000244140625
2021-04-05,862.0,877.8499755859375,837.1500244140625,867.75,30575986.0,0,5,4,14683.5,40.699951171875
2021-04-06,875.5,882.5,858.1500244140625,862.8499755859375,20778920.0,1,6,4,14819.0498046875,24.3499755859375
2021-04-07,869.5,885.0,864.6500244140625,874.8499755859375,17113208.0,2,7,4,14873.7998046875,20.3499755859375
2021-04-08,884.0,953.6500244140625,882.7000122070312,918.4000244140625,53063056.0,3,8,4,14834.849609375,70.95001220703125
2021-04-09,921.0,930.0,885.7000122070312,899.5,32179069.0,4,9,4,14310.7998046875,44.29998779296875
2021-04-12,876.5499877929688,893.2000122070312,843.3499755859375,851.5499877929688,22135504.0,0,12,4,14504.7998046875,49.85003662109375
2021-04-13,862.0,881.5999755859375,849.0,879.0,20428502.0,1,13,4,14581.4501953125,32.5999755859375
2021-04-15,892.0,911.5,879.5,898.2000122070312,21856357.0,3,15,4,14617.849609375,32.0
2021-04-16,903.7999877929688,914.4000244140625,886.25,890.25,17398598.0,4,16,4,14359.4501953125,28.1500244140625
2021-04-19,869.7999877929688,899.0,860.0,888.0499877929688,19146996.0,0,19,4,14296.400390625,39.0
2021-04-20,900.0,905.75,882.0,894.0,16915293.0,1,20,4,14406.150390625,23.75
2021-04-22,899.9500122070312,938.6500244140625,897.0499877929688,921.4000244140625,31902815.0,3,22,4,14341.349609375,41.60003662109375
2021-04-23,929.7999877929688,945.0,910.75,925.5999755859375,24752386.0,4,23,4,14485.0,34.25
2021-04-26,935.0,956.0,930.0499877929688,940.75,21234858.0,0,26,4,14653.0498046875,25.95001220703125
2021-04-27,948.2999877929688,983.0,944.2999877929688,977.75,24904515.0,1,27,4,14864.5498046875,38.70001220703125
2021-04-28,985.0,986.0,962.0,971.4000244140625,20447968.0,2,28,4,14894.900390625,24.0
2021-04-29,983.0,1036.949951171875,983.0,1031.3499755859375,44718647.0,3,29,4,14631.099609375,53.949951171875
2021-04-30,1024.0,1052.5999755859375,1011.0999755859375,1034.0,28129738.0,4,30,4,14634.150390625,41.5
2021-05-03,1031.949951171875,1069.0,1018.5,1064.75,26484100.0,0,3,5,14496.5,50.5
2021-05-04,1074.449951171875,1086.6500244140625,1057.550048828125,1063.8499755859375,24961628.0,1,4,5,14617.849609375,29.0999755859375
2021-05-05,1084.0,1088.3499755859375,1047.0,1070.1500244140625,19249839.0,2,5,5,14724.7998046875,41.3499755859375
2021-05-06,1055.0,1129.0,1042.5,1100.9000244140625,46434537.0,3,6,5,14823.150390625,86.5
2021-05-07,1135.0,1192.0,1130.0999755859375,1182.3499755859375,54075433.0,4,7,5,14942.349609375,61.9000244140625
2021-05-10,1210.0,1229.0,1200.0,1216.3499755859375,28080884.0,0,10,5,14850.75,29.0
2021-05-11,1190.0,1246.0,1176.9000244140625,1233.9000244140625,41108381.0,1,11,5,14696.5,69.0999755859375
2021-05-12,1231.949951171875,1246.8499755859375,1163.25,1179.1500244140625,30889192.0,2,12,5,14677.7998046875,83.5999755859375
2021-05-14,1185.0,1185.0,1115.199951171875,1132.0999755859375,37648032.0,4,14,5,14923.150390625,69.800048828125
2021-05-17,1138.0,1158.199951171875,1103.5,1150.8499755859375,28753430.0,0,17,5,15108.099609375,54.699951171875
2021-05-18,1175.0,1196.449951171875,1157.050048828125,1180.0,24573880.0,1,18,5,15030.150390625,39.39990234375
2021-05-19,1173.0,1189.550048828125,1158.0,1164.25,17435026.0,2,19,5,14906.0498046875,31.550048828125
2021-05-20,1131.0999755859375,1135.5,1098.050048828125,1105.050048828125,28446253.0,3,20,5,15175.2998046875,37.449951171875
2021-05-21,1114.0,1123.9000244140625,1105.8499755859375,1113.0999755859375,14104926.0,4,21,5,15197.7001953125,18.050048828125
2021-05-24,1108.0,1108.949951171875,1082.0999755859375,1092.0,18923842.0,0,24,5,15208.4501953125,26.8499755859375
2021-05-25,1101.949951171875,1125.949951171875,1100.0,1105.199951171875,18113752.0,1,25,5,15301.4501953125,25.949951171875
2021-05-26,1090.5,1094.0,1072.5,1082.1500244140625,15432703.0,2,26,5,15337.849609375,21.5
2021-05-27,1082.1500244140625,1109.75,1075.0,1096.6500244140625,22791032.0,3,27,5,15435.650390625,34.75
2021-05-28,1131.0,1143.5999755859375,1097.449951171875,1103.5,19208581.0,4,28,5,15582.7998046875,46.1500244140625
2021-05-31,1112.0,1129.6500244140625,1099.0,1125.6500244140625,15428647.0,0,31,5,15574.849609375,30.6500244140625
2021-06-01,1120.0,1123.0,1085.5,1100.9000244140625,17690925.0,1,1,6,15576.2001953125,37.5
2021-06-02,1105.0,1129.800048828125,1104.0,1124.050048828125,12862591.0,2,2,6,15690.349609375,25.800048828125
2021-06-03,1129.550048828125,1139.75,1113.0,1122.0,12109477.0,3,3,6,15670.25,26.75
2021-06-04,1116.0,1128.800048828125,1107.0,1120.699951171875,9713347.0,4,4,6,15751.650390625,21.800048828125
2021-06-07,1130.0,1150.0,1125.550048828125,1128.699951171875,12218592.0,0,7,6,15740.099609375,24.449951171875
2021-06-08,1132.699951171875,1132.699951171875,1100.050048828125,1111.0999755859375,10834373.0,1,8,6,15635.349609375,32.64990234375
2021-06-09,1117.0,1128.0,1093.949951171875,1101.0,11114338.0,2,9,6,15737.75,34.050048828125
2021-06-10,1109.300048828125,1125.800048828125,1102.9000244140625,1114.449951171875,7776764.0,3,10,6,15799.349609375,22.9000244140625
2021-06-11,1127.800048828125,1164.5999755859375,1113.0999755859375,1158.3499755859375,17445856.0,4,11,6,15811.849609375,51.5
2021-06-14,1168.0,1178.6500244140625,1140.0,1164.800048828125,16031264.0,0,14,6,15869.25,38.6500244140625
2021-06-15,1170.0,1186.800048828125,1160.0999755859375,1174.300048828125,9768102.0,1,15,6,15767.5498046875,26.7000732421875
2021-06-16,1169.0,1184.75,1131.6500244140625,1142.1500244140625,17521107.0,2,16,6,15691.400390625,53.0999755859375
2021-06-17,1118.949951171875,1133.800048828125,1095.6500244140625,1103.75,16207687.0,3,17,6,15683.349609375,38.1500244140625
2021-06-18,1105.0,1109.9000244140625,1050.25,1092.300048828125,40347077.0,4,18,6,15746.5,59.6500244140625
2021-06-21,1070.0,1109.0,1063.6500244140625,1106.1500244140625,13001432.0,0,21,6,15772.75,45.3499755859375
2021-06-22,1114.199951171875,1131.0,1106.5,1112.300048828125,9024634.0,1,22,6,15686.9501953125,24.5
2021-06-23,1120.5,1127.550048828125,1097.8499755859375,1100.0999755859375,7806336.0,2,23,6,15790.4501953125,29.7000732421875
2021-06-24,1105.0,1120.5,1098.449951171875,1113.1500244140625,7239470.0,3,24,6,15860.349609375,22.050048828125
2021-06-25,1135.0,1170.0,1130.0,1165.25,18022770.0,4,25,6,15814.7001953125,40.0
2021-06-28,1174.0,1189.0,1163.0,1184.0,11660335.0,0,28,6,15748.4501953125,26.0
2021-06-29,1184.5,1192.0,1165.550048828125,1172.550048828125,7803759.0,1,29,6,15721.5,26.449951171875
2021-06-30,1181.050048828125,1191.0,1162.800048828125,1166.5999755859375,8043267.0,2,30,6,15680.0,28.199951171875
2021-07-01,1171.9000244140625,1176.800048828125,1156.449951171875,1163.550048828125,5614928.0,3,1,7,15722.2001953125,20.35009765625
2021-07-02,1166.0,1166.800048828125,1130.199951171875,1136.0,7573407.0,4,2,7,15834.349609375,36.60009765625
2021-07-05,1146.0,1161.800048828125,1136.0,1156.8499755859375,7679900.0,0,5,7,15818.25,25.800048828125
2021-07-06,1158.6500244140625,1178.0,1150.25,1167.25,9146835.0,1,6,7,15879.650390625,27.75
2021-07-07,1167.949951171875,1225.0,1158.5,1218.6500244140625,16745626.0,2,7,7,15727.900390625,66.5
2021-07-08,1225.0,1230.0,1181.199951171875,1189.75,12410585.0,3,8,7,15689.7998046875,48.800048828125
2021-07-09,1192.0,1244.0999755859375,1188.0,1239.3499755859375,17859356.0,4,9,7,15692.599609375,56.0999755859375
2021-07-12,1251.0,1258.5,1218.3499755859375,1226.949951171875,16647775.0,0,12,7,15812.349609375,40.1500244140625
2021-07-13,1238.0,1243.449951171875,1223.0999755859375,1228.75,7915528.0,1,13,7,15853.9501953125,20.3499755859375
2021-07-14,1231.949951171875,1247.699951171875,1219.0,1244.699951171875,8341388.0,2,14,7,15924.2001953125,28.699951171875
2021-07-15,1246.0999755859375,1265.800048828125,1237.699951171875,1255.949951171875,9655551.0,3,15,7,15923.400390625,28.10009765625
2021-07-16,1264.699951171875,1281.300048828125,1259.050048828125,1278.449951171875,8496925.0,4,16,7,15752.400390625,22.25
2021-07-19,1259.0,1290.9000244140625,1253.699951171875,1266.4000244140625,8904629.0,0,19,7,15632.099609375,37.2000732421875
2021-07-20,1272.0,1272.300048828125,1225.0,1233.3499755859375,8579940.0,1,20,7,15824.0498046875,47.300048828125
2021-07-22,1249.0,1277.949951171875,1248.0,1273.0,7894024.0,3,22,7,15856.0498046875,29.949951171875
2021-07-23,1279.3499755859375,1295.5,1274.0,1281.4000244140625,8641865.0,4,23,7,15824.4501953125,21.5
2021-07-26,1289.0,1308.25,1278.050048828125,1297.949951171875,8678433.0,0,26,7,15746.4501953125,30.199951171875
2021-07-27,1315.0,1334.5,1308.050048828125,1330.6500244140625,10341382.0,1,27,7,15709.400390625,26.449951171875
2021-07-28,1332.0,1369.949951171875,1306.199951171875,1365.0,12835125.0,2,28,7,15778.4501953125,63.75
2021-07-29,1375.0,1481.800048828125,1368.0,1458.5999755859375,30061041.0,3,29,7,15763.0498046875,113.800048828125
2021-07-30,1455.6500244140625,1472.699951171875,1427.800048828125,1434.300048828125,14049265.0,4,30,7,15885.150390625,44.89990234375
2021-08-02,1446.0,1447.0,1405.5,1410.050048828125,9768920.0,0,2,8,16130.75,41.5
2021-08-03,1414.0,1420.8499755859375,1390.3499755859375,1407.199951171875,8640560.0,1,3,8,16258.7998046875,30.5
2021-08-04,1420.0,1448.0,1405.0999755859375,1416.199951171875,11289435.0,2,4,8,16294.599609375,42.9000244140625
2021-08-05,1415.300048828125,1450.0,1387.5,1446.5999755859375,16221799.0,3,5,8,16238.2001953125,62.5
2021-08-06,1449.0,1457.0,1426.0,1428.8499755859375,9674025.0,4,6,8,16258.25,31.0
2021-08-09,1434.0,1443.25,1405.4000244140625,1412.199951171875,7859493.0,0,9,8,16280.099609375,37.8499755859375
2021-08-10,1412.0,1418.0,1367.199951171875,1373.5999755859375,8451623.0,1,10,8,16282.25,50.800048828125
2021-08-11,1390.0,1429.699951171875,1384.199951171875,1426.199951171875,14535357.0,2,11,8,16364.400390625,45.5
2021-08-12,1436.0,1444.699951171875,1416.550048828125,1435.3499755859375,10943108.0,3,12,8,16529.099609375,28.14990234375
2021-08-13,1405.0,1476.5999755859375,1390.6500244140625,1461.6500244140625,28969872.0,4,13,8,16563.05078125,85.949951171875
2021-08-16,1484.0,1534.5,1472.199951171875,1519.4000244140625,27114488.0,0,16,8,16614.599609375,62.300048828125
2021-08-17,1519.4000244140625,1534.0,1491.75,1503.699951171875,18970923.0,1,17,8,16568.849609375,42.25
2021-08-18,1509.449951171875,1518.9000244140625,1488.199951171875,1500.449951171875,12331745.0,2,18,8,16450.5,30.7000732421875
2021-08-20,1445.050048828125,1447.0,1362.800048828125,1375.5999755859375,27340069.0,4,20,8,16496.44921875,84.199951171875
2021-08-23,1402.0,1409.800048828125,1310.75,1358.6500244140625,22925729.0,0,23,8,16624.599609375,99.050048828125
2021-08-24,1382.0,1420.0,1377.0,1404.6500244140625,17607579.0,1,24,8,16634.650390625,43.0
2021-08-25,1418.0,1426.0,1380.75,1390.199951171875,12565010.0,2,25,8,16636.900390625,45.25
2021-08-26,1390.4000244140625,1394.75,1365.0,1375.050048828125,9157898.0,3,26,8,16705.19921875,29.75
2021-08-27,1379.0,1394.449951171875,1375.8499755859375,1384.1500244140625,7394081.0,4,27,8,16931.05078125,18.5999755859375
