Date,Open,High,Low,Close,Volume,Day of Week,Day of Month,Month,NIFTY50,Range
2016-01-01,1219.5,1219.5,1206.125,1208.199951171875,712262.0,4,1,1,7791.2998046875,13.375
2016-01-04,1205.074951171875,1207.0,1183.0250244140625,1184.800048828125,1870184.0,0,4,1,7784.64990234375,23.9749755859375
2016-01-05,1192.5,1193.300048828125,1170.5,1174.4749755859375,2678020.0,1,5,1,7741.0,22.800048828125
2016-01-06,1175.0999755859375,1193.074951171875,1175.0999755859375,1190.800048828125,2653228.0,2,6,1,7568.2998046875,17.9749755859375
2016-01-07,1185.0,1191.449951171875,1180.0,1185.625,3199580.0,3,7,1,7601.35009765625,11.449951171875
2016-01-08,1192.5,1203.675048828125,1186.25,1198.800048828125,1907544.0,4,8,1,7563.85009765625,17.425048828125
2016-01-11,1191.25,1192.0,1174.425048828125,1181.175048828125,2930228.0,0,11,1,7510.2998046875,17.574951171875
2016-01-12,1181.3499755859375,1182.5,1150.800048828125,1163.5250244140625,3482594.0,1,12,1,7562.39990234375,31.699951171875
2016-01-13,1158.5,1163.5,1127.550048828125,1139.5999755859375,4746092.0,2,13,1,7536.7998046875,35.949951171875
2016-01-14,1136.5,1149.449951171875,1125.0,1139.4000244140625,2742052.0,3,14,1,7437.7998046875,24.449951171875
2016-01-15,1144.425048828125,1145.8499755859375,1127.5,1130.550048828125,3269408.0,4,15,1,7351.0,18.3499755859375
2016-01-18,1131.0,1145.949951171875,1130.0,1138.824951171875,2213922.0,0,18,1,7435.10009765625,15.949951171875
2016-01-19,1138.5,1150.0,1134.1500244140625,1139.6500244140625,967910.0,1,19,1,7309.2998046875,15.8499755859375
2016-01-20,1136.9000244140625,1142.5,1121.5,1140.050048828125,1615954.0,2,20,1,7276.7998046875,21.0
2016-01-21,1142.5,1144.949951171875,1122.875,1127.25,2675536.0,3,21,1,7422.4501953125,22.074951171875
2016-01-22,1136.5,1151.0250244140625,1130.0,1147.875,1343178.0,4,22,1,7436.14990234375,21.0250244140625
2016-01-25,1150.949951171875,1169.5,1145.75,1152.324951171875,1397560.0,0,25,1,7437.75,23.75
2016-01-27,1151.0,1164.9749755859375,1140.949951171875,1159.875,1626986.0,2,27,1,7424.64990234375,24.0250244140625
2016-01-28,1157.75,1174.449951171875,1154.0250244140625,1165.5999755859375,3106660.0,3,28,1,7563.5498046875,20.4249267578125
2016-01-29,1179.3499755859375,1200.0,1167.5250244140625,1195.6500244140625,2235744.0,4,29,1,7555.9501953125,32.4749755859375
2016-02-01,1195.550048828125,1206.4749755859375,1179.5,1201.3499755859375,1495274.0,0,1,2,7455.5498046875,26.9749755859375
2016-02-02,1204.5,1216.5,1189.8499755859375,1199.050048828125,1475588.0,1,2,2,7361.7998046875,26.6500244140625
2016-02-03,1193.75,1214.949951171875,1180.1500244140625,1208.1500244140625,1308692.0,2,3,2,7404.0,34.7999267578125
2016-02-04,1210.949951171875,1220.0,1201.0,1210.0250244140625,1250046.0,3,4,2,7489.10009765625,19.0
2016-02-05,1204.050048828125,1219.9749755859375,1204.050048828125,1210.9749755859375,1402996.0,4,5,2,7387.25,15.9249267578125
2016-02-08,1200.0,1206.0250244140625,1173.5,1181.4749755859375,1063658.0,0,8,2,7298.2001953125,32.5250244140625
2016-02-09,1166.800048828125,1166.800048828125,1127.800048828125,1140.699951171875,2489610.0,1,9,2,7215.7001953125,39.0
2016-02-10,1137.5,1144.949951171875,1129.050048828125,1134.4000244140625,1890732.0,2,10,2,6976.35009765625,15.89990234375
2016-02-11,1140.0,1144.5,1085.824951171875,1098.9749755859375,1962408.0,3,11,2,6980.9501953125,58.675048828125
2016-02-12,1100.0,1121.699951171875,1082.0,1113.300048828125,2172568.0,4,12,2,7162.9501953125,39.699951171875
2016-02-15,1125.0,1153.425048828125,1120.0,1134.574951171875,2479712.0,0,15,2,7048.25,33.425048828125
2016-02-16,1133.0,1141.0,1121.5,1132.7750244140625,1588702.0,1,16,2,7108.4501953125,19.5
2016-02-17,1132.5,1139.824951171875,1123.199951171875,1137.7750244140625,1585178.0,2,17,2,7191.75,16.625
2016-02-18,1142.5,1159.875,1139.0,1157.925048828125,1529140.0,3,18,2,7210.75,20.875
2016-02-19,1153.675048828125,1163.5,1152.7249755859375,1159.824951171875,879012.0,4,19,2,7234.5498046875,10.7750244140625
2016-02-22,1160.125,1171.5,1152.5,1157.949951171875,1324884.0,0,22,2,7109.5498046875,19.0
2016-02-23,1155.125,1159.949951171875,1128.375,1132.0,1306852.0,1,23,2,7018.7001953125,31.574951171875
2016-02-24,1131.2249755859375,1131.2249755859375,1100.5999755859375,1105.4749755859375,1659328.0,2,24,2,6970.60009765625,30.625
2016-02-25,1109.9000244140625,1114.0,1092.824951171875,1106.425048828125,1830556.0,3,25,2,7029.75,21.175048828125
2016-02-26,1114.8499755859375,1128.449951171875,1099.800048828125,1105.25,1537536.0,4,26,2,6987.0498046875,28.64990234375
2016-02-29,1118.5,1118.5,1057.5,1088.4000244140625,2191718.0,0,29,2,7222.2998046875,61.0
2016-03-01,1096.5,1142.550048828125,1081.0,1138.324951171875,1999760.0,1,1,3,7368.85009765625,61.550048828125
2016-03-02,1152.5,1165.0,1128.125,1159.425048828125,1527486.0,2,2,3,7475.60009765625,36.875
2016-03-03,1168.0,1195.5,1150.5,1186.574951171875,2648284.0,3,3,3,7485.35009765625,45.0
2016-03-04,1190.0,1190.0,1174.7750244140625,1178.7750244140625,1512966.0,4,4,3,7485.2998046875,15.2249755859375
2016-03-08,1171.050048828125,1183.5,1152.0999755859375,1177.1500244140625,1268152.0,1,8,3,7531.7998046875,31.4000244140625
2016-03-09,1170.5,1184.699951171875,1147.574951171875,1178.625,2017784.0,2,9,3,7486.14990234375,37.125
2016-03-10,1178.0250244140625,1179.925048828125,1157.4749755859375,1174.1500244140625,1661666.0,3,10,3,7510.2001953125,22.4500732421875
2016-03-11,1170.0,1195.425048828125,1167.5,1182.625,1530528.0,4,11,3,7538.75,27.925048828125
2016-03-14,1181.0,1199.0,1170.0,1177.5,1636742.0,0,14,3,7460.60009765625,29.0
2016-03-15,1174.5250244140625,1181.75,1160.050048828125,1164.949951171875,1623356.0,1,15,3,7498.75,21.699951171875
2016-03-16,1157.5,1166.0,1153.449951171875,1163.5250244140625,1918246.0,2,16,3,7512.5498046875,12.550048828125
2016-03-17,1167.0,1180.9000244140625,1166.0,1176.0250244140625,2221088.0,3,17,3,7604.35009765625,14.9000244140625
2016-03-18,1180.0,1215.0,1180.0,1212.925048828125,3204070.0,4,18,3,7704.25,35.0
2016-03-21,1213.0,1227.4749755859375,1210.0,1223.125,2336982.0,0,21,3,7714.89990234375,17.4749755859375
2016-03-22,1221.0,1242.5,1218.25,1236.550048828125,1951984.0,1,22,3,7716.5,24.25
2016-03-23,1243.949951171875,1243.949951171875,1228.6500244140625,1236.9000244140625,2278434.0,2,23,3,7615.10009765625,15.2999267578125
2016-03-28,1245.5,1258.574951171875,1230.7750244140625,1236.699951171875,3320882.0,0,28,3,7597.0,27.7999267578125
2016-03-29,1239.0,1243.4749755859375,1227.5,1234.699951171875,1838796.0,1,29,3,7735.2001953125,15.9749755859375
2016-03-30,1235.449951171875,1252.5,1230.0,1244.75,2136504.0,2,30,3,7738.39990234375,22.5
2016-03-31,1239.1500244140625,1275.0,1236.074951171875,1260.1500244140625,4363964.0,3,31,3,7713.0498046875,38.925048828125
2016-04-01,1252.5,1260.425048828125,1217.050048828125,1226.949951171875,3041400.0,4,1,4,7758.7998046875,43.375
2016-04-04,1228.0,1244.0,1223.5,1235.625,1752352.0,0,4,4,7603.2001953125,20.5
2016-04-05,1235.4000244140625,1242.449951171875,1221.0250244140625,1231.375,1491794.0,1,5,4,7614.35009765625,21.4249267578125
2016-04-06,1235.0,1244.5,1229.675048828125,1240.949951171875,1763150.0,2,6,4,7546.4501953125,14.824951171875
2016-04-07,1240.0,1242.3499755859375,1228.5,1235.4000244140625,2390942.0,3,7,4,7555.2001953125,13.8499755859375
2016-04-08,1233.0,1236.8499755859375,1213.5,1216.0250244140625,1399500.0,4,8,4,7671.39990234375,23.3499755859375
2016-04-11,1216.5,1258.5,1206.5,1253.324951171875,2400648.0,0,11,4,7708.9501953125,52.0
2016-04-12,1249.0,1262.5,1244.050048828125,1259.074951171875,1303628.0,1,12,4,7850.4501953125,18.449951171875
2016-04-13,1265.0,1272.5,1256.25,1263.0999755859375,1601468.0,2,13,4,7914.7001953125,16.25
2016-04-18,1226.5,1276.75,1220.0,1259.875,7121504.0,0,18,4,7914.75,56.75
2016-04-20,1267.449951171875,1267.449951171875,1220.0,1225.175048828125,6405024.0,2,20,4,7912.0498046875,47.449951171875
2016-04-21,1225.5,1233.699951171875,1206.0999755859375,1212.199951171875,2525724.0,3,21,4,7899.2998046875,27.5999755859375
2016-04-22,1209.5,1217.699951171875,1202.0999755859375,1208.5250244140625,1964126.0,4,22,4,7855.0498046875,15.5999755859375
2016-04-25,1201.1500244140625,1228.5250244140625,1201.1500244140625,1225.625,2267654.0,0,25,4,7962.64990234375,27.375
2016-04-26,1224.5,1246.75,1221.0,1244.9000244140625,2554368.0,1,26,4,7979.89990234375,25.75
2016-04-27,1240.0,1257.300048828125,1237.949951171875,1255.550048828125,1848670.0,2,27,4,7847.25,19.35009765625
2016-04-28,1250.6500244140625,1270.0,1249.050048828125,1263.875,4992744.0,3,28,4,7849.7998046875,20.949951171875
2016-04-29,1258.5,1271.0,1255.0,1267.75,2372178.0,4,29,4,7805.89990234375,16.0
2016-05-02,1264.5,1265.0,1250.0,1263.3499755859375,1116692.0,0,2,5,7747.0,15.0
2016-05-03,1262.5,1265.0,1236.0,1239.050048828125,2153118.0,1,3,5,7706.5498046875,29.0
2016-05-04,1236.949951171875,1247.0250244140625,1228.5,1239.0,1364892.0,2,4,5,7735.5,18.5250244140625
2016-05-05,1239.0,1244.9749755859375,1231.7750244140625,1235.1500244140625,1246566.0,3,5,5,7733.4501953125,13.199951171875
2016-05-06,1232.5,1242.1500244140625,1215.5,1236.699951171875,885598.0,4,6,5,7866.0498046875,26.6500244140625
2016-05-09,1236.699951171875,1259.0,1228.199951171875,1256.2750244140625,1821276.0,0,9,5,7887.7998046875,30.800048828125
2016-05-10,1257.5,1266.9749755859375,1248.0,1261.449951171875,1158534.0,1,10,5,7848.85009765625,18.9749755859375
2016-05-11,1250.0,1262.800048828125,1245.0,1259.1500244140625,1598716.0,2,11,5,7900.39990234375,17.800048828125
2016-05-12,1260.2750244140625,1284.949951171875,1260.2750244140625,1283.0999755859375,1513082.0,3,12,5,7814.89990234375,24.6749267578125
2016-05-13,1282.5,1283.0,1255.074951171875,1261.699951171875,1621730.0,4,13,5,7860.75,27.925048828125
2016-05-16,1269.0,1282.4000244140625,1261.25,1275.574951171875,1111526.0,0,16,5,7890.75,21.1500244140625
2016-05-17,1282.0999755859375,1295.625,1276.0,1285.0999755859375,1756698.0,1,17,5,7870.14990234375,19.625
2016-05-18,1282.925048828125,1282.925048828125,1263.0250244140625,1275.550048828125,1500740.0,2,18,5,7783.39990234375,19.9000244140625
2016-05-19,1277.5,1280.0,1263.050048828125,1278.4749755859375,1038792.0,3,19,5,7749.7001953125,16.949951171875
2016-05-20,1271.1500244140625,1282.9000244140625,1261.4000244140625,1264.6500244140625,1230918.0,4,20,5,7731.0498046875,21.5
2016-05-23,1272.0,1272.949951171875,1240.0999755859375,1245.7249755859375,1533016.0,0,23,5,7748.85009765625,32.8499755859375
2016-05-24,1242.0,1244.125,1229.800048828125,1233.8499755859375,1339158.0,1,24,5,7934.89990234375,14.324951171875
2016-05-25,1240.5,1266.4749755859375,1240.5,1263.2249755859375,1548678.0,2,25,5,8069.64990234375,25.9749755859375
2016-05-26,1265.0,1282.449951171875,1252.550048828125,1274.3499755859375,1943248.0,3,26,5,8156.64990234375,29.89990234375
2016-05-27,1276.574951171875,1289.925048828125,1275.300048828125,1286.324951171875,1104676.0,4,27,5,8178.5,14.625
2016-05-30,1291.5,1320.9749755859375,1291.0,1318.199951171875,1349464.0,0,30,5,8160.10009765625,29.9749755859375
2016-05-31,1320.0,1323.5,1281.0,1284.699951171875,3722608.0,1,31,5,8179.9501953125,42.5
2016-06-01,1285.5999755859375,1322.5,1285.5,1316.7750244140625,1911942.0,2,1,6,8218.9501953125,37.0
2016-06-02,1300.0,1327.1500244140625,1300.0,1325.074951171875,1408756.0,3,2,6,8220.7998046875,27.1500244140625
2016-06-03,1325.699951171875,1329.0,1310.25,1314.7750244140625,1554922.0,4,3,6,8201.0498046875,18.75
2016-06-06,1310.25,1319.5,1301.5999755859375,1306.25,1322026.0,0,6,6,8266.4501953125,17.9000244140625
2016-06-07,1307.0,1319.5,1306.5,1315.574951171875,1202194.0,1,7,6,8273.0498046875,13.0
2016-06-08,1308.625,1314.2750244140625,1302.75,1306.550048828125,938266.0,2,8,6,8203.599609375,11.5250244140625
2016-06-09,1311.199951171875,1311.199951171875,1277.5999755859375,1288.625,1562138.0,3,9,6,8170.0498046875,33.5999755859375
2016-06-10,1283.0,1301.625,1276.5999755859375,1277.875,1396832.0,4,10,6,8110.60009765625,25.0250244140625
2016-06-13,1270.0,1276.675048828125,1259.0,1273.5,1029978.0,0,13,6,8108.85009765625,17.675048828125
2016-06-14,1279.4749755859375,1279.4749755859375,1259.125,1267.425048828125,977570.0,1,14,6,8206.599609375,20.3499755859375
2016-06-15,1265.0,1282.449951171875,1261.0,1278.425048828125,1270844.0,2,15,6,8140.75,21.449951171875
2016-06-16,1272.7750244140625,1282.3499755859375,1258.2249755859375,1279.1500244140625,1145070.0,3,16,6,8170.2001953125,24.125
2016-06-17,1279.5,1305.0,1279.5,1301.300048828125,1878988.0,4,17,6,8238.5,25.5
2016-06-20,1301.300048828125,1334.0,1295.9000244140625,1329.6500244140625,1872838.0,0,20,6,8219.900390625,38.0999755859375
2016-06-21,1331.75,1332.5,1320.699951171875,1325.5999755859375,1027690.0,1,21,6,8203.7001953125,11.800048828125
2016-06-22,1325.0,1338.8499755859375,1315.875,1333.824951171875,1761712.0,2,22,6,8270.4501953125,22.9749755859375
2016-06-23,1327.5,1329.75,1312.6500244140625,1322.675048828125,1397014.0,3,23,6,8088.60009765625,17.0999755859375
2016-06-24,1282.574951171875,1296.5999755859375,1257.074951171875,1286.9749755859375,3766586.0,4,24,6,8094.7001953125,39.5250244140625
2016-06-27,1273.5,1273.5,1241.324951171875,1247.925048828125,4272566.0,0,27,6,8127.85009765625,32.175048828125
2016-06-28,1247.925048828125,1251.449951171875,1229.199951171875,1231.9749755859375,4499524.0,1,28,6,8204.0,22.25
2016-06-29,1237.5,1256.25,1232.6500244140625,1251.449951171875,2531264.0,2,29,6,8287.75,23.5999755859375
2016-06-30,1261.0,1281.449951171875,1250.175048828125,1276.550048828125,5121812.0,3,30,6,8328.349609375,31.27490234375
2016-07-01,1281.0,1282.300048828125,1247.175048828125,1250.425048828125,2197296.0,4,1,7,8370.7001953125,35.125
2016-07-04,1258.0,1262.925048828125,1241.0,1247.0999755859375,1883484.0,0,4,7,8335.9501953125,21.925048828125
2016-07-05,1247.0999755859375,1248.5250244140625,1238.574951171875,1242.6500244140625,1559748.0,1,5,7,8337.900390625,9.9500732421875
2016-07-07,1243.8499755859375,1245.925048828125,1212.5,1214.9000244140625,3316800.0,3,7,7,8323.2001953125,33.425048828125
2016-07-08,1217.5,1221.0250244140625,1201.75,1213.300048828125,2456356.0,4,8,7,8467.900390625,19.2750244140625
2016-07-11,1215.0,1235.9000244140625,1213.5,1232.074951171875,1543632.0,0,11,7,8521.0498046875,22.4000244140625
2016-07-12,1235.8499755859375,1237.5,1217.925048828125,1232.4749755859375,1465536.0,1,12,7,8519.5,19.574951171875
2016-07-13,1239.0,1249.625,1225.625,1246.550048828125,2102300.0,2,13,7,8565.0,24.0
2016-07-14,1243.0,1264.5,1235.5,1260.949951171875,2699988.0,3,14,7,8541.400390625,29.0
2016-07-15,1258.5,1263.9000244140625,1213.2750244140625,1222.675048828125,8336366.0,4,15,7,8508.7001953125,50.625
2016-07-18,1223.5,1234.5,1215.300048828125,1216.7249755859375,2598850.0,0,18,7,8528.5498046875,19.199951171875
2016-07-19,1213.75,1236.4000244140625,1213.75,1233.0999755859375,2362896.0,1,19,7,8565.849609375,22.6500244140625
2016-07-20,1225.0,1251.25,1224.074951171875,1247.4749755859375,2815252.0,2,20,7,8510.099609375,27.175048828125
2016-07-21,1244.75,1259.75,1232.2249755859375,1253.0250244140625,2527148.0,3,21,7,8541.2001953125,27.5250244140625
2016-07-22,1249.449951171875,1262.0,1246.0,1257.550048828125,1517216.0,4,22,7,8635.650390625,16.0
2016-07-25,1256.0,1281.5999755859375,1252.9000244140625,1279.4749755859375,1688796.0,0,25,7,8590.650390625,28.699951171875
2016-07-26,1279.4749755859375,1284.0,1266.5,1276.300048828125,2311290.0,1,26,7,8615.7998046875,17.5
2016-07-27,1277.5,1290.199951171875,1272.5,1288.7750244140625,1750510.0,2,27,7,8666.2998046875,17.699951171875
2016-07-28,1290.25,1314.7750244140625,1288.5250244140625,1309.625,4632080.0,3,28,7,8638.5,26.25
2016-07-29,1307.0,1317.449951171875,1299.5,1309.6500244140625,2488084.0,4,29,7,8636.5498046875,17.949951171875
2016-08-01,1316.0,1362.5,1316.0,1354.125,3961704.0,0,1,8,8622.900390625,46.5
2016-08-02,1351.449951171875,1357.8499755859375,1344.9000244140625,1349.5999755859375,2578162.0,1,2,8,8544.849609375,12.949951171875
2016-08-03,1343.0,1349.5,1324.5250244140625,1328.1500244140625,2294702.0,2,3,8,8551.099609375,24.9749755859375
2016-08-04,1335.0,1341.4749755859375,1318.125,1326.0,1415416.0,3,4,8,8683.150390625,23.3499755859375
2016-08-05,1336.949951171875,1342.1500244140625,1316.0,1324.550048828125,1868484.0,4,5,8,8711.349609375,26.1500244140625
2016-08-08,1320.0,1334.0,1314.5250244140625,1324.75,2058244.0,0,8,8,8678.25,19.4749755859375
2016-08-09,1329.0,1329.9000244140625,1289.425048828125,1325.0999755859375,2261914.0,1,9,8,8575.2998046875,40.4749755859375
2016-08-10,1325.5,1341.0,1324.0,1337.699951171875,2062078.0,2,10,8,8592.150390625,17.0
2016-08-12,1352.5,1372.4000244140625,1351.0250244140625,1369.2249755859375,2327358.0,4,12,8,8642.5498046875,21.375
2016-08-16,1369.0,1370.0,1336.925048828125,1345.8499755859375,3183754.0,1,16,8,8624.0498046875,33.074951171875
2016-08-17,1349.5,1349.5,1309.0,1312.2750244140625,1848566.0,2,17,8,8673.25,40.5
2016-08-18,1317.5,1328.7750244140625,1315.050048828125,1319.2750244140625,1292064.0,3,18,8,8666.900390625,13.7249755859375
2016-08-19,1320.0,1323.2249755859375,1300.0,1301.75,2416244.0,4,19,8,8629.150390625,23.2249755859375
2016-08-22,1294.0,1297.2249755859375,1268.1500244140625,1274.3499755859375,2265274.0,0,22,8,8632.599609375,29.074951171875
2016-08-23,1272.4749755859375,1302.4749755859375,1270.0999755859375,1300.5250244140625,1503374.0,1,23,8,8650.2998046875,32.375
2016-08-24,1294.9000244140625,1301.0,1284.5250244140625,1286.0250244140625,1116878.0,2,24,8,8592.2001953125,16.4749755859375
2016-08-25,1290.0,1294.8499755859375,1263.0,1275.5250244140625,1939690.0,3,25,8,8572.5498046875,31.8499755859375
2016-08-26,1279.9000244140625,1286.2750244140625,1258.5999755859375,1262.4749755859375,1250314.0,4,26,8,8607.4501953125,27.675048828125
2016-08-29,1267.4749755859375,1267.4749755859375,1233.375,1250.2750244140625,1488728.0,0,29,8,8744.349609375,34.0999755859375
2016-08-30,1255.0,1274.9000244140625,1250.625,1272.074951171875,1444026.0,1,30,8,8786.2001953125,24.2750244140625
2016-08-31,1275.0,1275.0,1250.425048828125,1255.6500244140625,3231668.0,2,31,8,8774.650390625,24.574951171875
2016-09-01,1262.449951171875,1267.4749755859375,1243.5250244140625,1253.75,1345736.0,3,1,9,8809.650390625,23.949951171875
2016-09-02,1256.0,1259.699951171875,1248.0250244140625,1257.4000244140625,1742330.0,4,2,9,8943.0,11.6749267578125
2016-09-06,1259.949951171875,1260.074951171875,1240.0,1242.0250244140625,2239066.0,1,6,9,8917.9501953125,20.074951171875
2016-09-07,1249.8499755859375,1249.8499755859375,1211.5,1220.2750244140625,3854040.0,2,7,9,8952.5,38.3499755859375
2016-09-08,1180.0,1180.0,1142.375,1161.050048828125,7021516.0,3,8,9,8866.7001953125,37.625
2016-09-09,1164.8499755859375,1183.324951171875,1160.0250244140625,1176.2249755859375,2742438.0,4,9,9,8715.599609375,23.2999267578125
2016-09-12,1168.5,1181.9749755859375,1162.0,1179.5250244140625,2024454.0,0,12,9,8726.599609375,19.9749755859375
2016-09-14,1181.0,1188.800048828125,1155.0,1164.2249755859375,2069858.0,2,14,9,8742.5498046875,33.800048828125
2016-09-15,1169.9749755859375,1171.050048828125,1158.375,1163.4749755859375,2818964.0,3,15,9,8779.849609375,12.675048828125
2016-09-16,1168.3499755859375,1188.0,1160.0,1180.8499755859375,4358004.0,4,16,9,8808.400390625,28.0
2016-09-19,1182.5,1213.5,1175.0,1205.7249755859375,2802546.0,0,19,9,8775.900390625,38.5
2016-09-20,1205.5,1208.449951171875,1192.699951171875,1203.25,1184552.0,1,20,9,8777.150390625,15.75
2016-09-21,1203.8499755859375,1212.0,1200.3499755859375,1206.699951171875,1678020.0,2,21,9,8867.4501953125,11.6500244140625
2016-09-22,1212.625,1214.0,1185.550048828125,1189.0,2857574.0,3,22,9,8831.5498046875,28.449951171875
2016-09-23,1191.0,1201.925048828125,1185.574951171875,1199.050048828125,1800726.0,4,23,9,8723.0498046875,16.35009765625
2016-09-26,1200.550048828125,1209.550048828125,1197.5,1200.550048828125,1753476.0,0,26,9,8706.400390625,12.050048828125
2016-09-27,1200.550048828125,1224.0,1200.550048828125,1218.050048828125,2038792.0,1,27,9,8745.150390625,23.449951171875
2016-09-28,1215.5,1218.75,1207.5999755859375,1211.5250244140625,1731328.0,2,28,9,8591.25,11.1500244140625
2016-09-29,1217.5,1228.25,1209.800048828125,1218.9000244140625,3603958.0,3,29,9,8611.150390625,18.449951171875
2016-09-30,1218.5250244140625,1224.9000244140625,1211.550048828125,1215.4000244140625,2175364.0,4,30,9,8738.099609375,13.3499755859375
2016-10-03,1225.0,1228.824951171875,1200.550048828125,1205.8499755859375,1818880.0,0,3,10,8769.150390625,28.27490234375
2016-10-04,1210.0,1212.5250244140625,1199.0,1202.574951171875,1780718.0,1,4,10,8743.9501953125,13.5250244140625
2016-10-05,1204.0,1207.699951171875,1188.050048828125,1193.175048828125,1176354.0,2,5,10,8709.5498046875,19.64990234375
2016-10-06,1197.5,1201.199951171875,1186.375,1194.375,2267572.0,3,6,10,8697.599609375,14.824951171875
2016-10-07,1194.0,1194.0,1179.0999755859375,1183.9000244140625,1816512.0,4,7,10,8708.7998046875,14.9000244140625
2016-10-10,1184.949951171875,1193.449951171875,1177.5250244140625,1190.1500244140625,1202142.0,0,10,10,8573.349609375,15.9249267578125
2016-10-13,1181.6500244140625,1184.949951171875,1160.449951171875,1164.449951171875,5173334.0,3,13,10,8583.400390625,24.5
2016-10-14,1157.5,1193.5,1145.5,1183.0999755859375,7741214.0,4,14,10,8520.400390625,48.0
2016-10-17,1184.449951171875,1187.9000244140625,1172.199951171875,1181.2249755859375,2728346.0,0,17,10,8677.900390625,15.7000732421875
2016-10-18,1188.0,1207.8499755859375,1177.4000244140625,1200.0999755859375,2128632.0,1,18,10,8659.099609375,30.449951171875
2016-10-19,1200.5,1205.0,1185.1500244140625,1197.550048828125,1985058.0,2,19,10,8699.400390625,19.8499755859375
2016-10-20,1198.449951171875,1204.675048828125,1193.0,1200.574951171875,1265854.0,3,20,10,8693.0498046875,11.675048828125
2016-10-21,1200.0,1215.949951171875,1199.125,1214.324951171875,1259660.0,4,21,10,8708.9501953125,16.824951171875
2016-10-24,1214.0999755859375,1217.449951171875,1201.2750244140625,1213.8499755859375,1253190.0,0,24,10,8691.2998046875,16.1749267578125
2016-10-25,1202.5,1207.300048828125,1190.5,1199.2249755859375,1772466.0,1,25,10,8615.25,16.800048828125
2016-10-26,1199.300048828125,1201.375,1186.25,1198.125,1437130.0,2,26,10,8615.25,15.125
2016-10-27,1189.8499755859375,1214.75,1182.75,1209.050048828125,2941602.0,3,27,10,8638.0,32.0
2016-10-28,1205.0,1207.550048828125,1194.0,1199.3499755859375,1752102.0,4,28,10,8626.25,13.550048828125
2016-11-01,1199.8499755859375,1199.8499755859375,1167.074951171875,1175.0,2934776.0,1,1,11,8514.0,32.7750244140625
2016-11-02,1170.5,1172.0,1147.5,1152.0250244140625,2325076.0,2,2,11,8484.9501953125,24.5
2016-11-03,1147.0,1167.5,1142.25,1159.7249755859375,1463310.0,3,3,11,8433.75,25.25
2016-11-04,1160.0,1168.074951171875,1147.0,1165.2750244140625,1183752.0,4,4,11,8497.0498046875,21.074951171875
2016-11-07,1168.949951171875,1172.449951171875,1130.0250244140625,1138.5250244140625,2048052.0,0,7,11,8543.5498046875,42.4249267578125
2016-11-08,1140.2249755859375,1153.5,1130.0,1141.5999755859375,1933634.0,1,8,11,8432.0,23.5
2016-11-09,1090.0,1137.5,1071.425048828125,1084.925048828125,4500226.0,2,9,11,8525.75,66.074951171875
2016-11-10,1102.4000244140625,1108.75,1070.4000244140625,1077.7249755859375,2172426.0,3,10,11,8296.2998046875,38.3499755859375
2016-11-11,1073.5250244140625,1073.5250244140625,1043.0999755859375,1050.574951171875,2398424.0,4,11,11,8108.4501953125,30.425048828125
2016-11-15,1058.449951171875,1078.7750244140625,1025.949951171875,1060.6500244140625,6290324.0,1,15,11,8111.60009765625,52.8250732421875
2016-11-16,1072.550048828125,1104.449951171875,1069.0,1094.800048828125,4019958.0,2,16,11,8079.9501953125,35.449951171875
2016-11-17,1092.5,1104.300048828125,1065.074951171875,1068.5999755859375,2504688.0,3,17,11,8074.10009765625,39.22509765625
2016-11-18,1071.0,1075.0,1052.0999755859375,1062.550048828125,2140534.0,4,18,11,7929.10009765625,22.9000244140625
2016-11-21,1063.0999755859375,1070.0,1052.5,1066.449951171875,1793366.0,0,21,11,8002.2998046875,17.5
2016-11-22,1066.0,1088.7249755859375,1061.0250244140625,1067.5,1318860.0,1,22,11,8033.2998046875,27.699951171875
2016-11-23,1074.5,1081.4749755859375,1063.5999755859375,1078.175048828125,1275808.0,2,23,11,7965.5,17.875
2016-11-24,1077.449951171875,1103.800048828125,1068.5,1094.2249755859375,3026234.0,3,24,11,8114.2998046875,35.300048828125
2016-11-25,1106.0,1153.625,1096.0999755859375,1150.175048828125,4276148.0,4,25,11,8126.89990234375,57.5250244140625
2016-11-28,1147.0,1159.7249755859375,1125.949951171875,1141.300048828125,1924296.0,0,28,11,8142.14990234375,33.7750244140625
2016-11-29,1137.5,1146.0,1126.2750244140625,1129.925048828125,1442296.0,1,29,11,8224.5,19.7249755859375
2016-11-30,1132.5,1147.375,1121.1500244140625,1138.0250244140625,3445832.0,2,30,11,8192.900390625,26.2249755859375
2016-12-01,1138.5,1145.0,1127.0250244140625,1131.7249755859375,1123052.0,3,1,12,8086.7998046875,17.9749755859375
2016-12-02,1129.0,1135.4000244140625,1102.5999755859375,1110.925048828125,1998032.0,4,2,12,8128.75,32.800048828125
2016-12-05,1114.5,1118.925048828125,1085.0,1093.0,2249526.0,0,5,12,8143.14990234375,33.925048828125
2016-12-06,1095.0,1101.9749755859375,1084.949951171875,1091.175048828125,1593444.0,1,6,12,8102.0498046875,17.0250244140625
2016-12-07,1091.0999755859375,1092.2249755859375,1072.824951171875,1077.2750244140625,2065706.0,2,7,12,8246.849609375,19.4000244140625
2016-12-08,1080.25,1099.5,1080.0,1097.875,3239546.0,3,8,12,8261.75,19.5
2016-12-09,1102.5,1109.949951171875,1086.6500244140625,1097.625,1588718.0,4,9,12,8170.7998046875,23.2999267578125
2016-12-12,1097.4000244140625,1108.800048828125,1081.5,1104.0999755859375,1311758.0,0,12,12,8221.7998046875,27.300048828125
2016-12-13,1109.0,1109.0,1091.5,1100.1500244140625,2147534.0,1,13,12,8182.4501953125,17.5
2016-12-14,1107.0,1112.3499755859375,1094.5,1103.800048828125,1870366.0,2,14,12,8153.60009765625,17.8499755859375
2016-12-15,1101.0,1136.050048828125,1101.0,1129.6500244140625,4295410.0,3,15,12,8139.4501953125,35.050048828125
2016-12-16,1138.5,1145.0,1126.0,1141.324951171875,1987230.0,4,16,12,8104.35009765625,19.0
2016-12-19,1140.0,1148.8499755859375,1130.6500244140625,1144.449951171875,1334210.0,0,19,12,8082.39990234375,18.199951171875
2016-12-20,1146.0,1172.5,1143.5250244140625,1169.6500244140625,2922760.0,1,20,12,8061.2998046875,28.9749755859375
2016-12-21,1171.9000244140625,1171.9000244140625,1152.800048828125,1156.800048828125,2034902.0,2,21,12,7979.10009765625,19.0999755859375
2016-12-22,1153.0,1162.5,1143.0999755859375,1153.8499755859375,1868300.0,3,22,12,7985.75,19.4000244140625
2016-12-23,1150.0,1158.875,1139.4000244140625,1144.050048828125,1118954.0,4,23,12,7908.25,19.4749755859375
2016-12-26,1133.0,1150.800048828125,1133.0,1146.550048828125,897408.0,0,26,12,8032.85009765625,17.800048828125
2016-12-27,1140.75,1165.0,1140.75,1161.699951171875,1294692.0,1,27,12,8034.85009765625,24.25
2016-12-28,1163.3499755859375,1174.949951171875,1151.574951171875,1156.699951171875,1350418.0,2,28,12,8103.60009765625,23.375
2016-12-29,1151.5,1179.949951171875,1151.5,1175.8499755859375,1963516.0,3,29,12,8185.7998046875,28.449951171875
2016-12-30,1177.449951171875,1189.300048828125,1172.824951171875,1182.7750244140625,1405748.0,4,30,12,8179.5,16.47509765625
2017-01-02,1183.300048828125,1187.550048828125,1176.199951171875,1180.675048828125,823132.0,0,2,1,8192.25,11.35009765625
2017-01-03,1180.625,1185.8499755859375,1171.6500244140625,1184.125,1475324.0,1,3,1,8190.5,14.199951171875
2017-01-04,1184.8499755859375,1194.425048828125,1179.1500244140625,1189.75,1420066.0,2,4,1,8273.7998046875,15.2750244140625
2017-01-05,1192.0,1194.9749755859375,1160.199951171875,1167.199951171875,2216404.0,3,5,1,8243.7998046875,34.7750244140625
2017-01-06,1160.5,1164.675048828125,1128.550048828125,1140.699951171875,3009896.0,4,6,1,8236.0498046875,36.125
2017-01-09,1137.5,1155.6500244140625,1128.5,1151.8499755859375,1854578.0,0,9,1,8288.599609375,27.1500244140625
2017-01-10,1152.0,1164.9000244140625,1145.75,1157.675048828125,1533914.0,1,10,1,8380.650390625,19.1500244140625
2017-01-11,1157.5,1164.800048828125,1140.0999755859375,1162.199951171875,1931296.0,2,11,1,8407.2001953125,24.7000732421875
2017-01-12,1162.199951171875,1180.0,1152.0,1172.175048828125,2570374.0,3,12,1,8400.349609375,28.0
2017-01-13,1174.0,1178.9749755859375,1118.925048828125,1124.6500244140625,10235580.0,4,13,1,8412.7998046875,60.0499267578125
2017-01-16,1125.0,1136.949951171875,1114.0,1129.2750244140625,3364808.0,0,16,1,8398.0,22.949951171875
2017-01-17,1127.449951171875,1143.9000244140625,1126.4000244140625,1139.375,3009956.0,1,17,1,8417.0,17.5
2017-01-18,1139.0,1149.0,1132.7249755859375,1147.550048828125,3136574.0,2,18,1,8435.099609375,16.2750244140625
2017-01-19,1147.5,1147.574951171875,1141.4749755859375,1145.5,2251676.0,3,19,1,8349.349609375,6.0999755859375
2017-01-20,1143.5,1150.0,1132.5,1142.675048828125,2037246.0,4,20,1,8391.5,17.5
2017-01-23,1132.5,1156.75,1129.9000244140625,1153.3499755859375,2318546.0,0,23,1,8475.7998046875,26.8499755859375
2017-01-24,1152.0,1161.5,1145.0,1159.175048828125,2282638.0,1,24,1,8602.75,16.5
2017-01-25,1161.300048828125,1180.0,1159.0250244140625,1176.5,4111648.0,2,25,1,8641.25,20.9749755859375
2017-01-27,1172.5250244140625,1189.375,1172.5250244140625,1178.9000244140625,2871658.0,4,27,1,8632.75,16.8499755859375
2017-01-30,1170.5,1175.9749755859375,1159.074951171875,1166.449951171875,2577956.0,0,30,1,8561.2998046875,16.9000244140625
2017-01-31,1160.0,1166.0250244140625,1100.0250244140625,1114.9000244140625,4666804.0,1,31,1,8716.400390625,66.0
2017-02-01,1110.0,1119.9749755859375,1077.7750244140625,1083.949951171875,4864152.0,2,1,2,8734.25,42.199951171875
2017-02-02,1085.0250244140625,1109.5,1076.5,1103.824951171875,6009482.0,3,2,2,8740.9501953125,33.0
2017-02-03,1104.8499755859375,1121.5,1095.5,1116.2750244140625,2153372.0,4,3,2,8801.0498046875,26.0
2017-02-06,1129.0,1129.25,1107.4749755859375,1120.375,2408910.0,0,6,2,8768.2998046875,21.7750244140625
2017-02-07,1122.0,1126.300048828125,1113.0,1122.300048828125,1814638.0,1,7,2,8769.0498046875,13.300048828125
2017-02-08,1122.449951171875,1141.300048828125,1122.0250244140625,1135.4749755859375,2212584.0,2,8,2,8778.400390625,19.2750244140625
2017-02-09,1137.5,1164.0,1135.0999755859375,1158.6500244140625,4033202.0,3,9,2,8793.5498046875,28.9000244140625
2017-02-10,1155.5,1212.2249755859375,1155.5,1198.9749755859375,5782160.0,4,10,2,8805.0498046875,56.7249755859375
2017-02-13,1198.0,1214.5,1191.175048828125,1207.125,3819812.0,0,13,2,8792.2998046875,23.324951171875
2017-02-14,1209.824951171875,1209.824951171875,1199.0,1203.125,2033328.0,1,14,2,8724.7001953125,10.824951171875
2017-02-15,1198.5,1214.0,1187.550048828125,1206.8499755859375,1924972.0,2,15,2,8778.0,26.449951171875
2017-02-16,1230.0,1239.0,1217.800048828125,1223.875,4175680.0,3,16,2,8821.7001953125,21.199951171875
2017-02-17,1236.0,1237.800048828125,1201.0,1203.949951171875,2723324.0,4,17,2,8879.2001953125,36.800048828125
2017-02-20,1212.5,1277.5,1204.050048828125,1251.0999755859375,3973948.0,0,20,2,8907.849609375,73.449951171875
2017-02-21,1257.0,1262.949951171875,1227.574951171875,1232.675048828125,5501112.0,1,21,2,8926.900390625,35.375
2017-02-22,1232.949951171875,1235.0,1200.074951171875,1205.75,4505496.0,2,22,2,8939.5,34.925048828125
2017-02-23,1207.5,1246.625,1207.5,1240.9000244140625,4853352.0,3,23,2,8896.7001953125,39.125
2017-02-27,1239.550048828125,1251.0,1235.0250244140625,1244.925048828125,2139892.0,0,27,2,8879.599609375,15.9749755859375
2017-02-28,1244.75,1245.0,1225.0,1233.125,2354828.0,1,28,2,8945.7998046875,20.0
2017-03-01,1239.949951171875,1250.949951171875,1235.0,1239.7750244140625,1130374.0,2,1,3,8899.75,15.949951171875
2017-03-02,1243.3499755859375,1255.0,1235.0250244140625,1250.7249755859375,1544942.0,3,2,3,8897.5498046875,19.9749755859375
2017-03-03,1246.0,1249.8499755859375,1237.699951171875,1247.0250244140625,1013970.0,4,3,3,8963.4501953125,12.1500244140625
2017-03-06,1240.0,1242.0,1227.2750244140625,1236.25,1400694.0,0,6,3,8946.900390625,14.7249755859375
2017-03-07,1241.449951171875,1252.5,1237.5250244140625,1249.9000244140625,1511672.0,1,7,3,8924.2998046875,14.9749755859375
2017-03-08,1251.0,1260.0,1246.0999755859375,1256.0999755859375,1791510.0,2,8,3,8927.0,13.9000244140625
2017-03-09,1257.074951171875,1262.0,1252.0250244140625,1259.875,858468.0,3,9,3,8934.5498046875,9.9749755859375
2017-03-10,1259.800048828125,1274.7750244140625,1256.9749755859375,1271.125,1171420.0,4,10,3,9087.0,17.800048828125
2017-03-14,1278.4000244140625,1293.574951171875,1275.5250244140625,1283.75,3402294.0,1,14,3,9084.7998046875,18.0499267578125
2017-03-15,1286.0,1286.074951171875,1246.925048828125,1249.1500244140625,3022496.0,2,15,3,9153.7001953125,39.14990234375
2017-03-16,1253.0,1263.5,1253.0,1260.449951171875,1571818.0,3,16,3,9160.0498046875,10.5
2017-03-17,1273.0,1273.0,1254.875,1262.875,2593152.0,4,17,3,9126.849609375,18.125
2017-03-20,1262.9749755859375,1262.9749755859375,1233.0,1240.0,3487540.0,0,20,3,9121.5,29.9749755859375
2017-03-21,1241.0,1246.0,1232.5,1243.3499755859375,3373700.0,1,21,3,9030.4501953125,13.5
2017-03-22,1240.074951171875,1248.0,1234.9749755859375,1239.4749755859375,1888716.0,2,22,3,9086.2998046875,13.0250244140625
2017-03-23,1241.0,1242.5250244140625,1223.5999755859375,1230.175048828125,2620638.0,3,23,3,9108.0,18.925048828125
2017-03-24,1234.9000244140625,1234.9000244140625,1211.6500244140625,1213.5999755859375,5099814.0,4,24,3,9045.2001953125,23.25
2017-03-27,1213.4749755859375,1220.0,1203.0,1206.0250244140625,2181270.0,0,27,3,9100.7998046875,17.0
2017-03-28,1205.0,1221.699951171875,1205.0,1214.9749755859375,1153158.0,1,28,3,9143.7998046875,16.699951171875
2017-03-29,1218.0,1225.4000244140625,1212.800048828125,1222.300048828125,1717764.0,2,29,3,9173.75,12.5999755859375
2017-03-30,1222.449951171875,1232.5,1217.5,1220.5,2986086.0,3,30,3,9173.75,15.0
2017-03-31,1219.199951171875,1220.425048828125,1207.5,1215.9000244140625,1867044.0,4,31,3,9237.849609375,12.925048828125
2017-04-03,1217.5,1217.5,1204.0999755859375,1205.8499755859375,1196888.0,0,3,4,9265.150390625,13.4000244140625
2017-04-05,1209.949951171875,1209.949951171875,1197.5,1200.625,2905568.0,2,5,4,9261.9501953125,12.449951171875
2017-04-06,1200.0,1205.0,1196.2750244140625,1200.0250244140625,1720704.0,3,6,4,9198.2998046875,8.7249755859375
2017-04-07,1197.449951171875,1216.625,1196.074951171875,1214.5250244140625,2277012.0,4,7,4,9181.4501953125,20.550048828125
2017-04-10,1216.0,1224.5,1202.5,1211.125,2543264.0,0,10,4,9237.0,22.0
2017-04-11,1208.6500244140625,1221.550048828125,1203.0,1209.6500244140625,1557784.0,1,11,4,9203.4501953125,18.550048828125
2017-04-12,1211.25,1214.0,1191.5,1196.625,1050538.0,2,12,4,9150.7998046875,22.5
2017-04-13,1200.0,1204.5,1160.5250244140625,1164.324951171875,2500472.0,3,13,4,9139.2998046875,43.9749755859375
2017-04-17,1165.199951171875,1166.449951171875,1147.574951171875,1157.425048828125,2270882.0,0,17,4,9105.150390625,18.875
2017-04-18,1165.0,1167.0999755859375,1151.0250244140625,1154.4000244140625,1730620.0,1,18,4,9103.5,16.074951171875
2017-04-19,1131.75,1174.3499755859375,1126.4000244140625,1149.574951171875,5626812.0,2,19,4,9136.400390625,47.949951171875
2017-04-20,1152.6500244140625,1166.0,1145.4749755859375,1162.75,1268842.0,3,20,4,9119.400390625,20.5250244140625
2017-04-21,1164.550048828125,1167.824951171875,1150.5,1155.4000244140625,1161154.0,4,21,4,9217.9501953125,17.324951171875
2017-04-24,1150.0,1169.824951171875,1141.25,1164.050048828125,2000020.0,0,24,4,9306.599609375,28.574951171875
2017-04-25,1164.0,1172.2249755859375,1151.3499755859375,1155.75,3148710.0,1,25,4,9351.849609375,20.875
2017-04-26,1170.0,1171.9749755859375,1151.5250244140625,1155.175048828125,2187438.0,2,26,4,9342.150390625,20.449951171875
2017-04-27,1153.0250244140625,1163.9000244140625,1138.824951171875,1151.324951171875,5773186.0,3,27,4,9304.0498046875,25.0750732421875
2017-04-28,1147.0,1149.375,1134.0,1136.574951171875,2540510.0,4,28,4,9313.7998046875,15.375
2017-05-02,1147.0,1151.0,1140.0,1144.949951171875,2382696.0,1,2,5,9311.9501953125,11.0
2017-05-03,1147.5,1172.5,1134.25,1168.6500244140625,3514406.0,2,3,5,9359.900390625,38.25
2017-05-04,1174.9749755859375,1175.0,1154.4000244140625,1165.050048828125,2708208.0,3,4,5,9285.2998046875,20.5999755859375
2017-05-05,1154.0,1166.25,1151.25,1160.25,1682474.0,4,5,5,9314.0498046875,15.0
2017-05-08,1160.5,1173.699951171875,1158.8499755859375,1171.2249755859375,1071782.0,0,8,5,9316.849609375,14.8499755859375
2017-05-09,1171.9749755859375,1180.5,1166.2750244140625,1176.2750244140625,1790270.0,1,9,5,9407.2998046875,14.2249755859375
2017-05-10,1177.5,1178.074951171875,1158.0,1166.2249755859375,1206388.0,2,10,5,9422.400390625,20.074951171875
2017-05-11,1173.6500244140625,1180.0,1161.375,1174.7249755859375,2071302.0,3,11,5,9400.900390625,18.625
2017-05-12,1171.6500244140625,1184.949951171875,1160.0250244140625,1180.324951171875,2314446.0,4,12,5,9445.400390625,24.9249267578125
2017-05-15,1187.550048828125,1188.9749755859375,1170.800048828125,1182.550048828125,1817604.0,0,15,5,9512.25,18.1749267578125
2017-05-16,1190.0,1217.5,1186.7249755859375,1214.574951171875,3601026.0,1,16,5,9525.75,30.7750244140625
2017-05-17,1216.75,1230.375,1211.5,1227.675048828125,2876198.0,2,17,5,9429.4501953125,18.875
2017-05-18,1225.0,1286.0,1221.125,1268.0999755859375,5138594.0,3,18,5,9427.900390625,64.875
2017-05-19,1268.0999755859375,1270.2750244140625,1243.0,1253.574951171875,1786044.0,4,19,5,9438.25,27.2750244140625
2017-05-22,1255.0,1276.875,1255.0,1265.675048828125,1663940.0,0,22,5,9386.150390625,21.875
2017-05-23,1266.5999755859375,1282.074951171875,1257.0,1260.8499755859375,2748596.0,1,23,5,9360.5498046875,25.074951171875
2017-05-24,1267.4000244140625,1285.0,1264.824951171875,1279.574951171875,2534548.0,2,24,5,9509.75,20.175048828125
2017-05-25,1288.5,1318.7750244140625,1284.0,1312.300048828125,4094094.0,3,25,5,9595.099609375,34.7750244140625
2017-05-26,1312.5,1313.425048828125,1282.324951171875,1289.125,1362550.0,4,26,5,9604.900390625,31.10009765625
2017-05-29,1289.5,1298.25,1282.0,1286.425048828125,1749290.0,0,29,5,9624.5498046875,16.25
2017-05-30,1280.0,1287.9749755859375,1262.5,1275.550048828125,927634.0,1,30,5,9621.25,25.4749755859375
2017-05-31,1266.5,1286.25,1264.0,1273.300048828125,2502730.0,2,31,5,9616.099609375,22.25
2017-06-01,1265.0,1282.0,1265.0,1276.800048828125,1080064.0,3,1,6,9653.5,17.0
2017-06-02,1278.125,1295.925048828125,1276.25,1282.449951171875,1355648.0,4,2,6,9675.099609375,19.675048828125
2017-06-05,1282.5,1309.949951171875,1280.074951171875,1301.9749755859375,1500188.0,0,5,6,9637.150390625,29.875
2017-06-06,1315.5,1354.4749755859375,1315.0,1348.0,5946720.0,1,6,6,9663.900390625,39.4749755859375
2017-06-07,1348.5,1350.0,1288.2750244140625,1307.625,4927776.0,2,7,6,9647.25,61.7249755859375
2017-06-08,1299.0,1302.4749755859375,1257.75,1260.800048828125,3330714.0,3,8,6,9668.25,44.7249755859375
2017-06-09,1260.0,1273.699951171875,1243.0,1253.5,3148034.0,4,9,6,9616.400390625,30.699951171875
2017-06-12,1248.5,1256.449951171875,1235.199951171875,1243.5999755859375,1626506.0,0,12,6,9606.900390625,21.25
2017-06-13,1232.5,1240.550048828125,1223.5,1225.7750244140625,1175414.0,1,13,6,9618.150390625,17.050048828125
2017-06-14,1227.5,1238.0,1227.5,1235.0999755859375,1489142.0,2,14,6,9578.0498046875,10.5
2017-06-15,1234.5,1234.8499755859375,1202.5,1205.5999755859375,2997198.0,3,15,6,9588.0498046875,32.3499755859375
2017-06-16,1207.4749755859375,1217.5,1193.25,1199.8499755859375,2450426.0,4,16,6,9657.5498046875,24.25
2017-06-19,1208.449951171875,1223.175048828125,1202.574951171875,1215.8499755859375,1644742.0,0,19,6,9653.5,20.60009765625
2017-06-20,1215.5,1224.5,1190.1500244140625,1222.5,1670958.0,1,20,6,9633.599609375,34.3499755859375
2017-06-21,1220.0,1221.074951171875,1198.5999755859375,1203.1500244140625,1657818.0,2,21,6,9630.0,22.4749755859375
2017-06-22,1204.5,1215.5,1192.5,1197.425048828125,5775882.0,3,22,6,9574.9501953125,23.0
2017-06-23,1199.699951171875,1206.9749755859375,1177.0,1180.8499755859375,1424756.0,4,23,6,9511.400390625,29.9749755859375
2017-06-27,1175.300048828125,1192.3499755859375,1165.800048828125,1171.425048828125,1974330.0,1,27,6,9491.25,26.5499267578125
2017-06-28,1174.949951171875,1179.0,1167.5,1175.0250244140625,1789726.0,2,28,6,9504.099609375,11.5
2017-06-29,1179.5,1186.0250244140625,1161.550048828125,1166.625,2471826.0,3,29,6,9520.900390625,24.4749755859375
2017-06-30,1162.199951171875,1188.5,1161.550048828125,1181.175048828125,1753848.0,4,30,6,9615.0,26.949951171875
2017-07-03,1178.699951171875,1191.5250244140625,1171.550048828125,1186.800048828125,1475956.0,0,3,7,9613.2998046875,19.9749755859375
2017-07-04,1186.6500244140625,1190.2249755859375,1175.0250244140625,1183.425048828125,1215134.0,1,4,7,9637.599609375,15.199951171875
2017-07-05,1180.4000244140625,1182.5,1172.5,1178.0,815856.0,2,5,7,9674.5498046875,10.0
2017-07-06,1179.5,1180.949951171875,1170.050048828125,1173.7750244140625,1026788.0,3,6,7,9665.7998046875,10.89990234375
2017-07-07,1175.0,1178.2249755859375,1162.75,1165.9749755859375,1232090.0,4,7,7,9771.0498046875,15.4749755859375
2017-07-10,1203.0,1222.449951171875,1189.4749755859375,1217.4749755859375,783608.0,0,10,7,9786.0498046875,32.9749755859375
2017-07-11,1213.0,1257.4000244140625,1213.0,1237.9000244140625,3537504.0,1,11,7,9816.099609375,44.4000244140625
2017-07-12,1241.25,1241.6500244140625,1215.050048828125,1219.7249755859375,2646450.0,2,12,7,9891.7001953125,26.5999755859375
2017-07-13,1222.5,1236.0,1213.300048828125,1223.199951171875,3131960.0,3,13,7,9886.349609375,22.699951171875
2017-07-14,1191.5,1212.5,1187.5,1198.7249755859375,4508432.0,4,14,7,9915.9501953125,25.0
2017-07-17,1198.8499755859375,1211.050048828125,1191.0999755859375,1197.7249755859375,2211822.0,0,17,7,9827.150390625,19.9500732421875
2017-07-18,1198.074951171875,1221.5,1198.074951171875,1204.175048828125,1908002.0,1,18,7,9899.599609375,23.425048828125
2017-07-19,1207.75,1230.0,1207.550048828125,1224.800048828125,3915576.0,2,19,7,9873.2998046875,22.449951171875
2017-07-20,1224.625,1228.449951171875,1215.25,1222.3499755859375,1182504.0,3,20,7,9915.25,13.199951171875
2017-07-21,1217.449951171875,1250.0,1217.2750244140625,1245.5999755859375,2148416.0,4,21,7,9966.400390625,32.7249755859375
2017-07-24,1241.0,1270.0,1241.0,1265.3499755859375,2271402.0,0,24,7,9964.5498046875,29.0
2017-07-25,1262.875,1290.0,1259.199951171875,1285.75,2678832.0,1,25,7,10020.650390625,30.800048828125
2017-07-26,1280.0,1287.5,1273.5,1278.0,1459826.0,2,26,7,10020.5498046875,14.0
2017-07-27,1271.0999755859375,1292.4000244140625,1233.25,1240.8499755859375,4255304.0,3,27,7,10014.5,59.1500244140625
2017-07-28,1240.5,1246.5250244140625,1221.0,1242.1500244140625,1382752.0,4,28,7,10077.099609375,25.5250244140625
2017-07-31,1235.5,1259.5,1231.5,1245.9000244140625,2019662.0,0,31,7,10114.650390625,28.0
2017-08-01,1250.0,1260.375,1245.5,1250.824951171875,1747460.0,1,1,8,10081.5,14.875
2017-08-02,1250.0,1254.0,1231.0,1236.9000244140625,1251024.0,2,2,8,10013.650390625,23.0
2017-08-03,1240.0,1251.0,1233.2249755859375,1244.7249755859375,1882548.0,3,3,8,10066.400390625,17.7750244140625
2017-08-04,1245.4000244140625,1264.1500244140625,1244.0,1261.4000244140625,1387890.0,4,4,8,10057.400390625,20.1500244140625
2017-08-07,1258.25,1260.0,1240.5999755859375,1251.7249755859375,1885520.0,0,7,8,9978.5498046875,19.4000244140625
2017-08-08,1256.0,1264.300048828125,1248.1500244140625,1251.5250244140625,1073958.0,1,8,8,9908.0498046875,16.1500244140625
2017-08-09,1250.0,1261.425048828125,1246.6500244140625,1256.0,992946.0,2,9,8,9820.25,14.7750244140625
2017-08-10,1254.5,1260.300048828125,1243.175048828125,1255.7249755859375,1526172.0,3,10,8,9710.7998046875,17.125
2017-08-11,1249.949951171875,1267.5,1241.5,1248.0250244140625,1394736.0,4,11,8,9794.150390625,26.0
2017-08-14,1251.5,1254.949951171875,1231.5,1234.699951171875,786504.0,0,14,8,9897.2998046875,23.449951171875
2017-08-16,1242.0,1271.9000244140625,1232.5999755859375,1246.175048828125,1373340.0,2,16,8,9904.150390625,39.300048828125
2017-08-17,1250.3499755859375,1252.5,1231.050048828125,1242.824951171875,1752374.0,3,17,8,9837.400390625,21.449951171875
2017-08-18,1237.0,1274.949951171875,1235.699951171875,1256.9000244140625,2837356.0,4,18,8,9754.349609375,39.25
2017-08-21,1252.75,1274.5,1247.1500244140625,1264.4000244140625,2304834.0,0,21,8,9765.5498046875,27.3499755859375
2017-08-22,1261.5,1269.75,1246.0,1248.7750244140625,1131326.0,1,22,8,9852.5,23.75
2017-08-23,1252.5,1258.4000244140625,1236.574951171875,1244.7249755859375,1562272.0,2,23,8,9857.0498046875,21.8250732421875
2017-08-24,1248.8499755859375,1258.9749755859375,1243.074951171875,1248.300048828125,1623908.0,3,24,8,9912.7998046875,15.9000244140625
2017-08-28,1252.300048828125,1252.699951171875,1230.5,1243.6500244140625,2036796.0,0,28,8,9796.0498046875,22.199951171875
2017-08-29,1241.0,1248.0,1231.9749755859375,1235.425048828125,1312602.0,1,29,8,9884.400390625,16.0250244140625
2017-08-30,1240.5,1245.0,1230.050048828125,1242.2750244140625,970782.0,2,30,8,9917.900390625,14.949951171875
2017-08-31,1242.5,1252.199951171875,1233.324951171875,1248.175048828125,1784664.0,3,31,8,9974.400390625,18.875
2017-09-01,1240.0,1249.0250244140625,1218.2750244140625,1228.2249755859375,1702330.0,4,1,9,9912.849609375,30.75
2017-09-04,1226.550048828125,1230.5,1219.0,1228.0999755859375,1062544.0,0,4,9,9952.2001953125,11.5
2017-09-05,1230.0,1245.0,1218.5250244140625,1242.175048828125,1165994.0,1,5,9,9916.2001953125,26.4749755859375
2017-09-06,1234.074951171875,1237.425048828125,1225.0,1226.5999755859375,1228764.0,2,6,9,9929.900390625,12.425048828125
2017-09-07,1229.0,1234.199951171875,1225.5250244140625,1230.050048828125,870636.0,3,7,9,9934.7998046875,8.6749267578125
2017-09-08,1226.875,1237.0,1226.2750244140625,1235.300048828125,1021134.0,4,8,9,10006.0498046875,10.7249755859375
2017-09-11,1235.5999755859375,1241.4749755859375,1225.0,1227.2249755859375,732764.0,0,11,9,10093.0498046875,16.4749755859375
2017-09-12,1236.949951171875,1248.5,1228.5,1244.2249755859375,1396460.0,1,12,9,10079.2998046875,20.0
2017-09-13,1250.0,1265.824951171875,1237.5999755859375,1244.5999755859375,1278980.0,2,13,9,10086.599609375,28.2249755859375
2017-09-14,1241.0,1248.800048828125,1235.949951171875,1243.4749755859375,1081510.0,3,14,9,10085.400390625,12.85009765625
2017-09-15,1249.5,1258.5,1242.5,1253.0250244140625,2944072.0,4,15,9,10153.099609375,16.0
2017-09-18,1252.4749755859375,1259.4749755859375,1244.625,1249.5250244140625,726600.0,0,18,9,10147.5498046875,14.8499755859375
2017-09-19,1252.5,1252.5,1245.75,1249.125,782754.0,1,19,9,10141.150390625,6.75
2017-09-20,1257.0,1257.0,1237.1500244140625,1246.7750244140625,1334642.0,2,20,9,10121.900390625,19.8499755859375
2017-09-21,1245.5250244140625,1270.5,1240.0,1262.449951171875,2438740.0,3,21,9,9964.400390625,30.5
2017-09-22,1259.949951171875,1263.449951171875,1246.0,1251.800048828125,2435396.0,4,22,9,9872.599609375,17.449951171875
2017-09-25,1248.2750244140625,1267.0,1246.375,1255.375,1599558.0,0,25,9,9871.5,20.625
2017-09-26,1255.0,1263.199951171875,1233.0,1237.324951171875,1449230.0,1,26,9,9735.75,30.199951171875
2017-09-27,1245.0,1256.0999755859375,1236.875,1247.5,2010356.0,2,27,9,9768.9501953125,19.2249755859375
2017-09-28,1247.3499755859375,1257.0,1226.0,1238.2249755859375,4332866.0,3,28,9,9788.599609375,31.0
2017-09-29,1239.5,1242.0,1210.75,1217.9749755859375,1985014.0,4,29,9,9859.5,31.25
2017-10-03,1220.0,1227.1500244140625,1213.5250244140625,1224.2249755859375,1923006.0,1,3,10,9914.900390625,13.625
2017-10-04,1224.800048828125,1227.0,1212.5,1221.1500244140625,1300778.0,2,4,10,9888.7001953125,14.5
2017-10-05,1220.5,1221.7249755859375,1212.199951171875,1214.800048828125,1684686.0,3,5,10,9979.7001953125,9.5250244140625
2017-10-06,1215.0,1227.5,1214.0250244140625,1223.324951171875,1389188.0,4,6,10,9988.75,13.4749755859375
2017-10-09,1220.5250244140625,1233.9749755859375,1220.5250244140625,1227.050048828125,1773616.0,0,9,10,10016.9501953125,13.449951171875
2017-10-10,1227.5,1234.9749755859375,1225.625,1229.625,1222010.0,1,10,10,9984.7998046875,9.3499755859375
2017-10-11,1230.0,1257.2249755859375,1228.375,1250.175048828125,1527746.0,2,11,10,10096.400390625,28.8499755859375
2017-10-12,1256.5,1277.5,1253.5,1274.0999755859375,5006356.0,3,12,10,10167.4501953125,24.0
2017-10-13,1274.0999755859375,1304.4749755859375,1261.5,1279.300048828125,4066320.0,4,13,10,10230.849609375,42.9749755859375
2017-10-16,1277.5250244140625,1295.0,1277.5250244140625,1292.199951171875,1218590.0,0,16,10,10234.4501953125,17.4749755859375
2017-10-17,1292.5,1307.4749755859375,1288.7750244140625,1297.2750244140625,1443016.0,1,17,10,10210.849609375,18.699951171875
2017-10-18,1297.5,1306.824951171875,1290.0,1293.300048828125,1514144.0,2,18,10,10146.5498046875,16.824951171875
2017-10-19,1296.0,1297.9000244140625,1285.5,1291.949951171875,86822.0,3,19,10,10184.849609375,12.4000244140625
2017-10-23,1292.0,1314.5,1273.7249755859375,1293.949951171875,1886088.0,0,23,10,10207.7001953125,40.7750244140625
2017-10-24,1310.0,1310.449951171875,1284.5250244140625,1289.199951171875,1339020.0,1,24,10,10295.349609375,25.9249267578125
2017-10-25,1289.25,1307.0,1277.5,1279.949951171875,1105106.0,2,25,10,10343.7998046875,29.5
2017-10-26,1267.550048828125,1284.574951171875,1258.949951171875,1269.425048828125,3007552.0,3,26,10,10323.0498046875,25.625
2017-10-27,1269.0,1296.574951171875,1265.1500244140625,1292.1500244140625,1409270.0,4,27,10,10363.650390625,31.4249267578125
2017-10-30,1293.0,1310.0,1290.8499755859375,1308.0999755859375,1137252.0,0,30,10,10335.2998046875,19.1500244140625
2017-10-31,1300.6500244140625,1320.0,1300.6500244140625,1312.0,1592634.0,1,31,10,10440.5,19.3499755859375
2017-11-01,1312.0,1313.425048828125,1289.425048828125,1301.425048828125,741882.0,2,1,11,10423.7998046875,24.0
2017-11-02,1304.25,1337.0,1303.375,1313.074951171875,1468422.0,3,2,11,10452.5,33.625
2017-11-03,1316.199951171875,1318.3499755859375,1301.4000244140625,1310.050048828125,666886.0,4,3,11,10451.7998046875,16.949951171875
2017-11-06,1310.0,1335.9000244140625,1305.875,1332.7750244140625,1377000.0,0,6,11,10350.150390625,30.0250244140625
2017-11-07,1335.0,1384.0,1333.0250244140625,1355.0250244140625,2696892.0,1,7,11,10303.150390625,50.9749755859375
2017-11-08,1361.5,1379.5,1359.125,1367.5,1402252.0,2,8,11,10308.9501953125,20.375
2017-11-09,1375.0,1375.0,1359.6500244140625,1368.199951171875,1152432.0,3,9,11,10321.75,15.3499755859375
2017-11-10,1361.0999755859375,1363.0,1346.675048828125,1354.375,1356566.0,4,10,11,10224.9501953125,16.324951171875
2017-11-13,1351.0250244140625,1388.699951171875,1351.0250244140625,1379.4749755859375,1496996.0,0,13,11,10186.599609375,37.6749267578125
2017-11-14,1378.2750244140625,1378.2750244140625,1353.75,1357.300048828125,1657252.0,1,14,11,10118.0498046875,24.5250244140625
2017-11-15,1353.0,1377.5,1350.675048828125,1352.6500244140625,6670834.0,2,15,11,10214.75,26.824951171875
2017-11-16,1355.0,1381.5,1343.4749755859375,1373.324951171875,1653482.0,3,16,11,10283.599609375,38.0250244140625
2017-11-17,1374.050048828125,1374.050048828125,1351.800048828125,1353.6500244140625,1325464.0,4,17,11,10298.75,22.25
2017-11-20,1357.5,1363.449951171875,1347.6500244140625,1351.7249755859375,1014498.0,0,20,11,10326.900390625,15.7999267578125
2017-11-21,1350.5,1350.5,1333.0,1336.4749755859375,1527740.0,1,21,11,10342.2998046875,17.5
2017-11-22,1336.5,1354.8499755859375,1336.199951171875,1340.324951171875,1822624.0,2,22,11,10348.75,18.6500244140625
2017-11-23,1340.5,1346.5,1334.5,1340.625,793470.0,3,23,11,10389.7001953125,12.0
2017-11-24,1341.0,1351.449951171875,1336.550048828125,1344.0250244140625,2287512.0,4,24,11,10399.5498046875,14.89990234375
2017-11-27,1344.0,1347.949951171875,1331.0999755859375,1342.925048828125,1856786.0,0,27,11,10370.25,16.8499755859375
2017-11-28,1343.0,1351.199951171875,1335.0,1342.6500244140625,911716.0,1,28,11,10361.2998046875,16.199951171875
2017-11-29,1338.75,1346.5,1325.0,1329.074951171875,1447532.0,2,29,11,10226.5498046875,21.5
2017-11-30,1326.824951171875,1333.4749755859375,1311.5,1318.5,4299962.0,3,30,11,10121.7998046875,21.9749755859375
2017-12-01,1317.5,1334.0,1310.75,1314.9749755859375,1031144.0,4,1,12,10127.75,23.25
2017-12-04,1311.0,1329.25,1301.4749755859375,1316.175048828125,1259104.0,0,4,12,10118.25,27.7750244140625
2017-12-05,1315.5,1325.8499755859375,1314.074951171875,1317.7750244140625,1167914.0,1,5,12,10044.099609375,11.7750244140625
2017-12-06,1318.0,1322.5,1306.425048828125,1316.6500244140625,1407518.0,2,6,12,10166.7001953125,16.074951171875
2017-12-07,1316.1500244140625,1322.9749755859375,1307.5,1308.625,1326300.0,3,7,12,10265.650390625,15.4749755859375
2017-12-08,1309.0,1322.5,1298.5,1300.75,1385548.0,4,8,12,10322.25,24.0
2017-12-11,1304.175048828125,1336.324951171875,1304.175048828125,1330.550048828125,1008002.0,0,11,12,10240.150390625,32.14990234375
2017-12-12,1330.5,1331.0,1303.699951171875,1306.074951171875,1882246.0,1,12,12,10192.9501953125,27.300048828125
2017-12-13,1305.699951171875,1325.7249755859375,1300.5,1314.199951171875,2961458.0,2,13,12,10252.099609375,25.2249755859375
2017-12-14,1316.0,1316.0,1265.550048828125,1278.9000244140625,5504150.0,3,14,12,10333.25,50.449951171875
2017-12-15,1281.875,1292.2249755859375,1268.425048828125,1272.800048828125,2718138.0,4,15,12,10388.75,23.7999267578125
2017-12-18,1268.5,1294.4749755859375,1247.175048828125,1290.25,2180664.0,0,18,12,10463.2001953125,47.2999267578125
2017-12-19,1288.0,1298.9000244140625,1282.3499755859375,1287.6500244140625,1801952.0,1,19,12,10444.2001953125,16.550048828125
2017-12-20,1291.0,1296.375,1275.324951171875,1294.4749755859375,1577570.0,2,20,12,10440.2998046875,21.050048828125
2017-12-21,1293.5,1304.0,1290.0250244140625,1297.8499755859375,1293648.0,3,21,12,10493.0,13.9749755859375
2017-12-22,1302.0,1331.949951171875,1295.0999755859375,1323.375,3665664.0,4,22,12,10531.5,36.8499755859375
2017-12-26,1343.0,1344.875,1315.800048828125,1324.7249755859375,2175786.0,1,26,12,10490.75,29.074951171875
2017-12-27,1324.7249755859375,1329.25,1305.25,1309.949951171875,739284.0,2,27,12,10477.900390625,24.0
2017-12-28,1304.4000244140625,1326.75,1302.824951171875,1313.4749755859375,2605088.0,3,28,12,10530.7001953125,23.925048828125
2018-01-01,1341.1500244140625,1347.4000244140625,1317.5,1322.800048828125,1351760.0,0,1,1,10442.2001953125,29.9000244140625
2018-01-02,1330.0,1334.800048828125,1310.0999755859375,1315.5999755859375,1920290.0,1,2,1,10443.2001953125,24.7000732421875
2018-01-03,1316.0,1334.5,1315.5999755859375,1319.324951171875,1257120.0,2,3,1,10504.7998046875,18.9000244140625
2018-01-04,1325.0,1331.0,1320.0,1328.550048828125,913082.0,3,4,1,10558.849609375,11.0
2018-01-05,1325.0,1349.75,1325.0,1344.5999755859375,1153706.0,4,5,1,10623.599609375,24.75
2018-01-08,1350.0,1363.425048828125,1340.925048828125,1357.199951171875,1242220.0,0,8,1,10637.0,22.5
2018-01-09,1357.5,1360.5,1338.2750244140625,1354.5,2149396.0,1,9,1,10632.2001953125,22.2249755859375
2018-01-10,1355.5,1408.0,1347.324951171875,1403.300048828125,3365850.0,2,10,1,10651.2001953125,60.675048828125
2018-01-11,1405.0,1410.949951171875,1391.0999755859375,1395.25,2520744.0,3,11,1,10681.25,19.8499755859375
2018-01-12,1402.5,1402.5,1370.2750244140625,1388.175048828125,3360314.0,4,12,1,10741.5498046875,32.2249755859375
2018-01-15,1388.574951171875,1404.0,1367.5250244140625,1373.050048828125,1457214.0,0,15,1,10700.4501953125,36.4749755859375
2018-01-16,1378.0,1430.824951171875,1375.2750244140625,1425.425048828125,4267752.0,1,16,1,10788.5498046875,55.5499267578125
2018-01-17,1435.0,1462.5,1431.074951171875,1444.4749755859375,4280806.0,2,17,1,10817.0,31.425048828125
2018-01-18,1448.5,1466.5,1434.0250244140625,1459.0999755859375,2209478.0,3,18,1,10894.7001953125,32.4749755859375
2018-01-19,1465.2750244140625,1491.0,1451.824951171875,1479.6500244140625,1820000.0,4,19,1,10966.2001953125,39.175048828125
2018-01-22,1480.5,1567.3499755859375,1461.0,1558.199951171875,4367110.0,0,22,1,11083.7001953125,106.3499755859375
2018-01-23,1557.4749755859375,1571.175048828125,1545.0250244140625,1551.0,3239610.0,1,23,1,11086.0,26.1500244140625
2018-01-24,1545.0,1629.5250244140625,1541.324951171875,1587.300048828125,5621538.0,2,24,1,11069.650390625,88.2000732421875
2018-01-25,1587.5,1589.9000244140625,1540.5,1560.5250244140625,3833844.0,3,25,1,11130.400390625,49.4000244140625
2018-01-29,1565.699951171875,1612.5,1561.0,1599.425048828125,3141060.0,0,29,1,11049.650390625,51.5
2018-01-30,1590.0,1601.9000244140625,1571.8499755859375,1576.425048828125,1574758.0,1,30,1,11027.7001953125,30.050048828125
2018-01-31,1568.5,1575.0,1549.300048828125,1556.175048828125,3043214.0,2,31,1,11016.900390625,25.699951171875
2018-02-01,1562.0,1595.0,1544.4000244140625,1569.300048828125,2400630.0,3,1,2,10760.599609375,50.5999755859375
2018-02-02,1560.0,1595.0,1551.7249755859375,1576.824951171875,2456490.0,4,2,2,10666.5498046875,43.2750244140625
2018-02-05,1555.0,1594.0,1538.425048828125,1551.5999755859375,2757742.0,0,5,2,10498.25,55.574951171875
2018-02-06,1505.0,1538.574951171875,1492.5,1498.625,2657306.0,1,6,2,10476.7001953125,46.074951171875
2018-02-07,1513.5,1515.5,1473.7249755859375,1477.5250244140625,2180324.0,2,7,2,10576.849609375,41.7750244140625
2018-02-08,1489.875,1513.800048828125,1479.5,1487.0999755859375,2755004.0,3,8,2,10454.9501953125,34.300048828125
2018-02-09,1475.0,1497.0,1448.324951171875,1485.8499755859375,2102458.0,4,9,2,10539.75,48.675048828125
2018-02-12,1489.1500244140625,1511.675048828125,1477.7750244140625,1483.6500244140625,1974562.0,0,12,2,10500.900390625,33.9000244140625
2018-02-14,1485.0,1487.2249755859375,1446.25,1455.9000244140625,2847532.0,2,14,2,10545.5,40.9749755859375
2018-02-15,1465.9749755859375,1471.5,1452.550048828125,1462.925048828125,2465236.0,3,15,2,10452.2998046875,18.949951171875
2018-02-16,1461.5,1499.800048828125,1461.5,1466.5250244140625,2515756.0,4,16,2,10378.400390625,38.300048828125
2018-02-19,1472.5,1476.6500244140625,1447.5999755859375,1461.800048828125,1568224.0,0,19,2,10360.400390625,29.050048828125
2018-02-20,1464.0,1492.5250244140625,1463.949951171875,1472.375,1889068.0,1,20,2,10397.4501953125,28.5750732421875
2018-02-21,1487.0,1531.300048828125,1480.0250244140625,1521.1500244140625,3089228.0,2,21,2,10382.7001953125,51.2750244140625
2018-02-22,1526.0,1539.5,1511.25,1525.0999755859375,3463010.0,3,22,2,10491.0498046875,28.25
2018-02-23,1525.0,1544.5,1496.050048828125,1537.9000244140625,3362500.0,4,23,2,10582.599609375,48.449951171875
2018-02-26,1537.5,1544.9749755859375,1510.5999755859375,1515.8499755859375,1363882.0,0,26,2,10554.2998046875,34.375
2018-02-27,1520.5,1539.2750244140625,1516.0,1521.175048828125,1717800.0,1,27,2,10492.849609375,23.2750244140625
2018-02-28,1517.5,1531.9749755859375,1510.7249755859375,1517.5250244140625,2706864.0,2,28,2,10458.349609375,21.25
2018-03-01,1524.5,1530.5999755859375,1510.0,1518.8499755859375,1718124.0,3,1,3,10358.849609375,20.5999755859375
2018-03-05,1524.5,1556.824951171875,1516.4749755859375,1552.925048828125,2858168.0,0,5,3,10249.25,40.3499755859375
2018-03-06,1561.0,1563.5,1515.074951171875,1521.4000244140625,1906764.0,1,6,3,10154.2001953125,48.425048828125
2018-03-07,1535.0,1544.5,1509.25,1513.7249755859375,1917772.0,2,7,3,10242.650390625,35.25
2018-03-08,1527.449951171875,1527.449951171875,1493.75,1501.9749755859375,1951826.0,3,8,3,10226.849609375,33.699951171875
2018-03-09,1502.5,1531.5999755859375,1488.5999755859375,1517.050048828125,1872436.0,4,9,3,10421.400390625,43.0
2018-03-12,1521.5,1541.949951171875,1517.75,1526.074951171875,2091340.0,0,12,3,10426.849609375,24.199951171875
2018-03-13,1462.449951171875,1469.8499755859375,1436.0,1443.4000244140625,88067154.0,1,13,3,10410.900390625,33.8499755859375
2018-03-14,1446.4749755859375,1461.5250244140625,1437.5250244140625,1443.449951171875,3668668.0,2,14,3,10360.150390625,24.0
2018-03-15,1447.5,1451.2750244140625,1427.800048828125,1434.8499755859375,2348906.0,3,15,3,10195.150390625,23.4749755859375
2018-03-16,1434.4000244140625,1436.0,1402.5,1412.8499755859375,7197482.0,4,16,3,10094.25,33.5
2018-03-19,1414.5,1424.0,1410.0,1415.5,3489940.0,0,19,3,10124.349609375,14.0
2018-03-20,1410.0,1436.5999755859375,1409.5,1432.425048828125,4024984.0,1,20,3,10155.25,27.0999755859375
2018-03-21,1436.25,1442.1500244140625,1425.0,1428.375,3907678.0,2,21,3,10114.75,17.1500244140625
2018-03-22,1429.9749755859375,1437.9749755859375,1411.2750244140625,1415.675048828125,2326094.0,3,22,3,9998.0498046875,26.699951171875
2018-03-23,1401.0,1417.050048828125,1399.0250244140625,1409.074951171875,3654122.0,4,23,3,10130.650390625,18.0250244140625
2018-03-26,1409.5,1413.699951171875,1390.7750244140625,1408.5,2964210.0,0,26,3,10184.150390625,22.9249267578125
2018-03-27,1412.5,1431.5,1411.5250244140625,1423.8499755859375,2494574.0,1,27,3,10113.7001953125,19.9749755859375
2018-03-28,1417.949951171875,1437.5,1412.5,1424.574951171875,6865654.0,2,28,3,10211.7998046875,25.0
2018-04-02,1420.0,1457.0,1420.0,1454.824951171875,1662988.0,0,2,4,10245.0,37.0
2018-04-03,1446.050048828125,1464.949951171875,1446.050048828125,1455.625,1937290.0,1,3,4,10128.400390625,18.89990234375
2018-04-04,1464.7249755859375,1467.0,1446.0,1455.449951171875,2841820.0,2,4,4,10325.150390625,21.0
2018-04-05,1463.2750244140625,1481.875,1460.175048828125,1478.9749755859375,1809424.0,3,5,4,10331.599609375,21.699951171875
2018-04-06,1477.0,1480.0,1463.2750244140625,1475.1500244140625,1129018.0,4,6,4,10379.349609375,16.7249755859375
2018-04-09,1469.8499755859375,1481.75,1457.5,1461.949951171875,1235866.0,0,9,4,10402.25,24.25
2018-04-10,1462.8499755859375,1478.625,1462.8499755859375,1468.800048828125,1184532.0,1,10,4,10417.150390625,15.7750244140625
2018-04-11,1475.300048828125,1512.5,1472.800048828125,1507.074951171875,3124416.0,2,11,4,10458.650390625,39.699951171875
2018-04-12,1505.0,1575.0,1503.9749755859375,1569.625,6114360.0,3,12,4,10480.599609375,71.0250244140625
2018-04-13,1575.0,1620.4000244140625,1566.050048828125,1576.6500244140625,8179118.0,4,13,4,10528.349609375,54.3499755859375
2018-04-16,1558.0,1599.9749755859375,1555.375,1593.824951171875,6270274.0,0,16,4,10548.7001953125,44.5999755859375
2018-04-17,1593.824951171875,1597.4749755859375,1573.5999755859375,1583.300048828125,3301724.0,1,17,4,10526.2001953125,23.875
2018-04-18,1583.0,1596.7249755859375,1572.925048828125,1579.550048828125,2433066.0,2,18,4,10565.2998046875,23.7999267578125
2018-04-19,1589.949951171875,1608.5999755859375,1582.875,1595.574951171875,4820952.0,3,19,4,10564.0498046875,25.7249755859375
2018-04-20,1625.0,1711.175048828125,1620.0,1701.2249755859375,18465662.0,4,20,4,10584.7001953125,91.175048828125
2018-04-23,1712.0,1778.949951171875,1694.7750244140625,1704.324951171875,15185910.0,0,23,4,10614.349609375,84.1749267578125
2018-04-24,1705.0,1721.574951171875,1671.25,1692.824951171875,8314336.0,1,24,4,10570.5498046875,50.324951171875
2018-04-25,1692.5,1741.5,1682.5250244140625,1735.125,8196574.0,2,25,4,10617.7998046875,58.9749755859375
2018-04-26,1733.5,1780.0,1733.5,1769.625,12135034.0,3,26,4,10692.2998046875,46.5
2018-04-27,1762.5,1772.0,1710.0,1725.9749755859375,4501330.0,4,27,4,10739.349609375,62.0
2018-04-30,1725.9749755859375,1774.5,1718.800048828125,1766.050048828125,3458558.0,0,30,4,10718.0498046875,55.699951171875
2018-05-02,1765.25,1766.0999755859375,1735.6500244140625,1749.875,3158046.0,2,2,5,10679.650390625,30.449951171875
2018-05-03,1754.9000244140625,1763.0,1735.199951171875,1740.925048828125,3761550.0,3,3,5,10618.25,27.800048828125
2018-05-04,1746.0,1748.5,1735.0,1740.375,2347244.0,4,4,5,10715.5,13.5
2018-05-07,1745.0,1745.0,1705.449951171875,1710.4749755859375,3484426.0,0,7,5,10717.7998046875,39.550048828125
2018-05-08,1717.3499755859375,1743.25,1698.3499755859375,1720.5999755859375,2992820.0,1,8,5,10741.7001953125,44.9000244140625
2018-05-09,1720.0999755859375,1747.375,1720.0999755859375,1744.6500244140625,2615050.0,2,9,5,10716.5498046875,27.2750244140625
2018-05-10,1751.4749755859375,1755.574951171875,1720.0999755859375,1725.625,3858678.0,3,10,5,10806.5,35.4749755859375
2018-05-11,1727.0999755859375,1742.5,1721.25,1728.4749755859375,2627876.0,4,11,5,10806.599609375,21.25
2018-05-14,1728.5,1735.5,1705.4000244140625,1716.7750244140625,2433894.0,0,14,5,10801.849609375,30.0999755859375
2018-05-15,1725.0,1747.9000244140625,1716.8499755859375,1741.199951171875,1952890.0,1,15,5,10741.099609375,31.050048828125
2018-05-16,1739.9749755859375,1754.5,1737.625,1746.949951171875,1648450.0,2,16,5,10682.7001953125,16.875
2018-05-17,1756.4749755859375,1766.574951171875,1738.0,1745.9000244140625,2968048.0,3,17,5,10596.400390625,28.574951171875
2018-05-18,1740.4000244140625,1758.8499755859375,1729.0,1751.0250244140625,1874996.0,4,18,5,10516.7001953125,29.8499755859375
2018-05-21,1764.3499755859375,1796.0,1759.0250244140625,1778.375,3446178.0,0,21,5,10536.7001953125,36.9749755859375
2018-05-22,1779.0,1787.4749755859375,1746.8499755859375,1754.449951171875,1857416.0,1,22,5,10430.349609375,40.625
2018-05-23,1762.5,1772.5,1740.5,1747.550048828125,1507298.0,2,23,5,10513.849609375,32.0
2018-05-24,1755.0,1807.5,1751.175048828125,1801.8499755859375,2962316.0,3,24,5,10605.150390625,56.324951171875
2018-05-25,1812.5,1837.4000244140625,1786.2750244140625,1792.9000244140625,3769772.0,4,25,5,10688.650390625,51.125
2018-05-28,1808.25,1808.25,1743.0,1751.0250244140625,3716798.0,0,28,5,10633.2998046875,65.25
2018-05-29,1764.949951171875,1772.0,1744.0,1761.75,3525312.0,1,29,5,10614.349609375,28.0
2018-05-30,1754.5250244140625,1766.5,1741.25,1757.050048828125,3779106.0,2,30,5,10736.150390625,25.25
2018-05-31,1734.0,1759.050048828125,1726.0999755859375,1741.050048828125,5049371.0,3,31,5,10696.2001953125,32.9500732421875
2018-06-01,1754.0,1757.5,1716.300048828125,1732.449951171875,1603856.0,4,1,6,10628.5,41.199951171875
2018-06-04,1745.0,1749.0,1712.5999755859375,1744.25,1681483.0,0,4,6,10593.150390625,36.4000244140625
2018-06-05,1744.0,1751.9000244140625,1711.1500244140625,1721.5999755859375,2449568.0,1,5,6,10684.650390625,40.75
2018-06-06,1723.0,1734.9000244140625,1715.199951171875,1725.75,2236512.0,2,6,6,10768.349609375,19.7000732421875
2018-06-07,1725.0,1749.0,1723.800048828125,1735.550048828125,2414762.0,3,7,6,10767.650390625,25.199951171875
2018-06-08,1735.0,1757.300048828125,1735.0,1747.0999755859375,2582138.0,4,8,6,10786.9501953125,22.300048828125
2018-06-11,1747.0999755859375,1763.0,1743.0,1749.699951171875,2179378.0,0,11,6,10842.849609375,20.0
2018-06-12,1757.0,1785.0,1753.0,1781.0,4608875.0,1,12,6,10856.7001953125,32.0
2018-06-13,1816.0,1831.6500244140625,1798.0,1824.0999755859375,5370983.0,2,13,6,10808.0498046875,33.6500244140625
2018-06-14,1830.0,1832.300048828125,1784.0,1787.550048828125,3819998.0,3,14,6,10817.7001953125,48.300048828125
2018-06-15,1800.0,1847.0999755859375,1788.5999755859375,1840.050048828125,9183574.0,4,15,6,10799.849609375,58.5
2018-06-18,1867.949951171875,1867.949951171875,1822.1500244140625,1829.0,4674987.0,0,18,6,10710.4501953125,45.7999267578125
2018-06-19,1822.1500244140625,1839.0,1821.0,1824.5,3245034.0,1,19,6,10772.0498046875,18.0
2018-06-20,1832.0,1836.300048828125,1818.5999755859375,1822.449951171875,3107695.0,2,20,6,10741.099609375,17.7000732421875
2018-06-21,1832.0,1832.0,1817.5999755859375,1819.3499755859375,2910659.0,3,21,6,10821.849609375,14.4000244140625
2018-06-22,1827.0,1827.0,1799.550048828125,1809.800048828125,2949458.0,4,22,6,10762.4501953125,27.449951171875
2018-06-25,1811.9000244140625,1822.3499755859375,1806.0,1819.25,2083217.0,0,25,6,10769.150390625,16.3499755859375
2018-06-26,1823.0,1861.0,1821.0,1852.0,4679712.0,1,26,6,10671.400390625,40.0
2018-06-27,1860.0,1885.1500244140625,1851.25,1858.0,4081208.0,2,27,6,10589.099609375,33.9000244140625
2018-06-28,1865.0,1871.0,1826.300048828125,1842.699951171875,4888125.0,3,28,6,10714.2998046875,44.699951171875
2018-06-29,1844.9000244140625,1867.4000244140625,1842.300048828125,1847.75,3506276.0,4,29,6,10657.2998046875,25.0999755859375
2018-07-02,1852.0,1857.800048828125,1841.0999755859375,1851.3499755859375,2650290.0,0,2,7,10699.900390625,16.7000732421875
2018-07-03,1859.949951171875,1879.9000244140625,1857.050048828125,1874.050048828125,3242233.0,1,3,7,10769.900390625,22.8499755859375
2018-07-04,1879.9000244140625,1879.9000244140625,1857.1500244140625,1866.1500244140625,2700614.0,2,4,7,10749.75,22.75
2018-07-05,1873.0,1887.5,1862.0999755859375,1880.300048828125,2472571.0,3,5,7,10772.650390625,25.4000244140625
2018-07-06,1882.8499755859375,1921.0,1881.6500244140625,1912.949951171875,3713781.0,4,6,7,10852.900390625,39.3499755859375
2018-07-09,1924.0,1924.4000244140625,1876.5,1883.0,6151747.0,0,9,7,10947.25,47.9000244140625
2018-07-10,1898.0,1898.9000244140625,1870.75,1875.0999755859375,5303302.0,1,10,7,10948.2998046875,28.1500244140625
2018-07-11,1900.0,1998.0,1894.1500244140625,1979.9000244140625,22903802.0,2,11,7,11023.2001953125,103.8499755859375
2018-07-12,1984.0,1990.9000244140625,1960.5,1971.3499755859375,6921701.0,3,12,7,11018.900390625,30.4000244140625
2018-07-13,1975.0,1997.9000244140625,1974.0,1981.0999755859375,4148185.0,4,13,7,10936.849609375,23.9000244140625
2018-07-16,1990.0,1996.0,1977.449951171875,1989.199951171875,2582159.0,0,16,7,11008.0498046875,18.550048828125
2018-07-17,1989.0,2009.0,1981.0,2002.1500244140625,3315492.0,1,17,7,10980.4501953125,28.0
2018-07-18,2005.0,2011.699951171875,1993.050048828125,2000.25,2013869.0,2,18,7,10957.099609375,18.64990234375
2018-07-19,2002.0999755859375,2010.449951171875,1970.0,1981.4000244140625,1746318.0,3,19,7,11010.2001953125,40.449951171875
2018-07-20,1984.9000244140625,2000.0,1984.0,1996.5999755859375,1934995.0,4,20,7,11084.75,16.0
2018-07-23,2001.0,2009.949951171875,1986.0,2005.6500244140625,2086201.0,0,23,7,11134.2998046875,23.949951171875
2018-07-24,2015.0,2015.0,1984.1500244140625,1999.0,2038423.0,1,24,7,11132.0,30.8499755859375
2018-07-25,2001.9000244140625,2002.0,1968.4000244140625,1981.5,1535492.0,2,25,7,11167.2998046875,33.5999755859375
2018-07-26,1974.949951171875,1985.0,1955.0999755859375,1964.699951171875,3503036.0,3,26,7,11278.349609375,29.9000244140625
2018-07-27,1960.8499755859375,1964.6500244140625,1940.300048828125,1943.75,2033977.0,4,27,7,11319.5498046875,24.3499755859375
2018-07-30,1943.0,1954.699951171875,1931.550048828125,1944.5999755859375,1579251.0,0,30,7,11356.5,23.14990234375
2018-07-31,1942.0,1947.0,1928.0,1940.199951171875,2204803.0,1,31,7,11346.2001953125,19.0
2018-08-01,1949.949951171875,1981.550048828125,1949.800048828125,1976.5,2425180.0,2,1,8,11244.7001953125,31.75
2018-08-02,1980.0,1985.0,1945.0,1948.4000244140625,1509287.0,3,2,8,11360.7998046875,40.0
2018-08-03,1956.5,1982.050048828125,1956.5,1979.449951171875,1505131.0,4,3,8,11387.099609375,25.550048828125
2018-08-06,1997.0,1998.949951171875,1972.25,1975.550048828125,1532249.0,0,6,8,11389.4501953125,26.699951171875
2018-08-07,1978.199951171875,1979.1500244140625,1960.5,1967.3499755859375,1353521.0,1,7,8,11450.0,18.6500244140625
2018-08-08,1972.0,1978.300048828125,1962.0,1974.0,1315062.0,2,8,8,11470.7001953125,16.300048828125
2018-08-09,1980.0,1980.800048828125,1966.0,1974.3499755859375,2060297.0,3,9,8,11429.5,14.800048828125
2018-08-10,1980.949951171875,1996.5,1972.050048828125,1993.0999755859375,2784105.0,4,10,8,11355.75,24.449951171875
2018-08-13,1997.800048828125,2004.25,1990.0,2000.1500244140625,3559575.0,0,13,8,11435.099609375,14.25
2018-08-14,1992.0,2024.5999755859375,1982.4000244140625,2003.550048828125,3311765.0,1,14,8,11385.0498046875,42.199951171875
2018-08-16,2000.300048828125,2020.050048828125,1995.0,2008.5,2152065.0,3,16,8,11470.75,25.050048828125
2018-08-17,2013.8499755859375,2021.9000244140625,2004.0,2012.75,1213731.0,4,17,8,11551.75,17.9000244140625
2018-08-20,2024.0,2024.0,2003.699951171875,2009.949951171875,1587032.0,0,20,8,11570.900390625,20.300048828125
2018-08-21,2010.1500244140625,2024.0,2004.0,2017.6500244140625,1376866.0,1,21,8,11582.75,20.0
2018-08-23,2022.800048828125,2038.0,2020.300048828125,2035.0999755859375,3046791.0,3,23,8,11557.099609375,17.699951171875
2018-08-24,2035.0999755859375,2046.0,2031.0,2043.0,1570533.0,4,24,8,11691.9501953125,15.0
2018-08-27,2043.0,2059.0,2035.0,2050.89990234375,1532702.0,0,27,8,11738.5,24.0
2018-08-28,2055.0,2072.0,2052.0,2069.199951171875,1987983.0,1,28,8,11691.900390625,20.0
2018-08-29,2072.5,2076.60009765625,2045.5999755859375,2072.0,1525867.0,2,29,8,11676.7998046875,31.0001220703125
2018-08-30,2068.0,2085.0,2065.5,2082.39990234375,2408020.0,3,30,8,11680.5,19.5
2018-08-31,2082.300048828125,2092.0,2074.0,2078.39990234375,2504554.0,4,31,8,11582.349609375,18.0
2018-09-03,2084.800048828125,2090.0,2048.39990234375,2052.89990234375,1439711.0,0,3,9,11520.2998046875,41.60009765625
2018-09-04,2059.800048828125,2104.75,2056.949951171875,2098.89990234375,4420803.0,1,4,9,11476.9501953125,47.800048828125
2018-09-05,2100.0,2107.25,2075.050048828125,2079.25,1681106.0,2,5,9,11536.900390625,32.199951171875
2018-09-06,2075.0,2081.5,2060.300048828125,2075.300048828125,2238097.0,3,6,9,11589.099609375,21.199951171875
2018-09-07,2079.300048828125,2084.0,2065.39990234375,2079.85009765625,1312182.0,4,7,9,11438.099609375,18.60009765625
2018-09-10,2084.39990234375,2093.39990234375,2074.25,2080.75,1530539.0,0,10,9,11287.5,19.14990234375
2018-09-11,2089.0,2089.0,2042.199951171875,2046.25,3679745.0,1,11,9,11369.900390625,46.800048828125
2018-09-12,2052.35009765625,2068.89990234375,2040.0,2043.949951171875,2307661.0,2,12,9,11515.2001953125,28.89990234375
2018-09-14,2044.0,2071.550048828125,2018.1500244140625,2065.39990234375,3642038.0,4,14,9,11377.75,53.4000244140625
2018-09-17,2070.0,2077.800048828125,2054.550048828125,2074.14990234375,1033857.0,0,17,9,11278.900390625,23.25
2018-09-18,2073.0,2078.800048828125,2057.60009765625,2070.75,1456507.0,1,18,9,11234.349609375,21.199951171875
2018-09-19,2071.89990234375,2089.0,2066.85009765625,2077.89990234375,1301268.0,2,19,9,11143.099609375,22.14990234375
2018-09-21,2077.0,2121.0,2050.14990234375,2103.14990234375,4508530.0,4,21,9,10967.400390625,70.85009765625
2018-09-24,2115.0,2210.5,2098.14990234375,2198.449951171875,3032226.0,0,24,9,11067.4501953125,112.35009765625
2018-09-25,2204.89990234375,2211.89990234375,2153.800048828125,2183.199951171875,2868778.0,1,25,9,11053.7998046875,58.099853515625
2018-09-26,2187.0,2199.0,2135.10009765625,2142.14990234375,1970951.0,2,26,9,10977.5498046875,63.89990234375
2018-09-27,2141.89990234375,2209.699951171875,2135.800048828125,2188.85009765625,3311802.0,3,27,9,10930.4501953125,73.89990234375
2018-09-28,2178.0,2190.0,2158.85009765625,2183.699951171875,2904371.0,4,28,9,11008.2998046875,31.14990234375
2018-10-01,2190.89990234375,2275.949951171875,2190.35009765625,2255.550048828125,3772208.0,0,1,10,10858.25,85.599853515625
2018-10-03,2250.300048828125,2255.0,2155.60009765625,2162.85009765625,3902322.0,2,3,10,10599.25,99.39990234375
2018-10-04,2156.60009765625,2156.64990234375,2056.35009765625,2064.800048828125,4762419.0,3,4,10,10316.4501953125,100.2998046875
2018-10-05,2050.0,2120.0,2020.9000244140625,2102.64990234375,3417624.0,4,5,10,10348.0498046875,99.0999755859375
2018-10-08,2102.64990234375,2122.199951171875,2048.14990234375,2077.550048828125,2010154.0,0,8,10,10301.0498046875,74.050048828125
2018-10-09,2080.35009765625,2107.64990234375,2053.199951171875,2091.800048828125,1867130.0,1,9,10,10460.099609375,54.449951171875
2018-10-10,2100.0,2105.949951171875,2029.0,2043.5999755859375,2749573.0,2,10,10,10234.650390625,76.949951171875
2018-10-11,1985.0,2013.0,1941.0,1979.949951171875,4700256.0,3,11,10,10472.5,72.0
2018-10-12,1978.0,1978.0,1903.0,1918.300048828125,9373289.0,4,12,10,10512.5,75.0
2018-10-15,1940.0,1955.550048828125,1920.0,1949.5,2638151.0,0,15,10,10584.75,35.550048828125
2018-10-16,1958.0,1971.9000244140625,1935.0,1962.300048828125,2815425.0,1,16,10,10453.0498046875,36.9000244140625
2018-10-17,1970.0,1989.0,1920.0,1929.4000244140625,2779207.0,2,17,10,10303.5498046875,69.0
2018-10-19,1929.0,1929.0,1870.050048828125,1913.199951171875,3428776.0,4,19,10,10245.25,58.949951171875
2018-10-22,1914.0,1916.0,1886.949951171875,1903.0,1778496.0,0,22,10,10146.7998046875,29.050048828125
2018-10-23,1888.0,1898.0,1837.0,1843.6500244140625,2752811.0,1,23,10,10224.75,61.0
2018-10-24,1852.050048828125,1874.0,1811.0999755859375,1848.5,2735913.0,2,24,10,10124.900390625,62.9000244140625
2018-10-25,1844.0,1876.9000244140625,1825.050048828125,1853.0,2507233.0,3,25,10,10030.0,51.8499755859375
2018-10-26,1853.9000244140625,1853.9000244140625,1791.0999755859375,1799.0999755859375,2285970.0,4,26,10,10250.849609375,62.800048828125
2018-10-29,1808.699951171875,1877.949951171875,1784.3499755859375,1871.0,2609483.0,0,29,10,10198.400390625,93.5999755859375
2018-10-30,1867.0,1909.4000244140625,1845.0,1894.800048828125,2404883.0,1,30,10,10386.599609375,64.4000244140625
2018-10-31,1900.0,1943.9000244140625,1875.449951171875,1938.1500244140625,2769190.0,2,31,10,10380.4501953125,68.4500732421875
2018-11-01,1943.6500244140625,1944.3499755859375,1901.300048828125,1935.75,2769759.0,3,1,11,10553.0,43.0499267578125
2018-11-02,1934.199951171875,1954.5999755859375,1905.0,1913.449951171875,1818635.0,4,2,11,10524.0,49.5999755859375
2018-11-05,1910.0,1927.3499755859375,1884.75,1890.8499755859375,1713366.0,0,5,11,10530.0,42.5999755859375
2018-11-06,1894.0,1937.5,1891.0,1932.699951171875,1398710.0,1,6,11,10598.400390625,46.5
2018-11-07,1940.0,1949.0,1937.0,1942.1500244140625,144530.0,2,7,11,10585.2001953125,12.0
2018-11-09,1961.0,1961.949951171875,1905.0,1909.199951171875,2570479.0,4,9,11,10482.2001953125,56.949951171875
2018-11-12,1908.5,1946.0999755859375,1908.5,1914.8499755859375,2552008.0,0,12,11,10582.5,37.5999755859375
2018-11-13,1915.0,1939.0,1903.0,1934.949951171875,1418432.0,1,13,11,10576.2998046875,36.0
2018-11-14,1925.0,1929.9000244140625,1870.0,1880.6500244140625,2422318.0,2,14,11,10616.7001953125,59.9000244140625
2018-11-15,1864.0,1899.0,1857.5999755859375,1872.8499755859375,1829123.0,3,15,11,10682.2001953125,41.4000244140625
2018-11-16,1889.0,1899.800048828125,1870.25,1886.5999755859375,1829729.0,4,16,11,10763.400390625,29.550048828125
2018-11-19,1899.0,1907.3499755859375,1864.300048828125,1902.449951171875,1740628.0,0,19,11,10656.2001953125,43.0499267578125
2018-11-20,1902.0,1902.0,1874.199951171875,1878.25,1190182.0,1,20,11,10600.0498046875,27.800048828125
2018-11-21,1871.0,1871.050048828125,1798.550048828125,1812.0,3840461.0,2,21,11,10526.75,72.5
2018-11-22,1820.0,1847.5999755859375,1809.949951171875,1812.550048828125,3194219.0,3,22,11,10628.599609375,37.6500244140625
2018-11-26,1819.0,1860.0,1784.5,1846.0999755859375,4333177.0,0,26,11,10685.599609375,75.5
2018-11-27,1854.0,1897.9000244140625,1835.3499755859375,1890.25,3344839.0,1,27,11,10728.849609375,62.550048828125
2018-11-28,1889.0,1989.0,1882.5,1983.9000244140625,5313249.0,2,28,11,10858.7001953125,106.5
2018-11-29,1997.0,1997.0,1942.550048828125,1960.550048828125,4035441.0,3,29,11,10876.75,54.449951171875
2018-11-30,1966.0,1991.0,1959.8499755859375,1968.25,5268901.0,4,30,11,10883.75,31.1500244140625
2018-12-03,1984.0,1990.0,1968.300048828125,1982.4000244140625,1610576.0,0,3,12,10869.5,21.699951171875
2018-12-04,1983.0,2019.4000244140625,1971.0,2010.8499755859375,3270615.0,1,4,12,10782.900390625,48.4000244140625
2018-12-05,2006.0,2018.0,1985.0,2006.75,2501539.0,2,5,12,10601.150390625,33.0
2018-12-06,1998.0,2017.0,1979.5999755859375,1992.699951171875,2321216.0,3,6,12,10693.7001953125,37.4000244140625
2018-12-07,1985.050048828125,2003.9000244140625,1973.0,1995.199951171875,1680420.0,4,7,12,10488.4501953125,30.9000244140625
2018-12-10,1975.0,2011.0,1960.0,1975.800048828125,2010786.0,0,10,12,10549.150390625,51.0
2018-12-11,1970.0,2010.0,1961.0,2000.0,2942014.0,1,11,12,10737.599609375,49.0
2018-12-12,2001.0999755859375,2022.0,1984.949951171875,2016.800048828125,2219993.0,2,12,12,10791.5498046875,37.050048828125
2018-12-13,2024.0,2029.699951171875,1974.5,1982.5999755859375,3748429.0,3,13,12,10805.4501953125,55.199951171875
2018-12-14,1983.0,1998.949951171875,1975.25,1989.75,2473761.0,4,14,12,10888.349609375,23.699951171875
2018-12-17,1999.0,2004.9000244140625,1985.0,1994.300048828125,1227921.0,0,17,12,10908.7001953125,19.9000244140625
2018-12-18,1991.9000244140625,2002.0,1976.4000244140625,1987.8499755859375,1768742.0,1,18,12,10967.2998046875,25.5999755859375
2018-12-19,1984.800048828125,1984.800048828125,1960.050048828125,1968.449951171875,2498833.0,2,19,12,10951.7001953125,24.75
2018-12-20,1953.800048828125,1974.9000244140625,1946.0,1954.050048828125,1940277.0,3,20,12,10754.0,28.9000244140625
2018-12-21,1948.0,1950.0,1886.550048828125,1895.800048828125,3729956.0,4,21,12,10663.5,63.449951171875
2018-12-24,1905.800048828125,1938.9000244140625,1905.0,1918.5,1864116.0,0,24,12,10729.849609375,33.9000244140625
2018-12-26,1921.800048828125,1921.800048828125,1870.25,1889.199951171875,2446614.0,2,26,12,10779.7998046875,51.550048828125
2018-12-27,1909.0,1941.699951171875,1872.0999755859375,1908.949951171875,4968201.0,3,27,12,10859.900390625,69.5999755859375
2018-12-28,1915.0,1920.0,1893.0,1896.050048828125,2239130.0,4,28,12,10862.5498046875,27.0
2019-01-01,1896.0,1910.0,1885.0,1902.800048828125,1094883.0,1,1,1,10792.5,25.0
2019-01-02,1905.0,1934.449951171875,1900.0,1923.300048828125,2100463.0,2,2,1,10672.25,34.449951171875
2019-01-03,1919.0,1944.949951171875,1893.0999755859375,1899.949951171875,2611668.0,3,3,1,10727.349609375,51.8499755859375
2019-01-04,1900.0,1901.199951171875,1841.0,1876.8499755859375,4280862.0,4,4,1,10771.7998046875,60.199951171875
2019-01-07,1891.800048828125,1908.800048828125,1881.0,1897.9000244140625,1856423.0,0,7,1,10802.150390625,27.800048828125
2019-01-08,1905.4000244140625,1906.4000244140625,1883.300048828125,1893.550048828125,1691756.0,1,8,1,10855.150390625,23.0999755859375
2019-01-09,1907.4000244140625,1919.0,1866.699951171875,1886.949951171875,2414376.0,2,9,1,10821.599609375,52.300048828125
2019-01-10,1890.0,1905.0,1872.0999755859375,1888.550048828125,3053461.0,3,10,1,10794.9501953125,32.9000244140625
2019-01-11,1870.0,1875.0,1835.0,1842.550048828125,9209862.0,4,11,1,10737.599609375,40.0
2019-01-14,1850.0,1851.0,1810.0,1813.25,3615370.0,0,14,1,10886.7998046875,41.0
2019-01-15,1810.0,1869.3499755859375,1808.0,1867.800048828125,7711653.0,1,15,1,10890.2998046875,61.3499755859375
2019-01-16,1870.0,1875.0,1847.0,1870.1500244140625,2359280.0,2,16,1,10905.2001953125,28.0
2019-01-17,1878.0,1898.0,1871.300048828125,1894.300048828125,2625816.0,3,17,1,10906.9501953125,26.699951171875
2019-01-18,1881.0,1904.199951171875,1876.0,1900.6500244140625,1683728.0,4,18,1,10961.849609375,28.199951171875
2019-01-21,1902.0,1932.0,1895.449951171875,1908.699951171875,2409803.0,0,21,1,10922.75,36.550048828125
2019-01-22,1907.0999755859375,1918.25,1890.0,1901.9000244140625,2457093.0,1,22,1,10831.5,28.25
2019-01-23,1901.0,1906.0999755859375,1870.0,1875.5999755859375,2578169.0,2,23,1,10849.7998046875,36.0999755859375
2019-01-24,1884.800048828125,1905.25,1875.0,1901.550048828125,1962927.0,3,24,1,10780.5498046875,30.25
2019-01-25,1902.0,1935.0,1901.0,1920.800048828125,2327080.0,4,25,1,10661.5498046875,34.0
2019-01-28,1933.0,1962.0,1925.5,1955.0,2769033.0,0,28,1,10652.2001953125,36.5
2019-01-29,1962.0,1989.050048828125,1936.6500244140625,1982.75,2557626.0,1,29,1,10651.7998046875,52.4000244140625
2019-01-30,1979.5999755859375,1989.5,1954.6500244140625,1981.4000244140625,2429575.0,2,30,1,10830.9501953125,34.8499755859375
2019-01-31,1987.0,2019.75,1985.0,2014.0999755859375,4094319.0,3,31,1,10893.650390625,34.75
2019-02-01,2009.5,2034.75,1998.0999755859375,2029.949951171875,3064163.0,4,1,2,10912.25,36.6500244140625
2019-02-04,2029.949951171875,2055.449951171875,2023.0,2050.25,1590764.0,0,4,2,10934.349609375,32.449951171875
2019-02-05,2050.0,2055.0,2028.0,2044.550048828125,1111404.0,1,5,2,11062.4501953125,27.0
2019-02-06,2049.89990234375,2086.85009765625,2041.050048828125,2074.800048828125,1789812.0,2,6,2,11069.400390625,45.800048828125
2019-02-07,2074.75,2097.949951171875,2067.0,2082.89990234375,1339945.0,3,7,2,10943.599609375,30.949951171875
2019-02-08,2075.0,2089.5,2051.0,2061.39990234375,1684474.0,4,8,2,10888.7998046875,38.5
2019-02-11,2060.0,2096.0,2048.89990234375,2065.89990234375,1778730.0,0,11,2,10831.400390625,47.10009765625
2019-02-12,2070.0,2070.0,2018.0,2051.60009765625,2422903.0,1,12,2,10746.0498046875,52.0
2019-02-14,2060.050048828125,2075.0,2033.050048828125,2044.5999755859375,1724085.0,3,14,2,10724.400390625,41.949951171875
2019-02-15,2049.0,2052.0,2010.949951171875,2029.699951171875,1930065.0,4,15,2,10640.9501953125,41.050048828125
2019-02-18,2037.5999755859375,2041.949951171875,1962.6500244140625,1970.300048828125,2942184.0,0,18,2,10604.349609375,79.2999267578125
2019-02-19,1970.0,1971.0,1892.0,1904.800048828125,4408554.0,1,19,2,10735.4501953125,79.0
2019-02-20,1915.0,1933.800048828125,1881.300048828125,1914.75,4645778.0,2,20,2,10789.849609375,52.5
2019-02-21,1914.75,1940.0,1897.050048828125,1914.199951171875,4683919.0,3,21,2,10791.650390625,42.949951171875
2019-02-22,1917.199951171875,1930.0,1905.0999755859375,1925.6500244140625,2271955.0,4,22,2,10880.099609375,24.9000244140625
2019-02-25,1932.5,1990.0,1930.5,1985.1500244140625,2934880.0,0,25,2,10835.2998046875,59.5
2019-02-26,1984.0,2045.1500244140625,1972.25,2038.699951171875,6453309.0,1,26,2,10806.650390625,72.9000244140625
2019-02-27,2040.0,2074.949951171875,2022.0,2058.10009765625,4732082.0,2,27,2,10792.5,52.949951171875
2019-02-28,2060.0,2071.35009765625,1977.5999755859375,1983.449951171875,8454295.0,3,28,2,10863.5,93.7501220703125
2019-03-01,1995.050048828125,2005.0,1980.3499755859375,1995.4000244140625,4148548.0,4,1,3,10987.4501953125,24.6500244140625
2019-03-05,2005.0,2007.0,1976.5999755859375,1988.0999755859375,2449622.0,1,5,3,11053.0,30.4000244140625
2019-03-06,1989.300048828125,2015.0,1985.050048828125,1999.5999755859375,2635047.0,2,6,3,11058.2001953125,29.949951171875
2019-03-07,2005.0,2024.050048828125,2000.199951171875,2013.300048828125,2539884.0,3,7,3,11035.400390625,23.85009765625
2019-03-08,2025.0,2033.0,2010.050048828125,2022.699951171875,2031071.0,4,8,3,11168.0498046875,22.949951171875
2019-03-11,2028.9000244140625,2033.0,2003.6500244140625,2014.800048828125,3111689.0,0,11,3,11301.2001953125,29.3499755859375
2019-03-12,2014.050048828125,2024.800048828125,2003.0,2012.449951171875,2658550.0,1,12,3,11341.7001953125,21.800048828125
2019-03-13,2013.0,2015.9000244140625,1978.5999755859375,2000.5,1833163.0,2,13,3,11343.25,37.300048828125
2019-03-14,2004.949951171875,2007.800048828125,1981.0,1987.4000244140625,1905495.0,3,14,3,11426.849609375,26.800048828125
2019-03-15,1998.9000244140625,2068.949951171875,1991.0,2039.949951171875,5184318.0,4,15,3,11462.2001953125,77.949951171875
2019-03-18,2043.0,2064.60009765625,2011.0,2022.800048828125,2349915.0,0,18,3,11532.400390625,53.60009765625
2019-03-19,2030.0,2030.0,1995.0999755859375,2022.800048828125,2373993.0,1,19,3,11521.0498046875,34.9000244140625
2019-03-20,2028.0,2044.800048828125,2000.0,2015.050048828125,3091165.0,2,20,3,11456.900390625,44.800048828125
2019-03-22,2015.0,2016.0,1983.300048828125,2005.6500244140625,3148149.0,4,22,3,11354.25,32.699951171875
2019-03-25,2007.800048828125,2007.800048828125,1977.199951171875,1984.25,2429205.0,0,25,3,11483.25,30.60009765625
2019-03-26,1984.0,1994.949951171875,1958.050048828125,1982.6500244140625,2316539.0,1,26,3,11445.0498046875,36.89990234375
2019-03-27,1994.0,1998.0,1961.0,1967.9000244140625,2266166.0,2,27,3,11570.0,37.0
2019-03-28,1980.0,2014.5999755859375,1972.800048828125,2000.300048828125,4054489.0,3,28,3,11669.150390625,41.7999267578125
2019-04-01,2010.0,2039.949951171875,2008.25,2031.6500244140625,2095740.0,0,1,4,11713.2001953125,31.699951171875
2019-04-02,2037.0999755859375,2086.0,2037.0,2079.300048828125,3719663.0,1,2,4,11643.9501953125,49.0
2019-04-03,2085.0,2089.60009765625,2058.10009765625,2079.300048828125,2939886.0,2,3,4,11598.0,31.5
2019-04-04,2078.14990234375,2079.699951171875,2007.4000244140625,2014.5,4397518.0,3,4,4,11665.9501953125,72.2999267578125
2019-04-05,2028.6500244140625,2054.39990234375,2018.800048828125,2048.300048828125,3152103.0,4,5,4,11604.5,35.599853515625
2019-04-08,2059.0,2075.0,2032.699951171875,2070.75,2194294.0,0,8,4,11671.9501953125,42.300048828125
2019-04-09,2070.0,2098.0,2057.64990234375,2091.5,2690970.0,1,9,4,11584.2998046875,40.35009765625
2019-04-10,2083.0,2085.5,2036.0,2040.25,3313062.0,2,10,4,11596.7001953125,49.5
2019-04-11,2045.0,2055.0,2013.6500244140625,2019.5,3422442.0,3,11,4,11643.4501953125,41.3499755859375
2019-04-12,2038.0,2039.0,2007.0,2014.5,3198471.0,4,12,4,11690.349609375,32.0
2019-04-15,2070.0,2119.800048828125,2041.0,2113.300048828125,9189201.0,0,15,4,11787.150390625,78.800048828125
2019-04-16,2120.0,2155.949951171875,2115.550048828125,2131.800048828125,5771952.0,1,16,4,11752.7998046875,40.39990234375
2019-04-18,2149.89990234375,2155.0,2114.199951171875,2150.050048828125,3413728.0,3,18,4,11594.4501953125,40.800048828125
2019-04-22,2148.0,2176.0,2145.60009765625,2161.449951171875,2007135.0,0,22,4,11575.9501953125,30.39990234375
2019-04-23,2163.0,2165.5,2134.050048828125,2155.050048828125,2163524.0,1,23,4,11726.150390625,31.449951171875
2019-04-24,2158.0,2195.0,2156.10009765625,2183.449951171875,3003071.0,2,24,4,11641.7998046875,38.89990234375
2019-04-25,2175.0,2205.0,2168.050048828125,2195.0,4211526.0,3,25,4,11754.650390625,36.949951171875
2019-04-26,2203.0,2243.949951171875,2193.14990234375,2238.550048828125,2716958.0,4,26,4,11748.150390625,50.800048828125
2019-04-30,2238.550048828125,2266.949951171875,2230.10009765625,2260.35009765625,3488395.0,1,30,4,11724.75,36.849853515625
2019-05-02,2255.0,2259.39990234375,2211.10009765625,2215.39990234375,2457699.0,3,2,5,11712.25,48.2998046875
2019-05-03,2185.0,2186.050048828125,2125.0,2132.0,3780886.0,4,3,5,11598.25,61.050048828125
2019-05-06,2110.0,2165.0,2108.5,2157.85009765625,2891422.0,0,6,5,11497.900390625,56.5
2019-05-07,2160.050048828125,2184.35009765625,2138.800048828125,2151.949951171875,2201698.0,1,7,5,11359.4501953125,45.550048828125
2019-05-08,2151.0,2168.0,2130.39990234375,2152.85009765625,1824895.0,2,8,5,11301.7998046875,37.60009765625
2019-05-09,2145.0,2184.10009765625,2136.10009765625,2172.550048828125,2264162.0,3,9,5,11278.900390625,48.0
2019-05-10,2175.0,2192.0,2125.85009765625,2135.800048828125,2039633.0,4,10,5,11148.2001953125,66.14990234375
2019-05-13,2133.0,2167.0,2121.64990234375,2128.75,1701744.0,0,13,5,11222.0498046875,45.35009765625
2019-05-14,2135.0,2159.800048828125,2072.35009765625,2092.35009765625,2456110.0,1,14,5,11157.0,87.449951171875
2019-05-15,2097.0,2124.0,2084.5,2095.39990234375,2346876.0,2,15,5,11257.099609375,39.5
2019-05-16,2096.0,2124.0,2077.050048828125,2108.75,1946529.0,3,16,5,11407.150390625,46.949951171875
2019-05-17,2112.60009765625,2135.0,2090.0,2095.449951171875,1947908.0,4,17,5,11828.25,45.0
2019-05-20,2125.0,2151.39990234375,2050.0,2143.949951171875,2625116.0,0,20,5,11709.099609375,101.39990234375
2019-05-21,2148.050048828125,2148.699951171875,2102.550048828125,2109.75,1863157.0,1,21,5,11737.900390625,46.14990234375
2019-05-22,2110.0,2121.949951171875,2075.0,2081.75,2595795.0,2,22,5,11657.0498046875,46.949951171875
2019-05-23,2098.0,2115.35009765625,2050.0,2054.050048828125,2541294.0,3,23,5,11844.099609375,65.35009765625
2019-05-24,2070.0,2070.0,2032.25,2048.0,2274208.0,4,24,5,11924.75,37.75
2019-05-27,2054.800048828125,2068.949951171875,2040.0999755859375,2055.14990234375,2329820.0,0,27,5,11928.75,28.8499755859375
2019-05-28,2060.0,2097.5,2045.0,2073.75,5872979.0,1,28,5,11861.099609375,52.5
2019-05-29,2080.0,2123.699951171875,2077.10009765625,2107.550048828125,3281320.0,2,29,5,11945.900390625,46.599853515625
2019-05-30,2123.0,2156.550048828125,2114.39990234375,2146.300048828125,4971725.0,3,30,5,11922.7998046875,42.150146484375
2019-05-31,2160.0,2204.949951171875,2152.25,2196.550048828125,4265370.0,4,31,5,12088.5498046875,52.699951171875
2019-06-03,2201.0,2247.64990234375,2185.64990234375,2242.300048828125,3682419.0,0,3,6,12021.650390625,62.0
2019-06-04,2224.0,2224.0,2175.0,2183.10009765625,2408658.0,1,4,6,11843.75,49.0
2019-06-06,2199.0,2199.0,2152.0,2166.10009765625,3735467.0,3,6,6,11870.650390625,47.0
2019-06-07,2174.0,2189.800048828125,2142.10009765625,2181.75,2659446.0,4,7,6,11922.7001953125,47.699951171875
2019-06-10,2196.699951171875,2235.85009765625,2185.5,2231.5,2080593.0,0,10,6,11965.599609375,50.35009765625
2019-06-11,2237.0,2263.949951171875,2231.0,2252.800048828125,3048937.0,1,11,6,11906.2001953125,32.949951171875
2019-06-12,2245.0,2266.89990234375,2219.0,2260.89990234375,2404448.0,2,12,6,11914.0498046875,47.89990234375
2019-06-13,2264.0,2285.0,2243.050048828125,2254.10009765625,3320916.0,3,13,6,11823.2998046875,41.949951171875
2019-06-14,2257.25,2263.10009765625,2234.0,2254.5,2131408.0,4,14,6,11672.150390625,29.10009765625
2019-06-17,2256.0,2262.0,2241.449951171875,2249.199951171875,1489497.0,0,17,6,11691.5,20.550048828125
2019-06-18,2244.0,2260.0,2231.199951171875,2250.85009765625,1877447.0,1,18,6,11691.4501953125,28.800048828125
2019-06-19,2255.0,2276.0,2243.14990234375,2259.89990234375,1652817.0,2,19,6,11831.75,32.85009765625
2019-06-20,2230.0,2284.0,2212.0,2277.949951171875,2199377.0,3,20,6,11724.099609375,72.0
2019-06-21,2285.0,2292.5,2242.0,2249.85009765625,3871804.0,4,21,6,11699.650390625,50.5
2019-06-24,2254.14990234375,2280.0,2250.800048828125,2275.5,1382424.0,0,24,6,11796.4501953125,29.199951171875
2019-06-25,2270.0,2274.449951171875,2250.5,2267.800048828125,1386077.0,1,25,6,11847.5498046875,23.949951171875
2019-06-26,2265.0,2266.800048828125,2250.0,2254.199951171875,1762224.0,2,26,6,11841.5498046875,16.800048828125
2019-06-27,2255.0,2264.0,2241.300048828125,2252.550048828125,2813464.0,3,27,6,11788.849609375,22.699951171875
2019-06-28,2260.0,2261.949951171875,2222.5,2227.199951171875,2372928.0,4,28,6,11865.599609375,39.449951171875
2019-07-01,2235.0,2255.0,2206.60009765625,2239.550048828125,2769940.0,0,1,7,11910.2998046875,48.39990234375
2019-07-02,2244.89990234375,2257.0,2216.449951171875,2252.10009765625,1771746.0,1,2,7,11916.75,40.550048828125
2019-07-03,2252.199951171875,2258.800048828125,2232.0,2237.64990234375,1656881.0,2,3,7,11946.75,26.800048828125
2019-07-04,2234.0,2252.0,2230.10009765625,2242.64990234375,984140.0,3,4,7,11811.150390625,21.89990234375
2019-07-05,2247.0,2250.0,2140.0,2163.10009765625,4088470.0,4,5,7,11558.599609375,110.0
2019-07-08,2149.0,2188.800048828125,2132.10009765625,2175.39990234375,2788062.0,0,8,7,11555.900390625,56.699951171875
2019-07-09,2174.0,2174.39990234375,2104.550048828125,2133.35009765625,3977224.0,1,9,7,11498.900390625,69.849853515625
2019-07-10,2080.0,2127.85009765625,2071.300048828125,2108.199951171875,6343581.0,2,10,7,11582.900390625,56.550048828125
2019-07-11,2128.0,2129.0,2086.050048828125,2102.550048828125,2400346.0,3,11,7,11552.5,42.949951171875
2019-07-12,2102.10009765625,2119.75,2093.10009765625,2107.60009765625,1560725.0,4,12,7,11588.349609375,26.64990234375
2019-07-15,2125.0,2153.60009765625,2098.0,2145.699951171875,2900415.0,0,15,7,11662.599609375,55.60009765625
2019-07-16,2126.0,2132.5,2100.0,2106.0,2735399.0,1,16,7,11687.5,32.5
2019-07-17,2108.0,2125.0,2092.10009765625,2117.25,1802969.0,2,17,7,11596.900390625,32.89990234375
2019-07-18,2116.199951171875,2116.199951171875,2060.0,2065.949951171875,3072096.0,3,18,7,11419.25,56.199951171875
2019-07-19,2077.0,2097.0,2062.5,2076.949951171875,1953177.0,4,19,7,11346.2001953125,34.5
2019-07-22,2077.0,2117.449951171875,2068.800048828125,2109.89990234375,1920167.0,0,22,7,11331.0498046875,48.64990234375
2019-07-23,2127.89990234375,2130.0,2102.39990234375,2112.449951171875,3538588.0,1,23,7,11271.2998046875,27.60009765625
2019-07-24,2110.0,2120.800048828125,2076.5,2096.800048828125,2413196.0,2,24,7,11252.150390625,44.300048828125
2019-07-25,2108.89990234375,2135.0,2092.550048828125,2127.89990234375,2544464.0,3,25,7,11284.2998046875,42.449951171875
2019-07-26,2129.800048828125,2129.800048828125,2095.0,2109.050048828125,1720592.0,4,26,7,11189.2001953125,34.800048828125
2019-07-29,2110.800048828125,2142.0,2103.300048828125,2130.0,1647090.0,0,29,7,11085.400390625,38.699951171875
2019-07-30,2130.0,2185.0,2120.449951171875,2179.14990234375,2851672.0,1,30,7,11118.0,64.550048828125
2019-07-31,2171.75,2211.699951171875,2147.14990234375,2205.699951171875,3000677.0,2,31,7,10980.0,64.550048828125
2019-08-01,2200.0,2217.5,2166.25,2180.050048828125,2375236.0,3,1,8,10997.349609375,51.25
2019-08-02,2173.0,2210.0,2165.5,2205.300048828125,2500816.0,4,2,8,10862.599609375,44.5
2019-08-05,2199.89990234375,2252.25,2195.60009765625,2248.60009765625,3039682.0,0,5,8,10948.25,56.64990234375
2019-08-06,2232.800048828125,2251.949951171875,2211.449951171875,2214.89990234375,2885467.0,1,6,8,10855.5,40.5
2019-08-07,2230.0,2238.5,2207.25,2213.449951171875,2165362.0,2,7,8,11032.4501953125,31.25
2019-08-08,2228.89990234375,2281.0,2218.89990234375,2258.10009765625,2073298.0,3,8,8,11109.650390625,62.10009765625
2019-08-09,2260.0,2267.89990234375,2241.35009765625,2246.25,1744550.0,4,9,8,10925.849609375,26.5498046875
2019-08-13,2245.0,2246.25,2194.300048828125,2199.449951171875,1647281.0,1,13,8,11029.400390625,51.949951171875
2019-08-14,2181.10009765625,2217.85009765625,2167.39990234375,2204.39990234375,1945002.0,2,14,8,11047.7998046875,50.4501953125
2019-08-16,2241.39990234375,2241.39990234375,2143.25,2165.10009765625,3755507.0,4,16,8,11053.900390625,98.14990234375
2019-08-19,2180.0,2186.0,2157.699951171875,2163.0,974884.0,0,19,8,11017.0,28.300048828125
2019-08-20,2172.0,2205.0,2166.5,2186.75,1843611.0,1,20,8,10918.7001953125,38.5
2019-08-21,2184.949951171875,2202.0,2182.25,2186.199951171875,1214408.0,2,21,8,10741.349609375,19.75
2019-08-22,2187.0,2235.64990234375,2170.0,2216.0,2131601.0,3,22,8,10829.349609375,65.64990234375
2019-08-23,2214.949951171875,2259.89990234375,2213.89990234375,2247.699951171875,2826425.0,4,23,8,11057.849609375,46.0
2019-08-26,2247.0,2282.0,2225.0,2276.300048828125,2345475.0,0,26,8,11105.349609375,57.0
2019-08-27,2270.0,2274.85009765625,2229.0,2236.5,3432106.0,1,27,8,11046.099609375,45.85009765625
2019-08-28,2240.0,2252.14990234375,2216.0,2239.25,1294621.0,2,28,8,10948.2998046875,36.14990234375
2019-08-29,2222.199951171875,2248.199951171875,2222.199951171875,2233.449951171875,1670652.0,3,29,8,11023.25,26.0
2019-08-30,2241.0,2266.0,2218.0,2259.60009765625,2583625.0,4,30,8,10797.900390625,48.0
2019-09-03,2270.0,2296.199951171875,2236.949951171875,2251.60009765625,2545060.0,1,3,9,10844.650390625,59.25
2019-09-04,2265.0,2270.0,2233.0,2245.39990234375,2228092.0,2,4,9,10847.900390625,37.0
2019-09-05,2242.199951171875,2253.64990234375,2207.300048828125,2215.300048828125,2055943.0,3,5,9,10946.2001953125,46.349853515625
2019-09-06,2216.0,2233.5,2192.60009765625,2197.5,1890550.0,4,6,9,11003.0498046875,40.89990234375
2019-09-09,2200.0,2202.85009765625,2179.800048828125,2182.85009765625,1703945.0,0,9,9,11035.7001953125,23.050048828125
2019-09-11,2186.0,2195.0,2146.550048828125,2154.0,2627440.0,2,11,9,10982.7998046875,48.449951171875
2019-09-12,2155.0,2165.0,2120.35009765625,2133.60009765625,2118859.0,3,12,9,11075.900390625,44.64990234375
2019-09-13,2135.0,2157.949951171875,2115.550048828125,2141.949951171875,2291174.0,4,13,9,11003.5,42.39990234375
2019-09-16,2159.949951171875,2173.39990234375,2126.39990234375,2150.0,2597948.0,0,16,9,10817.599609375,47.0
2019-09-17,2154.949951171875,2156.550048828125,2105.60009765625,2122.64990234375,2796530.0,1,17,9,10840.650390625,50.949951171875
2019-09-18,2126.39990234375,2142.949951171875,2113.14990234375,2138.550048828125,1454663.0,2,18,9,10704.7998046875,29.800048828125
2019-09-19,2135.0,2135.800048828125,2091.0,2101.949951171875,1652691.0,3,19,9,11274.2001953125,44.800048828125
2019-09-20,2104.89990234375,2129.39990234375,2057.0,2065.449951171875,6941979.0,4,20,9,11600.2001953125,72.39990234375
2019-09-23,2099.0,2099.0,1975.0,2015.800048828125,6323401.0,0,23,9,11588.2001953125,124.0
2019-09-24,2015.0,2061.0,2013.0,2044.699951171875,4620978.0,1,24,9,11440.2001953125,48.0
2019-09-25,2065.0,2092.0,2060.050048828125,2088.449951171875,4002232.0,2,25,9,11571.2001953125,31.949951171875
2019-09-26,2097.89990234375,2107.0,2063.0,2087.60009765625,4234281.0,3,26,9,11512.400390625,44.0
2019-09-27,2085.0,2085.199951171875,2051.39990234375,2056.14990234375,2046795.0,4,27,9,11474.4501953125,33.800048828125
2019-09-30,2061.85009765625,2104.0,2060.0,2099.300048828125,2620039.0,0,30,9,11359.900390625,44.0
2019-10-01,2095.949951171875,2095.949951171875,2039.699951171875,2059.949951171875,3342877.0,1,1,10,11314.0,56.25
2019-10-03,2070.0,2081.14990234375,2046.1500244140625,2060.25,2317618.0,3,3,10,11174.75,34.9998779296875
2019-10-04,2060.60009765625,2087.949951171875,2054.949951171875,2079.35009765625,2163251.0,4,4,10,11126.400390625,33.0
2019-10-07,2080.0,2094.5,2041.0,2047.699951171875,2177916.0,0,7,10,11313.2998046875,53.5
2019-10-09,2060.0,2060.0,2015.5,2020.0999755859375,2066920.0,2,9,10,11234.5498046875,44.5
2019-10-10,2028.0,2039.050048828125,1997.0999755859375,2004.449951171875,2881452.0,3,10,10,11305.0498046875,41.9500732421875
2019-10-11,1931.0,1995.0,1925.0,1986.8499755859375,12593069.0,4,11,10,11341.150390625,70.0
2019-10-14,1995.0,2032.75,1968.0,2021.0,3510704.0,0,14,10,11428.2998046875,64.75
2019-10-15,2032.0,2047.0,2022.699951171875,2037.300048828125,2261310.0,1,15,10,11464.0,24.300048828125
2019-10-16,2038.0,2056.0,2016.0,2046.4000244140625,3034082.0,2,16,10,11586.349609375,40.0
2019-10-17,2014.0,2038.0,1999.300048828125,2030.949951171875,3818774.0,3,17,10,11661.849609375,38.699951171875
2019-10-18,2037.5,2063.89990234375,2025.0,2057.35009765625,3087901.0,4,18,10,11588.349609375,38.89990234375
2019-10-22,2080.0,2111.5,2040.050048828125,2051.39990234375,5552505.0,1,22,10,11604.099609375,71.449951171875
2019-10-23,2060.0,2083.85009765625,2052.5,2070.10009765625,2348134.0,2,23,10,11582.599609375,31.35009765625
2019-10-24,2084.0,2099.0,2061.300048828125,2082.0,2798671.0,3,24,10,11583.900390625,37.699951171875
2019-10-29,2121.5,2201.699951171875,2121.5,2194.85009765625,5064173.0,1,29,10,11844.099609375,80.199951171875
2019-10-30,2225.0,2260.0,2176.85009765625,2252.800048828125,5195136.0,2,30,10,11877.4501953125,83.14990234375
2019-10-31,2250.0,2284.949951171875,2237.0,2269.64990234375,4879261.0,3,31,10,11890.599609375,47.949951171875
2019-11-01,2264.0,2275.0,2195.0,2200.89990234375,4172620.0,4,1,11,11941.2998046875,80.0
2019-11-04,2207.0,2229.199951171875,2180.89990234375,2193.949951171875,2646411.0,0,4,11,11917.2001953125,48.300048828125
2019-11-05,2197.0,2211.0,2169.0,2201.85009765625,2693475.0,1,5,11,11966.0498046875,42.0
2019-11-06,2200.0,2210.800048828125,2179.0,2188.5,2540719.0,2,6,11,12012.0498046875,31.800048828125
2019-11-07,2204.5,2204.5,2175.199951171875,2185.35009765625,1915598.0,3,7,11,11908.150390625,29.300048828125
2019-11-08,2189.60009765625,2189.60009765625,2124.0,2129.949951171875,2788759.0,4,8,11,11913.4501953125,65.60009765625
2019-11-11,2135.0,2139.0,2091.0,2100.949951171875,2983768.0,0,11,11,11840.4501953125,48.0
2019-11-13,2118.0,2183.800048828125,2118.0,2178.60009765625,3823365.0,2,13,11,11872.099609375,65.800048828125
2019-11-14,2187.5,2200.0,2146.699951171875,2196.800048828125,2995915.0,3,14,11,11895.4501953125,53.300048828125
2019-11-15,2196.0,2211.5,2168.75,2174.449951171875,2724180.0,4,15,11,11884.5,42.75
2019-11-18,2178.39990234375,2187.75,2148.75,2152.60009765625,1611089.0,0,18,11,11940.099609375,39.0
2019-11-19,2153.0,2154.64990234375,2105.0,2108.800048828125,2975313.0,1,19,11,11999.099609375,49.64990234375
2019-11-20,2121.949951171875,2135.0,2094.5,2108.550048828125,2894129.0,2,20,11,11968.400390625,40.5
2019-11-21,2112.0,2126.60009765625,2107.39990234375,2118.10009765625,2052574.0,3,21,11,11914.400390625,19.2001953125
2019-11-22,2097.0,2107.0,2060.5,2071.699951171875,3742049.0,4,22,11,12073.75,46.5
2019-11-25,2074.550048828125,2084.949951171875,2052.199951171875,2081.5,2737010.0,0,25,11,12037.7001953125,32.75
2019-11-26,2089.85009765625,2097.89990234375,2035.050048828125,2046.6500244140625,6561580.0,1,26,11,12100.7001953125,62.849853515625
2019-11-27,2052.0,2071.699951171875,2046.550048828125,2054.300048828125,2907521.0,2,27,11,12151.150390625,25.14990234375
2019-11-28,2067.050048828125,2094.39990234375,2060.0,2077.35009765625,2924429.0,3,28,11,12056.0498046875,34.39990234375
2019-11-29,2085.0,2085.0,2045.800048828125,2053.25,2064271.0,4,29,11,12048.2001953125,39.199951171875
2019-12-02,2060.0,2067.699951171875,2016.0,2021.050048828125,3809860.0,0,2,12,11994.2001953125,51.699951171875
2019-12-03,2027.699951171875,2062.0,2010.0,2051.0,4664774.0,1,3,12,12043.2001953125,52.0
2019-12-04,2053.0,2082.0,2045.5,2078.5,3334301.0,2,4,12,12018.400390625,36.5
2019-12-05,2083.0,2126.800048828125,2068.35009765625,2121.300048828125,3902721.0,3,5,12,11921.5,58.449951171875
2019-12-06,2124.0,2128.0,2101.0,2123.60009765625,1829461.0,4,6,12,11937.5,27.0
2019-12-09,2127.949951171875,2127.949951171875,2053.5,2060.449951171875,2244747.0,0,9,12,11856.7998046875,74.449951171875
2019-12-10,2060.0,2060.85009765625,2003.25,2012.8499755859375,4520045.0,1,10,12,11910.150390625,57.60009765625
2019-12-11,2025.4000244140625,2048.0,2006.75,2041.9000244140625,4943024.0,2,11,12,11971.7998046875,41.25
2019-12-12,2051.10009765625,2083.64990234375,1984.0,2020.9000244140625,7137306.0,3,12,12,12086.7001953125,99.64990234375
2019-12-13,2023.0,2077.39990234375,2007.0,2071.25,5711133.0,4,13,12,12053.9501953125,70.39990234375
2019-12-16,2096.0,2136.0,2080.300048828125,2126.75,5574177.0,0,16,12,12165.0,55.699951171875
2019-12-17,2126.5,2169.0,2119.0,2164.949951171875,6059673.0,1,17,12,12221.650390625,50.0
2019-12-18,2174.0,2203.449951171875,2153.0,2167.75,8251081.0,2,18,12,12259.7001953125,50.449951171875
2019-12-19,2179.800048828125,2236.5,2167.550048828125,2229.050048828125,6251505.0,3,19,12,12271.7998046875,68.949951171875
2019-12-20,2220.0,2246.699951171875,2208.25,2222.89990234375,5548338.0,4,20,12,12262.75,38.449951171875
2019-12-23,2210.0,2241.949951171875,2210.0,2231.699951171875,2247329.0,0,23,12,12214.5498046875,31.949951171875
2019-12-24,2239.0,2243.550048828125,2211.14990234375,2215.60009765625,1805896.0,1,24,12,12126.5498046875,32.400146484375
2019-12-26,2216.39990234375,2229.0,2195.199951171875,2201.949951171875,1880367.0,3,26,12,12245.7998046875,33.800048828125
2019-12-27,2208.0,2226.39990234375,2176.0,2198.5,2720261.0,4,27,12,12255.849609375,50.39990234375
2019-12-30,2207.0,2225.0,2177.10009765625,2183.199951171875,2288830.0,0,30,12,12168.4501953125,47.89990234375
2019-12-31,2189.0,2197.0,2157.449951171875,2161.699951171875,1909289.0,1,31,12,12182.5,39.550048828125
2020-01-01,2168.0,2183.89990234375,2154.0,2167.60009765625,1354908.0,2,1,1,12282.2001953125,29.89990234375
2020-01-02,2179.949951171875,2179.949951171875,2149.199951171875,2157.64990234375,2380752.0,3,2,1,12226.650390625,30.75
2020-01-03,2164.0,2223.0,2164.0,2200.64990234375,4655761.0,4,3,1,11993.0498046875,59.0
2020-01-06,2205.0,2225.949951171875,2187.89990234375,2200.449951171875,3023209.0,0,6,1,12052.9501953125,38.050048828125
2020-01-07,2200.5,2214.64990234375,2183.800048828125,2205.85009765625,2429317.0,1,7,1,12025.349609375,30.849853515625
2020-01-08,2205.0,2260.0,2202.050048828125,2255.25,5197454.0,2,8,1,12215.900390625,57.949951171875
2020-01-09,2248.75,2251.949951171875,2210.0,2214.35009765625,3734173.0,3,9,1,12256.7998046875,41.949951171875
2020-01-10,2228.0,2234.0,2208.0,2213.550048828125,1915807.0,4,10,1,12329.5498046875,26.0
2020-01-13,2217.85009765625,2218.949951171875,2184.699951171875,2190.35009765625,2843893.0,0,13,1,12362.2998046875,34.25
2020-01-14,2195.0,2229.800048828125,2195.0,2206.89990234375,2948452.0,1,14,1,12343.2998046875,34.800048828125
2020-01-15,2213.0,2231.0,2194.199951171875,2226.89990234375,2620681.0,2,15,1,12355.5,36.800048828125
2020-01-16,2226.949951171875,2249.0,2215.0,2238.800048828125,3117214.0,3,16,1,12352.349609375,34.0
2020-01-17,2240.75,2253.550048828125,2213.0,2219.10009765625,3281059.0,4,17,1,12224.5498046875,40.550048828125
2020-01-20,2194.89990234375,2242.199951171875,2156.199951171875,2170.35009765625,5817599.0,0,20,1,12169.849609375,86.0
2020-01-21,2169.949951171875,2186.550048828125,2158.050048828125,2171.050048828125,1902980.0,1,21,1,12106.900390625,28.5
2020-01-22,2181.0,2210.0,2173.699951171875,2206.89990234375,1773686.0,2,22,1,12180.349609375,36.300048828125
2020-01-23,2209.800048828125,2217.75,2183.699951171875,2190.949951171875,2069866.0,3,23,1,12248.25,34.050048828125
2020-01-24,2190.949951171875,2190.949951171875,2170.0,2183.39990234375,1319430.0,4,24,1,12119.0,20.949951171875
2020-01-27,2189.699951171875,2193.449951171875,2165.0,2169.25,1549101.0,0,27,1,12055.7998046875,28.449951171875
2020-01-28,2174.0,2187.800048828125,2152.0,2183.75,1743024.0,1,28,1,12129.5,35.800048828125
2020-01-29,2185.0,2186.949951171875,2150.0,2154.60009765625,2306761.0,2,29,1,12035.7998046875,36.949951171875
2020-01-30,2160.0,2165.0,2125.0,2137.85009765625,2098567.0,3,30,1,11962.099609375,40.0
2020-01-31,2139.39990234375,2144.35009765625,2071.60009765625,2079.050048828125,3287223.0,4,31,1,11707.900390625,72.75
2020-02-03,2152.0,2194.699951171875,2093.199951171875,2102.5,4728073.0,0,3,2,11979.650390625,101.5
2020-02-04,2129.0,2136.699951171875,2086.60009765625,2107.75,3509339.0,1,4,2,12089.150390625,50.099853515625
2020-02-05,2115.0,2156.699951171875,2104.300048828125,2146.550048828125,2439322.0,2,5,2,12137.9501953125,52.39990234375
2020-02-06,2145.0,2174.199951171875,2115.5,2128.35009765625,2640065.0,3,6,2,12098.349609375,58.699951171875
2020-02-07,2139.0,2151.0,2119.0,2136.550048828125,2083442.0,4,7,2,12031.5,32.0
2020-02-10,2140.89990234375,2167.0,2119.0,2161.949951171875,2383032.0,0,10,2,12107.900390625,48.0
2020-02-11,2163.0,2174.800048828125,2147.60009765625,2153.39990234375,1335820.0,1,11,2,12201.2001953125,27.199951171875
2020-02-12,2151.10009765625,2185.0,2150.0,2170.75,1620407.0,2,12,2,12174.650390625,35.0
2020-02-13,2172.949951171875,2197.0,2171.0,2191.949951171875,1645948.0,3,13,2,12113.4501953125,26.0
2020-02-14,2188.0,2212.0,2171.0,2184.199951171875,1500115.0,4,14,2,12045.7998046875,41.0
2020-02-17,2196.949951171875,2217.0,2190.199951171875,2203.25,1774724.0,0,17,2,11992.5,26.800048828125
2020-02-18,2199.949951171875,2221.0,2186.050048828125,2215.75,2486223.0,1,18,2,12125.900390625,34.949951171875
2020-02-19,2215.75,2230.0,2190.5,2196.35009765625,1760463.0,2,19,2,12080.849609375,39.5
2020-02-20,2204.5,2214.39990234375,2151.25,2156.800048828125,2317278.0,3,20,2,11829.400390625,63.14990234375
2020-02-24,2156.0,2178.949951171875,2106.699951171875,2115.35009765625,3092877.0,0,24,2,11797.900390625,72.25
2020-02-25,2115.5,2176.64990234375,2111.0,2156.14990234375,2674567.0,1,25,2,11678.5,65.64990234375
2020-02-26,2154.0,2163.89990234375,2112.949951171875,2123.60009765625,2686842.0,2,26,2,11633.2998046875,50.949951171875
2020-02-27,2119.949951171875,2119.949951171875,2086.199951171875,2105.5,2349001.0,3,27,2,11201.75,33.75
2020-02-28,2068.0,2069.5,1990.0,2000.1500244140625,4298076.0,4,28,2,11132.75,79.5
2020-03-02,2035.0,2053.949951171875,1985.699951171875,2001.300048828125,2667076.0,0,2,3,11303.2998046875,68.25
2020-03-03,2020.0,2060.0,2012.0,2036.199951171875,2757585.0,1,3,3,11251.0,48.0
2020-03-04,2056.0,2094.449951171875,2025.0,2083.199951171875,3237002.0,2,4,3,11269.0,69.449951171875
2020-03-05,2085.699951171875,2147.75,2084.050048828125,2125.050048828125,3937056.0,3,5,3,10989.4501953125,63.699951171875
2020-03-06,2098.0,2123.64990234375,2071.60009765625,2116.449951171875,2595027.0,4,6,3,10451.4501953125,52.0498046875
2020-03-09,2075.0,2079.89990234375,1935.0,1972.3499755859375,4940975.0,0,9,3,10458.400390625,144.89990234375
2020-03-11,1933.0,1987.300048828125,1920.0,1953.699951171875,6796449.0,2,11,3,9590.150390625,67.300048828125
2020-03-12,1904.0,1908.4000244140625,1758.3499755859375,1769.8499755859375,8728786.0,3,12,3,9955.2001953125,150.050048828125
2020-03-13,1687.9000244140625,1820.0,1506.050048828125,1806.300048828125,8029720.0,4,13,3,9197.400390625,313.949951171875
2020-03-16,1755.0,1842.25,1675.8499755859375,1696.4000244140625,7844271.0,0,16,3,8967.0498046875,166.4000244140625
2020-03-17,1730.0,1731.0,1623.1500244140625,1658.0,5713248.0,1,17,3,8468.7998046875,107.8499755859375
2020-03-18,1676.800048828125,1713.550048828125,1627.75,1654.4000244140625,7258778.0,2,18,3,8263.4501953125,85.800048828125
2020-03-19,1559.699951171875,1685.449951171875,1546.75,1636.3499755859375,5135111.0,3,19,3,8745.4501953125,138.699951171875
2020-03-20,1630.0,1869.0,1627.0,1797.449951171875,8547498.0,4,20,3,7610.25,242.0
2020-03-23,1620.0,1750.0,1617.75,1669.699951171875,7003490.0,0,23,3,7801.0498046875,132.25
2020-03-24,1653.050048828125,1770.0,1632.8499755859375,1703.1500244140625,6350865.0,1,24,3,8317.849609375,137.1500244140625
2020-03-25,1700.0,1810.0,1680.0,1750.300048828125,2765520.0,2,25,3,8641.4501953125,130.0
2020-03-26,1831.5999755859375,1832.050048828125,1722.550048828125,1790.949951171875,4556067.0,3,26,3,8660.25,109.5
2020-03-27,1820.0,1850.0,1750.4000244140625,1824.5,4331250.0,4,27,3,8281.099609375,99.5999755859375
2020-03-30,1766.0,1905.0,1763.550048828125,1778.5,8513547.0,0,30,3,8597.75,141.449951171875
2020-03-31,1837.4000244140625,1855.0,1780.0,1826.0999755859375,3927593.0,1,31,3,8253.7998046875,75.0
2020-04-01,1825.9000244140625,1834.75,1702.0,1708.75,4941878.0,2,1,4,8083.7998046875,132.75
2020-04-03,1740.0,1740.0,1650.0,1654.199951171875,5735369.0,4,3,4,8792.2001953125,90.0
2020-04-07,1710.0,1785.8499755859375,1705.0,1775.199951171875,5427577.0,1,7,4,8748.75,80.8499755859375
2020-04-08,1760.0,1806.0,1701.0,1705.449951171875,6285615.0,2,8,4,9111.900390625,105.0
2020-04-09,1750.449951171875,1778.800048828125,1731.199951171875,1766.1500244140625,5307397.0,3,9,4,8993.849609375,47.60009765625
2020-04-13,1761.0,1787.0,1746.0,1759.25,2990438.0,0,13,4,8925.2998046875,41.0
2020-04-15,1785.0,1812.0,1727.800048828125,1735.1500244140625,4761399.0,2,15,4,8992.7998046875,84.199951171875
2020-04-16,1709.949951171875,1764.9000244140625,1675.050048828125,1716.050048828125,6245533.0,3,16,4,9266.75,89.8499755859375
2020-04-17,1800.0,1851.949951171875,1753.0,1806.199951171875,9895823.0,4,17,4,9261.849609375,98.949951171875
2020-04-20,1830.0,1830.0,1802.5,1818.6500244140625,3244282.0,0,20,4,8981.4501953125,27.5
2020-04-21,1765.0,1794.5999755859375,1727.699951171875,1737.6500244140625,5122541.0,1,21,4,9187.2998046875,66.9000244140625
2020-04-22,1737.6500244140625,1790.0,1719.1500244140625,1769.5,3829836.0,2,22,4,9313.900390625,70.8499755859375
2020-04-23,1780.0,1900.0,1760.8499755859375,1878.25,5934366.0,3,23,4,9154.400390625,139.1500244140625
2020-04-24,1840.699951171875,1851.949951171875,1807.800048828125,1818.550048828125,2987102.0,4,24,4,9282.2998046875,44.14990234375
2020-04-27,1832.300048828125,1875.0,1825.0,1836.5999755859375,3374741.0,0,27,4,9380.900390625,50.0
2020-04-28,1865.0,1868.0,1832.5999755859375,1859.050048828125,2678505.0,1,28,4,9553.349609375,35.4000244140625
2020-04-29,1874.0,1912.550048828125,1850.050048828125,1905.6500244140625,4241510.0,2,29,4,9859.900390625,62.5
2020-04-30,1980.0,2032.0,1942.199951171875,2014.449951171875,5915544.0,3,30,4,9293.5,89.800048828125
2020-05-04,1966.0,1966.0,1913.6500244140625,1930.449951171875,3729348.0,0,4,5,9205.599609375,52.3499755859375
2020-05-05,1955.0999755859375,1977.0,1927.0,1932.75,2905528.0,1,5,5,9270.900390625,50.0
2020-05-06,1939.800048828125,1953.699951171875,1893.5999755859375,1903.5999755859375,3517431.0,2,6,5,9199.0498046875,60.0999755859375
2020-05-07,1910.0,1934.449951171875,1883.3499755859375,1891.6500244140625,3166754.0,3,7,5,9251.5,51.0999755859375
2020-05-08,1939.0999755859375,1939.5,1886.25,1893.4000244140625,2686530.0,4,8,5,9239.2001953125,53.25
2020-05-11,1909.0,1951.4000244140625,1909.0,1935.300048828125,2449841.0,0,11,5,9196.5498046875,42.4000244140625
2020-05-12,1933.4000244140625,1956.5,1910.25,1949.5,3256595.0,1,12,5,9383.5498046875,46.25
2020-05-13,1994.0,1994.0,1925.6500244140625,1949.6500244140625,2656665.0,2,13,5,9142.75,68.3499755859375
2020-05-14,1910.0,1923.0999755859375,1891.0999755859375,1902.3499755859375,2263146.0,3,14,5,9136.849609375,32.0
2020-05-15,1916.0,1917.4000244140625,1865.199951171875,1892.9000244140625,3173682.0,4,15,5,8823.25,52.2000732421875
2020-05-18,1907.0,1952.949951171875,1872.0999755859375,1945.5999755859375,3727694.0,0,18,5,8879.099609375,80.8499755859375
2020-05-19,1903.0,1966.449951171875,1903.0,1948.6500244140625,3198693.0,1,19,5,9066.5498046875,63.449951171875
2020-05-20,1950.0,1962.9000244140625,1931.699951171875,1953.5999755859375,2778505.0,2,20,5,9106.25,31.2000732421875
2020-05-21,1946.0,1998.0,1941.1500244140625,1991.199951171875,3400908.0,3,21,5,9039.25,56.8499755859375
2020-05-22,1977.0999755859375,2032.0,1961.25,2020.3499755859375,3663418.0,4,22,5,9029.0498046875,70.75
2020-05-26,2015.0,2024.0,1925.0,1943.0,4575317.0,1,26,5,9314.9501953125,99.0
2020-05-27,1959.0,2010.0,1941.25,2005.300048828125,3482160.0,2,27,5,9490.099609375,68.75
2020-05-28,1988.5,2014.0,1971.300048828125,2004.300048828125,3475681.0,3,28,5,9580.2998046875,42.699951171875
2020-05-29,1982.0,2002.6500244140625,1962.4000244140625,1972.3499755859375,7237735.0,4,29,5,9826.150390625,40.25
2020-06-01,1990.0,2060.0,1981.0999755859375,2045.25,3747773.0,0,1,6,9979.099609375,78.9000244140625
2020-06-02,2060.199951171875,2081.0,2040.050048828125,2047.1500244140625,2443886.0,1,2,6,10061.5498046875,40.949951171875
2020-06-03,2051.85009765625,2063.75,2020.0,2046.1500244140625,3699799.0,2,3,6,10029.099609375,43.75
2020-06-04,2046.75,2100.0,2046.75,2091.550048828125,4048593.0,3,4,6,10142.150390625,53.25
2020-06-05,2091.60009765625,2098.0,2040.300048828125,2048.25,3573289.0,4,5,6,10167.4501953125,57.699951171875
2020-06-08,2078.25,2095.0,2062.10009765625,2071.75,2957841.0,0,8,6,10046.650390625,32.89990234375
2020-06-09,2063.10009765625,2095.5,2060.25,2072.050048828125,2909439.0,1,9,6,10116.150390625,35.25
2020-06-10,2077.050048828125,2132.0,2073.5,2108.75,5168397.0,2,10,6,9902.0,58.5
2020-06-11,2100.0,2105.0,2061.800048828125,2067.64990234375,2269513.0,3,11,6,9972.900390625,43.199951171875
2020-06-12,2011.199951171875,2049.199951171875,2011.0,2039.5,2842642.0,4,12,6,9813.7001953125,38.199951171875
2020-06-15,2039.0999755859375,2059.0,2000.949951171875,2029.9000244140625,2399022.0,0,15,6,9914.0,58.050048828125
2020-06-16,2065.0,2073.949951171875,2031.0,2045.800048828125,2146528.0,1,16,6,9881.150390625,42.949951171875
2020-06-17,2046.0,2058.85009765625,2026.550048828125,2047.800048828125,2703527.0,2,17,6,10091.650390625,32.300048828125
2020-06-18,2045.0,2059.199951171875,2025.199951171875,2038.0999755859375,1944389.0,3,18,6,10244.400390625,34.0
2020-06-19,2042.0,2090.0,2032.0,2044.5999755859375,5681758.0,4,19,6,10311.2001953125,58.0
2020-06-22,2050.0,2052.25,2019.1500244140625,2027.949951171875,3196138.0,0,22,6,10471.0,33.0999755859375
2020-06-23,2027.0,2044.0,2010.0,2035.300048828125,4205944.0,1,23,6,10305.2998046875,34.0
2020-06-24,2034.0,2064.25,2031.5999755859375,2042.199951171875,2560937.0,2,24,6,10288.900390625,32.6500244140625
2020-06-25,2035.0,2060.0,2009.25,2016.0999755859375,3043931.0,3,25,6,10383.0,50.75
2020-06-26,2025.0,2132.0,2019.949951171875,2118.85009765625,6300722.0,4,26,6,10312.400390625,112.050048828125
2020-06-29,2108.0,2127.60009765625,2091.300048828125,2101.64990234375,3076341.0,0,29,6,10302.099609375,36.300048828125
2020-06-30,2100.0,2111.89990234375,2075.050048828125,2082.14990234375,3071725.0,1,30,6,10430.0498046875,36.849853515625
2020-07-01,2079.699951171875,2113.949951171875,2079.5,2092.050048828125,2503466.0,2,1,7,10551.7001953125,34.449951171875
2020-07-02,2102.0,2165.0,2098.0,2157.14990234375,3758699.0,3,2,7,10607.349609375,67.0
2020-07-03,2163.64990234375,2205.0,2160.25,2199.64990234375,4185208.0,4,3,7,10763.650390625,44.75
2020-07-06,2205.0,2269.89990234375,2205.0,2263.199951171875,5190366.0,0,6,7,10799.650390625,64.89990234375
2020-07-07,2275.0,2302.699951171875,2232.14990234375,2269.89990234375,5630055.0,1,7,7,10705.75,70.550048828125
2020-07-08,2270.0,2274.39990234375,2207.60009765625,2218.89990234375,2793358.0,2,8,7,10813.4501953125,66.7998046875
2020-07-09,2229.0,2244.5,2191.050048828125,2204.35009765625,3443998.0,3,9,7,10768.0498046875,53.449951171875
2020-07-10,2205.25,2249.85009765625,2176.0,2222.35009765625,9610320.0,4,10,7,10802.7001953125,73.85009765625
2020-07-13,2220.0,2244.949951171875,2210.0,2220.0,2963503.0,0,13,7,10607.349609375,34.949951171875
2020-07-14,2210.0,2239.0,2165.0,2171.949951171875,2976738.0,1,14,7,10618.2001953125,74.0
2020-07-15,2185.0,2260.0,2181.10009765625,2233.89990234375,5569321.0,2,15,7,10739.9501953125,78.89990234375
2020-07-16,2244.0,2333.0,2220.10009765625,2234.75,8582118.0,3,16,7,10901.7001953125,112.89990234375
2020-07-17,2237.0,2243.89990234375,2190.050048828125,2200.75,4509135.0,4,17,7,11022.2001953125,53.849853515625
2020-07-20,2201.0,2226.89990234375,2190.800048828125,2207.89990234375,2952646.0,0,20,7,11162.25,36.099853515625
2020-07-21,2230.0,2238.64990234375,2201.14990234375,2225.050048828125,2665286.0,1,21,7,11132.599609375,37.5
2020-07-22,2231.0,2231.0,2184.199951171875,2190.949951171875,2861534.0,2,22,7,11215.4501953125,46.800048828125
2020-07-23,2190.949951171875,2190.949951171875,2163.0,2171.199951171875,2265766.0,3,23,7,11194.150390625,27.949951171875
2020-07-24,2154.5,2163.0,2125.10009765625,2157.39990234375,3665100.0,4,24,7,11131.7998046875,37.89990234375
2020-07-27,2165.0,2215.0,2163.5,2206.800048828125,4248480.0,0,27,7,11300.5498046875,51.5
2020-07-28,2215.0,2320.0,2215.0,2309.75,8092319.0,1,28,7,11202.849609375,105.0
2020-07-29,2292.0,2342.0,2246.050048828125,2276.050048828125,6090431.0,2,29,7,11102.150390625,95.949951171875
2020-07-30,2285.89990234375,2358.0,2272.25,2279.5,7098496.0,3,30,7,11073.4501953125,85.75
2020-07-31,2303.14990234375,2334.800048828125,2257.449951171875,2281.39990234375,4723290.0,4,31,7,10891.599609375,77.35009765625
2020-08-03,2290.449951171875,2303.85009765625,2230.699951171875,2254.14990234375,4012337.0,0,3,8,11095.25,73.150146484375
2020-08-04,2259.949951171875,2269.64990234375,2225.050048828125,2249.699951171875,2927928.0,1,4,8,11101.650390625,44.599853515625
2020-08-05,2260.0,2300.0,2253.0,2259.5,3800641.0,2,5,8,11200.150390625,47.0
2020-08-06,2275.0,2319.5,2265.35009765625,2308.10009765625,4748047.0,3,6,8,11214.0498046875,54.14990234375
2020-08-07,2308.0,2328.0,2287.0,2295.35009765625,3165491.0,4,7,8,11270.150390625,41.0
2020-08-10,2318.0,2325.0,2276.050048828125,2282.800048828125,2929353.0,0,10,8,11322.5,48.949951171875
2020-08-11,2283.0,2312.0,2275.60009765625,2279.89990234375,2774423.0,1,11,8,11308.400390625,36.39990234375
2020-08-12,2288.35009765625,2296.39990234375,2246.550048828125,2257.35009765625,3415751.0,2,12,8,11300.4501953125,49.849853515625
2020-08-13,2273.0,2300.0,2250.5,2254.449951171875,2695682.0,3,13,8,11178.400390625,49.5
2020-08-14,2277.0,2281.300048828125,2233.10009765625,2242.14990234375,2270405.0,4,14,8,11247.099609375,48.199951171875
2020-08-17,2263.0,2270.0,2238.25,2253.39990234375,2625630.0,0,17,8,11385.349609375,31.75
2020-08-18,2262.800048828125,2289.0,2248.300048828125,2269.75,3493374.0,1,18,8,11408.400390625,40.699951171875
2020-08-19,2276.35009765625,2284.60009765625,2252.5,2256.60009765625,2843005.0,2,19,8,11312.2001953125,32.10009765625
2020-08-20,2257.0,2276.550048828125,2240.050048828125,2252.85009765625,2895164.0,3,20,8,11371.599609375,36.5
2020-08-21,2260.0,2271.0,2241.050048828125,2248.60009765625,1975294.0,4,21,8,11466.4501953125,29.949951171875
2020-08-24,2250.60009765625,2259.949951171875,2230.0,2248.10009765625,2167966.0,0,24,8,11472.25,29.949951171875
2020-08-25,2245.0,2250.0,2233.550048828125,2242.64990234375,1663419.0,1,25,8,11549.599609375,16.449951171875
2020-08-26,2242.0,2259.89990234375,2216.449951171875,2253.5,2618149.0,2,26,8,11559.25,43.449951171875
2020-08-27,2266.0,2287.35009765625,2241.75,2248.39990234375,3579393.0,3,27,8,11647.599609375,45.60009765625
2020-08-28,2268.39990234375,2279.949951171875,2235.10009765625,2238.550048828125,2941136.0,4,28,8,11387.5,44.849853515625
2020-08-31,2240.0,2276.199951171875,2228.0,2257.25,6018154.0,0,31,8,11470.25,48.199951171875
2020-09-01,2269.0,2278.0,2241.300048828125,2246.35009765625,3610908.0,1,1,9,11535.0,36.699951171875
2020-09-02,2247.0,2268.75,2241.64990234375,2265.14990234375,2084137.0,2,2,9,11527.4501953125,27.10009765625
2020-09-03,2268.0,2324.0,2268.0,2299.5,4654146.0,3,3,9,11333.849609375,56.0
2020-09-04,2275.0,2324.25,2262.949951171875,2288.800048828125,5231303.0,4,4,9,11355.0498046875,61.300048828125
2020-09-07,2289.0,2343.5,2283.35009765625,2327.050048828125,4620401.0,0,7,9,11317.349609375,60.14990234375
2020-09-08,2335.949951171875,2390.449951171875,2327.050048828125,2348.199951171875,7453998.0,1,8,9,11278.0,63.39990234375
2020-09-09,2325.0,2359.0,2320.0,2327.64990234375,3866535.0,2,9,9,11449.25,39.0
2020-09-10,2335.0,2348.5,2324.300048828125,2331.14990234375,2308813.0,3,10,9,11464.4501953125,24.199951171875
2020-09-11,2330.949951171875,2383.0,2330.14990234375,2374.10009765625,4145424.0,4,11,9,11440.0498046875,52.85009765625
2020-09-14,2384.10009765625,2505.75,2381.85009765625,2491.39990234375,7512131.0,0,14,9,11521.7998046875,123.89990234375
2020-09-15,2491.39990234375,2538.0,2464.60009765625,2491.39990234375,7318770.0,1,15,9,11604.5498046875,73.39990234375
2020-09-16,2488.949951171875,2507.60009765625,2477.300048828125,2503.0,3074003.0,2,16,9,11516.099609375,30.300048828125
2020-09-17,2480.0,2495.75,2450.60009765625,2460.949951171875,4828176.0,3,17,9,11504.9501953125,45.14990234375
2020-09-18,2485.0,2500.39990234375,2436.39990234375,2449.89990234375,4183256.0,4,18,9,11250.5498046875,64.0
2020-09-21,2465.0,2504.89990234375,2452.14990234375,2465.300048828125,4598809.0,0,21,9,11153.650390625,52.75
2020-09-22,2485.0,2555.0,2458.0,2522.949951171875,7499613.0,1,22,9,11131.849609375,97.0
2020-09-23,2510.0,2519.85009765625,2409.0,2467.449951171875,7502280.0,2,23,9,10805.5498046875,110.85009765625
2020-09-24,2450.0,2450.0,2302.60009765625,2332.25,8424708.0,3,24,9,11050.25,147.39990234375
2020-09-25,2368.0,2440.0,2352.10009765625,2422.300048828125,8228267.0,4,25,9,11227.5498046875,87.89990234375
2020-09-28,2440.0,2444.0,2366.0,2426.300048828125,4347166.0,0,28,9,11222.400390625,78.0
2020-09-29,2434.85009765625,2511.050048828125,2426.300048828125,2488.39990234375,6995811.0,1,29,9,11247.5498046875,84.75
2020-09-30,2489.0,2505.0,2460.0,2492.300048828125,3917166.0,2,30,9,11416.9501953125,45.0
2020-10-01,2510.0,2540.0,2492.300048828125,2523.449951171875,2610337.0,3,1,10,11503.349609375,47.699951171875
2020-10-05,2620.0,2728.10009765625,2603.050048828125,2705.800048828125,17412105.0,0,5,10,11662.400390625,125.050048828125
2020-10-06,2736.0,2736.0,2650.10009765625,2714.300048828125,9846367.0,1,6,10,11738.849609375,85.89990234375
2020-10-07,2742.0,2770.0,2703.0,2735.949951171875,9656101.0,2,7,10,11834.599609375,67.0
2020-10-08,2800.0,2885.0,2800.0,2825.699951171875,19839329.0,3,8,10,11914.2001953125,85.0
2020-10-09,2810.0,2829.85009765625,2780.0,2812.949951171875,7739245.0,4,9,10,11930.9501953125,49.85009765625
2020-10-12,2815.5,2854.0,2800.75,2830.0,4623203.0,0,12,10,11934.5,53.25
2020-10-13,2845.0,2854.89990234375,2812.199951171875,2826.550048828125,4209878.0,1,13,10,11971.0498046875,42.699951171875
2020-10-14,2842.0,2842.0,2787.550048828125,2809.60009765625,4395936.0,2,14,10,11680.349609375,54.449951171875
2020-10-15,2811.0,2827.75,2727.0,2740.60009765625,6629355.0,3,15,10,11762.4501953125,100.75
2020-10-16,2750.10009765625,2771.64990234375,2731.300048828125,2763.300048828125,5273773.0,4,16,10,11873.0498046875,40.349853515625
2020-10-19,2774.0,2774.0,2706.60009765625,2711.550048828125,3331194.0,0,19,10,11896.7998046875,67.39990234375
2020-10-20,2725.0,2759.89990234375,2717.949951171875,2739.0,3406273.0,1,20,10,11937.650390625,41.949951171875
2020-10-21,2739.0,2749.0,2663.050048828125,2675.39990234375,4570143.0,2,21,10,11896.4501953125,85.949951171875
2020-10-22,2661.0,2686.64990234375,2638.10009765625,2671.14990234375,5262294.0,3,22,10,11930.349609375,48.5498046875
2020-10-23,2687.800048828125,2702.0,2670.10009765625,2686.800048828125,3499091.0,4,23,10,11767.75,31.89990234375
2020-10-26,2689.949951171875,2709.949951171875,2670.5,2688.199951171875,2672752.0,0,26,10,11889.400390625,39.449951171875
2020-10-27,2699.75,2718.14990234375,2624.10009765625,2630.14990234375,3537502.0,1,27,10,11729.599609375,94.0498046875
2020-10-28,2650.0,2655.949951171875,2606.0,2622.199951171875,3569445.0,2,28,10,11670.7998046875,49.949951171875
2020-10-29,2608.0,2655.0,2600.25,2632.64990234375,3105968.0,3,29,10,11642.400390625,54.75
2020-10-30,2636.10009765625,2674.35009765625,2621.60009765625,2664.85009765625,3427003.0,4,30,10,11669.150390625,52.75
2020-11-02,2660.0,2664.85009765625,2600.050048828125,2604.60009765625,2571196.0,0,2,11,11813.5,64.800048828125
2020-11-03,2604.0,2665.0,2601.050048828125,2633.60009765625,2879269.0,1,3,11,11908.5,63.949951171875
2020-11-04,2610.0,2721.85009765625,2610.0,2653.14990234375,4893928.0,2,4,11,12120.2998046875,111.85009765625
2020-11-05,2685.0,2710.0,2667.0,2685.699951171875,2816502.0,3,5,11,12263.5498046875,43.0
2020-11-06,2699.0,2713.25,2681.300048828125,2707.449951171875,3884421.0,4,6,11,12461.0498046875,31.949951171875
2020-11-09,2731.10009765625,2744.0,2695.10009765625,2726.60009765625,3646592.0,0,9,11,12631.099609375,48.89990234375
2020-11-10,2697.199951171875,2713.14990234375,2638.35009765625,2649.60009765625,4760020.0,1,10,11,12749.150390625,74.7998046875
2020-11-11,2667.949951171875,2692.800048828125,2643.39990234375,2687.800048828125,3242441.0,2,11,11,12690.7998046875,49.400146484375
2020-11-12,2686.0,2713.0,2661.75,2671.050048828125,2437505.0,3,12,11,12719.9501953125,51.25
2020-11-17,2695.0,2695.0,2650.050048828125,2666.050048828125,2827273.0,1,17,11,12938.25,44.949951171875
2020-11-18,2661.0,2664.199951171875,2607.050048828125,2626.64990234375,2893762.0,2,18,11,12771.7001953125,57.14990234375
2020-11-19,2637.0,2676.14990234375,2630.85009765625,2636.89990234375,4167501.0,3,19,11,12859.0498046875,45.2998046875
2020-11-20,2655.0,2676.0,2627.550048828125,2660.25,2711471.0,4,20,11,12926.4501953125,48.449951171875
2020-11-23,2690.0,2730.0,2665.0,2724.25,3706418.0,0,23,11,13055.150390625,65.0
2020-11-24,2734.39990234375,2743.0,2705.0,2722.050048828125,3120516.0,1,24,11,12858.400390625,38.0
2020-11-25,2729.0,2732.949951171875,2688.199951171875,2701.300048828125,3302249.0,2,25,11,12987.0,44.75
2020-11-26,2686.0,2730.949951171875,2680.0,2720.60009765625,2341099.0,3,26,11,12968.9501953125,50.949951171875
2020-11-27,2705.0,2717.699951171875,2669.050048828125,2679.64990234375,6086808.0,4,27,11,13109.0498046875,48.64990234375
2020-12-01,2679.0,2735.89990234375,2624.449951171875,2726.800048828125,3605017.0,1,1,12,13113.75,111.449951171875
2020-12-02,2719.0,2754.699951171875,2702.449951171875,2749.550048828125,2509032.0,2,2,12,13133.900390625,52.25
2020-12-03,2773.89990234375,2773.89990234375,2700.800048828125,2709.449951171875,2852548.0,3,3,12,13258.5498046875,73.099853515625
2020-12-04,2710.800048828125,2738.85009765625,2699.0,2727.550048828125,2686527.0,4,4,12,13355.75,39.85009765625
2020-12-07,2715.0,2744.0,2706.14990234375,2737.699951171875,1996400.0,0,7,12,13392.9501953125,37.85009765625
2020-12-08,2740.0,2805.550048828125,2732.449951171875,2797.300048828125,4277818.0,1,8,12,13529.099609375,73.10009765625
2020-12-09,2815.0,2840.0,2793.14990234375,2810.800048828125,3659996.0,2,9,12,13478.2998046875,46.85009765625
2020-12-10,2818.0,2827.300048828125,2780.25,2784.300048828125,2127801.0,3,10,12,13513.849609375,47.050048828125
2020-12-11,2792.699951171875,2807.699951171875,2764.550048828125,2783.60009765625,1795408.0,4,11,12,13558.150390625,43.14990234375
2020-12-14,2802.0,2804.0,2756.25,2797.699951171875,2483658.0,0,14,12,13567.849609375,47.75
2020-12-15,2786.0,2794.699951171875,2755.0,2761.550048828125,2365509.0,1,15,12,13682.7001953125,39.699951171875
2020-12-16,2779.0,2819.800048828125,2760.449951171875,2814.199951171875,2565149.0,2,16,12,13740.7001953125,59.35009765625
2020-12-17,2811.0,2853.699951171875,2805.0,2838.199951171875,2863460.0,3,17,12,13760.5498046875,48.699951171875
2020-12-18,2868.0,2898.0,2846.199951171875,2861.0,6076692.0,4,18,12,13328.400390625,51.800048828125
2020-12-21,2861.0,2886.5,2785.0,2820.14990234375,2705195.0,0,21,12,13466.2998046875,101.5
2020-12-22,2834.0,2883.64990234375,2818.64990234375,2872.5,2881737.0,1,22,12,13601.099609375,65.0
2020-12-23,2876.050048828125,2919.0,2865.449951171875,2908.75,2790988.0,2,23,12,13749.25,53.550048828125
2020-12-24,2909.0,2921.35009765625,2883.199951171875,2909.35009765625,1807144.0,3,24,12,13873.2001953125,38.150146484375
2020-12-28,2910.0,2949.699951171875,2902.0,2929.39990234375,2108994.0,0,28,12,13932.599609375,47.699951171875
2020-12-29,2920.0,2952.0,2920.0,2930.5,1994151.0,1,29,12,13981.9501953125,32.0
2020-12-30,2934.39990234375,2947.699951171875,2902.0,2909.300048828125,2637968.0,2,30,12,13981.75,45.699951171875
2021-01-01,2880.0,2940.0,2879.0,2928.25,2681440.0,4,1,1,14132.900390625,61.0
2021-01-04,2950.0,3050.75,2940.949951171875,3039.449951171875,5113293.0,0,4,1,14199.5,109.800048828125
2021-01-05,3039.60009765625,3114.25,3039.60009765625,3093.0,5801309.0,1,5,1,14146.25,74.64990234375
2021-01-06,3100.0,3113.5,3037.199951171875,3051.5,3726716.0,2,6,1,14137.349609375,76.300048828125
2021-01-07,3075.0,3080.85009765625,3000.25,3032.800048828125,3717827.0,3,7,1,14347.25,80.60009765625
2021-01-08,3090.0,3128.0,3060.0,3120.89990234375,5879039.0,4,8,1,14484.75,68.0
2021-01-11,3230.0,3230.0,3146.550048828125,3176.449951171875,9508039.0,0,11,1,14563.4501953125,83.449951171875
2021-01-12,3176.449951171875,3210.0,3150.0,3174.85009765625,3611458.0,1,12,1,14564.849609375,60.0
2021-01-13,3175.0,3177.0,3126.25,3158.949951171875,3572801.0,2,13,1,14595.599609375,50.75
2021-01-14,3155.0,3266.5,3120.39990234375,3250.699951171875,6931542.0,3,14,1,14433.7001953125,146.10009765625
2021-01-15,3235.0,3274.0,3210.0,3233.35009765625,4131692.0,4,15,1,14281.2998046875,64.0
2021-01-18,3250.0,3256.75,3187.39990234375,3221.75,4160906.0,0,18,1,14521.150390625,69.35009765625
2021-01-19,3233.0,3279.0,3232.0,3260.699951171875,2975735.0,1,19,1,14644.7001953125,47.0
2021-01-20,3270.0,3327.949951171875,3267.10009765625,3308.800048828125,3453446.0,2,20,1,14590.349609375,60.849853515625
2021-01-21,3305.0,3309.14990234375,3262.10009765625,3273.85009765625,2778546.0,3,21,1,14371.900390625,47.0498046875
2021-01-22,3241.89990234375,3325.0,3241.89990234375,3303.10009765625,3052459.0,4,22,1,14238.900390625,83.10009765625
2021-01-25,3308.949951171875,3339.800048828125,3278.64990234375,3291.300048828125,2272887.0,0,25,1,13967.5,61.150146484375
2021-01-27,3300.0,3306.449951171875,3227.0,3261.050048828125,2786662.0,2,27,1,13817.5498046875,79.449951171875
2021-01-28,3230.0,3275.0,3183.800048828125,3196.550048828125,3083938.0,3,28,1,13634.599609375,91.199951171875
2021-01-29,3210.050048828125,3216.85009765625,3100.0,3111.35009765625,5445659.0,4,29,1,14281.2001953125,116.85009765625
2021-02-01,3100.0,3165.0,3044.10009765625,3139.35009765625,3985846.0,0,1,2,14647.849609375,120.89990234375
2021-02-02,3174.0,3224.0,3150.0,3203.449951171875,2881837.0,1,2,2,14789.9501953125,74.0
2021-02-03,3213.0,3236.0,3162.64990234375,3200.050048828125,2505866.0,2,3,2,14895.650390625,73.35009765625
2021-02-04,3216.050048828125,3237.85009765625,3176.0,3188.449951171875,2057261.0,3,4,2,14924.25,61.85009765625
2021-02-05,3198.949951171875,3205.85009765625,3129.0,3157.949951171875,2366135.0,4,5,2,15115.7998046875,76.85009765625
2021-02-08,3189.5,3226.0,3155.14990234375,3214.10009765625,2526592.0,0,8,2,15109.2998046875,70.85009765625
2021-02-09,3195.0,3245.800048828125,3164.0,3176.89990234375,2658751.0,1,9,2,15106.5,81.800048828125
2021-02-10,3185.0,3219.39990234375,3157.300048828125,3213.300048828125,2127983.0,2,10,2,15173.2998046875,62.099853515625
2021-02-11,3215.0,3219.300048828125,3185.050048828125,3206.0,1165882.0,3,11,2,15163.2998046875,34.25
2021-02-12,3184.199951171875,3245.5,3182.0,3190.800048828125,2777404.0,4,12,2,15314.7001953125,63.5
2021-02-15,3209.0,3209.0,3131.550048828125,3139.85009765625,2630853.0,0,15,2,15313.4501953125,77.449951171875
2021-02-16,3150.0,3167.64990234375,3100.0,3108.800048828125,3435770.0,1,16,2,15208.900390625,67.64990234375
2021-02-17,3105.10009765625,3132.85009765625,3045.550048828125,3073.10009765625,3678426.0,2,17,2,15118.9501953125,87.300048828125
2021-02-18,3065.0,3097.89990234375,3031.0,3057.35009765625,4189909.0,3,18,2,14981.75,66.89990234375
2021-02-19,3058.0,3087.14990234375,3016.14990234375,3071.85009765625,3725028.0,4,19,2,14675.7001953125,71.0
2021-02-22,3096.0,3096.0,2943.14990234375,2958.449951171875,5366696.0,0,22,2,14707.7998046875,152.85009765625
2021-02-23,2970.0,3028.0,2968.0,2980.199951171875,3832829.0,1,23,2,14982.0,60.0
2021-02-24,2972.0,3003.35009765625,2921.14990234375,2948.10009765625,3774549.0,2,24,2,15097.349609375,82.2001953125
2021-02-25,2974.0,3029.89990234375,2968.449951171875,2995.300048828125,4224073.0,3,25,2,14529.150390625,61.449951171875
2021-02-26,2960.0,2972.35009765625,2880.0,2894.300048828125,5553153.0,4,26,2,14761.5498046875,92.35009765625
2021-03-01,2926.0,2965.0,2901.800048828125,2924.199951171875,3265871.0,0,1,3,14919.099609375,63.199951171875
2021-03-02,2960.0,3025.0,2948.0,3006.35009765625,3306469.0,1,2,3,15245.599609375,77.0
2021-03-03,3035.0,3064.0,2996.89990234375,3059.10009765625,3509857.0,2,3,3,15080.75,67.10009765625
2021-03-04,3023.0,3081.449951171875,3016.050048828125,3049.699951171875,3916760.0,3,4,3,14938.099609375,65.39990234375
2021-03-05,3016.10009765625,3063.199951171875,2996.60009765625,3008.050048828125,3203686.0,4,5,3,14956.2001953125,66.599853515625
2021-03-08,3016.0,3033.0,2996.0,3006.949951171875,2003125.0,0,8,3,15098.400390625,37.0
2021-03-09,3006.949951171875,3066.89990234375,2992.10009765625,3050.949951171875,1942397.0,1,9,3,15174.7998046875,74.7998046875
2021-03-10,3075.0,3093.199951171875,3060.0,3070.949951171875,3053778.0,2,10,3,15030.9501953125,33.199951171875
2021-03-12,3075.0,3117.0,3041.35009765625,3057.949951171875,2938317.0,4,12,3,14929.5,75.64990234375
2021-03-15,3041.0,3099.0,3041.0,3066.14990234375,3097083.0,0,15,3,14910.4501953125,58.0
2021-03-16,3060.0,3141.0,3060.0,3110.050048828125,4894756.0,1,16,3,14721.2998046875,81.0
2021-03-17,3105.0,3155.0,3085.300048828125,3112.949951171875,3838390.0,2,17,3,14557.849609375,69.699951171875
2021-03-18,3125.949951171875,3146.449951171875,2987.050048828125,3036.5,3656306.0,3,18,3,14744.0,159.39990234375
2021-03-19,3030.0,3099.0,3005.0,3050.199951171875,5776626.0,4,19,3,14736.400390625,94.0
2021-03-22,3048.699951171875,3139.449951171875,3018.64990234375,3129.64990234375,2821646.0,0,22,3,14814.75,120.800048828125
2021-03-23,3140.0,3169.0,3122.85009765625,3142.60009765625,3305973.0,1,23,3,14549.400390625,46.14990234375
2021-03-24,3111.199951171875,3152.300048828125,3111.14990234375,3121.10009765625,2207104.0,2,24,3,14324.900390625,41.150146484375
2021-03-25,3112.199951171875,3130.85009765625,3050.0,3064.85009765625,3179786.0,3,25,3,14507.2998046875,80.85009765625
2021-03-26,3090.64990234375,3118.0,3043.050048828125,3066.800048828125,3697370.0,4,26,3,14845.099609375,74.949951171875
2021-03-30,3083.0,3188.449951171875,3060.89990234375,3158.550048828125,4694008.0,1,30,3,14690.7001953125,127.550048828125
2021-03-31,3155.0,3205.0,3132.0,3177.85009765625,3530069.0,2,31,3,14867.349609375,73.0
2021-04-01,3191.10009765625,3215.0,3145.0,3165.0,4285076.0,3,1,4,14637.7998046875,70.0
2021-04-05,3171.0,3263.0,3151.0,3238.89990234375,5317862.0,0,5,4,14683.5,112.0
2021-04-06,3275.0,3275.0,3230.0,3264.699951171875,2291562.0,1,6,4,14819.0498046875,45.0
2021-04-07,3259.0,3277.550048828125,3234.800048828125,3271.39990234375,2491268.0,2,7,4,14873.7998046875,42.75
2021-04-08,3270.0,3335.0,3266.050048828125,3317.35009765625,2578118.0,3,8,4,14834.849609375,68.949951171875
2021-04-09,3354.0,3354.35009765625,3308.0,3322.25,2911129.0,4,9,4,14310.7998046875,46.35009765625
2021-04-12,3322.25,3338.10009765625,3213.199951171875,3246.550048828125,3791828.0,0,12,4,14504.7998046875,124.900146484375
2021-04-13,3214.0,3214.0,3073.050048828125,3104.050048828125,8654596.0,1,13,4,14581.4501953125,140.949951171875
2021-04-15,3160.300048828125,3237.25,3087.449951171875,3218.949951171875,6062760.0,3,15,4,14617.849609375,149.800048828125
2021-04-16,3229.0,3247.0,3182.60009765625,3195.14990234375,3224657.0,4,16,4,14359.4501953125,64.39990234375
2021-04-19,3169.0,3189.0,3135.10009765625,3161.800048828125,2679106.0,0,19,4,14296.400390625,53.89990234375
2021-04-20,3225.0,3225.35009765625,3126.35009765625,3144.550048828125,3141893.0,1,20,4,14406.150390625,99.0
2021-04-22,3148.0,3148.0,3105.25,3118.800048828125,1988980.0,3,22,4,14341.349609375,42.75
2021-04-23,3105.0,3119.0,3091.050048828125,3109.5,1615309.0,4,23,4,14485.0,27.949951171875
2021-04-26,3102.050048828125,3153.0,3088.050048828125,3100.800048828125,2490260.0,0,26,4,14653.0498046875,64.949951171875
2021-04-27,3106.0,3136.10009765625,3103.0,3132.0,1471417.0,1,27,4,14864.5498046875,33.10009765625
2021-04-28,3149.949951171875,3151.0,3112.0,3124.10009765625,1639037.0,2,28,4,14894.900390625,39.0
2021-04-29,3145.60009765625,3157.35009765625,3105.5,3115.25,1621395.0,3,29,4,14631.099609375,51.85009765625
2021-04-30,3099.0,3132.050048828125,3020.0,3035.64990234375,3072305.0,4,30,4,14634.150390625,112.050048828125
2021-05-03,3024.89990234375,3055.0,3004.0,3037.0,1545831.0,0,3,5,14496.5,51.0
2021-05-04,3062.800048828125,3090.0,3035.0,3049.75,1990777.0,1,4,5,14617.849609375,55.0
2021-05-05,3070.0,3099.39990234375,3052.39990234375,3095.699951171875,1939289.0,2,5,5,14724.7998046875,47.0
2021-05-06,3105.5,3134.0,3074.0,3111.449951171875,1791671.0,3,6,5,14823.150390625,60.0
2021-05-07,3133.0,3159.85009765625,3111.800048828125,3132.89990234375,1912540.0,4,7,5,14942.349609375,48.050048828125
2021-05-10,3145.949951171875,3164.199951171875,3125.0,3145.5,2137153.0,0,10,5,14850.75,39.199951171875
2021-05-11,3125.0,3128.10009765625,3091.14990234375,3122.60009765625,2415625.0,1,11,5,14696.5,36.9501953125
2021-05-12,3120.0,3120.0,3070.60009765625,3087.60009765625,1978558.0,2,12,5,14677.7998046875,49.39990234375
2021-05-14,3098.5,3098.5,3040.0,3051.5,2043935.0,4,14,5,14923.150390625,58.5
2021-05-17,3055.0,3075.199951171875,3036.0,3069.75,2890462.0,0,17,5,15108.099609375,39.199951171875
2021-05-18,3100.0,3124.0,3078.0,3088.800048828125,2098538.0,1,18,5,15030.150390625,46.0
2021-05-19,3084.0,3118.0,3067.10009765625,3082.0,1986041.0,2,19,5,14906.0498046875,50.89990234375
2021-05-20,3067.10009765625,3088.800048828125,3052.10009765625,3060.0,2329027.0,3,20,5,15175.2998046875,36.699951171875
2021-05-21,3061.0,3088.199951171875,3055.10009765625,3080.5,1685566.0,4,21,5,15197.7001953125,33.099853515625
2021-05-24,3081.5,3105.0,3072.0,3081.5,1652260.0,0,24,5,15208.4501953125,33.0
2021-05-25,3092.0,3128.25,3082.10009765625,3114.0,1841613.0,1,25,5,15301.4501953125,46.14990234375
2021-05-26,3120.0,3165.0,3103.800048828125,3158.5,1923753.0,2,26,5,15337.849609375,61.199951171875
2021-05-27,3161.949951171875,3217.75,3161.800048828125,3180.0,5959785.0,3,27,5,15435.650390625,55.949951171875
2021-05-28,3189.5,3198.0,3135.64990234375,3143.60009765625,1763701.0,4,28,5,15582.7998046875,62.35009765625
2021-05-31,3150.0,3170.35009765625,3128.60009765625,3159.14990234375,1652799.0,0,31,5,15574.849609375,41.75
2021-06-01,3168.60009765625,3169.949951171875,3132.0,3153.0,1377441.0,1,1,6,15576.2001953125,37.949951171875
2021-06-02,3150.85009765625,3159.449951171875,3115.0,3129.449951171875,2240078.0,2,2,6,15690.349609375,44.449951171875
2021-06-03,3154.550048828125,3154.550048828125,3122.64990234375,3141.25,1281706.0,3,3,6,15670.25,31.900146484375
2021-06-04,3128.0,3156.85009765625,3125.0,3143.75,1836060.0,4,4,6,15751.650390625,31.85009765625
2021-06-07,3145.0,3190.449951171875,3133.60009765625,3183.199951171875,2559821.0,0,7,6,15740.099609375,56.849853515625
2021-06-08,3198.0,3231.0,3187.199951171875,3200.14990234375,2574057.0,1,8,6,15635.349609375,43.800048828125
2021-06-09,3202.0,3220.0,3186.199951171875,3200.25,1710925.0,2,9,6,15737.75,33.800048828125
2021-06-10,3210.0,3224.0,3193.0,3216.800048828125,1874324.0,3,10,6,15799.349609375,31.0
2021-06-11,3211.550048828125,3309.0,3211.0,3273.800048828125,3452954.0,4,11,6,15811.849609375,98.0
2021-06-14,3279.0,3308.699951171875,3270.35009765625,3276.35009765625,1847360.0,0,14,6,15869.25,38.349853515625
2021-06-15,3298.0,3298.0,3251.550048828125,3262.75,1304985.0,1,15,6,15767.5498046875,46.449951171875
2021-06-16,3262.10009765625,3294.699951171875,3253.0,3274.35009765625,1635552.0,2,16,6,15691.400390625,41.699951171875
2021-06-17,3265.5,3336.050048828125,3260.0,3317.75,2273413.0,3,17,6,15683.349609375,76.050048828125
2021-06-18,3350.89990234375,3358.0,3275.0,3297.300048828125,3380431.0,4,18,6,15746.5,83.0
2021-06-21,3265.0,3286.0,3251.699951171875,3273.10009765625,1130569.0,0,21,6,15772.75,34.300048828125
2021-06-22,3304.0,3327.050048828125,3285.0,3301.199951171875,1708688.0,1,22,6,15686.9501953125,42.050048828125
2021-06-23,3329.0,3329.0,3256.39990234375,3261.39990234375,1467104.0,2,23,6,15790.4501953125,72.60009765625
2021-06-24,3284.0,3383.0,3278.5,3373.60009765625,4155204.0,3,24,6,15860.349609375,104.5
2021-06-25,3375.25,3399.64990234375,3350.0,3380.800048828125,2722861.0,4,25,6,15814.7001953125,49.64990234375
2021-06-28,3391.5,3391.5,3333.0,3336.75,1355238.0,0,28,6,15748.4501953125,58.5
2021-06-29,3342.0,3366.300048828125,3326.5,3340.85009765625,1497322.0,1,29,6,15721.5,39.800048828125
2021-06-30,3346.0,3382.0,3338.5,3345.75,1693146.0,2,30,6,15680.0,43.5
2021-07-01,3358.0,3362.0,3332.35009765625,3341.5,990310.0,3,1,7,15722.2001953125,29.64990234375
2021-07-02,3331.0,3339.699951171875,3295.199951171875,3325.449951171875,1682274.0,4,2,7,15834.349609375,44.5
2021-07-05,3342.0,3374.0,3302.0,3321.0,1972858.0,0,5,7,15818.25,72.0
2021-07-06,3313.0,3328.0,3256.10009765625,3262.300048828125,2159420.0,1,6,7,15879.650390625,71.89990234375
2021-07-07,3275.0,3282.699951171875,3241.60009765625,3274.949951171875,2640710.0,2,7,7,15727.900390625,41.099853515625
2021-07-08,3298.0,3298.0,3231.89990234375,3258.5,2485811.0,3,8,7,15689.7998046875,66.10009765625
2021-07-09,3250.0,3282.0,3201.0,3208.14990234375,6365067.0,4,9,7,15692.599609375,81.0
2021-07-12,3235.0,3236.0,3188.35009765625,3193.10009765625,1892226.0,0,12,7,15812.349609375,47.64990234375
2021-07-13,3214.0,3214.0,3175.0,3187.550048828125,1809339.0,1,13,7,15853.9501953125,39.0
2021-07-14,3187.0,3222.0,3185.0,3214.550048828125,2044279.0,2,14,7,15924.2001953125,37.0
2021-07-15,3227.60009765625,3231.85009765625,3194.0,3202.949951171875,2232968.0,3,15,7,15923.400390625,37.85009765625
2021-07-16,3213.0,3219.85009765625,3192.0,3194.800048828125,1256526.0,4,16,7,15752.400390625,27.85009765625
2021-07-19,3180.0,3199.800048828125,3176.0,3184.60009765625,1597058.0,0,19,7,15632.099609375,23.800048828125
2021-07-20,3184.60009765625,3215.0,3156.14990234375,3205.800048828125,1811945.0,1,20,7,15824.0498046875,58.85009765625
2021-07-22,3190.0,3224.949951171875,3190.0,3216.35009765625,2859334.0,3,22,7,15856.0498046875,34.949951171875
2021-07-23,3230.0,3241.550048828125,3206.64990234375,3212.85009765625,1776193.0,4,23,7,15824.4501953125,34.900146484375
2021-07-26,3200.0,3224.25,3190.85009765625,3197.550048828125,1259611.0,0,26,7,15746.4501953125,33.39990234375
2021-07-27,3200.0,3210.0,3161.14990234375,3182.949951171875,1121367.0,1,27,7,15709.400390625,48.85009765625
2021-07-28,3188.0,3204.449951171875,3132.39990234375,3197.800048828125,1660654.0,2,28,7,15778.4501953125,72.050048828125
2021-07-29,3200.25,3225.449951171875,3190.300048828125,3195.800048828125,1731997.0,3,29,7,15763.0498046875,35.14990234375
2021-07-30,3219.0,3223.5,3162.35009765625,3167.449951171875,2999943.0,4,30,7,15885.150390625,61.14990234375
2021-08-02,3180.0,3224.89990234375,3167.0,3219.39990234375,2608669.0,0,2,8,16130.75,57.89990234375
2021-08-03,3229.0,3290.0,3218.949951171875,3284.89990234375,3804735.0,1,3,8,16258.7998046875,71.050048828125
2021-08-04,3300.0,3305.199951171875,3261.199951171875,3273.949951171875,2929598.0,2,4,8,16294.599609375,44.0
2021-08-05,3275.0,3315.0,3262.5,3283.949951171875,2534521.0,3,5,8,16238.2001953125,52.5
2021-08-06,3272.550048828125,3324.0,3265.0,3309.800048828125,2292362.0,4,6,8,16258.25,59.0
2021-08-09,3323.89990234375,3337.0,3310.0,3322.699951171875,1510489.0,0,9,8,16280.099609375,27.0
2021-08-10,3315.60009765625,3349.89990234375,3315.60009765625,3333.89990234375,2040777.0,1,10,8,16282.25,34.2998046875
2021-08-11,3350.0,3360.0,3327.10009765625,3344.199951171875,1929707.0,2,11,8,16364.400390625,32.89990234375
2021-08-12,3326.0,3368.0,3326.0,3351.75,1310205.0,3,12,8,16529.099609375,42.0
2021-08-13,3360.75,3480.0,3357.5,3463.39990234375,4363584.0,4,13,8,16563.05078125,122.5
2021-08-16,3460.0,3494.35009765625,3436.5,3472.949951171875,2083489.0,0,16,8,16614.599609375,57.85009765625
2021-08-17,3482.10009765625,3560.800048828125,3463.0,3553.050048828125,4336019.0,1,17,8,16568.849609375,97.800048828125
2021-08-18,3573.85009765625,3595.0,3536.60009765625,3560.550048828125,2631309.0,2,18,8,16450.5,58.39990234375
2021-08-20,3506.0,3575.0,3500.0,3559.5,2836148.0,4,20,8,16496.44921875,75.0
2021-08-23,3580.0,3673.0,3561.89990234375,3637.39990234375,3744176.0,0,23,8,16624.599609375,111.10009765625
2021-08-24,3657.0,3667.35009765625,3594.39990234375,3613.199951171875,2511141.0,1,24,8,16634.650390625,72.9501953125
2021-08-25,3610.0,3697.75,3607.050048828125,3659.0,2123263.0,2,25,8,16636.900390625,90.699951171875
2021-08-26,3660.0,3687.60009765625,3647.89990234375,3671.85009765625,1902533.0,3,26,8,16705.19921875,39.7001953125
2021-08-27,3666.0,3729.5,3651.10009765625,3720.14990234375,3944728.0,4,27,8,16931.05078125,78.39990234375
